[2025-10-29 15:59:02] 启动 'TrainCVLauncher.py' | CUDA_VISIBLE_DEVICES='5,6,7' | LOG='/home/yeqi3/cyr/code/LaBraM/log/20251029_1559.log'
[2025-10-29 15:59:02] 已后台运行 pid=1694463，详见 /home/yeqi3/cyr/code/LaBraM/log/20251029_1559.log
[2025-10-29 15:59:02] 检测到正在运行（pattern='TrainCVLauncher.py'），无需启动。
[2025-10-29 16:00:01] 检测到正在运行（pattern='TrainCVLauncher.py'），无需启动。
[2025-10-29 16:01:01] 检测到正在运行（pattern='TrainCVLauncher.py'），无需启动。
[2025-10-29 16:02:01] 检测到正在运行（pattern='TrainCVLauncher.py'），无需启动。
[2025-10-29 16:03:01] 检测到正在运行（pattern='TrainCVLauncher.py'），无需启动。
[2025-10-29 16:04:01] 检测到正在运行（pattern='TrainCVLauncher.py'），无需启动。
[2025-10-29 16:05:01] 检测到正在运行（pattern='TrainCVLauncher.py'），无需启动。
[2025-10-29 16:06:02] 检测到正在运行（pattern='TrainCVLauncher.py'），无需启动。
[2025-10-29 16:07:01] 检测到正在运行（pattern='TrainCVLauncher.py'），无需启动。
[2025-10-29 16:08:01] 检测到正在运行（pattern='TrainCVLauncher.py'），无需启动。
[2025-10-29 16:09:01] 检测到正在运行（pattern='TrainCVLauncher.py'），无需启动。
[2025-10-29 16:10:01] 检测到正在运行（pattern='TrainCVLauncher.py'），无需启动。
[2025-10-29 16:11:01] 检测到正在运行（pattern='TrainCVLauncher.py'），无需启动。
[2025-10-29 16:12:01] 检测到正在运行（pattern='TrainCVLauncher.py'），无需启动。
[2025-10-29 16:13:01] 检测到正在运行（pattern='TrainCVLauncher.py'），无需启动。
[2025-10-29 16:14:02] 检测到正在运行（pattern='TrainCVLauncher.py'），无需启动。
[2025-10-29 16:15:01] 检测到正在运行（pattern='TrainCVLauncher.py'），无需启动。
[2025-10-29 16:16:01] 检测到正在运行（pattern='TrainCVLauncher.py'），无需启动。
[2025-10-29 16:17:01] 检测到正在运行（pattern='TrainCVLauncher.py'），无需启动。
[2025-10-29 16:22:44] 启动 'TrainCVLauncher.py' | CUDA_VISIBLE_DEVICES='5,6,7' | LOG='/home/yeqi3/cyr/code/LaBraM/log/20251029_1622.log'
[2025-10-29 16:22:44] 已后台运行 pid=1879675，详见 /home/yeqi3/cyr/code/LaBraM/log/20251029_1622.log
[2025-10-29 16:23:01] 检测到正在运行（pattern='TrainCVLauncher.py'），无需启动。
[2025-10-29 16:24:01] 检测到正在运行（pattern='TrainCVLauncher.py'），无需启动。
[2025-10-29 16:25:01] 检测到正在运行（pattern='TrainCVLauncher.py'），无需启动。
[2025-10-29 16:26:01] 检测到正在运行（pattern='TrainCVLauncher.py'），无需启动。
[2025-10-29 16:27:01] 检测到正在运行（pattern='TrainCVLauncher.py'），无需启动。
[2025-10-29 16:28:01] 检测到正在运行（pattern='TrainCVLauncher.py'），无需启动。
[2025-10-29 16:29:01] 检测到正在运行（pattern='TrainCVLauncher.py'），无需启动。
[2025-10-29 16:30:01] 检测到正在运行（pattern='TrainCVLauncher.py'），无需启动。
[2025-10-29 16:31:02] 检测到正在运行（pattern='TrainCVLauncher.py'），无需启动。
[2025-10-29 16:32:01] 检测到正在运行（pattern='TrainCVLauncher.py'），无需启动。
[2025-10-29 16:33:01] 检测到正在运行（pattern='TrainCVLauncher.py'），无需启动。
[2025-10-29 16:34:01] 检测到正在运行（pattern='TrainCVLauncher.py'），无需启动。
[2025-10-29 16:35:01] 检测到正在运行（pattern='TrainCVLauncher.py'），无需启动。
[2025-10-29 16:36:01] 检测到正在运行（pattern='TrainCVLauncher.py'），无需启动。
[2025-10-29 16:37:01] 检测到正在运行（pattern='TrainCVLauncher.py'），无需启动。
[2025-10-29 16:38:01] 检测到正在运行（pattern='TrainCVLauncher.py'），无需启动。
[2025-10-29 16:39:01] 检测到正在运行（pattern='TrainCVLauncher.py'），无需启动。
[2025-10-29 16:40:01] 检测到正在运行（pattern='TrainCVLauncher.py'），无需启动。
[2025-10-29 16:41:01] 检测到正在运行（pattern='TrainCVLauncher.py'），无需启动。
[2025-10-29 16:42:01] 检测到正在运行（pattern='TrainCVLauncher.py'），无需启动。
[2025-10-29 16:43:01] 检测到正在运行（pattern='TrainCVLauncher.py'），无需启动。
[2025-10-29 16:44:01] 检测到正在运行（pattern='TrainCVLauncher.py'），无需启动。
[2025-10-29 16:45:01] 检测到正在运行（pattern='TrainCVLauncher.py'），无需启动。
[2025-10-29 16:46:01] 检测到正在运行（pattern='TrainCVLauncher.py'），无需启动。
[2025-10-29 16:47:02] 检测到正在运行（pattern='TrainCVLauncher.py'），无需启动。
[2025-10-29 16:48:01] 检测到正在运行（pattern='TrainCVLauncher.py'），无需启动。
[2025-10-29 16:49:01] 检测到正在运行（pattern='TrainCVLauncher.py'），无需启动。
[2025-10-29 16:50:01] 检测到正在运行（pattern='TrainCVLauncher.py'），无需启动。
[2025-10-29 16:51:01] 检测到正在运行（pattern='TrainCVLauncher.py'），无需启动。
[2025-10-29 16:52:01] 检测到正在运行（pattern='TrainCVLauncher.py'），无需启动。
[2025-10-29 16:53:02] 检测到正在运行（pattern='TrainCVLauncher.py'），无需启动。
[2025-10-29 16:54:01] 检测到正在运行（pattern='TrainCVLauncher.py'），无需启动。
[2025-10-29 16:55:01] 检测到正在运行（pattern='TrainCVLauncher.py'），无需启动。
[2025-10-29 16:56:01] 检测到正在运行（pattern='TrainCVLauncher.py'），无需启动。
[2025-10-29 16:57:01] 检测到正在运行（pattern='TrainCVLauncher.py'），无需启动。
[2025-10-29 16:58:01] 检测到正在运行（pattern='TrainCVLauncher.py'），无需启动。
[2025-10-29 16:59:01] 检测到正在运行（pattern='TrainCVLauncher.py'），无需启动。
[2025-10-29 17:00:01] 检测到正在运行（pattern='TrainCVLauncher.py'），无需启动。
[2025-10-29 17:01:01] 检测到正在运行（pattern='TrainCVLauncher.py'），无需启动。
[2025-10-29 17:02:01] 检测到正在运行（pattern='TrainCVLauncher.py'），无需启动。
[2025-10-29 17:03:01] 检测到正在运行（pattern='TrainCVLauncher.py'），无需启动。
[2025-10-29 17:04:01] 检测到正在运行（pattern='TrainCVLauncher.py'），无需启动。
[2025-10-29 17:05:01] 检测到正在运行（pattern='TrainCVLauncher.py'），无需启动。
[2025-10-29 17:06:01] 检测到正在运行（pattern='TrainCVLauncher.py'），无需启动。
[2025-10-29 17:07:01] 检测到正在运行（pattern='TrainCVLauncher.py'），无需启动。
[2025-10-29 17:08:01] 检测到正在运行（pattern='TrainCVLauncher.py'），无需启动。
[2025-10-29 17:09:01] 检测到正在运行（pattern='TrainCVLauncher.py'），无需启动。
[2025-10-29 17:10:01] 检测到正在运行（pattern='TrainCVLauncher.py'），无需启动。
[2025-10-29 17:11:01] 检测到正在运行（pattern='TrainCVLauncher.py'），无需启动。
[2025-10-29 17:12:01] 检测到正在运行（pattern='TrainCVLauncher.py'），无需启动。
[2025-10-29 17:13:01] 检测到正在运行（pattern='TrainCVLauncher.py'），无需启动。
[2025-10-29 17:14:02] 检测到正在运行（pattern='TrainCVLauncher.py'），无需启动。
[2025-10-29 17:15:01] 检测到正在运行（pattern='TrainCVLauncher.py'），无需启动。
[2025-10-29 17:16:01] 检测到正在运行（pattern='TrainCVLauncher.py'），无需启动。
[2025-10-29 17:17:01] 检测到正在运行（pattern='TrainCVLauncher.py'），无需启动。
[2025-10-29 17:18:01] 检测到正在运行（pattern='TrainCVLauncher.py'），无需启动。
[2025-10-29 17:19:01] 检测到正在运行（pattern='TrainCVLauncher.py'），无需启动。
[2025-10-29 17:20:01] 检测到正在运行（pattern='TrainCVLauncher.py'），无需启动。
[2025-10-29 17:21:01] 检测到正在运行（pattern='TrainCVLauncher.py'），无需启动。
[2025-10-29 17:22:02] 检测到正在运行（pattern='TrainCVLauncher.py'），无需启动。
[2025-10-29 17:23:01] 检测到正在运行（pattern='TrainCVLauncher.py'），无需启动。
[2025-10-29 17:24:01] 检测到正在运行（pattern='TrainCVLauncher.py'），无需启动。
[2025-10-29 17:25:01] 检测到正在运行（pattern='TrainCVLauncher.py'），无需启动。
[2025-10-29 17:26:01] 检测到正在运行（pattern='TrainCVLauncher.py'），无需启动。
[2025-10-29 17:27:01] 检测到正在运行（pattern='TrainCVLauncher.py'），无需启动。
[2025-10-29 17:28:01] 检测到正在运行（pattern='TrainCVLauncher.py'），无需启动。
[2025-10-29 17:29:01] 检测到正在运行（pattern='TrainCVLauncher.py'），无需启动。
[2025-10-29 17:30:01] 检测到正在运行（pattern='TrainCVLauncher.py'），无需启动。
[2025-10-29 17:31:01] 检测到正在运行（pattern='TrainCVLauncher.py'），无需启动。
[2025-10-29 17:32:01] 检测到正在运行（pattern='TrainCVLauncher.py'），无需启动。
[2025-10-29 17:33:01] 检测到正在运行（pattern='TrainCVLauncher.py'），无需启动。
[2025-10-29 17:34:01] 检测到正在运行（pattern='TrainCVLauncher.py'），无需启动。
[2025-10-29 17:35:01] 检测到正在运行（pattern='TrainCVLauncher.py'），无需启动。
[2025-10-29 17:36:01] 检测到正在运行（pattern='TrainCVLauncher.py'），无需启动。
[2025-10-29 17:37:01] 检测到正在运行（pattern='TrainCVLauncher.py'），无需启动。
[2025-10-29 17:38:01] 检测到正在运行（pattern='TrainCVLauncher.py'），无需启动。
[2025-10-29 17:39:01] 检测到正在运行（pattern='TrainCVLauncher.py'），无需启动。
[2025-10-29 17:40:01] 检测到正在运行（pattern='TrainCVLauncher.py'），无需启动。
[2025-10-29 17:41:01] 检测到正在运行（pattern='TrainCVLauncher.py'），无需启动。
[2025-10-29 17:42:01] 启动 'TrainCVLauncher.py' | CUDA_VISIBLE_DEVICES='5,6,7' | LOG='/home/yeqi3/cyr/code/LaBraM/log/20251029_1742.log'
[2025-10-29 17:42:01] 已后台运行 pid=2495604，详见 /home/yeqi3/cyr/code/LaBraM/log/20251029_1742.log
[2025-10-29 17:43:01] 检测到正在运行（pattern='TrainCVLauncher.py'），无需启动。
[2025-10-29 17:44:02] 启动 'TrainCVLauncher.py' | CUDA_VISIBLE_DEVICES='5,6,7' | LOG='/home/yeqi3/cyr/code/LaBraM/log/20251029_1744.log'
[2025-10-29 17:44:02] 已后台运行 pid=2501838，详见 /home/yeqi3/cyr/code/LaBraM/log/20251029_1744.log
[2025-10-29 17:45:01] 启动 'TrainCVLauncher.py' | CUDA_VISIBLE_DEVICES='5,6,7' | LOG='/home/yeqi3/cyr/code/LaBraM/log/20251029_1745.log'
[2025-10-29 17:45:01] 已后台运行 pid=2504906，详见 /home/yeqi3/cyr/code/LaBraM/log/20251029_1745.log
[2025-10-29 17:46:01] 启动 'TrainCVLauncher.py' | CUDA_VISIBLE_DEVICES='5,6,7' | LOG='/home/yeqi3/cyr/code/LaBraM/log/20251029_1746.log'
[2025-10-29 17:46:01] 已后台运行 pid=2507993，详见 /home/yeqi3/cyr/code/LaBraM/log/20251029_1746.log
[2025-10-29 17:47:02] 启动 'TrainCVLauncher.py' | CUDA_VISIBLE_DEVICES='5,6,7' | LOG='/home/yeqi3/cyr/code/LaBraM/log/20251029_1747.log'
[2025-10-29 17:47:02] 已后台运行 pid=2511077，详见 /home/yeqi3/cyr/code/LaBraM/log/20251029_1747.log
[2025-10-29 17:48:01] 启动 'TrainCVLauncher.py' | CUDA_VISIBLE_DEVICES='5,6,7' | LOG='/home/yeqi3/cyr/code/LaBraM/log/20251029_1748.log'
[2025-10-29 17:48:01] 已后台运行 pid=2514267，详见 /home/yeqi3/cyr/code/LaBraM/log/20251029_1748.log
[2025-10-29 17:49:02] 启动 'TrainCVLauncher.py' | CUDA_VISIBLE_DEVICES='5,6,7' | LOG='/home/yeqi3/cyr/code/LaBraM/log/20251029_1749.log'
[2025-10-29 17:49:02] 已后台运行 pid=2517297，详见 /home/yeqi3/cyr/code/LaBraM/log/20251029_1749.log
[2025-10-29 17:50:01] 启动 'TrainCVLauncher.py' | CUDA_VISIBLE_DEVICES='5,6,7' | LOG='/home/yeqi3/cyr/code/LaBraM/log/20251029_1750.log'
[2025-10-29 17:50:01] 已后台运行 pid=2520450，详见 /home/yeqi3/cyr/code/LaBraM/log/20251029_1750.log
[2025-10-29 17:51:01] 启动 'TrainCVLauncher.py' | CUDA_VISIBLE_DEVICES='5,6,7' | LOG='/home/yeqi3/cyr/code/LaBraM/log/20251029_1751.log'
[2025-10-29 17:51:01] 已后台运行 pid=2523664，详见 /home/yeqi3/cyr/code/LaBraM/log/20251029_1751.log
[2025-10-29 17:52:02] 启动 'TrainCVLauncher.py' | CUDA_VISIBLE_DEVICES='5,6,7' | LOG='/home/yeqi3/cyr/code/LaBraM/log/20251029_1752.log'
[2025-10-29 17:52:02] 已后台运行 pid=2526744，详见 /home/yeqi3/cyr/code/LaBraM/log/20251029_1752.log
[2025-10-29 17:53:01] 启动 'TrainCVLauncher.py' | CUDA_VISIBLE_DEVICES='5,6,7' | LOG='/home/yeqi3/cyr/code/LaBraM/log/20251029_1753.log'
[2025-10-29 17:53:01] 已后台运行 pid=2529848，详见 /home/yeqi3/cyr/code/LaBraM/log/20251029_1753.log
[2025-10-29 17:54:01] 启动 'TrainCVLauncher.py' | CUDA_VISIBLE_DEVICES='5,6,7' | LOG='/home/yeqi3/cyr/code/LaBraM/log/20251029_1754.log'
[2025-10-29 17:54:01] 已后台运行 pid=2533093，详见 /home/yeqi3/cyr/code/LaBraM/log/20251029_1754.log
[2025-10-29 17:55:02] 启动 'TrainCVLauncher.py' | CUDA_VISIBLE_DEVICES='5,6,7' | LOG='/home/yeqi3/cyr/code/LaBraM/log/20251029_1755.log'
[2025-10-29 17:55:02] 已后台运行 pid=2536208，详见 /home/yeqi3/cyr/code/LaBraM/log/20251029_1755.log
[2025-10-29 17:56:01] 启动 'TrainCVLauncher.py' | CUDA_VISIBLE_DEVICES='5,6,7' | LOG='/home/yeqi3/cyr/code/LaBraM/log/20251029_1756.log'
[2025-10-29 17:56:01] 已后台运行 pid=2539283，详见 /home/yeqi3/cyr/code/LaBraM/log/20251029_1756.log
[2025-10-29 17:57:02] 启动 'TrainCVLauncher.py' | CUDA_VISIBLE_DEVICES='5,6,7' | LOG='/home/yeqi3/cyr/code/LaBraM/log/20251029_1757.log'
[2025-10-29 17:57:02] 已后台运行 pid=2542394，详见 /home/yeqi3/cyr/code/LaBraM/log/20251029_1757.log
[2025-10-29 17:58:01] 启动 'TrainCVLauncher.py' | CUDA_VISIBLE_DEVICES='5,6,7' | LOG='/home/yeqi3/cyr/code/LaBraM/log/20251029_1758.log'
[2025-10-29 17:58:01] 已后台运行 pid=2545543，详见 /home/yeqi3/cyr/code/LaBraM/log/20251029_1758.log
[2025-10-29 17:59:01] 启动 'TrainCVLauncher.py' | CUDA_VISIBLE_DEVICES='5,6,7' | LOG='/home/yeqi3/cyr/code/LaBraM/log/20251029_1759.log'
[2025-10-29 17:59:01] 已后台运行 pid=2548635，详见 /home/yeqi3/cyr/code/LaBraM/log/20251029_1759.log
[2025-10-29 18:00:02] 启动 'TrainCVLauncher.py' | CUDA_VISIBLE_DEVICES='5,6,7' | LOG='/home/yeqi3/cyr/code/LaBraM/log/20251029_1800.log'
[2025-10-29 18:00:02] 已后台运行 pid=2551719，详见 /home/yeqi3/cyr/code/LaBraM/log/20251029_1800.log
[2025-10-29 18:01:01] 启动 'TrainCVLauncher.py' | CUDA_VISIBLE_DEVICES='5,6,7' | LOG='/home/yeqi3/cyr/code/LaBraM/log/20251029_1801.log'
[2025-10-29 18:01:01] 已后台运行 pid=2554913，详见 /home/yeqi3/cyr/code/LaBraM/log/20251029_1801.log
[2025-10-29 18:02:01] 启动 'TrainCVLauncher.py' | CUDA_VISIBLE_DEVICES='5,6,7' | LOG='/home/yeqi3/cyr/code/LaBraM/log/20251029_1802.log'
[2025-10-29 18:02:01] 已后台运行 pid=2558026，详见 /home/yeqi3/cyr/code/LaBraM/log/20251029_1802.log
[2025-10-29 18:03:02] 启动 'TrainCVLauncher.py' | CUDA_VISIBLE_DEVICES='5,6,7' | LOG='/home/yeqi3/cyr/code/LaBraM/log/20251029_1803.log'
[2025-10-29 18:03:02] 已后台运行 pid=2561218，详见 /home/yeqi3/cyr/code/LaBraM/log/20251029_1803.log
[2025-10-29 18:04:01] 启动 'TrainCVLauncher.py' | CUDA_VISIBLE_DEVICES='5,6,7' | LOG='/home/yeqi3/cyr/code/LaBraM/log/20251029_1804.log'
[2025-10-29 18:04:01] 已后台运行 pid=2564379，详见 /home/yeqi3/cyr/code/LaBraM/log/20251029_1804.log
[2025-10-29 18:05:02] 启动 'TrainCVLauncher.py' | CUDA_VISIBLE_DEVICES='5,6,7' | LOG='/home/yeqi3/cyr/code/LaBraM/log/20251029_1805.log'
[2025-10-29 18:05:02] 已后台运行 pid=2567477，详见 /home/yeqi3/cyr/code/LaBraM/log/20251029_1805.log
[2025-10-29 18:06:01] 启动 'TrainCVLauncher.py' | CUDA_VISIBLE_DEVICES='5,6,7' | LOG='/home/yeqi3/cyr/code/LaBraM/log/20251029_1806.log'
[2025-10-29 18:06:01] 已后台运行 pid=2570519，详见 /home/yeqi3/cyr/code/LaBraM/log/20251029_1806.log
[2025-10-29 18:07:01] 启动 'TrainCVLauncher.py' | CUDA_VISIBLE_DEVICES='5,6,7' | LOG='/home/yeqi3/cyr/code/LaBraM/log/20251029_1807.log'
[2025-10-29 18:07:01] 已后台运行 pid=2573679，详见 /home/yeqi3/cyr/code/LaBraM/log/20251029_1807.log
[2025-10-29 18:08:02] 启动 'TrainCVLauncher.py' | CUDA_VISIBLE_DEVICES='5,6,7' | LOG='/home/yeqi3/cyr/code/LaBraM/log/20251029_1808.log'
[2025-10-29 18:08:02] 已后台运行 pid=2576943，详见 /home/yeqi3/cyr/code/LaBraM/log/20251029_1808.log
[2025-10-29 18:09:01] 启动 'TrainCVLauncher.py' | CUDA_VISIBLE_DEVICES='5,6,7' | LOG='/home/yeqi3/cyr/code/LaBraM/log/20251029_1809.log'
[2025-10-29 18:09:01] 已后台运行 pid=2579927，详见 /home/yeqi3/cyr/code/LaBraM/log/20251029_1809.log
[2025-10-29 18:10:01] 启动 'TrainCVLauncher.py' | CUDA_VISIBLE_DEVICES='5,6,7' | LOG='/home/yeqi3/cyr/code/LaBraM/log/20251029_1810.log'
[2025-10-29 18:10:01] 已后台运行 pid=2583012，详见 /home/yeqi3/cyr/code/LaBraM/log/20251029_1810.log
[2025-10-29 18:11:02] 启动 'TrainCVLauncher.py' | CUDA_VISIBLE_DEVICES='5,6,7' | LOG='/home/yeqi3/cyr/code/LaBraM/log/20251029_1811.log'
[2025-10-29 18:11:02] 已后台运行 pid=2586219，详见 /home/yeqi3/cyr/code/LaBraM/log/20251029_1811.log
[2025-10-29 18:12:01] 启动 'TrainCVLauncher.py' | CUDA_VISIBLE_DEVICES='5,6,7' | LOG='/home/yeqi3/cyr/code/LaBraM/log/20251029_1812.log'
[2025-10-29 18:12:01] 已后台运行 pid=2589291，详见 /home/yeqi3/cyr/code/LaBraM/log/20251029_1812.log
[2025-10-29 18:13:02] 启动 'TrainCVLauncher.py' | CUDA_VISIBLE_DEVICES='5,6,7' | LOG='/home/yeqi3/cyr/code/LaBraM/log/20251029_1813.log'
[2025-10-29 18:13:02] 已后台运行 pid=2592470，详见 /home/yeqi3/cyr/code/LaBraM/log/20251029_1813.log
[2025-10-29 18:14:01] 启动 'TrainCVLauncher.py' | CUDA_VISIBLE_DEVICES='5,6,7' | LOG='/home/yeqi3/cyr/code/LaBraM/log/20251029_1814.log'
[2025-10-29 18:14:01] 已后台运行 pid=2595535，详见 /home/yeqi3/cyr/code/LaBraM/log/20251029_1814.log
[2025-10-29 18:15:01] 启动 'TrainCVLauncher.py' | CUDA_VISIBLE_DEVICES='5,6,7' | LOG='/home/yeqi3/cyr/code/LaBraM/log/20251029_1815.log'
[2025-10-29 18:15:01] 已后台运行 pid=2598577，详见 /home/yeqi3/cyr/code/LaBraM/log/20251029_1815.log
[2025-10-29 18:16:02] 启动 'TrainCVLauncher.py' | CUDA_VISIBLE_DEVICES='5,6,7' | LOG='/home/yeqi3/cyr/code/LaBraM/log/20251029_1816.log'
[2025-10-29 18:16:02] 已后台运行 pid=2601560，详见 /home/yeqi3/cyr/code/LaBraM/log/20251029_1816.log
[2025-10-29 18:17:01] 启动 'TrainCVLauncher.py' | CUDA_VISIBLE_DEVICES='5,6,7' | LOG='/home/yeqi3/cyr/code/LaBraM/log/20251029_1817.log'
[2025-10-29 18:17:01] 已后台运行 pid=2604573，详见 /home/yeqi3/cyr/code/LaBraM/log/20251029_1817.log
[2025-10-29 18:18:02] 启动 'TrainCVLauncher.py' | CUDA_VISIBLE_DEVICES='5,6,7' | LOG='/home/yeqi3/cyr/code/LaBraM/log/20251029_1818.log'
[2025-10-29 18:18:02] 已后台运行 pid=2607697，详见 /home/yeqi3/cyr/code/LaBraM/log/20251029_1818.log
[2025-10-29 18:19:01] 启动 'TrainCVLauncher.py' | CUDA_VISIBLE_DEVICES='5,6,7' | LOG='/home/yeqi3/cyr/code/LaBraM/log/20251029_1819.log'
[2025-10-29 18:19:01] 已后台运行 pid=2610735，详见 /home/yeqi3/cyr/code/LaBraM/log/20251029_1819.log
[2025-10-29 18:20:01] 启动 'TrainCVLauncher.py' | CUDA_VISIBLE_DEVICES='5,6,7' | LOG='/home/yeqi3/cyr/code/LaBraM/log/20251029_1820.log'
[2025-10-29 18:20:01] 已后台运行 pid=2613984，详见 /home/yeqi3/cyr/code/LaBraM/log/20251029_1820.log
[2025-10-29 18:21:02] 启动 'TrainCVLauncher.py' | CUDA_VISIBLE_DEVICES='5,6,7' | LOG='/home/yeqi3/cyr/code/LaBraM/log/20251029_1821.log'
[2025-10-29 18:21:02] 已后台运行 pid=2617145，详见 /home/yeqi3/cyr/code/LaBraM/log/20251029_1821.log
[2025-10-29 18:22:01] 启动 'TrainCVLauncher.py' | CUDA_VISIBLE_DEVICES='5,6,7' | LOG='/home/yeqi3/cyr/code/LaBraM/log/20251029_1822.log'
[2025-10-29 18:22:01] 已后台运行 pid=2620165，详见 /home/yeqi3/cyr/code/LaBraM/log/20251029_1822.log
[2025-10-29 18:23:02] 启动 'TrainCVLauncher.py' | CUDA_VISIBLE_DEVICES='5,6,7' | LOG='/home/yeqi3/cyr/code/LaBraM/log/20251029_1823.log'
[2025-10-29 18:23:02] 已后台运行 pid=2623311，详见 /home/yeqi3/cyr/code/LaBraM/log/20251029_1823.log
[2025-10-29 18:24:01] 启动 'TrainCVLauncher.py' | CUDA_VISIBLE_DEVICES='5,6,7' | LOG='/home/yeqi3/cyr/code/LaBraM/log/20251029_1824.log'
[2025-10-29 18:24:01] 已后台运行 pid=2626303，详见 /home/yeqi3/cyr/code/LaBraM/log/20251029_1824.log
[2025-10-29 18:25:01] 启动 'TrainCVLauncher.py' | CUDA_VISIBLE_DEVICES='5,6,7' | LOG='/home/yeqi3/cyr/code/LaBraM/log/20251029_1825.log'
[2025-10-29 18:25:01] 已后台运行 pid=2629349，详见 /home/yeqi3/cyr/code/LaBraM/log/20251029_1825.log
[2025-10-29 18:26:02] 启动 'TrainCVLauncher.py' | CUDA_VISIBLE_DEVICES='5,6,7' | LOG='/home/yeqi3/cyr/code/LaBraM/log/20251029_1826.log'
[2025-10-29 18:26:02] 已后台运行 pid=2632224，详见 /home/yeqi3/cyr/code/LaBraM/log/20251029_1826.log
[2025-10-29 18:27:01] 启动 'TrainCVLauncher.py' | CUDA_VISIBLE_DEVICES='5,6,7' | LOG='/home/yeqi3/cyr/code/LaBraM/log/20251029_1827.log'
[2025-10-29 18:27:01] 已后台运行 pid=2635225，详见 /home/yeqi3/cyr/code/LaBraM/log/20251029_1827.log
[2025-10-29 18:28:01] 启动 'TrainCVLauncher.py' | CUDA_VISIBLE_DEVICES='5,6,7' | LOG='/home/yeqi3/cyr/code/LaBraM/log/20251029_1828.log'
[2025-10-29 18:28:01] 已后台运行 pid=2638376，详见 /home/yeqi3/cyr/code/LaBraM/log/20251029_1828.log
[2025-10-29 18:29:02] 启动 'TrainCVLauncher.py' | CUDA_VISIBLE_DEVICES='5,6,7' | LOG='/home/yeqi3/cyr/code/LaBraM/log/20251029_1829.log'
[2025-10-29 18:29:02] 已后台运行 pid=2641462，详见 /home/yeqi3/cyr/code/LaBraM/log/20251029_1829.log
[2025-10-29 18:30:01] 启动 'TrainCVLauncher.py' | CUDA_VISIBLE_DEVICES='5,6,7' | LOG='/home/yeqi3/cyr/code/LaBraM/log/20251029_1830.log'
[2025-10-29 18:30:01] 已后台运行 pid=2644528，详见 /home/yeqi3/cyr/code/LaBraM/log/20251029_1830.log
[2025-10-29 18:31:02] 启动 'TrainCVLauncher.py' | CUDA_VISIBLE_DEVICES='5,6,7' | LOG='/home/yeqi3/cyr/code/LaBraM/log/20251029_1831.log'
[2025-10-29 18:31:02] 已后台运行 pid=2647695，详见 /home/yeqi3/cyr/code/LaBraM/log/20251029_1831.log
[2025-10-29 18:32:01] 启动 'TrainCVLauncher.py' | CUDA_VISIBLE_DEVICES='5,6,7' | LOG='/home/yeqi3/cyr/code/LaBraM/log/20251029_1832.log'
[2025-10-29 18:32:01] 已后台运行 pid=2650666，详见 /home/yeqi3/cyr/code/LaBraM/log/20251029_1832.log
[2025-10-29 18:33:01] 启动 'TrainCVLauncher.py' | CUDA_VISIBLE_DEVICES='5,6,7' | LOG='/home/yeqi3/cyr/code/LaBraM/log/20251029_1833.log'
[2025-10-29 18:33:01] 已后台运行 pid=2653917，详见 /home/yeqi3/cyr/code/LaBraM/log/20251029_1833.log
[2025-10-29 18:34:02] 启动 'TrainCVLauncher.py' | CUDA_VISIBLE_DEVICES='5,6,7' | LOG='/home/yeqi3/cyr/code/LaBraM/log/20251029_1834.log'
[2025-10-29 18:34:02] 已后台运行 pid=2656793，详见 /home/yeqi3/cyr/code/LaBraM/log/20251029_1834.log
[2025-10-29 18:35:01] 启动 'TrainCVLauncher.py' | CUDA_VISIBLE_DEVICES='5,6,7' | LOG='/home/yeqi3/cyr/code/LaBraM/log/20251029_1835.log'
[2025-10-29 18:35:01] 已后台运行 pid=2659764，详见 /home/yeqi3/cyr/code/LaBraM/log/20251029_1835.log
[2025-10-29 18:36:02] 启动 'TrainCVLauncher.py' | CUDA_VISIBLE_DEVICES='5,6,7' | LOG='/home/yeqi3/cyr/code/LaBraM/log/20251029_1836.log'
[2025-10-29 18:36:02] 已后台运行 pid=2662806，详见 /home/yeqi3/cyr/code/LaBraM/log/20251029_1836.log
[2025-10-29 18:37:01] 启动 'TrainCVLauncher.py' | CUDA_VISIBLE_DEVICES='5,6,7' | LOG='/home/yeqi3/cyr/code/LaBraM/log/20251029_1837.log'
[2025-10-29 18:37:01] 已后台运行 pid=2665779，详见 /home/yeqi3/cyr/code/LaBraM/log/20251029_1837.log
[2025-10-29 18:38:01] 启动 'TrainCVLauncher.py' | CUDA_VISIBLE_DEVICES='5,6,7' | LOG='/home/yeqi3/cyr/code/LaBraM/log/20251029_1838.log'
[2025-10-29 18:38:01] 已后台运行 pid=2668921，详见 /home/yeqi3/cyr/code/LaBraM/log/20251029_1838.log
[2025-10-29 18:39:02] 启动 'TrainCVLauncher.py' | CUDA_VISIBLE_DEVICES='5,6,7' | LOG='/home/yeqi3/cyr/code/LaBraM/log/20251029_1839.log'
[2025-10-29 18:39:02] 已后台运行 pid=2671947，详见 /home/yeqi3/cyr/code/LaBraM/log/20251029_1839.log
[2025-10-29 18:40:01] 启动 'TrainCVLauncher.py' | CUDA_VISIBLE_DEVICES='5,6,7' | LOG='/home/yeqi3/cyr/code/LaBraM/log/20251029_1840.log'
[2025-10-29 18:40:01] 已后台运行 pid=2674993，详见 /home/yeqi3/cyr/code/LaBraM/log/20251029_1840.log
[2025-10-29 18:41:02] 启动 'TrainCVLauncher.py' | CUDA_VISIBLE_DEVICES='5,6,7' | LOG='/home/yeqi3/cyr/code/LaBraM/log/20251029_1841.log'
[2025-10-29 18:41:02] 已后台运行 pid=2678093，详见 /home/yeqi3/cyr/code/LaBraM/log/20251029_1841.log
[2025-10-29 18:42:01] 启动 'TrainCVLauncher.py' | CUDA_VISIBLE_DEVICES='5,6,7' | LOG='/home/yeqi3/cyr/code/LaBraM/log/20251029_1842.log'
[2025-10-29 18:42:01] 已后台运行 pid=2681123，详见 /home/yeqi3/cyr/code/LaBraM/log/20251029_1842.log
[2025-10-29 18:43:01] 启动 'TrainCVLauncher.py' | CUDA_VISIBLE_DEVICES='5,6,7' | LOG='/home/yeqi3/cyr/code/LaBraM/log/20251029_1843.log'
[2025-10-29 18:43:01] 已后台运行 pid=2684207，详见 /home/yeqi3/cyr/code/LaBraM/log/20251029_1843.log
[2025-10-29 18:44:02] 启动 'TrainCVLauncher.py' | CUDA_VISIBLE_DEVICES='5,6,7' | LOG='/home/yeqi3/cyr/code/LaBraM/log/20251029_1844.log'
[2025-10-29 18:44:02] 已后台运行 pid=2687311，详见 /home/yeqi3/cyr/code/LaBraM/log/20251029_1844.log
[2025-10-29 18:45:01] 启动 'TrainCVLauncher.py' | CUDA_VISIBLE_DEVICES='5,6,7' | LOG='/home/yeqi3/cyr/code/LaBraM/log/20251029_1845.log'
[2025-10-29 18:45:01] 已后台运行 pid=2690300，详见 /home/yeqi3/cyr/code/LaBraM/log/20251029_1845.log
[2025-10-29 18:46:01] 启动 'TrainCVLauncher.py' | CUDA_VISIBLE_DEVICES='5,6,7' | LOG='/home/yeqi3/cyr/code/LaBraM/log/20251029_1846.log'
[2025-10-29 18:46:01] 已后台运行 pid=2693374，详见 /home/yeqi3/cyr/code/LaBraM/log/20251029_1846.log
[2025-10-29 18:47:02] 启动 'TrainCVLauncher.py' | CUDA_VISIBLE_DEVICES='5,6,7' | LOG='/home/yeqi3/cyr/code/LaBraM/log/20251029_1847.log'
[2025-10-29 18:47:02] 已后台运行 pid=2696424，详见 /home/yeqi3/cyr/code/LaBraM/log/20251029_1847.log
[2025-10-29 18:48:01] 启动 'TrainCVLauncher.py' | CUDA_VISIBLE_DEVICES='5,6,7' | LOG='/home/yeqi3/cyr/code/LaBraM/log/20251029_1848.log'
[2025-10-29 18:48:01] 已后台运行 pid=2699519，详见 /home/yeqi3/cyr/code/LaBraM/log/20251029_1848.log
[2025-10-29 18:49:02] 启动 'TrainCVLauncher.py' | CUDA_VISIBLE_DEVICES='5,6,7' | LOG='/home/yeqi3/cyr/code/LaBraM/log/20251029_1849.log'
[2025-10-29 18:49:02] 已后台运行 pid=2702548，详见 /home/yeqi3/cyr/code/LaBraM/log/20251029_1849.log
[2025-10-29 18:50:01] 启动 'TrainCVLauncher.py' | CUDA_VISIBLE_DEVICES='5,6,7' | LOG='/home/yeqi3/cyr/code/LaBraM/log/20251029_1850.log'
[2025-10-29 18:50:01] 已后台运行 pid=2705585，详见 /home/yeqi3/cyr/code/LaBraM/log/20251029_1850.log
[2025-10-29 18:51:01] 启动 'TrainCVLauncher.py' | CUDA_VISIBLE_DEVICES='5,6,7' | LOG='/home/yeqi3/cyr/code/LaBraM/log/20251029_1851.log'
[2025-10-29 18:51:01] 已后台运行 pid=2708729，详见 /home/yeqi3/cyr/code/LaBraM/log/20251029_1851.log
[2025-10-29 18:52:02] 启动 'TrainCVLauncher.py' | CUDA_VISIBLE_DEVICES='5,6,7' | LOG='/home/yeqi3/cyr/code/LaBraM/log/20251029_1852.log'
[2025-10-29 18:52:02] 已后台运行 pid=2711753，详见 /home/yeqi3/cyr/code/LaBraM/log/20251029_1852.log
[2025-10-29 18:53:01] 启动 'TrainCVLauncher.py' | CUDA_VISIBLE_DEVICES='5,6,7' | LOG='/home/yeqi3/cyr/code/LaBraM/log/20251029_1853.log'
[2025-10-29 18:53:01] 已后台运行 pid=2714724，详见 /home/yeqi3/cyr/code/LaBraM/log/20251029_1853.log
[2025-10-29 18:54:02] 启动 'TrainCVLauncher.py' | CUDA_VISIBLE_DEVICES='5,6,7' | LOG='/home/yeqi3/cyr/code/LaBraM/log/20251029_1854.log'
[2025-10-29 18:54:02] 已后台运行 pid=2717734，详见 /home/yeqi3/cyr/code/LaBraM/log/20251029_1854.log
[2025-10-29 18:55:01] 启动 'TrainCVLauncher.py' | CUDA_VISIBLE_DEVICES='5,6,7' | LOG='/home/yeqi3/cyr/code/LaBraM/log/20251029_1855.log'
[2025-10-29 18:55:01] 已后台运行 pid=2720764，详见 /home/yeqi3/cyr/code/LaBraM/log/20251029_1855.log
[2025-10-29 18:56:01] 启动 'TrainCVLauncher.py' | CUDA_VISIBLE_DEVICES='5,6,7' | LOG='/home/yeqi3/cyr/code/LaBraM/log/20251029_1856.log'
[2025-10-29 18:56:01] 已后台运行 pid=2723744，详见 /home/yeqi3/cyr/code/LaBraM/log/20251029_1856.log
[2025-10-29 18:57:02] 启动 'TrainCVLauncher.py' | CUDA_VISIBLE_DEVICES='5,6,7' | LOG='/home/yeqi3/cyr/code/LaBraM/log/20251029_1857.log'
[2025-10-29 18:57:02] 已后台运行 pid=2726877，详见 /home/yeqi3/cyr/code/LaBraM/log/20251029_1857.log
[2025-10-29 18:58:01] 启动 'TrainCVLauncher.py' | CUDA_VISIBLE_DEVICES='5,6,7' | LOG='/home/yeqi3/cyr/code/LaBraM/log/20251029_1858.log'
[2025-10-29 18:58:01] 已后台运行 pid=2729898，详见 /home/yeqi3/cyr/code/LaBraM/log/20251029_1858.log
[2025-10-29 18:59:02] 启动 'TrainCVLauncher.py' | CUDA_VISIBLE_DEVICES='5,6,7' | LOG='/home/yeqi3/cyr/code/LaBraM/log/20251029_1859.log'
[2025-10-29 18:59:02] 已后台运行 pid=2732931，详见 /home/yeqi3/cyr/code/LaBraM/log/20251029_1859.log
[2025-10-29 19:00:01] 启动 'TrainCVLauncher.py' | CUDA_VISIBLE_DEVICES='5,6,7' | LOG='/home/yeqi3/cyr/code/LaBraM/log/20251029_1900.log'
[2025-10-29 19:00:01] 已后台运行 pid=2736048，详见 /home/yeqi3/cyr/code/LaBraM/log/20251029_1900.log
[2025-10-29 19:01:01] 启动 'TrainCVLauncher.py' | CUDA_VISIBLE_DEVICES='5,6,7' | LOG='/home/yeqi3/cyr/code/LaBraM/log/20251029_1901.log'
[2025-10-29 19:01:01] 已后台运行 pid=2739246，详见 /home/yeqi3/cyr/code/LaBraM/log/20251029_1901.log
[2025-10-29 19:02:02] 启动 'TrainCVLauncher.py' | CUDA_VISIBLE_DEVICES='5,6,7' | LOG='/home/yeqi3/cyr/code/LaBraM/log/20251029_1902.log'
[2025-10-29 19:02:02] 已后台运行 pid=2742274，详见 /home/yeqi3/cyr/code/LaBraM/log/20251029_1902.log
[2025-10-29 19:03:01] 启动 'TrainCVLauncher.py' | CUDA_VISIBLE_DEVICES='5,6,7' | LOG='/home/yeqi3/cyr/code/LaBraM/log/20251029_1903.log'
[2025-10-29 19:03:01] 已后台运行 pid=2745222，详见 /home/yeqi3/cyr/code/LaBraM/log/20251029_1903.log
[2025-10-29 19:04:02] 启动 'TrainCVLauncher.py' | CUDA_VISIBLE_DEVICES='5,6,7' | LOG='/home/yeqi3/cyr/code/LaBraM/log/20251029_1904.log'
[2025-10-29 19:04:02] 已后台运行 pid=2748290，详见 /home/yeqi3/cyr/code/LaBraM/log/20251029_1904.log
[2025-10-29 19:05:01] 启动 'TrainCVLauncher.py' | CUDA_VISIBLE_DEVICES='5,6,7' | LOG='/home/yeqi3/cyr/code/LaBraM/log/20251029_1905.log'
[2025-10-29 19:05:01] 已后台运行 pid=2751296，详见 /home/yeqi3/cyr/code/LaBraM/log/20251029_1905.log
[2025-10-29 19:06:01] 启动 'TrainCVLauncher.py' | CUDA_VISIBLE_DEVICES='5,6,7' | LOG='/home/yeqi3/cyr/code/LaBraM/log/20251029_1906.log'
[2025-10-29 19:06:01] 已后台运行 pid=2754344，详见 /home/yeqi3/cyr/code/LaBraM/log/20251029_1906.log
[2025-10-29 19:07:02] 启动 'TrainCVLauncher.py' | CUDA_VISIBLE_DEVICES='5,6,7' | LOG='/home/yeqi3/cyr/code/LaBraM/log/20251029_1907.log'
[2025-10-29 19:07:02] 已后台运行 pid=2757419，详见 /home/yeqi3/cyr/code/LaBraM/log/20251029_1907.log
[2025-10-29 19:08:01] 启动 'TrainCVLauncher.py' | CUDA_VISIBLE_DEVICES='5,6,7' | LOG='/home/yeqi3/cyr/code/LaBraM/log/20251029_1908.log'
[2025-10-29 19:08:01] 已后台运行 pid=2760554，详见 /home/yeqi3/cyr/code/LaBraM/log/20251029_1908.log
[2025-10-29 19:09:02] 启动 'TrainCVLauncher.py' | CUDA_VISIBLE_DEVICES='5,6,7' | LOG='/home/yeqi3/cyr/code/LaBraM/log/20251029_1909.log'
[2025-10-29 19:09:02] 已后台运行 pid=2763633，详见 /home/yeqi3/cyr/code/LaBraM/log/20251029_1909.log
[2025-10-29 19:10:01] 启动 'TrainCVLauncher.py' | CUDA_VISIBLE_DEVICES='5,6,7' | LOG='/home/yeqi3/cyr/code/LaBraM/log/20251029_1910.log'
[2025-10-29 19:10:01] 已后台运行 pid=2766710，详见 /home/yeqi3/cyr/code/LaBraM/log/20251029_1910.log
[2025-10-29 19:11:01] 启动 'TrainCVLauncher.py' | CUDA_VISIBLE_DEVICES='5,6,7' | LOG='/home/yeqi3/cyr/code/LaBraM/log/20251029_1911.log'
[2025-10-29 19:11:01] 已后台运行 pid=2769837，详见 /home/yeqi3/cyr/code/LaBraM/log/20251029_1911.log
[2025-10-29 19:12:02] 启动 'TrainCVLauncher.py' | CUDA_VISIBLE_DEVICES='5,6,7' | LOG='/home/yeqi3/cyr/code/LaBraM/log/20251029_1912.log'
[2025-10-29 19:12:02] 已后台运行 pid=2773055，详见 /home/yeqi3/cyr/code/LaBraM/log/20251029_1912.log
[2025-10-29 19:13:01] 启动 'TrainCVLauncher.py' | CUDA_VISIBLE_DEVICES='5,6,7' | LOG='/home/yeqi3/cyr/code/LaBraM/log/20251029_1913.log'
[2025-10-29 19:13:01] 已后台运行 pid=2776149，详见 /home/yeqi3/cyr/code/LaBraM/log/20251029_1913.log
[2025-10-29 19:14:01] 启动 'TrainCVLauncher.py' | CUDA_VISIBLE_DEVICES='5,6,7' | LOG='/home/yeqi3/cyr/code/LaBraM/log/20251029_1914.log'
[2025-10-29 19:14:01] 已后台运行 pid=2779184，详见 /home/yeqi3/cyr/code/LaBraM/log/20251029_1914.log
[2025-10-29 19:15:02] 启动 'TrainCVLauncher.py' | CUDA_VISIBLE_DEVICES='5,6,7' | LOG='/home/yeqi3/cyr/code/LaBraM/log/20251029_1915.log'
[2025-10-29 19:15:02] 已后台运行 pid=2782221，详见 /home/yeqi3/cyr/code/LaBraM/log/20251029_1915.log
[2025-10-29 19:16:01] 启动 'TrainCVLauncher.py' | CUDA_VISIBLE_DEVICES='5,6,7' | LOG='/home/yeqi3/cyr/code/LaBraM/log/20251029_1916.log'
[2025-10-29 19:16:01] 已后台运行 pid=2785264，详见 /home/yeqi3/cyr/code/LaBraM/log/20251029_1916.log
[2025-10-29 19:17:02] 启动 'TrainCVLauncher.py' | CUDA_VISIBLE_DEVICES='5,6,7' | LOG='/home/yeqi3/cyr/code/LaBraM/log/20251029_1917.log'
[2025-10-29 19:17:02] 已后台运行 pid=2788303，详见 /home/yeqi3/cyr/code/LaBraM/log/20251029_1917.log
[2025-10-29 19:18:01] 启动 'TrainCVLauncher.py' | CUDA_VISIBLE_DEVICES='5,6,7' | LOG='/home/yeqi3/cyr/code/LaBraM/log/20251029_1918.log'
[2025-10-29 19:18:01] 已后台运行 pid=2791376，详见 /home/yeqi3/cyr/code/LaBraM/log/20251029_1918.log
[2025-10-29 19:19:01] 启动 'TrainCVLauncher.py' | CUDA_VISIBLE_DEVICES='5,6,7' | LOG='/home/yeqi3/cyr/code/LaBraM/log/20251029_1919.log'
[2025-10-29 19:19:01] 已后台运行 pid=2794401，详见 /home/yeqi3/cyr/code/LaBraM/log/20251029_1919.log
[2025-10-29 19:20:02] 启动 'TrainCVLauncher.py' | CUDA_VISIBLE_DEVICES='5,6,7' | LOG='/home/yeqi3/cyr/code/LaBraM/log/20251029_1920.log'
[2025-10-29 19:20:02] 已后台运行 pid=2797605，详见 /home/yeqi3/cyr/code/LaBraM/log/20251029_1920.log
[2025-10-29 19:21:01] 启动 'TrainCVLauncher.py' | CUDA_VISIBLE_DEVICES='5,6,7' | LOG='/home/yeqi3/cyr/code/LaBraM/log/20251029_1921.log'
[2025-10-29 19:21:01] 已后台运行 pid=2800733，详见 /home/yeqi3/cyr/code/LaBraM/log/20251029_1921.log
[2025-10-29 19:22:02] 启动 'TrainCVLauncher.py' | CUDA_VISIBLE_DEVICES='5,6,7' | LOG='/home/yeqi3/cyr/code/LaBraM/log/20251029_1922.log'
[2025-10-29 19:22:02] 已后台运行 pid=2803798，详见 /home/yeqi3/cyr/code/LaBraM/log/20251029_1922.log
[2025-10-29 19:23:02] 启动 'TrainCVLauncher.py' | CUDA_VISIBLE_DEVICES='5,6,7' | LOG='/home/yeqi3/cyr/code/LaBraM/log/20251029_1923.log'
[2025-10-29 19:23:02] 已后台运行 pid=2806955，详见 /home/yeqi3/cyr/code/LaBraM/log/20251029_1923.log
[2025-10-29 19:24:01] 启动 'TrainCVLauncher.py' | CUDA_VISIBLE_DEVICES='5,6,7' | LOG='/home/yeqi3/cyr/code/LaBraM/log/20251029_1924.log'
[2025-10-29 19:24:01] 已后台运行 pid=2810066，详见 /home/yeqi3/cyr/code/LaBraM/log/20251029_1924.log
[2025-10-29 19:25:02] 启动 'TrainCVLauncher.py' | CUDA_VISIBLE_DEVICES='5,6,7' | LOG='/home/yeqi3/cyr/code/LaBraM/log/20251029_1925.log'
[2025-10-29 19:25:02] 已后台运行 pid=2813248，详见 /home/yeqi3/cyr/code/LaBraM/log/20251029_1925.log
[2025-10-29 19:26:01] 检测到正在运行（pattern='TrainCVLauncher.py'），无需启动。
[2025-10-29 19:27:01] 检测到正在运行（pattern='TrainCVLauncher.py'），无需启动。
[2025-10-29 19:28:01] 检测到正在运行（pattern='TrainCVLauncher.py'），无需启动。
[2025-10-29 19:29:01] 检测到正在运行（pattern='TrainCVLauncher.py'），无需启动。
[2025-10-29 19:30:01] 检测到正在运行（pattern='TrainCVLauncher.py'），无需启动。
[2025-10-29 19:31:01] 检测到正在运行（pattern='TrainCVLauncher.py'），无需启动。
[2025-10-29 19:32:02] 检测到正在运行（pattern='TrainCVLauncher.py'），无需启动。
[2025-10-29 19:33:01] 启动 'TrainCVLauncher.py' | CUDA_VISIBLE_DEVICES='5,6,7' | LOG='/home/yeqi3/cyr/code/LaBraM/log/20251029_1933.log'
[2025-10-29 19:33:01] 已后台运行 pid=2872133，详见 /home/yeqi3/cyr/code/LaBraM/log/20251029_1933.log
[2025-10-29 19:34:01] 检测到正在运行（pattern='TrainCVLauncher.py'），无需启动。
[2025-10-29 19:35:01] 启动 'TrainCVLauncher.py' | CUDA_VISIBLE_DEVICES='5,6,7' | LOG='/home/yeqi3/cyr/code/LaBraM/log/20251029_1935.log'
[2025-10-29 19:35:01] 已后台运行 pid=2884241，详见 /home/yeqi3/cyr/code/LaBraM/log/20251029_1935.log
[2025-10-29 19:36:01] 启动 'TrainCVLauncher.py' | CUDA[2025-10-29 19:38:01] 启动 'TrainCVLauncher.py' | CUDA_VISIBLE_DEVICES='5,6,7' | LOG='/home/yeqi3/cyr/code/LaBraM/log/20251029_1938.log'
[2025-10-29 19:38:01] 已后台运行 pid=2890580，详见 /home/yeqi3/cyr/code/LaBraM/log/20251029_1938.log
[2025-10-29 19:39:01] 检测到正在运行（pattern='TrainCVLauncher.py'），无需启动。
[2025-10-29 19:40:01] 检测到正在运行（pattern='TrainCVLauncher.py'），无需启动。
[2025-10-29 19:41:01] 检测到正在运行（pattern='TrainCVLauncher.py'），无需启动。
[2025-10-29 19:42:01] 检测到正在运行（pattern='TrainCVLauncher.py'），无需启动。
[2025-10-29 19:43:01] 检测到正在运行（pattern='TrainCVLauncher.py'），无需启动。
[2025-10-29 19:44:01] 检测到正在运行（pattern='TrainCVLauncher.py'），无需启动。
[2025-10-29 19:45:01] 检测到正在运行（pattern='TrainCVLauncher.py'），无需启动。
[2025-10-29 19:46:01] 检测到正在运行（pattern='TrainCVLauncher.py'），无需启动。
[2025-10-29 19:47:01] 检测到正在运行（pattern='TrainCVLauncher.py'），无需启动。
[2025-10-29 19:48:01] 检测到正在运行（pattern='TrainCVLauncher.py'），无需启动。
[2025-10-29 19:49:01] 检测到正在运行（pattern='TrainCVLauncher.py'），无需启动。
[2025-10-29 19:50:01] 检测到正在运行（pattern='TrainCVLauncher.py'），无需启动。
[2025-10-29 19:51:02] 检测到正在运行（pattern='TrainCVLauncher.py'），无需启动。
[2025-10-29 19:52:01] 检测到正在运行（pattern='TrainCVLauncher.py'），无需启动。
[2025-10-29 19:53:01] 检测到正在运行（pattern='TrainCVLauncher.py'），无需启动。
[2025-10-29 19:54:01] 检测到正在运行（pattern='TrainCVLauncher.py'），无需启动。
[2025-10-29 19:55:01] 启动 'TrainCVLauncher.py' | CUDA_VISIBLE_DEVICES='5,6,7' | LOG='/home/yeqi3/cyr/code/LaBraM/log/20251029_1955.log'
[2025-10-29 19:55:01] 已后台运行 pid=3029388，详见 /home/yeqi3/cyr/code/LaBraM/log/20251029_1955.log
[2025-10-29 19:56:01] 检测到正在运行（pattern='TrainCVLauncher.py'），无需启动。
[2025-10-29 19:57:01] 检测到正在运行（pattern='TrainCVLauncher.py'），无需启动。
[2025-10-29 19:58:01] 检测到正在运行（pattern='TrainCVLauncher.py'），无需启动。
[2025-10-29 19:59:02] 检测到正在运行（pattern='TrainCVLauncher.py'），无需启动。
[2025-10-29 20:00:01] 检测到正在运行（pattern='TrainCVLauncher.py'），无需启动。
[2025-10-29 20:01:01] 检测到正在运行（pattern='TrainCVLauncher.py'），无需启动。
[2025-10-29 20:02:01] 检测到正在运行（pattern='TrainCVLauncher.py'），无需启动。
[2025-10-29 20:03:01] 检测到正在运行（pattern='TrainCVLauncher.py'），无需启动。
[2025-10-29 20:04:01] 检测到正在运行（pattern='TrainCVLauncher.py'），无需启动。
[2025-10-29 20:05:01] 检测到正在运行（pattern='TrainCVLauncher.py'），无需启动。
[2025-10-29 20:06:02] 检测到正在运行（pattern='TrainCVLauncher.py'），无需启动。
[2025-10-29 20:07:01] 检测到正在运行（pattern='TrainCVLauncher.py'），无需启动。
[2025-10-29 20:08:01] 检测到正在运行（pattern='TrainCVLauncher.py'），无需启动。
[2025-10-29 20:09:01] 检测到正在运行（pattern='TrainCVLauncher.py'），无需启动。
[2025-10-29 20:10:01] 检测到正在运行（pattern='TrainCVLauncher.py'），无需启动。
[2025-10-29 20:11:01] 检测到正在运行（pattern='TrainCVLauncher.py'），无需启动。
[2025-10-29 20:12:01] 检测到正在运行（pattern='TrainCVLauncher.py'），无需启动。
[2025-10-29 20:13:01] 检测到正在运行（pattern='TrainCVLauncher.py'），无需启动。
[2025-10-29 20:14:01] 检测到正在运行（pattern='TrainCVLauncher.py'），无需启动。
[2025-10-29 20:15:01] 检测到正在运行（pattern='TrainCVLauncher.py'），无需启动。
[2025-10-29 20:16:01] 检测到正在运行（pattern='TrainCVLauncher.py'），无需启动。
[2025-10-29 20:17:01] 检测到正在运行（pattern='TrainCVLauncher.py'），无需启动。
[2025-10-29 20:18:02] 检测到正在运行（pattern='TrainCVLauncher.py'），无需启动。
[2025-10-29 20:19:01] 检测到正在运行（pattern='TrainCVLauncher.py'），无需启动。
[2025-10-29 20:20:01] 检测到正在运行（pattern='TrainCVLauncher.py'），无需启动。
[2025-10-29 20:21:01] 检测到正在运行（pattern='TrainCVLauncher.py'），无需启动。
[2025-10-29 20:22:01] 检测到正在运行（pattern='TrainCVLauncher.py'），无需启动。
[2025-10-29 20:23:01] 检测到正在运行（pattern='TrainCVLauncher.py'），无需启动。
[2025-10-29 20:24:01] 检测到正在运行（pattern='TrainCVLauncher.py'），无需启动。
[2025-10-29 20:25:01] 检测到正在运行（pattern='TrainCVLauncher.py'），无需启动。
[2025-10-29 20:26:01] 检测到正在运行（pattern='TrainCVLauncher.py'），无需启动。
[2025-10-29 20:27:02] 检测到正在运行（pattern='TrainCVLauncher.py'），无需启动。
[2025-10-29 20:28:02] 检测到正在运行（pattern='TrainCVLauncher.py'），无需启动。
[2025-10-29 20:29:01] 检测到正在运行（pattern='TrainCVLauncher.py'），无需启动。
[2025-10-29 20:30:01] 检测到正在运行（pattern='TrainCVLauncher.py'），无需启动。
[2025-10-29 20:31:01] 检测到正在运行（pattern='TrainCVLauncher.py'），无需启动。
[2025-10-29 20:32:01] 检测到正在运行（pattern='TrainCVLauncher.py'），无需启动。
[2025-10-29 20:33:01] 检测到正在运行（pattern='TrainCVLauncher.py'），无需启动。
[2025-10-29 20:34:01] 检测到正在运行（pattern='TrainCVLauncher.py'），无需启动。
[2025-10-29 20:35:01] 检测到正在运行（pattern='TrainCVLauncher.py'），无需启动。
[2025-10-29 20:36:01] 检测到正在运行（pattern='TrainCVLauncher.py'），无需启动。
[2025-10-29 20:37:01] 检测到正在运行（pattern='TrainCVLauncher.py'），无需启动。
[2025-10-29 20:38:01] 检测到正在运行（pattern='TrainCVLauncher.py'），无需启动。
[2025-10-29 20:39:01] 检测到正在运行（pattern='TrainCVLauncher.py'），无需启动。
[2025-10-29 20:40:02] 检测到正在运行（pattern='TrainCVLauncher.py'），无需启动。
[2025-10-29 20:41:01] 检测到正在运行（pattern='TrainCVLauncher.py'），无需启动。
[2025-10-29 20:42:01] 检测到正在运行（pattern='TrainCVLauncher.py'），无需启动。
[2025-10-29 20:43:01] 检测到正在运行（pattern='TrainCVLauncher.py'），无需启动。
[2025-10-29 20:44:01] 检测到正在运行（pattern='TrainCVLauncher.py'），无需启动。
[2025-10-29 20:45:01] 检测到正在运行（pattern='TrainCVLauncher.py'），无需启动。
[2025-10-29 20:46:01] 检测到正在运行（pattern='TrainCVLauncher.py'），无需启动。
[2025-10-29 20:47:01] 检测到正在运行（pattern='TrainCVLauncher.py'），无需启动。
[2025-10-29 20:48:01] 检测到正在运行（pattern='TrainCVLauncher.py'），无需启动。
[2025-10-29 20:49:01] 检测到正在运行（pattern='TrainCVLauncher.py'），无需启动。
[2025-10-29 20:50:01] 检测到正在运行（pattern='TrainCVLauncher.py'），无需启动。
[2025-10-29 20:51:01] 检测到正在运行（pattern='TrainCVLauncher.py'），无需启动。
[2025-10-29 20:52:01] 检测到正在运行（pattern='TrainCVLauncher.py'），无需启动。
[2025-10-29 20:53:01] 检测到正在运行（pattern='TrainCVLauncher.py'），无需启动。
[2025-10-29 20:54:01] 检测到正在运行（pattern='TrainCVLauncher.py'），无需启动。
[2025-10-29 20:55:01] 检测到正在运行（pattern='TrainCVLauncher.py'），无需启动。
[2025-10-29 20:56:01] 检测到正在运行（pattern='TrainCVLauncher.py'），无需启动。
[2025-10-29 20:57:01] 检测到正在运行（pattern='TrainCVLauncher.py'），无需启动。
[2025-10-29 20:58:01] 检测到正在运行（pattern='TrainCVLauncher.py'），无需启动。
[2025-10-29 20:59:01] 检测到正在运行（pattern='TrainCVLauncher.py'），无需启动。
[2025-10-29 21:00:01] 检测到正在运行（pattern='TrainCVLauncher.py'），无需启动。
[2025-10-29 21:01:01] 检测到正在运行（pattern='TrainCVLauncher.py'），无需启动。
[2025-10-29 21:02:01] 检测到正在运行（pattern='TrainCVLauncher.py'），无需启动。
[2025-10-29 21:03:01] 检测到正在运行（pattern='TrainCVLauncher.py'），无需启动。
[2025-10-29 21:04:01] 检测到正在运行（pattern='TrainCVLauncher.py'），无需启动。
[2025-10-29 21:05:02] 检测到正在运行（pattern='TrainCVLauncher.py'），无需启动。
[2025-10-29 21:06:01] 检测到正在运行（pattern='TrainCVLauncher.py'），无需启动。
[2025-10-29 21:07:01] 检测到正在运行（pattern='TrainCVLauncher.py'），无需启动。
[2025-10-29 21:08:01] 检测到正在运行（pattern='TrainCVLauncher.py'），无需启动。
[2025-10-29 21:09:01] 启动 'TrainCVLauncher.py' | CUDA_VISIBLE_DEVICES='5,6,7' | LOG='/home/yeqi3/cyr/code/LaBraM/log/20251029_2109.log'
[2025-10-29 21:09:01] 已后台运行 pid=3646454，详见 /home/yeqi3/cyr/code/LaBraM/log/20251029_2109.log
[2025-10-29 21:10:01] 检测到正在运行（pattern='TrainCVLauncher.py'），无需启动。
[2025-10-29 21:11:01] 检测到正在运行（pattern='TrainCVLauncher.py'），无需启动。
[2025-10-29 21:12:01] 检测到正在运行（pattern='TrainCVLauncher.py'），无需启动。
[2025-10-29 21:13:01] 检测到正在运行（pattern='TrainCVLauncher.py'），无需启动。
[2025-10-29 21:14:01] 检测到正在运行（pattern='TrainCVLauncher.py'），无需启动。
[2025-10-29 21:15:02] 检测到正在运行（pattern='TrainCVLauncher.py'），无需启动。
[2025-10-29 21:16:01] 检测到正在运行（pattern='TrainCVLauncher.py'），无需启动。
[2025-10-29 21:17:01] 检测到正在运行（pattern='TrainCVLauncher.py'），无需启动。
[2025-10-29 21:18:01] 检测到正在运行（pattern='TrainCVLauncher.py'），无需启动。
[2025-10-29 21:19:01] 检测到正在运行（pattern='TrainCVLauncher.py'），无需启动。
[2025-10-29 21:20:01] 检测到正在运行（pattern='TrainCVLauncher.py'），无需启动。
[2025-10-29 21:21:01] 检测到正在运行（pattern='TrainCVLauncher.py'），无需启动。
[2025-10-29 21:22:01] 检测到正在运行（pattern='TrainCVLauncher.py'），无需启动。
[2025-10-29 21:23:01] 检测到正在运行（pattern='TrainCVLauncher.py'），无需启动。
[2025-10-29 21:24:01] 检测到正在运行（pattern='TrainCVLauncher.py'），无需启动。
[2025-10-29 21:25:01] 检测到正在运行（pattern='TrainCVLauncher.py'），无需启动。
[2025-10-29 21:26:01] 检测到正在运行（pattern='TrainCVLauncher.py'），无需启动。
[2025-10-29 21:27:01] 检测到正在运行（pattern='TrainCVLauncher.py'），无需启动。
[2025-10-29 21:28:01] 检测到正在运行（pattern='TrainCVLauncher.py'），无需启动。
[2025-10-29 21:29:01] 检测到正在运行（pattern='TrainCVLauncher.py'），无需启动。
[2025-10-29 21:30:01] 检测到正在运行（pattern='TrainCVLauncher.py'），无需启动。
[2025-10-29 21:31:01] 检测到正在运行（pattern='TrainCVLauncher.py'），无需启动。
[2025-10-29 21:32:01] 检测到正在运行（pattern='TrainCVLauncher.py'），无需启动。
[2025-10-29 21:33:01] 检测到正在运行（pattern='TrainCVLauncher.py'），无需启动。
[2025-10-29 21:34:01] 检测到正在运行（pattern='TrainCVLauncher.py'），无需启动。
[2025-10-29 21:35:01] 检测到正在运行（pattern='TrainCVLauncher.py'），无需启动。
[2025-10-29 21:36:01] 检测到正在运行（pattern='TrainCVLauncher.py'），无需启动。
[2025-10-29 21:37:01] 检测到正在运行（pattern='TrainCVLauncher.py'），无需启动。
[2025-10-29 21:38:01] 检测到正在运行（pattern='TrainCVLauncher.py'），无需启动。
[2025-10-29 21:39:01] 检测到正在运行（pattern='TrainCVLauncher.py'），无需启动。
[2025-10-29 21:40:01] 检测到正在运行（pattern='TrainCVLauncher.py'），无需启动。
[2025-10-29 21:41:01] 检测到正在运行（pattern='TrainCVLauncher.py'），无需启动。
[2025-10-29 21:42:01] 检测到正在运行（pattern='TrainCVLauncher.py'），无需启动。
[2025-10-29 21:43:01] 检测到正在运行（pattern='TrainCVLauncher.py'），无需启动。
[2025-10-29 21:44:01] 检测到正在运行（pattern='TrainCVLauncher.py'），无需启动。
[2025-10-29 21:45:02] 检测到正在运行（pattern='TrainCVLauncher.py'），无需启动。
[2025-10-29 21:46:01] 检测到正在运行（pattern='TrainCVLauncher.py'），无需启动。
[2025-10-29 21:47:01] 检测到正在运行（pattern='TrainCVLauncher.py'），无需启动。
[2025-10-29 21:48:01] 检测到正在运行（pattern='TrainCVLauncher.py'），无需启动。
[2025-10-29 21:49:01] 检测到正在运行（pattern='TrainCVLauncher.py'），无需启动。
[2025-10-29 21:50:01] 检测到正在运行（pattern='TrainCVLauncher.py'），无需启动。
[2025-10-29 21:51:02] 检测到正在运行（pattern='TrainCVLauncher.py'），无需启动。
[2025-10-29 21:52:01] 检测到正在运行（pattern='TrainCVLauncher.py'），无需启动。
[2025-10-29 21:53:01] 检测到正在运行（pattern='TrainCVLauncher.py'），无需启动。
[2025-10-29 21:54:01] 检测到正在运行（pattern='TrainCVLauncher.py'），无需启动。
[2025-10-29 21:55:01] 检测到正在运行（pattern='TrainCVLauncher.py'），无需启动。
[2025-10-29 21:56:01] 检测到正在运行（pattern='TrainCVLauncher.py'），无需启动。
[2025-10-29 21:57:01] 检测到正在运行（pattern='TrainCVLauncher.py'），无需启动。
[2025-10-29 21:58:01] 检测到正在运行（pattern='TrainCVLauncher.py'），无需启动。
[2025-10-29 21:59:01] 检测到正在运行（pattern='TrainCVLauncher.py'），无需启动。
[2025-10-29 22:00:01] 检测到正在运行（pattern='TrainCVLauncher.py'），无需启动。
[2025-10-29 22:01:01] 检测到正在运行（pattern='TrainCVLauncher.py'），无需启动。
[2025-10-29 22:02:01] 检测到正在运行（pattern='TrainCVLauncher.py'），无需启动。
[2025-10-29 22:03:01] 检测到正在运行（pattern='TrainCVLauncher.py'），无需启动。
[2025-10-29 22:04:01] 检测到正在运行（pattern='TrainCVLauncher.py'），无需启动。
[2025-10-29 22:05:01] 检测到正在运行（pattern='TrainCVLauncher.py'），无需启动。
[2025-10-29 22:06:01] 检测到正在运行（pattern='TrainCVLauncher.py'），无需启动。
[2025-10-29 22:07:01] 检测到正在运行（pattern='TrainCVLauncher.py'），无需启动。
[2025-10-29 22:08:01] 检测到正在运行（pattern='TrainCVLauncher.py'），无需启动。
[2025-10-29 22:09:02] 检测到正在运行（pattern='TrainCVLauncher.py'），无需启动。
[2025-10-29 22:10:01] 检测到正在运行（pattern='TrainCVLauncher.py'），无需启动。
[2025-10-29 22:11:01] 检测到正在运行（pattern='TrainCVLauncher.py'），无需启动。
[2025-10-29 22:12:01] 检测到正在运行（pattern='TrainCVLauncher.py'），无需启动。
[2025-10-29 22:13:01] 检测到正在运行（pattern='TrainCVLauncher.py'），无需启动。
[2025-10-29 22:14:01] 检测到正在运行（pattern='TrainCVLauncher.py'），无需启动。
[2025-10-29 22:15:02] 启动 'TrainCVLauncher.py' | CUDA_VISIBLE_DEVICES='5,6,7' | LOG='/home/yeqi3/cyr/code/LaBraM/log/20251029_2215.log'
[2025-10-29 22:15:02] 已后台运行 pid=6399，详见 /home/yeqi3/cyr/code/LaBraM/log/20251029_2215.log
[2025-10-29 22:34:48] 启动 'TrainCVLauncher.py' | CUDA_VISIBLE_DEVICES='5,6,7' | LOG='/home/yeqi3/cyr/code/LaBraM/log/20251029_2234.log'
[2025-10-29 22:34:48] 已后台运行 pid=72079，详见 /home/yeqi3/cyr/code/LaBraM/log/20251029_2234.log
[2025-10-29 22:37:09] 启动 'TrainCVLauncher.py' | CUDA_VISIBLE_DEVICES='5,6,7' | LOG='/home/yeqi3/cyr/code/LaBraM/log/20251029_2237.log'
[2025-10-29 22:37:09] 已后台运行 pid=79913，详见 /home/yeqi3/cyr/code/LaBraM/log/20251029_2237.log
[2025-10-29 22:44:01] 检测到正在运行（pattern='TrainCVLauncher.py'），无需启动。
[2025-10-29 22:45:01] 检测到正在运行（pattern='TrainCVLauncher.py'），无需启动。
[2025-10-29 22:46:01] 检测到正在运行（pattern='TrainCVLauncher.py'），无需启动。
[2025-10-29 22:47:01] 检测到正在运行（pattern='TrainCVLauncher.py'），无需启动。
[2025-10-29 22:48:02] 检测到正在运行（pattern='TrainCVLauncher.py'），无需启动。
[2025-10-29 22:49:01] 检测到正在运行（pattern='TrainCVLauncher.py'），无需启动。
[2025-10-29 22:50:01] 检测到正在运行（pattern='TrainCVLauncher.py'），无需启动。
[2025-10-29 22:51:01] 检测到正在运行（pattern='TrainCVLauncher.py'），无需启动。
[2025-10-29 22:52:01] 检测到正在运行（pattern='TrainCVLauncher.py'），无需启动。
[2025-10-29 22:53:02] 检测到正在运行（pattern='TrainCVLauncher.py'），无需启动。
[2025-10-29 22:54:01] 检测到正在运行（pattern='TrainCVLauncher.py'），无需启动。
[2025-10-29 22:55:01] 检测到正在运行（pattern='TrainCVLauncher.py'），无需启动。
[2025-10-29 22:56:01] 检测到正在运行（pattern='TrainCVLauncher.py'），无需启动。
[2025-10-29 22:57:01] 检测到正在运行（pattern='TrainCVLauncher.py'），无需启动。
[2025-10-29 22:58:01] 检测到正在运行（pattern='TrainCVLauncher.py'），无需启动。
[2025-10-29 22:59:01] 检测到正在运行（pattern='TrainCVLauncher.py'），无需启动。
[2025-10-29 23:00:01] 检测到正在运行（pattern='TrainCVLauncher.py'），无需启动。
[2025-10-29 23:01:02] 检测到正在运行（pattern='TrainCVLauncher.py'），无需启动。
[2025-10-29 23:02:01] 检测到正在运行（pattern='TrainCVLauncher.py'），无需启动。
[2025-10-29 23:03:01] 检测到正在运行（pattern='TrainCVLauncher.py'），无需启动。
[2025-10-29 23:04:01] 检测到正在运行（pattern='TrainCVLauncher.py'），无需启动。
[2025-10-29 23:05:01] 检测到正在运行（pattern='TrainCVLauncher.py'），无需启动。
[2025-10-29 23:06:01] 检测到正在运行（pattern='TrainCVLauncher.py'），无需启动。
[2025-10-29 23:07:01] 检测到正在运行（pattern='TrainCVLauncher.py'），无需启动。
[2025-10-29 23:08:01] 检测到正在运行（pattern='TrainCVLauncher.py'），无需启动。
[2025-10-29 23:09:01] 检测到正在运行（pattern='TrainCVLauncher.py'），无需启动。
[2025-10-29 23:10:01] 检测到正在运行（pattern='TrainCVLauncher.py'），无需启动。
[2025-10-29 23:11:01] 检测到正在运行（pattern='TrainCVLauncher.py'），无需启动。
[2025-10-29 23:12:01] 检测到正在运行（pattern='TrainCVLauncher.py'），无需启动。
[2025-10-29 23:13:01] 检测到正在运行（pattern='TrainCVLauncher.py'），无需启动。
[2025-10-29 23:14:02] 检测到正在运行（pattern='TrainCVLauncher.py'），无需启动。
[2025-10-29 23:15:01] 检测到正在运行（pattern='TrainCVLauncher.py'），无需启动。
[2025-10-29 23:16:01] 检测到正在运行（pattern='TrainCVLauncher.py'），无需启动。
[2025-10-29 23:17:01] 检测到正在运行（pattern='TrainCVLauncher.py'），无需启动。
[2025-10-29 23:18:01] 检测到正在运行（pattern='TrainCVLauncher.py'），无需启动。
[2025-10-29 23:19:01] 检测到正在运行（pattern='TrainCVLauncher.py'），无需启动。
[2025-10-29 23:20:01] 检测到正在运行（pattern='TrainCVLauncher.py'），无需启动。
[2025-10-29 23:21:01] 检测到正在运行（pattern='TrainCVLauncher.py'），无需启动。
[2025-10-29 23:22:01] 检测到正在运行（pattern='TrainCVLauncher.py'），无需启动。
[2025-10-29 23:23:01] 检测到正在运行（pattern='TrainCVLauncher.py'），无需启动。
[2025-10-29 23:24:01] 检测到正在运行（pattern='TrainCVLauncher.py'），无需启动。
[2025-10-29 23:25:02] 检测到正在运行（pattern='TrainCVLauncher.py'），无需启动。
[2025-10-29 23:26:01] 检测到正在运行（pattern='TrainCVLauncher.py'），无需启动。
[2025-10-29 23:27:01] 检测到正在运行（pattern='TrainCVLauncher.py'），无需启动。
[2025-10-29 23:28:01] 检测到正在运行（pattern='TrainCVLauncher.py'），无需启动。
[2025-10-29 23:29:01] 检测到正在运行（pattern='TrainCVLauncher.py'），无需启动。
[2025-10-29 23:30:01] 检测到正在运行（pattern='TrainCVLauncher.py'），无需启动。
[2025-10-29 23:31:01] 检测到正在运行（pattern='TrainCVLauncher.py'），无需启动。
[2025-10-29 23:32:01] 检测到正在运行（pattern='TrainCVLauncher.py'），无需启动。
[2025-10-29 23:33:01] 检测到正在运行（pattern='TrainCVLauncher.py'），无需启动。
[2025-10-29 23:34:01] 检测到正在运行（pattern='TrainCVLauncher.py'），无需启动。
[2025-10-29 23:35:01] 检测到正在运行（pattern='TrainCVLauncher.py'），无需启动。
[2025-10-29 23:36:01] 检测到正在运行（pattern='TrainCVLauncher.py'），无需启动。
[2025-10-29 23:37:01] 检测到正在运行（pattern='TrainCVLauncher.py'），无需启动。
[2025-10-29 23:38:01] 检测到正在运行（pattern='TrainCVLauncher.py'），无需启动。
[2025-10-29 23:39:01] 检测到正在运行（pattern='TrainCVLauncher.py'），无需启动。
[2025-10-29 23:40:01] 检测到正在运行（pattern='TrainCVLauncher.py'），无需启动。
[2025-10-29 23:41:01] 检测到正在运行（pattern='TrainCVLauncher.py'），无需启动。
[2025-10-29 23:42:01] 检测到正在运行（pattern='TrainCVLauncher.py'），无需启动。
[2025-10-29 23:43:01] 检测到正在运行（pattern='TrainCVLauncher.py'），无需启动。
[2025-10-29 23:44:01] 检测到正在运行（pattern='TrainCVLauncher.py'），无需启动。
[2025-10-29 23:45:01] 检测到正在运行（pattern='TrainCVLauncher.py'），无需启动。
[2025-10-29 23:46:02] 检测到正在运行（pattern='TrainCVLauncher.py'），无需启动。
[2025-10-29 23:47:01] 检测到正在运行（pattern='TrainCVLauncher.py'），无需启动。
[2025-10-29 23:48:01] 检测到正在运行（pattern='TrainCVLauncher.py'），无需启动。
[2025-10-29 23:49:01] 检测到正在运行（pattern='TrainCVLauncher.py'），无需启动。
[2025-10-29 23:50:01] 检测到正在运行（pattern='TrainCVLauncher.py'），无需启动。
[2025-10-29 23:51:01] 检测到正在运行（pattern='TrainCVLauncher.py'），无需启动。
[2025-10-29 23:52:01] 检测到正在运行（pattern='TrainCVLauncher.py'），无需启动。
[2025-10-29 23:53:01] 检测到正在运行（pattern='TrainCVLauncher.py'），无需启动。
[2025-10-29 23:54:01] 检测到正在运行（pattern='TrainCVLauncher.py'），无需启动。
[2025-10-29 23:55:01] 检测到正在运行（pattern='TrainCVLauncher.py'），无需启动。
[2025-10-29 23:56:01] 检测到正在运行（pattern='TrainCVLauncher.py'），无需启动。
[2025-10-29 23:57:02] 检测到正在运行（pattern='TrainCVLauncher.py'），无需启动。
[2025-10-29 23:58:01] 检测到正在运行（pattern='TrainCVLauncher.py'），无需启动。
[2025-10-29 23:59:01] 检测到正在运行（pattern='TrainCVLauncher.py'），无需启动。
[2025-10-30 00:00:01] 检测到正在运行（pattern='TrainCVLauncher.py'），无需启动。
[2025-10-30 00:01:01] 检测到正在运行（pattern='TrainCVLauncher.py'），无需启动。
[2025-10-30 00:02:01] 检测到正在运行（pattern='TrainCVLauncher.py'），无需启动。
[2025-10-30 00:03:01] 检测到正在运行（pattern='TrainCVLauncher.py'），无需启动。
[2025-10-30 00:04:01] 检测到正在运行（pattern='TrainCVLauncher.py'），无需启动。
[2025-10-30 00:05:01] 检测到正在运行（pattern='TrainCVLauncher.py'），无需启动。
[2025-10-30 00:06:01] 检测到正在运行（pattern='TrainCVLauncher.py'），无需启动。
[2025-10-30 00:07:02] 检测到正在运行（pattern='TrainCVLauncher.py'），无需启动。
[2025-10-30 00:08:01] 检测到正在运行（pattern='TrainCVLauncher.py'），无需启动。
[2025-10-30 00:09:01] 检测到正在运行（pattern='TrainCVLauncher.py'），无需启动。
[2025-10-30 00:10:01] 检测到正在运行（pattern='TrainCVLauncher.py'），无需启动。
[2025-10-30 00:11:01] 检测到正在运行（pattern='TrainCVLauncher.py'），无需启动。
[2025-10-30 00:12:01] 检测到正在运行（pattern='TrainCVLauncher.py'），无需启动。
[2025-10-30 00:13:01] 检测到正在运行（pattern='TrainCVLauncher.py'），无需启动。
[2025-10-30 00:14:01] 检测到正在运行（pattern='TrainCVLauncher.py'），无需启动。
[2025-10-30 00:15:02] 检测到正在运行（pattern='TrainCVLauncher.py'），无需启动。
[2025-10-30 00:16:01] 检测到正在运行（pattern='TrainCVLauncher.py'），无需启动。
[2025-10-30 00:17:01] 检测到正在运行（pattern='TrainCVLauncher.py'），无需启动。
[2025-10-30 00:18:01] 检测到正在运行（pattern='TrainCVLauncher.py'），无需启动。
[2025-10-30 00:19:01] 检测到正在运行（pattern='TrainCVLauncher.py'），无需启动。
[2025-10-30 00:20:01] 检测到正在运行（pattern='TrainCVLauncher.py'），无需启动。
[2025-10-30 00:21:01] 检测到正在运行（pattern='TrainCVLauncher.py'），无需启动。
[2025-10-30 00:22:01] 检测到正在运行（pattern='TrainCVLauncher.py'），无需启动。
[2025-10-30 00:23:01] 检测到正在运行（pattern='TrainCVLauncher.py'），无需启动。
[2025-10-30 00:24:01] 检测到正在运行（pattern='TrainCVLauncher.py'），无需启动。
[2025-10-30 00:25:01] 检测到正在运行（pattern='TrainCVLauncher.py'），无需启动。
[2025-10-30 00:26:01] 检测到正在运行（pattern='TrainCVLauncher.py'），无需启动。
[2025-10-30 00:27:01] 检测到正在运行（pattern='TrainCVLauncher.py'），无需启动。
[2025-10-30 00:28:02] 检测到正在运行（pattern='TrainCVLauncher.py'），无需启动。
[2025-10-30 00:29:01] 检测到正在运行（pattern='TrainCVLauncher.py'），无需启动。
[2025-10-30 00:30:01] 检测到正在运行（pattern='TrainCVLauncher.py'），无需启动。
[2025-10-30 00:31:02] 检测到正在运行（pattern='TrainCVLauncher.py'），无需启动。
[2025-10-30 00:32:01] 检测到正在运行（pattern='TrainCVLauncher.py'），无需启动。
[2025-10-30 00:33:01] 检测到正在运行（pattern='TrainCVLauncher.py'），无需启动。
[2025-10-30 00:34:01] 检测到正在运行（pattern='TrainCVLauncher.py'），无需启动。
[2025-10-30 00:35:01] 检测到正在运行（pattern='TrainCVLauncher.py'），无需启动。
[2025-10-30 00:36:01] 检测到正在运行（pattern='TrainCVLauncher.py'），无需启动。
[2025-10-30 00:37:01] 检测到正在运行（pattern='TrainCVLauncher.py'），无需启动。
[2025-10-30 00:38:01] 检测到正在运行（pattern='TrainCVLauncher.py'），无需启动。
[2025-10-30 00:39:01] 检测到正在运行（pattern='TrainCVLauncher.py'），无需启动。
[2025-10-30 00:40:01] 检测到正在运行（pattern='TrainCVLauncher.py'），无需启动。
[2025-10-30 00:41:01] 检测到正在运行（pattern='TrainCVLauncher.py'），无需启动。
[2025-10-30 00:42:01] 检测到正在运行（pattern='TrainCVLauncher.py'），无需启动。
[2025-10-30 00:43:01] 检测到正在运行（pattern='TrainCVLauncher.py'），无需启动。
[2025-10-30 00:44:01] 检测到正在运行（pattern='TrainCVLauncher.py'），无需启动。
[2025-10-30 00:45:01] 检测到正在运行（pattern='TrainCVLauncher.py'），无需启动。
[2025-10-30 00:46:01] 检测到正在运行（pattern='TrainCVLauncher.py'），无需启动。
[2025-10-30 00:47:01] 检测到正在运行（pattern='TrainCVLauncher.py'），无需启动。
[2025-10-30 00:48:01] 检测到正在运行（pattern='TrainCVLauncher.py'），无需启动。
[2025-10-30 00:49:01] 检测到正在运行（pattern='TrainCVLauncher.py'），无需启动。
[2025-10-30 00:50:02] 检测到正在运行（pattern='TrainCVLauncher.py'），无需启动。
[2025-10-30 00:51:01] 检测到正在运行（pattern='TrainCVLauncher.py'），无需启动。
[2025-10-30 00:52:01] 检测到正在运行（pattern='TrainCVLauncher.py'），无需启动。
[2025-10-30 00:53:01] 检测到正在运行（pattern='TrainCVLauncher.py'），无需启动。
[2025-10-30 00:54:01] 检测到正在运行（pattern='TrainCVLauncher.py'），无需启动。
[2025-10-30 00:55:01] 检测到正在运行（pattern='TrainCVLauncher.py'），无需启动。
[2025-10-30 00:56:01] 检测到正在运行（pattern='TrainCVLauncher.py'），无需启动。
[2025-10-30 00:57:01] 检测到正在运行（pattern='TrainCVLauncher.py'），无需启动。
[2025-10-30 00:58:02] 检测到正在运行（pattern='TrainCVLauncher.py'），无需启动。
[2025-10-30 00:59:01] 检测到正在运行（pattern='TrainCVLauncher.py'），无需启动。
[2025-10-30 01:00:01] 检测到正在运行（pattern='TrainCVLauncher.py'），无需启动。
[2025-10-30 01:01:01] 检测到正在运行（pattern='TrainCVLauncher.py'），无需启动。
[2025-10-30 01:02:01] 检测到正在运行（pattern='TrainCVLauncher.py'），无需启动。
[2025-10-30 01:03:01] 检测到正在运行（pattern='TrainCVLauncher.py'），无需启动。
[2025-10-30 01:04:01] 检测到正在运行（pattern='TrainCVLauncher.py'），无需启动。
[2025-10-30 01:05:01] 检测到正在运行（pattern='TrainCVLauncher.py'），无需启动。
[2025-10-30 01:06:01] 检测到正在运行（pattern='TrainCVLauncher.py'），无需启动。
[2025-10-30 01:07:01] 检测到正在运行（pattern='TrainCVLauncher.py'），无需启动。
[2025-10-30 01:08:01] 检测到正在运行（pattern='TrainCVLauncher.py'），无需启动。
[2025-10-30 01:09:02] 检测到正在运行（pattern='TrainCVLauncher.py'），无需启动。
[2025-10-30 01:10:01] 检测到正在运行（pattern='TrainCVLauncher.py'），无需启动。
[2025-10-30 01:11:01] 检测到正在运行（pattern='TrainCVLauncher.py'），无需启动。
[2025-10-30 01:12:01] 检测到正在运行（pattern='TrainCVLauncher.py'），无需启动。
[2025-10-30 01:13:01] 检测到正在运行（pattern='TrainCVLauncher.py'），无需启动。
[2025-10-30 01:14:02] 检测到正在运行（pattern='TrainCVLauncher.py'），无需启动。
[2025-10-30 01:15:02] 检测到正在运行（pattern='TrainCVLauncher.py'），无需启动。
[2025-10-30 01:16:01] 检测到正在运行（pattern='TrainCVLauncher.py'），无需启动。
[2025-10-30 01:17:01] 检测到正在运行（pattern='TrainCVLauncher.py'），无需启动。
[2025-10-30 01:18:01] 检测到正在运行（pattern='TrainCVLauncher.py'），无需启动。
[2025-10-30 01:19:01] 检测到正在运行（pattern='TrainCVLauncher.py'），无需启动。
[2025-10-30 01:20:01] 检测到正在运行（pattern='TrainCVLauncher.py'），无需启动。
[2025-10-30 01:21:01] 检测到正在运行（pattern='TrainCVLauncher.py'），无需启动。
[2025-10-30 01:22:01] 检测到正在运行（pattern='TrainCVLauncher.py'），无需启动。
[2025-10-30 01:23:01] 检测到正在运行（pattern='TrainCVLauncher.py'），无需启动。
[2025-10-30 01:24:01] 检测到正在运行（pattern='TrainCVLauncher.py'），无需启动。
[2025-10-30 01:25:01] 检测到正在运行（pattern='TrainCVLauncher.py'），无需启动。
[2025-10-30 01:26:01] 检测到正在运行（pattern='TrainCVLauncher.py'），无需启动。
[2025-10-30 01:27:02] 检测到正在运行（pattern='TrainCVLauncher.py'），无需启动。
[2025-10-30 01:28:01] 检测到正在运行（pattern='TrainCVLauncher.py'），无需启动。
[2025-10-30 01:29:01] 检测到正在运行（pattern='TrainCVLauncher.py'），无需启动。
[2025-10-30 01:30:01] 检测到正在运行（pattern='TrainCVLauncher.py'），无需启动。
[2025-10-30 01:31:01] 检测到正在运行（pattern='TrainCVLauncher.py'），无需启动。
[2025-10-30 01:32:01] 检测到正在运行（pattern='TrainCVLauncher.py'），无需启动。
[2025-10-30 01:33:01] 检测到正在运行（pattern='TrainCVLauncher.py'），无需启动。
[2025-10-30 01:34:01] 检测到正在运行（pattern='TrainCVLauncher.py'），无需启动。
[2025-10-30 01:35:01] 检测到正在运行（pattern='TrainCVLauncher.py'），无需启动。
[2025-10-30 01:36:01] 检测到正在运行（pattern='TrainCVLauncher.py'），无需启动。
[2025-10-30 01:37:01] 检测到正在运行（pattern='TrainCVLauncher.py'），无需启动。
[2025-10-30 01:38:02] 检测到正在运行（pattern='TrainCVLauncher.py'），无需启动。
[2025-10-30 01:39:01] 检测到正在运行（pattern='TrainCVLauncher.py'），无需启动。
[2025-10-30 01:40:01] 检测到正在运行（pattern='TrainCVLauncher.py'），无需启动。
[2025-10-30 01:41:01] 检测到正在运行（pattern='TrainCVLauncher.py'），无需启动。
[2025-10-30 01:42:01] 检测到正在运行（pattern='TrainCVLauncher.py'），无需启动。
[2025-10-30 01:43:01] 检测到正在运行（pattern='TrainCVLauncher.py'），无需启动。
[2025-10-30 01:44:01] 检测到正在运行（pattern='TrainCVLauncher.py'），无需启动。
[2025-10-30 01:45:02] 检测到正在运行（pattern='TrainCVLauncher.py'），无需启动。
[2025-10-30 01:46:01] 检测到正在运行（pattern='TrainCVLauncher.py'），无需启动。
[2025-10-30 01:47:01] 检测到正在运行（pattern='TrainCVLauncher.py'），无需启动。
[2025-10-30 01:48:01] 检测到正在运行（pattern='TrainCVLauncher.py'），无需启动。
[2025-10-30 01:49:01] 检测到正在运行（pattern='TrainCVLauncher.py'），无需启动。
[2025-10-30 01:50:01] 检测到正在运行（pattern='TrainCVLauncher.py'），无需启动。
[2025-10-30 01:51:01] 检测到正在运行（pattern='TrainCVLauncher.py'），无需启动。
[2025-10-30 01:52:01] 检测到正在运行（pattern='TrainCVLauncher.py'），无需启动。
[2025-10-30 01:53:01] 检测到正在运行（pattern='TrainCVLauncher.py'），无需启动。
[2025-10-30 01:54:02] 检测到正在运行（pattern='TrainCVLauncher.py'），无需启动。
[2025-10-30 01:55:01] 检测到正在运行（pattern='TrainCVLauncher.py'），无需启动。
[2025-10-30 01:56:01] 检测到正在运行（pattern='TrainCVLauncher.py'），无需启动。
[2025-10-30 01:57:01] 检测到正在运行（pattern='TrainCVLauncher.py'），无需启动。
[2025-10-30 01:58:01] 检测到正在运行（pattern='TrainCVLauncher.py'），无需启动。
[2025-10-30 01:59:01] 检测到正在运行（pattern='TrainCVLauncher.py'），无需启动。
[2025-10-30 02:00:01] 检测到正在运行（pattern='TrainCVLauncher.py'），无需启动。
[2025-10-30 02:01:01] 检测到正在运行（pattern='TrainCVLauncher.py'），无需启动。
[2025-10-30 02:02:01] 检测到正在运行（pattern='TrainCVLauncher.py'），无需启动。
[2025-10-30 02:03:02] 检测到正在运行（pattern='TrainCVLauncher.py'），无需启动。
[2025-10-30 02:04:01] 检测到正在运行（pattern='TrainCVLauncher.py'），无需启动。
[2025-10-30 02:05:01] 检测到正在运行（pattern='TrainCVLauncher.py'），无需启动。
[2025-10-30 02:06:01] 检测到正在运行（pattern='TrainCVLauncher.py'），无需启动。
[2025-10-30 02:07:01] 检测到正在运行（pattern='TrainCVLauncher.py'），无需启动。
[2025-10-30 02:08:01] 检测到正在运行（pattern='TrainCVLauncher.py'），无需启动。
[2025-10-30 02:09:01] 检测到正在运行（pattern='TrainCVLauncher.py'），无需启动。
[2025-10-30 02:10:01] 检测到正在运行（pattern='TrainCVLauncher.py'），无需启动。
[2025-10-30 02:11:02] 检测到正在运行（pattern='TrainCVLauncher.py'），无需启动。
[2025-10-30 02:12:01] 检测到正在运行（pattern='TrainCVLauncher.py'），无需启动。
[2025-10-30 02:13:01] 检测到正在运行（pattern='TrainCVLauncher.py'），无需启动。
[2025-10-30 02:14:01] 检测到正在运行（pattern='TrainCVLauncher.py'），无需启动。
[2025-10-30 02:15:01] 检测到正在运行（pattern='TrainCVLauncher.py'），无需启动。
[2025-10-30 02:16:01] 检测到正在运行（pattern='TrainCVLauncher.py'），无需启动。
[2025-10-30 02:17:01] 检测到正在运行（pattern='TrainCVLauncher.py'），无需启动。
[2025-10-30 02:18:01] 检测到正在运行（pattern='TrainCVLauncher.py'），无需启动。
[2025-10-30 02:19:01] 检测到正在运行（pattern='TrainCVLauncher.py'），无需启动。
[2025-10-30 02:20:01] 检测到正在运行（pattern='TrainCVLauncher.py'），无需启动。
[2025-10-30 02:21:01] 检测到正在运行（pattern='TrainCVLauncher.py'），无需启动。
[2025-10-30 02:22:01] 检测到正在运行（pattern='TrainCVLauncher.py'），无需启动。
[2025-10-30 02:23:01] 检测到正在运行（pattern='TrainCVLauncher.py'），无需启动。
[2025-10-30 02:24:01] 检测到正在运行（pattern='TrainCVLauncher.py'），无需启动。
[2025-10-30 02:25:01] 检测到正在运行（pattern='TrainCVLauncher.py'），无需启动。
[2025-10-30 02:26:01] 检测到正在运行（pattern='TrainCVLauncher.py'），无需启动。
[2025-10-30 02:27:01] 检测到正在运行（pattern='TrainCVLauncher.py'），无需启动。
[2025-10-30 02:28:01] 检测到正在运行（pattern='TrainCVLauncher.py'），无需启动。
[2025-10-30 02:29:01] 检测到正在运行（pattern='TrainCVLauncher.py'），无需启动。
[2025-10-30 02:30:01] 检测到正在运行（pattern='TrainCVLauncher.py'），无需启动。
[2025-10-30 02:31:01] 检测到正在运行（pattern='TrainCVLauncher.py'），无需启动。
[2025-10-30 02:32:01] 检测到正在运行（pattern='TrainCVLauncher.py'），无需启动。
[2025-10-30 02:33:01] 检测到正在运行（pattern='TrainCVLauncher.py'），无需启动。
[2025-10-30 02:34:01] 检测到正在运行（pattern='TrainCVLauncher.py'），无需启动。
[2025-10-30 02:35:01] 检测到正在运行（pattern='TrainCVLauncher.py'），无需启动。
[2025-10-30 02:36:02] 检测到正在运行（pattern='TrainCVLauncher.py'），无需启动。
[2025-10-30 02:37:01] 检测到正在运行（pattern='TrainCVLauncher.py'），无需启动。
[2025-10-30 02:38:01] 检测到正在运行（pattern='TrainCVLauncher.py'），无需启动。
[2025-10-30 02:39:01] 检测到正在运行（pattern='TrainCVLauncher.py'），无需启动。
[2025-10-30 02:40:01] 检测到正在运行（pattern='TrainCVLauncher.py'），无需启动。
[2025-10-30 02:41:01] 检测到正在运行（pattern='TrainCVLauncher.py'），无需启动。
[2025-10-30 02:42:01] 检测到正在运行（pattern='TrainCVLauncher.py'），无需启动。
[2025-10-30 02:43:01] 检测到正在运行（pattern='TrainCVLauncher.py'），无需启动。
[2025-10-30 02:44:01] 检测到正在运行（pattern='TrainCVLauncher.py'），无需启动。
[2025-10-30 02:45:01] 检测到正在运行（pattern='TrainCVLauncher.py'），无需启动。
[2025-10-30 02:46:02] 检测到正在运行（pattern='TrainCVLauncher.py'），无需启动。
[2025-10-30 02:47:01] 检测到正在运行（pattern='TrainCVLauncher.py'），无需启动。
[2025-10-30 02:48:01] 检测到正在运行（pattern='TrainCVLauncher.py'），无需启动。
[2025-10-30 02:49:01] 检测到正在运行（pattern='TrainCVLauncher.py'），无需启动。
[2025-10-30 02:50:01] 检测到正在运行（pattern='TrainCVLauncher.py'），无需启动。
[2025-10-30 02:51:01] 检测到正在运行（pattern='TrainCVLauncher.py'），无需启动。
[2025-10-30 02:52:01] 检测到正在运行（pattern='TrainCVLauncher.py'），无需启动。
[2025-10-30 02:53:01] 检测到正在运行（pattern='TrainCVLauncher.py'），无需启动。
[2025-10-30 02:54:01] 检测到正在运行（pattern='TrainCVLauncher.py'），无需启动。
[2025-10-30 02:55:01] 检测到正在运行（pattern='TrainCVLauncher.py'），无需启动。
[2025-10-30 02:56:01] 检测到正在运行（pattern='TrainCVLauncher.py'），无需启动。
[2025-10-30 02:57:01] 检测到正在运行（pattern='TrainCVLauncher.py'），无需启动。
[2025-10-30 02:58:01] 检测到正在运行（pattern='TrainCVLauncher.py'），无需启动。
[2025-10-30 02:59:01] 检测到正在运行（pattern='TrainCVLauncher.py'），无需启动。
[2025-10-30 03:00:02] 检测到正在运行（pattern='TrainCVLauncher.py'），无需启动。
[2025-10-30 03:01:02] 检测到正在运行（pattern='TrainCVLauncher.py'），无需启动。
[2025-10-30 03:02:01] 检测到正在运行（pattern='TrainCVLauncher.py'），无需启动。
[2025-10-30 03:03:01] 检测到正在运行（pattern='TrainCVLauncher.py'），无需启动。
[2025-10-30 03:04:01] 检测到正在运行（pattern='TrainCVLauncher.py'），无需启动。
[2025-10-30 03:05:01] 检测到正在运行（pattern='TrainCVLauncher.py'），无需启动。
[2025-10-30 03:06:01] 检测到正在运行（pattern='TrainCVLauncher.py'），无需启动。
[2025-10-30 03:07:01] 检测到正在运行（pattern='TrainCVLauncher.py'），无需启动。
[2025-10-30 03:08:01] 检测到正在运行（pattern='TrainCVLauncher.py'），无需启动。
[2025-10-30 03:09:01] 检测到正在运行（pattern='TrainCVLauncher.py'），无需启动。
[2025-10-30 03:10:01] 检测到正在运行（pattern='TrainCVLauncher.py'），无需启动。
[2025-10-30 03:11:01] 检测到正在运行（pattern='TrainCVLauncher.py'），无需启动。
[2025-10-30 03:12:02] 检测到正在运行（pattern='TrainCVLauncher.py'），无需启动。
[2025-10-30 03:13:01] 检测到正在运行（pattern='TrainCVLauncher.py'），无需启动。
[2025-10-30 03:14:01] 检测到正在运行（pattern='TrainCVLauncher.py'），无需启动。
[2025-10-30 03:15:01] 检测到正在运行（pattern='TrainCVLauncher.py'），无需启动。
[2025-10-30 03:16:01] 检测到正在运行（pattern='TrainCVLauncher.py'），无需启动。
[2025-10-30 03:17:01] 检测到正在运行（pattern='TrainCVLauncher.py'），无需启动。
[2025-10-30 03:18:01] 检测到正在运行（pattern='TrainCVLauncher.py'），无需启动。
[2025-10-30 03:19:01] 检测到正在运行（pattern='TrainCVLauncher.py'），无需启动。
[2025-10-30 03:20:01] 检测到正在运行（pattern='TrainCVLauncher.py'），无需启动。
[2025-10-30 03:21:01] 检测到正在运行（pattern='TrainCVLauncher.py'），无需启动。
[2025-10-30 03:22:01] 检测到正在运行（pattern='TrainCVLauncher.py'），无需启动。
[2025-10-30 03:23:01] 检测到正在运行（pattern='TrainCVLauncher.py'），无需启动。
[2025-10-30 03:24:02] 检测到正在运行（pattern='TrainCVLauncher.py'），无需启动。
[2025-10-30 03:25:01] 检测到正在运行（pattern='TrainCVLauncher.py'），无需启动。
[2025-10-30 03:26:01] 检测到正在运行（pattern='TrainCVLauncher.py'），无需启动。
[2025-10-30 03:27:01] 检测到正在运行（pattern='TrainCVLauncher.py'），无需启动。
[2025-10-30 03:28:01] 检测到正在运行（pattern='TrainCVLauncher.py'），无需启动。
[2025-10-30 03:29:01] 检测到正在运行（pattern='TrainCVLauncher.py'），无需启动。
[2025-10-30 03:30:01] 检测到正在运行（pattern='TrainCVLauncher.py'），无需启动。
[2025-10-30 03:31:01] 检测到正在运行（pattern='TrainCVLauncher.py'），无需启动。
[2025-10-30 03:32:01] 检测到正在运行（pattern='TrainCVLauncher.py'），无需启动。
[2025-10-30 03:33:01] 检测到正在运行（pattern='TrainCVLauncher.py'），无需启动。
[2025-10-30 03:34:01] 检测到正在运行（pattern='TrainCVLauncher.py'），无需启动。
[2025-10-30 03:35:01] 检测到正在运行（pattern='TrainCVLauncher.py'），无需启动。
[2025-10-30 03:36:01] 检测到正在运行（pattern='TrainCVLauncher.py'），无需启动。
[2025-10-30 03:37:01] 检测到正在运行（pattern='TrainCVLauncher.py'），无需启动。
[2025-10-30 03:38:01] 检测到正在运行（pattern='TrainCVLauncher.py'），无需启动。
[2025-10-30 03:39:01] 检测到正在运行（pattern='TrainCVLauncher.py'），无需启动。
[2025-10-30 03:40:01] 检测到正在运行（pattern='TrainCVLauncher.py'），无需启动。
[2025-10-30 03:41:01] 检测到正在运行（pattern='TrainCVLauncher.py'），无需启动。
[2025-10-30 03:42:01] 检测到正在运行（pattern='TrainCVLauncher.py'），无需启动。
[2025-10-30 03:43:01] 检测到正在运行（pattern='TrainCVLauncher.py'），无需启动。
[2025-10-30 03:44:01] 检测到正在运行（pattern='TrainCVLauncher.py'），无需启动。
[2025-10-30 03:45:01] 检测到正在运行（pattern='TrainCVLauncher.py'），无需启动。
[2025-10-30 03:46:01] 检测到正在运行（pattern='TrainCVLauncher.py'），无需启动。
[2025-10-30 03:47:01] 检测到正在运行（pattern='TrainCVLauncher.py'），无需启动。
[2025-10-30 03:48:02] 检测到正在运行（pattern='TrainCVLauncher.py'），无需启动。
[2025-10-30 03:49:01] 检测到正在运行（pattern='TrainCVLauncher.py'），无需启动。
[2025-10-30 03:50:01] 检测到正在运行（pattern='TrainCVLauncher.py'），无需启动。
[2025-10-30 03:51:01] 检测到正在运行（pattern='TrainCVLauncher.py'），无需启动。
[2025-10-30 03:52:01] 检测到正在运行（pattern='TrainCVLauncher.py'），无需启动。
[2025-10-30 03:53:01] 检测到正在运行（pattern='TrainCVLauncher.py'），无需启动。
[2025-10-30 03:54:01] 检测到正在运行（pattern='TrainCVLauncher.py'），无需启动。
[2025-10-30 03:55:01] 检测到正在运行（pattern='TrainCVLauncher.py'），无需启动。
[2025-10-30 03:56:01] 检测到正在运行（pattern='TrainCVLauncher.py'），无需启动。
[2025-10-30 03:57:01] 检测到正在运行（pattern='TrainCVLauncher.py'），无需启动。
[2025-10-30 03:58:01] 检测到正在运行（pattern='TrainCVLauncher.py'），无需启动。
[2025-10-30 03:59:02] 检测到正在运行（pattern='TrainCVLauncher.py'），无需启动。
[2025-10-30 04:00:01] 检测到正在运行（pattern='TrainCVLauncher.py'），无需启动。
[2025-10-30 04:01:01] 检测到正在运行（pattern='TrainCVLauncher.py'），无需启动。
[2025-10-30 04:02:01] 检测到正在运行（pattern='TrainCVLauncher.py'），无需启动。
[2025-10-30 04:03:01] 检测到正在运行（pattern='TrainCVLauncher.py'），无需启动。
[2025-10-30 04:04:01] 检测到正在运行（pattern='TrainCVLauncher.py'），无需启动。
[2025-10-30 04:05:01] 检测到正在运行（pattern='TrainCVLauncher.py'），无需启动。
[2025-10-30 04:06:01] 检测到正在运行（pattern='TrainCVLauncher.py'），无需启动。
[2025-10-30 04:07:01] 检测到正在运行（pattern='TrainCVLauncher.py'），无需启动。
[2025-10-30 04:08:01] 检测到正在运行（pattern='TrainCVLauncher.py'），无需启动。
[2025-10-30 04:09:01] 检测到正在运行（pattern='TrainCVLauncher.py'），无需启动。
[2025-10-30 04:10:01] 检测到正在运行（pattern='TrainCVLauncher.py'），无需启动。
[2025-10-30 04:11:01] 检测到正在运行（pattern='TrainCVLauncher.py'），无需启动。
[2025-10-30 04:12:01] 检测到正在运行（pattern='TrainCVLauncher.py'），无需启动。
[2025-10-30 04:13:01] 检测到正在运行（pattern='TrainCVLauncher.py'），无需启动。
[2025-10-30 04:14:01] 检测到正在运行（pattern='TrainCVLauncher.py'），无需启动。
[2025-10-30 04:15:01] 检测到正在运行（pattern='TrainCVLauncher.py'），无需启动。
[2025-10-30 04:16:01] 检测到正在运行（pattern='TrainCVLauncher.py'），无需启动。
[2025-10-30 04:17:02] 检测到正在运行（pattern='TrainCVLauncher.py'），无需启动。
[2025-10-30 04:18:01] 检测到正在运行（pattern='TrainCVLauncher.py'），无需启动。
[2025-10-30 04:19:01] 检测到正在运行（pattern='TrainCVLauncher.py'），无需启动。
[2025-10-30 04:20:01] 检测到正在运行（pattern='TrainCVLauncher.py'），无需启动。
[2025-10-30 04:21:01] 检测到正在运行（pattern='TrainCVLauncher.py'），无需启动。
[2025-10-30 04:22:01] 检测到正在运行（pattern='TrainCVLauncher.py'），无需启动。
[2025-10-30 04:23:01] 检测到正在运行（pattern='TrainCVLauncher.py'），无需启动。
[2025-10-30 04:24:01] 检测到正在运行（pattern='TrainCVLauncher.py'），无需启动。
[2025-10-30 04:25:01] 检测到正在运行（pattern='TrainCVLauncher.py'），无需启动。
[2025-10-30 04:26:01] 检测到正在运行（pattern='TrainCVLauncher.py'），无需启动。
[2025-10-30 04:27:02] 检测到正在运行（pattern='TrainCVLauncher.py'），无需启动。
[2025-10-30 04:28:01] 检测到正在运行（pattern='TrainCVLauncher.py'），无需启动。
[2025-10-30 04:29:01] 检测到正在运行（pattern='TrainCVLauncher.py'），无需启动。
[2025-10-30 04:30:01] 检测到正在运行（pattern='TrainCVLauncher.py'），无需启动。
[2025-10-30 04:31:01] 检测到正在运行（pattern='TrainCVLauncher.py'），无需启动。
[2025-10-30 04:32:01] 检测到正在运行（pattern='TrainCVLauncher.py'），无需启动。
[2025-10-30 04:33:01] 检测到正在运行（pattern='TrainCVLauncher.py'），无需启动。
[2025-10-30 04:34:01] 检测到正在运行（pattern='TrainCVLauncher.py'），无需启动。
[2025-10-30 04:35:01] 检测到正在运行（pattern='TrainCVLauncher.py'），无需启动。
[2025-10-30 04:36:01] 检测到正在运行（pattern='TrainCVLauncher.py'），无需启动。
[2025-10-30 04:37:01] 检测到正在运行（pattern='TrainCVLauncher.py'），无需启动。
[2025-10-30 04:38:01] 检测到正在运行（pattern='TrainCVLauncher.py'），无需启动。
[2025-10-30 04:39:01] 检测到正在运行（pattern='TrainCVLauncher.py'），无需启动。
[2025-10-30 04:40:01] 检测到正在运行（pattern='TrainCVLauncher.py'），无需启动。
[2025-10-30 04:41:01] 检测到正在运行（pattern='TrainCVLauncher.py'），无需启动。
[2025-10-30 04:42:01] 检测到正在运行（pattern='TrainCVLauncher.py'），无需启动。
[2025-10-30 04:43:01] 检测到正在运行（pattern='TrainCVLauncher.py'），无需启动。
[2025-10-30 04:44:01] 检测到正在运行（pattern='TrainCVLauncher.py'），无需启动。
[2025-10-30 04:45:01] 检测到正在运行（pattern='TrainCVLauncher.py'），无需启动。
[2025-10-30 04:46:01] 检测到正在运行（pattern='TrainCVLauncher.py'），无需启动。
[2025-10-30 04:47:01] 检测到正在运行（pattern='TrainCVLauncher.py'），无需启动。
[2025-10-30 04:48:01] 检测到正在运行（pattern='TrainCVLauncher.py'），无需启动。
[2025-10-30 04:49:01] 检测到正在运行（pattern='TrainCVLauncher.py'），无需启动。
[2025-10-30 04:50:01] 检测到正在运行（pattern='TrainCVLauncher.py'），无需启动。
[2025-10-30 04:51:01] 检测到正在运行（pattern='TrainCVLauncher.py'），无需启动。
[2025-10-30 04:52:01] 检测到正在运行（pattern='TrainCVLauncher.py'），无需启动。
[2025-10-30 04:53:01] 检测到正在运行（pattern='TrainCVLauncher.py'），无需启动。
[2025-10-30 04:54:01] 检测到正在运行（pattern='TrainCVLauncher.py'），无需启动。
[2025-10-30 04:55:01] 检测到正在运行（pattern='TrainCVLauncher.py'），无需启动。
[2025-10-30 04:56:01] 检测到正在运行（pattern='TrainCVLauncher.py'），无需启动。
[2025-10-30 04:57:01] 检测到正在运行（pattern='TrainCVLauncher.py'），无需启动。
[2025-10-30 04:58:01] 检测到正在运行（pattern='TrainCVLauncher.py'），无需启动。
[2025-10-30 04:59:02] 检测到正在运行（pattern='TrainCVLauncher.py'），无需启动。
[2025-10-30 05:00:01] 检测到正在运行（pattern='TrainCVLauncher.py'），无需启动。
[2025-10-30 05:01:01] 检测到正在运行（pattern='TrainCVLauncher.py'），无需启动。
[2025-10-30 05:02:02] 检测到正在运行（pattern='TrainCVLauncher.py'），无需启动。
[2025-10-30 05:03:01] 检测到正在运行（pattern='TrainCVLauncher.py'），无需启动。
[2025-10-30 05:04:01] 启动 'TrainCVLauncher.py' | CUDA_VISIBLE_DEVICES='5,6,7' | LOG='/home/yeqi3/cyr/code/LaBraM/log/20251030_0504.log'
[2025-10-30 05:04:01] 已后台运行 pid=3390288，详见 /home/yeqi3/cyr/code/LaBraM/log/20251030_0504.log
[2025-10-30 05:05:01] 启动 'TrainCVLauncher.py' | CUDA_VISIBLE_DEVICES='5,6,7' | LOG='/home/yeqi3/cyr/code/LaBraM/log/20251030_0505.log'
[2025-10-30 05:05:01] 已后台运行 pid=3393524，详见 /home/yeqi3/cyr/code/LaBraM/log/20251030_0505.log
[2025-10-30 05:06:02] 启动 'TrainCVLauncher.py' | CUDA_VISIBLE_DEVICES='5,6,7' | LOG='/home/yeqi3/cyr/code/LaBraM/log/20251030_0506.log'
[2025-10-30 05:06:02] 已后台运行 pid=3396740，详见 /home/yeqi3/cyr/code/LaBraM/log/20251030_0506.log
[2025-10-30 05:07:01] 启动 'TrainCVLauncher.py' | CUDA_VISIBLE_DEVICES='5,6,7' | LOG='/home/yeqi3/cyr/code/LaBraM/log/20251030_0507.log'
[2025-10-30 05:07:01] 已后台运行 pid=3399948，详见 /home/yeqi3/cyr/code/LaBraM/log/20251030_0507.log
[2025-10-30 05:08:02] 启动 'TrainCVLauncher.py' | CUDA_VISIBLE_DEVICES='5,6,7' | LOG='/home/yeqi3/cyr/code/LaBraM/log/20251030_0508.log'
[2025-10-30 05:08:02] 已后台运行 pid=3403166，详见 /home/yeqi3/cyr/code/LaBraM/log/20251030_0508.log
[2025-10-30 05:09:01] 启动 'TrainCVLauncher.py' | CUDA_VISIBLE_DEVICES='5,6,7' | LOG='/home/yeqi3/cyr/code/LaBraM/log/20251030_0509.log'
[2025-10-30 05:09:01] 已后台运行 pid=3406531，详见 /home/yeqi3/cyr/code/LaBraM/log/20251030_0509.log
[2025-10-30 05:10:01] 启动 'TrainCVLauncher.py' | CUDA_VISIBLE_DEVICES='5,6,7' | LOG='/home/yeqi3/cyr/code/LaBraM/log/20251030_0510.log'
[2025-10-30 05:10:01] 已后台运行 pid=3409791，详见 /home/yeqi3/cyr/code/LaBraM/log/20251030_0510.log
[2025-10-30 05:11:01] 启动 'TrainCVLauncher.py' | CUDA_VISIBLE_DEVICES='5,6,7' | LOG='/home/yeqi3/cyr/code/LaBraM/log/20251030_0511.log'
[2025-10-30 05:11:01] 已后台运行 pid=3413263，详见 /home/yeqi3/cyr/code/LaBraM/log/20251030_0511.log
[2025-10-30 05:12:02] 启动 'TrainCVLauncher.py' | CUDA_VISIBLE_DEVICES='5,6,7' | LOG='/home/yeqi3/cyr/code/LaBraM/log/20251030_0512.log'
[2025-10-30 05:12:02] 已后台运行 pid=3416444，详见 /home/yeqi3/cyr/code/LaBraM/log/20251030_0512.log
[2025-10-30 05:13:01] 启动 'TrainCVLauncher.py' | CUDA_VISIBLE_DEVICES='5,6,7' | LOG='/home/yeqi3/cyr/code/LaBraM/log/20251030_0513.log'
[2025-10-30 05:13:01] 已后台运行 pid=3419638，详见 /home/yeqi3/cyr/code/LaBraM/log/20251030_0513.log
[2025-10-30 05:14:02] 启动 'TrainCVLauncher.py' | CUDA_VISIBLE_DEVICES='5,6,7' | LOG='/home/yeqi3/cyr/code/LaBraM/log/20251030_0514.log'
[2025-10-30 05:14:02] 已后台运行 pid=3422968，详见 /home/yeqi3/cyr/code/LaBraM/log/20251030_0514.log
[2025-10-30 05:15:01] 启动 'TrainCVLauncher.py' | CUDA_VISIBLE_DEVICES='5,6,7' | LOG='/home/yeqi3/cyr/code/LaBraM/log/20251030_0515.log'
[2025-10-30 05:15:01] 已后台运行 pid=3426189，详见 /home/yeqi3/cyr/code/LaBraM/log/20251030_0515.log
[2025-10-30 05:16:01] 启动 'TrainCVLauncher.py' | CUDA_VISIBLE_DEVICES='5,6,7' | LOG='/home/yeqi3/cyr/code/LaBraM/log/20251030_0516.log'
[2025-10-30 05:16:01] 已后台运行 pid=3429422，详见 /home/yeqi3/cyr/code/LaBraM/log/20251030_0516.log
[2025-10-30 05:17:02] 启动 'TrainCVLauncher.py' | CUDA_VISIBLE_DEVICES='5,6,7' | LOG='/home/yeqi3/cyr/code/LaBraM/log/20251030_0517.log'
[2025-10-30 05:17:02] 已后台运行 pid=3432633，详见 /home/yeqi3/cyr/code/LaBraM/log/20251030_0517.log
[2025-10-30 05:18:01] 启动 'TrainCVLauncher.py' | CUDA_VISIBLE_DEVICES='5,6,7' | LOG='/home/yeqi3/cyr/code/LaBraM/log/20251030_0518.log'
[2025-10-30 05:18:01] 已后台运行 pid=3435818，详见 /home/yeqi3/cyr/code/LaBraM/log/20251030_0518.log
[2025-10-30 05:19:02] 启动 'TrainCVLauncher.py' | CUDA_VISIBLE_DEVICES='5,6,7' | LOG='/home/yeqi3/cyr/code/LaBraM/log/20251030_0519.log'
[2025-10-30 05:19:02] 已后台运行 pid=3439154，详见 /home/yeqi3/cyr/code/LaBraM/log/20251030_0519.log
[2025-10-30 05:20:01] 启动 'TrainCVLauncher.py' | CUDA_VISIBLE_DEVICES='5,6,7' | LOG='/home/yeqi3/cyr/code/LaBraM/log/20251030_0520.log'
[2025-10-30 05:20:01] 已后台运行 pid=3442413，详见 /home/yeqi3/cyr/code/LaBraM/log/20251030_0520.log
[2025-10-30 05:21:01] 启动 'TrainCVLauncher.py' | CUDA_VISIBLE_DEVICES='5,6,7' | LOG='/home/yeqi3/cyr/code/LaBraM/log/20251030_0521.log'
[2025-10-30 05:21:01] 已后台运行 pid=3445766，详见 /home/yeqi3/cyr/code/LaBraM/log/20251030_0521.log
[2025-10-30 05:22:02] 启动 'TrainCVLauncher.py' | CUDA_VISIBLE_DEVICES='5,6,7' | LOG='/home/yeqi3/cyr/code/LaBraM/log/20251030_0522.log'
[2025-10-30 05:22:02] 已后台运行 pid=3449012，详见 /home/yeqi3/cyr/code/LaBraM/log/20251030_0522.log
[2025-10-30 05:23:01] 启动 'TrainCVLauncher.py' | CUDA_VISIBLE_DEVICES='5,6,7' | LOG='/home/yeqi3/cyr/code/LaBraM/log/20251030_0523.log'
[2025-10-30 05:23:01] 已后台运行 pid=3452206，详见 /home/yeqi3/cyr/code/LaBraM/log/20251030_0523.log
[2025-10-30 05:24:02] 启动 'TrainCVLauncher.py' | CUDA_VISIBLE_DEVICES='5,6,7' | LOG='/home/yeqi3/cyr/code/LaBraM/log/20251030_0524.log'
[2025-10-30 05:24:02] 已后台运行 pid=3455541，详见 /home/yeqi3/cyr/code/LaBraM/log/20251030_0524.log
[2025-10-30 05:25:01] 启动 'TrainCVLauncher.py' | CUDA_VISIBLE_DEVICES='5,6,7' | LOG='/home/yeqi3/cyr/code/LaBraM/log/20251030_0525.log'
[2025-10-30 05:25:01] 已后台运行 pid=3458723，详见 /home/yeqi3/cyr/code/LaBraM/log/20251030_0525.log
[2025-10-30 05:26:01] 启动 'TrainCVLauncher.py' | CUDA_VISIBLE_DEVICES='5,6,7' | LOG='/home/yeqi3/cyr/code/LaBraM/log/20251030_0526.log'
[2025-10-30 05:26:01] 已后台运行 pid=3462119，详见 /home/yeqi3/cyr/code/LaBraM/log/20251030_0526.log
[2025-10-30 05:27:02] 启动 'TrainCVLauncher.py' | CUDA_VISIBLE_DEVICES='5,6,7' | LOG='/home/yeqi3/cyr/code/LaBraM/log/20251030_0527.log'
[2025-10-30 05:27:02] 已后台运行 pid=3465367，详见 /home/yeqi3/cyr/code/LaBraM/log/20251030_0527.log
[2025-10-30 05:28:01] 启动 'TrainCVLauncher.py' | CUDA_VISIBLE_DEVICES='5,6,7' | LOG='/home/yeqi3/cyr/code/LaBraM/log/20251030_0528.log'
[2025-10-30 05:28:01] 已后台运行 pid=3468519，详见 /home/yeqi3/cyr/code/LaBraM/log/20251030_0528.log
[2025-10-30 05:29:02] 启动 'TrainCVLauncher.py' | CUDA_VISIBLE_DEVICES='5,6,7' | LOG='/home/yeqi3/cyr/code/LaBraM/log/20251030_0529.log'
[2025-10-30 05:29:02] 已后台运行 pid=3471803，详见 /home/yeqi3/cyr/code/LaBraM/log/20251030_0529.log
[2025-10-30 05:30:01] 启动 'TrainCVLauncher.py' | CUDA_VISIBLE_DEVICES='5,6,7' | LOG='/home/yeqi3/cyr/code/LaBraM/log/20251030_0530.log'
[2025-10-30 05:30:01] 已后台运行 pid=3475079，详见 /home/yeqi3/cyr/code/LaBraM/log/20251030_0530.log
[2025-10-30 05:31:01] 启动 'TrainCVLauncher.py' | CUDA_VISIBLE_DEVICES='5,6,7' | LOG='/home/yeqi3/cyr/code/LaBraM/log/20251030_0531.log'
[2025-10-30 05:31:01] 已后台运行 pid=3478405，详见 /home/yeqi3/cyr/code/LaBraM/log/20251030_0531.log
[2025-10-30 05:32:02] 启动 'TrainCVLauncher.py' | CUDA_VISIBLE_DEVICES='5,6,7' | LOG='/home/yeqi3/cyr/code/LaBraM/log/20251030_0532.log'
[2025-10-30 05:32:02] 已后台运行 pid=3481620，详见 /home/yeqi3/cyr/code/LaBraM/log/20251030_0532.log
[2025-10-30 05:33:01] 启动 'TrainCVLauncher.py' | CUDA_VISIBLE_DEVICES='5,6,7' | LOG='/home/yeqi3/cyr/code/LaBraM/log/20251030_0533.log'
[2025-10-30 05:33:01] 已后台运行 pid=3484820，详见 /home/yeqi3/cyr/code/LaBraM/log/20251030_0533.log
[2025-10-30 05:34:01] 启动 'TrainCVLauncher.py' | CUDA_VISIBLE_DEVICES='5,6,7' | LOG='/home/yeqi3/cyr/code/LaBraM/log/20251030_0534.log'
[2025-10-30 05:34:01] 已后台运行 pid=3488118，详见 /home/yeqi3/cyr/code/LaBraM/log/20251030_0534.log
[2025-10-30 05:35:02] 启动 'TrainCVLauncher.py' | CUDA_VISIBLE_DEVICES='5,6,7' | LOG='/home/yeqi3/cyr/code/LaBraM/log/20251030_0535.log'
[2025-10-30 05:35:02] 已后台运行 pid=3491278，详见 /home/yeqi3/cyr/code/LaBraM/log/20251030_0535.log
[2025-10-30 05:36:01] 启动 'TrainCVLauncher.py' | CUDA_VISIBLE_DEVICES='5,6,7' | LOG='/home/yeqi3/cyr/code/LaBraM/log/20251030_0536.log'
[2025-10-30 05:36:01] 已后台运行 pid=3494457，详见 /home/yeqi3/cyr/code/LaBraM/log/20251030_0536.log
[2025-10-30 05:37:02] 启动 'TrainCVLauncher.py' | CUDA_VISIBLE_DEVICES='5,6,7' | LOG='/home/yeqi3/cyr/code/LaBraM/log/20251030_0537.log'
[2025-10-30 05:37:02] 已后台运行 pid=3497667，详见 /home/yeqi3/cyr/code/LaBraM/log/20251030_0537.log
[2025-10-30 05:38:01] 启动 'TrainCVLauncher.py' | CUDA_VISIBLE_DEVICES='5,6,7' | LOG='/home/yeqi3/cyr/code/LaBraM/log/20251030_0538.log'
[2025-10-30 05:38:01] 已后台运行 pid=3500886，详见 /home/yeqi3/cyr/code/LaBraM/log/20251030_0538.log
[2025-10-30 05:39:01] 启动 'TrainCVLauncher.py' | CUDA_VISIBLE_DEVICES='5,6,7' | LOG='/home/yeqi3/cyr/code/LaBraM/log/20251030_0539.log'
[2025-10-30 05:39:01] 已后台运行 pid=3504375，详见 /home/yeqi3/cyr/code/LaBraM/log/20251030_0539.log
[2025-10-30 05:40:02] 启动 'TrainCVLauncher.py' | CUDA_VISIBLE_DEVICES='5,6,7' | LOG='/home/yeqi3/cyr/code/LaBraM/log/20251030_0540.log'
[2025-10-30 05:40:02] 已后台运行 pid=3507641，详见 /home/yeqi3/cyr/code/LaBraM/log/20251030_0540.log
[2025-10-30 05:41:01] 启动 'TrainCVLauncher.py' | CUDA_VISIBLE_DEVICES='5,6,7' | LOG='/home/yeqi3/cyr/code/LaBraM/log/20251030_0541.log'
[2025-10-30 05:41:01] 已后台运行 pid=3510910，详见 /home/yeqi3/cyr/code/LaBraM/log/20251030_0541.log
[2025-10-30 05:42:01] 启动 'TrainCVLauncher.py' | CUDA_VISIBLE_DEVICES='5,6,7' | LOG='/home/yeqi3/cyr/code/LaBraM/log/20251030_0542.log'
[2025-10-30 05:42:01] 已后台运行 pid=3514117，详见 /home/yeqi3/cyr/code/LaBraM/log/20251030_0542.log
[2025-10-30 05:43:02] 启动 'TrainCVLauncher.py' | CUDA_VISIBLE_DEVICES='5,6,7' | LOG='/home/yeqi3/cyr/code/LaBraM/log/20251030_0543.log'
[2025-10-30 05:43:02] 已后台运行 pid=3517314，详见 /home/yeqi3/cyr/code/LaBraM/log/20251030_0543.log
[2025-10-30 05:44:01] 启动 'TrainCVLauncher.py' | CUDA_VISIBLE_DEVICES='5,6,7' | LOG='/home/yeqi3/cyr/code/LaBraM/log/20251030_0544.log'
[2025-10-30 05:44:01] 已后台运行 pid=3520569，详见 /home/yeqi3/cyr/code/LaBraM/log/20251030_0544.log
[2025-10-30 05:45:01] 启动 'TrainCVLauncher.py' | CUDA_VISIBLE_DEVICES='5,6,7' | LOG='/home/yeqi3/cyr/code/LaBraM/log/20251030_0545.log'
[2025-10-30 05:45:01] 已后台运行 pid=3523761，详见 /home/yeqi3/cyr/code/LaBraM/log/20251030_0545.log
[2025-10-30 05:46:02] 启动 'TrainCVLauncher.py' | CUDA_VISIBLE_DEVICES='5,6,7' | LOG='/home/yeqi3/cyr/code/LaBraM/log/20251030_0546.log'
[2025-10-30 05:46:02] 已后台运行 pid=3526968，详见 /home/yeqi3/cyr/code/LaBraM/log/20251030_0546.log
[2025-10-30 05:47:01] 启动 'TrainCVLauncher.py' | CUDA_VISIBLE_DEVICES='5,6,7' | LOG='/home/yeqi3/cyr/code/LaBraM/log/20251030_0547.log'
[2025-10-30 05:47:01] 已后台运行 pid=3530153，详见 /home/yeqi3/cyr/code/LaBraM/log/20251030_0547.log
[2025-10-30 05:48:02] 启动 'TrainCVLauncher.py' | CUDA_VISIBLE_DEVICES='5,6,7' | LOG='/home/yeqi3/cyr/code/LaBraM/log/20251030_0548.log'
[2025-10-30 05:48:02] 已后台运行 pid=3533343，详见 /home/yeqi3/cyr/code/LaBraM/log/20251030_0548.log
[2025-10-30 05:49:01] 启动 'TrainCVLauncher.py' | CUDA_VISIBLE_DEVICES='5,6,7' | LOG='/home/yeqi3/cyr/code/LaBraM/log/20251030_0549.log'
[2025-10-30 05:49:01] 已后台运行 pid=3536643，详见 /home/yeqi3/cyr/code/LaBraM/log/20251030_0549.log
[2025-10-30 05:50:01] 启动 'TrainCVLauncher.py' | CUDA_VISIBLE_DEVICES='5,6,7' | LOG='/home/yeqi3/cyr/code/LaBraM/log/20251030_0550.log'
[2025-10-30 05:50:01] 已后台运行 pid=3539900，详见 /home/yeqi3/cyr/code/LaBraM/log/20251030_0550.log
[2025-10-30 05:51:02] 启动 'TrainCVLauncher.py' | CUDA_VISIBLE_DEVICES='5,6,7' | LOG='/home/yeqi3/cyr/code/LaBraM/log/20251030_0551.log'
[2025-10-30 05:51:02] 已后台运行 pid=3543340，详见 /home/yeqi3/cyr/code/LaBraM/log/20251030_0551.log
[2025-10-30 05:52:01] 启动 'TrainCVLauncher.py' | CUDA_VISIBLE_DEVICES='5,6,7' | LOG='/home/yeqi3/cyr/code/LaBraM/log/20251030_0552.log'
[2025-10-30 05:52:01] 已后台运行 pid=3546458，详见 /home/yeqi3/cyr/code/LaBraM/log/20251030_0552.log
[2025-10-30 05:53:02] 启动 'TrainCVLauncher.py' | CUDA_VISIBLE_DEVICES='5,6,7' | LOG='/home/yeqi3/cyr/code/LaBraM/log/20251030_0553.log'
[2025-10-30 05:53:02] 已后台运行 pid=3549667，详见 /home/yeqi3/cyr/code/LaBraM/log/20251030_0553.log
[2025-10-30 05:54:01] 启动 'TrainCVLauncher.py' | CUDA_VISIBLE_DEVICES='5,6,7' | LOG='/home/yeqi3/cyr/code/LaBraM/log/20251030_0554.log'
[2025-10-30 05:54:01] 已后台运行 pid=3552918，详见 /home/yeqi3/cyr/code/LaBraM/log/20251030_0554.log
[2025-10-30 05:55:01] 启动 'TrainCVLauncher.py' | CUDA_VISIBLE_DEVICES='5,6,7' | LOG='/home/yeqi3/cyr/code/LaBraM/log/20251030_0555.log'
[2025-10-30 05:55:01] 已后台运行 pid=3556125，详见 /home/yeqi3/cyr/code/LaBraM/log/20251030_0555.log
[2025-10-30 05:56:02] 启动 'TrainCVLauncher.py' | CUDA_VISIBLE_DEVICES='5,6,7' | LOG='/home/yeqi3/cyr/code/LaBraM/log/20251030_0556.log'
[2025-10-30 05:56:02] 已后台运行 pid=3559297，详见 /home/yeqi3/cyr/code/LaBraM/log/20251030_0556.log
[2025-10-30 05:57:01] 启动 'TrainCVLauncher.py' | CUDA_VISIBLE_DEVICES='5,6,7' | LOG='/home/yeqi3/cyr/code/LaBraM/log/20251030_0557.log'
[2025-10-30 05:57:01] 已后台运行 pid=3562471，详见 /home/yeqi3/cyr/code/LaBraM/log/20251030_0557.log
[2025-10-30 05:58:01] 启动 'TrainCVLauncher.py' | CUDA_VISIBLE_DEVICES='5,6,7' | LOG='/home/yeqi3/cyr/code/LaBraM/log/20251030_0558.log'
[2025-10-30 05:58:01] 已后台运行 pid=3565661，详见 /home/yeqi3/cyr/code/LaBraM/log/20251030_0558.log
[2025-10-30 05:59:02] 启动 'TrainCVLauncher.py' | CUDA_VISIBLE_DEVICES='5,6,7' | LOG='/home/yeqi3/cyr/code/LaBraM/log/20251030_0559.log'
[2025-10-30 05:59:02] 已后台运行 pid=3568958，详见 /home/yeqi3/cyr/code/LaBraM/log/20251030_0559.log
[2025-10-30 06:00:01] 启动 'TrainCVLauncher.py' | CUDA_VISIBLE_DEVICES='5,6,7' | LOG='/home/yeqi3/cyr/code/LaBraM/log/20251030_0600.log'
[2025-10-30 06:00:01] 已后台运行 pid=3572174，详见 /home/yeqi3/cyr/code/LaBraM/log/20251030_0600.log
[2025-10-30 06:01:01] 启动 'TrainCVLauncher.py' | CUDA_VISIBLE_DEVICES='5,6,7' | LOG='/home/yeqi3/cyr/code/LaBraM/log/20251030_0601.log'
[2025-10-30 06:01:01] 已后台运行 pid=3575467，详见 /home/yeqi3/cyr/code/LaBraM/log/20251030_0601.log
[2025-10-30 06:02:02] 启动 'TrainCVLauncher.py' | CUDA_VISIBLE_DEVICES='5,6,7' | LOG='/home/yeqi3/cyr/code/LaBraM/log/20251030_0602.log'
[2025-10-30 06:02:02] 已后台运行 pid=3578656，详见 /home/yeqi3/cyr/code/LaBraM/log/20251030_0602.log
[2025-10-30 06:03:01] 启动 'TrainCVLauncher.py' | CUDA_VISIBLE_DEVICES='5,6,7' | LOG='/home/yeqi3/cyr/code/LaBraM/log/20251030_0603.log'
[2025-10-30 06:03:01] 已后台运行 pid=3581808，详见 /home/yeqi3/cyr/code/LaBraM/log/20251030_0603.log
[2025-10-30 06:04:02] 启动 'TrainCVLauncher.py' | CUDA_VISIBLE_DEVICES='5,6,7' | LOG='/home/yeqi3/cyr/code/LaBraM/log/20251030_0604.log'
[2025-10-30 06:04:02] 已后台运行 pid=3585101，详见 /home/yeqi3/cyr/code/LaBraM/log/20251030_0604.log
[2025-10-30 06:05:01] 启动 'TrainCVLauncher.py' | CUDA_VISIBLE_DEVICES='5,6,7' | LOG='/home/yeqi3/cyr/code/LaBraM/log/20251030_0605.log'
[2025-10-30 06:05:01] 已后台运行 pid=3588241，详见 /home/yeqi3/cyr/code/LaBraM/log/20251030_0605.log
[2025-10-30 06:06:01] 启动 'TrainCVLauncher.py' | CUDA_VISIBLE_DEVICES='5,6,7' | LOG='/home/yeqi3/cyr/code/LaBraM/log/20251030_0606.log'
[2025-10-30 06:06:01] 已后台运行 pid=3591580，详见 /home/yeqi3/cyr/code/LaBraM/log/20251030_0606.log
[2025-10-30 06:07:02] 启动 'TrainCVLauncher.py' | CUDA_VISIBLE_DEVICES='5,6,7' | LOG='/home/yeqi3/cyr/code/LaBraM/log/20251030_0607.log'
[2025-10-30 06:07:02] 已后台运行 pid=3594744，详见 /home/yeqi3/cyr/code/LaBraM/log/20251030_0607.log
[2025-10-30 06:08:01] 启动 'TrainCVLauncher.py' | CUDA_VISIBLE_DEVICES='5,6,7' | LOG='/home/yeqi3/cyr/code/LaBraM/log/20251030_0608.log'
[2025-10-30 06:08:01] 已后台运行 pid=3597879，详见 /home/yeqi3/cyr/code/LaBraM/log/20251030_0608.log
[2025-10-30 06:09:02] 启动 'TrainCVLauncher.py' | CUDA_VISIBLE_DEVICES='5,6,7' | LOG='/home/yeqi3/cyr/code/LaBraM/log/20251030_0609.log'
[2025-10-30 06:09:02] 已后台运行 pid=3601170，详见 /home/yeqi3/cyr/code/LaBraM/log/20251030_0609.log
[2025-10-30 06:10:01] 启动 'TrainCVLauncher.py' | CUDA_VISIBLE_DEVICES='5,6,7' | LOG='/home/yeqi3/cyr/code/LaBraM/log/20251030_0610.log'
[2025-10-30 06:10:01] 已后台运行 pid=3604363，详见 /home/yeqi3/cyr/code/LaBraM/log/20251030_0610.log
[2025-10-30 06:11:01] 启动 'TrainCVLauncher.py' | CUDA_VISIBLE_DEVICES='5,6,7' | LOG='/home/yeqi3/cyr/code/LaBraM/log/20251030_0611.log'
[2025-10-30 06:11:01] 已后台运行 pid=3607651，详见 /home/yeqi3/cyr/code/LaBraM/log/20251030_0611.log
[2025-10-30 06:12:01] 启动 'TrainCVLauncher.py' | CUDA_VISIBLE_DEVICES='5,6,7' | LOG='/home/yeqi3/cyr/code/LaBraM/log/20251030_0612.log'
[2025-10-30 06:12:01] 已后台运行 pid=3610771，详见 /home/yeqi3/cyr/code/LaBraM/log/20251030_0612.log
[2025-10-30 06:13:02] 启动 'TrainCVLauncher.py' | CUDA_VISIBLE_DEVICES='5,6,7' | LOG='/home/yeqi3/cyr/code/LaBraM/log/20251030_0613.log'
[2025-10-30 06:13:02] 已后台运行 pid=3613955，详见 /home/yeqi3/cyr/code/LaBraM/log/20251030_0613.log
[2025-10-30 06:14:01] 启动 'TrainCVLauncher.py' | CUDA_VISIBLE_DEVICES='5,6,7' | LOG='/home/yeqi3/cyr/code/LaBraM/log/20251030_0614.log'
[2025-10-30 06:14:01] 已后台运行 pid=3617221，详见 /home/yeqi3/cyr/code/LaBraM/log/20251030_0614.log
[2025-10-30 06:15:02] 启动 'TrainCVLauncher.py' | CUDA_VISIBLE_DEVICES='5,6,7' | LOG='/home/yeqi3/cyr/code/LaBraM/log/20251030_0615.log'
[2025-10-30 06:15:02] 已后台运行 pid=3620404，详见 /home/yeqi3/cyr/code/LaBraM/log/20251030_0615.log
[2025-10-30 06:16:01] 启动 'TrainCVLauncher.py' | CUDA_VISIBLE_DEVICES='5,6,7' | LOG='/home/yeqi3/cyr/code/LaBraM/log/20251030_0616.log'
[2025-10-30 06:16:01] 已后台运行 pid=3623563，详见 /home/yeqi3/cyr/code/LaBraM/log/20251030_0616.log
[2025-10-30 06:17:01] 启动 'TrainCVLauncher.py' | CUDA_VISIBLE_DEVICES='5,6,7' | LOG='/home/yeqi3/cyr/code/LaBraM/log/20251030_0617.log'
[2025-10-30 06:17:01] 已后台运行 pid=3626749，详见 /home/yeqi3/cyr/code/LaBraM/log/20251030_0617.log
[2025-10-30 06:18:02] 启动 'TrainCVLauncher.py' | CUDA_VISIBLE_DEVICES='5,6,7' | LOG='/home/yeqi3/cyr/code/LaBraM/log/20251030_0618.log'
[2025-10-30 06:18:02] 已后台运行 pid=3629957，详见 /home/yeqi3/cyr/code/LaBraM/log/20251030_0618.log
[2025-10-30 06:19:01] 启动 'TrainCVLauncher.py' | CUDA_VISIBLE_DEVICES='5,6,7' | LOG='/home/yeqi3/cyr/code/LaBraM/log/20251030_0619.log'
[2025-10-30 06:19:01] 已后台运行 pid=3633236，详见 /home/yeqi3/cyr/code/LaBraM/log/20251030_0619.log
[2025-10-30 06:20:02] 启动 'TrainCVLauncher.py' | CUDA_VISIBLE_DEVICES='5,6,7' | LOG='/home/yeqi3/cyr/code/LaBraM/log/20251030_0620.log'
[2025-10-30 06:20:02] 已后台运行 pid=3636540，详见 /home/yeqi3/cyr/code/LaBraM/log/20251030_0620.log
[2025-10-30 06:21:02] 启动 'TrainCVLauncher.py' | CUDA_VISIBLE_DEVICES='5,6,7' | LOG='/home/yeqi3/cyr/code/LaBraM/log/20251030_0621.log'
[2025-10-30 06:21:02] 已后台运行 pid=3639928，详见 /home/yeqi3/cyr/code/LaBraM/log/20251030_0621.log
[2025-10-30 06:22:01] 启动 'TrainCVLauncher.py' | CUDA_VISIBLE_DEVICES='5,6,7' | LOG='/home/yeqi3/cyr/code/LaBraM/log/20251030_0622.log'
[2025-10-30 06:22:01] 已后台运行 pid=3643053，详见 /home/yeqi3/cyr/code/LaBraM/log/20251030_0622.log
[2025-10-30 06:23:02] 启动 'TrainCVLauncher.py' | CUDA_VISIBLE_DEVICES='5,6,7' | LOG='/home/yeqi3/cyr/code/LaBraM/log/20251030_0623.log'
[2025-10-30 06:23:02] 已后台运行 pid=3646306，详见 /home/yeqi3/cyr/code/LaBraM/log/20251030_0623.log
[2025-10-30 06:24:01] 启动 'TrainCVLauncher.py' | CUDA_VISIBLE_DEVICES='5,6,7' | LOG='/home/yeqi3/cyr/code/LaBraM/log/20251030_0624.log'
[2025-10-30 06:24:01] 已后台运行 pid=3649580，详见 /home/yeqi3/cyr/code/LaBraM/log/20251030_0624.log
[2025-10-30 06:25:01] 启动 'TrainCVLauncher.py' | CUDA_VISIBLE_DEVICES='5,6,7' | LOG='/home/yeqi3/cyr/code/LaBraM/log/20251030_0625.log'
[2025-10-30 06:25:01] 已后台运行 pid=3652789，详见 /home/yeqi3/cyr/code/LaBraM/log/20251030_0625.log
[2025-10-30 06:26:02] 启动 'TrainCVLauncher.py' | CUDA_VISIBLE_DEVICES='5,6,7' | LOG='/home/yeqi3/cyr/code/LaBraM/log/20251030_0626.log'
[2025-10-30 06:26:02] 已后台运行 pid=3655965，详见 /home/yeqi3/cyr/code/LaBraM/log/20251030_0626.log
[2025-10-30 06:27:01] 启动 'TrainCVLauncher.py' | CUDA_VISIBLE_DEVICES='5,6,7' | LOG='/home/yeqi3/cyr/code/LaBraM/log/20251030_0627.log'
[2025-10-30 06:27:01] 已后台运行 pid=3659120，详见 /home/yeqi3/cyr/code/LaBraM/log/20251030_0627.log
[2025-10-30 06:28:02] 启动 'TrainCVLauncher.py' | CUDA_VISIBLE_DEVICES='5,6,7' | LOG='/home/yeqi3/cyr/code/LaBraM/log/20251030_0628.log'
[2025-10-30 06:28:02] 已后台运行 pid=3662317，详见 /home/yeqi3/cyr/code/LaBraM/log/20251030_0628.log
[2025-10-30 06:29:01] 启动 'TrainCVLauncher.py' | CUDA_VISIBLE_DEVICES='5,6,7' | LOG='/home/yeqi3/cyr/code/LaBraM/log/20251030_0629.log'
[2025-10-30 06:29:01] 已后台运行 pid=3665580，详见 /home/yeqi3/cyr/code/LaBraM/log/20251030_0629.log
[2025-10-30 06:30:01] 启动 'TrainCVLauncher.py' | CUDA_VISIBLE_DEVICES='5,6,7' | LOG='/home/yeqi3/cyr/code/LaBraM/log/20251030_0630.log'
[2025-10-30 06:30:01] 已后台运行 pid=3668820，详见 /home/yeqi3/cyr/code/LaBraM/log/20251030_0630.log
[2025-10-30 06:31:02] 启动 'TrainCVLauncher.py' | CUDA_VISIBLE_DEVICES='5,6,7' | LOG='/home/yeqi3/cyr/code/LaBraM/log/20251030_0631.log'
[2025-10-30 06:31:02] 已后台运行 pid=3672137，详见 /home/yeqi3/cyr/code/LaBraM/log/20251030_0631.log
[2025-10-30 06:32:01] 启动 'TrainCVLauncher.py' | CUDA_VISIBLE_DEVICES='5,6,7' | LOG='/home/yeqi3/cyr/code/LaBraM/log/20251030_0632.log'
[2025-10-30 06:32:01] 已后台运行 pid=3675297，详见 /home/yeqi3/cyr/code/LaBraM/log/20251030_0632.log
[2025-10-30 06:33:01] 启动 'TrainCVLauncher.py' | CUDA_VISIBLE_DEVICES='5,6,7' | LOG='/home/yeqi3/cyr/code/LaBraM/log/20251030_0633.log'
[2025-10-30 06:33:01] 已后台运行 pid=3678490，详见 /home/yeqi3/cyr/code/LaBraM/log/20251030_0633.log
[2025-10-30 06:34:02] 启动 'TrainCVLauncher.py' | CUDA_VISIBLE_DEVICES='5,6,7' | LOG='/home/yeqi3/cyr/code/LaBraM/log/20251030_0634.log'
[2025-10-30 06:34:02] 已后台运行 pid=3681925，详见 /home/yeqi3/cyr/code/LaBraM/log/20251030_0634.log
[2025-10-30 06:35:01] 启动 'TrainCVLauncher.py' | CUDA_VISIBLE_DEVICES='5,6,7' | LOG='/home/yeqi3/cyr/code/LaBraM/log/20251030_0635.log'
[2025-10-30 06:35:01] 已后台运行 pid=3685046，详见 /home/yeqi3/cyr/code/LaBraM/log/20251030_0635.log
[2025-10-30 06:36:02] 启动 'TrainCVLauncher.py' | CUDA_VISIBLE_DEVICES='5,6,7' | LOG='/home/yeqi3/cyr/code/LaBraM/log/20251030_0636.log'
[2025-10-30 06:36:02] 已后台运行 pid=3688291，详见 /home/yeqi3/cyr/code/LaBraM/log/20251030_0636.log
[2025-10-30 06:37:01] 启动 'TrainCVLauncher.py' | CUDA_VISIBLE_DEVICES='5,6,7' | LOG='/home/yeqi3/cyr/code/LaBraM/log/20251030_0637.log'
[2025-10-30 06:37:01] 已后台运行 pid=3691453，详见 /home/yeqi3/cyr/code/LaBraM/log/20251030_0637.log
[2025-10-30 06:38:01] 启动 'TrainCVLauncher.py' | CUDA_VISIBLE_DEVICES='5,6,7' | LOG='/home/yeqi3/cyr/code/LaBraM/log/20251030_0638.log'
[2025-10-30 06:38:01] 已后台运行 pid=3694634，详见 /home/yeqi3/cyr/code/LaBraM/log/20251030_0638.log
[2025-10-30 06:39:02] 启动 'TrainCVLauncher.py' | CUDA_VISIBLE_DEVICES='5,6,7' | LOG='/home/yeqi3/cyr/code/LaBraM/log/20251030_0639.log'
[2025-10-30 06:39:02] 已后台运行 pid=3697938，详见 /home/yeqi3/cyr/code/LaBraM/log/20251030_0639.log
[2025-10-30 06:40:01] 启动 'TrainCVLauncher.py' | CUDA_VISIBLE_DEVICES='5,6,7' | LOG='/home/yeqi3/cyr/code/LaBraM/log/20251030_0640.log'
[2025-10-30 06:40:01] 已后台运行 pid=3701160，详见 /home/yeqi3/cyr/code/LaBraM/log/20251030_0640.log
[2025-10-30 06:41:02] 启动 'TrainCVLauncher.py' | CUDA_VISIBLE_DEVICES='5,6,7' | LOG='/home/yeqi3/cyr/code/LaBraM/log/20251030_0641.log'
[2025-10-30 06:41:02] 已后台运行 pid=3704474，详见 /home/yeqi3/cyr/code/LaBraM/log/20251030_0641.log
[2025-10-30 06:42:01] 启动 'TrainCVLauncher.py' | CUDA_VISIBLE_DEVICES='5,6,7' | LOG='/home/yeqi3/cyr/code/LaBraM/log/20251030_0642.log'
[2025-10-30 06:42:01] 已后台运行 pid=3707628，详见 /home/yeqi3/cyr/code/LaBraM/log/20251030_0642.log
[2025-10-30 06:43:01] 启动 'TrainCVLauncher.py' | CUDA_VISIBLE_DEVICES='5,6,7' | LOG='/home/yeqi3/cyr/code/LaBraM/log/20251030_0643.log'
[2025-10-30 06:43:01] 已后台运行 pid=3710797，详见 /home/yeqi3/cyr/code/LaBraM/log/20251030_0643.log
[2025-10-30 06:44:02] 启动 'TrainCVLauncher.py' | CUDA_VISIBLE_DEVICES='5,6,7' | LOG='/home/yeqi3/cyr/code/LaBraM/log/20251030_0644.log'
[2025-10-30 06:44:02] 已后台运行 pid=3714058，详见 /home/yeqi3/cyr/code/LaBraM/log/20251030_0644.log
[2025-10-30 06:45:01] 启动 'TrainCVLauncher.py' | CUDA_VISIBLE_DEVICES='5,6,7' | LOG='/home/yeqi3/cyr/code/LaBraM/log/20251030_0645.log'
[2025-10-30 06:45:01] 已后台运行 pid=3717217，详见 /home/yeqi3/cyr/code/LaBraM/log/20251030_0645.log
[2025-10-30 06:46:01] 启动 'TrainCVLauncher.py' | CUDA_VISIBLE_DEVICES='5,6,7' | LOG='/home/yeqi3/cyr/code/LaBraM/log/20251030_0646.log'
[2025-10-30 06:46:01] 已后台运行 pid=3720388，详见 /home/yeqi3/cyr/code/LaBraM/log/20251030_0646.log
[2025-10-30 06:47:02] 启动 'TrainCVLauncher.py' | CUDA_VISIBLE_DEVICES='5,6,7' | LOG='/home/yeqi3/cyr/code/LaBraM/log/20251030_0647.log'
[2025-10-30 06:47:02] 已后台运行 pid=3723674，详见 /home/yeqi3/cyr/code/LaBraM/log/20251030_0647.log
[2025-10-30 06:48:01] 启动 'TrainCVLauncher.py' | CUDA_VISIBLE_DEVICES='5,6,7' | LOG='/home/yeqi3/cyr/code/LaBraM/log/20251030_0648.log'
[2025-10-30 06:48:01] 已后台运行 pid=3726752，详见 /home/yeqi3/cyr/code/LaBraM/log/20251030_0648.log
[2025-10-30 06:49:02] 启动 'TrainCVLauncher.py' | CUDA_VISIBLE_DEVICES='5,6,7' | LOG='/home/yeqi3/cyr/code/LaBraM/log/20251030_0649.log'
[2025-10-30 06:49:02] 已后台运行 pid=3730170，详见 /home/yeqi3/cyr/code/LaBraM/log/20251030_0649.log
[2025-10-30 06:50:01] 启动 'TrainCVLauncher.py' | CUDA_VISIBLE_DEVICES='5,6,7' | LOG='/home/yeqi3/cyr/code/LaBraM/log/20251030_0650.log'
[2025-10-30 06:50:01] 已后台运行 pid=3733412，详见 /home/yeqi3/cyr/code/LaBraM/log/20251030_0650.log
[2025-10-30 06:51:01] 启动 'TrainCVLauncher.py' | CUDA_VISIBLE_DEVICES='5,6,7' | LOG='/home/yeqi3/cyr/code/LaBraM/log/20251030_0651.log'
[2025-10-30 06:51:01] 已后台运行 pid=3736688，详见 /home/yeqi3/cyr/code/LaBraM/log/20251030_0651.log
[2025-10-30 06:52:02] 启动 'TrainCVLauncher.py' | CUDA_VISIBLE_DEVICES='5,6,7' | LOG='/home/yeqi3/cyr/code/LaBraM/log/20251030_0652.log'
[2025-10-30 06:52:02] 已后台运行 pid=3739859，详见 /home/yeqi3/cyr/code/LaBraM/log/20251030_0652.log
[2025-10-30 06:53:01] 启动 'TrainCVLauncher.py' | CUDA_VISIBLE_DEVICES='5,6,7' | LOG='/home/yeqi3/cyr/code/LaBraM/log/20251030_0653.log'
[2025-10-30 06:53:01] 已后台运行 pid=3743007，详见 /home/yeqi3/cyr/code/LaBraM/log/20251030_0653.log
[2025-10-30 06:54:01] 启动 'TrainCVLauncher.py' | CUDA_VISIBLE_DEVICES='5,6,7' | LOG='/home/yeqi3/cyr/code/LaBraM/log/20251030_0654.log'
[2025-10-30 06:54:01] 已后台运行 pid=3746288，详见 /home/yeqi3/cyr/code/LaBraM/log/20251030_0654.log
[2025-10-30 06:55:02] 启动 'TrainCVLauncher.py' | CUDA_VISIBLE_DEVICES='5,6,7' | LOG='/home/yeqi3/cyr/code/LaBraM/log/20251030_0655.log'
[2025-10-30 06:55:02] 已后台运行 pid=3749424，详见 /home/yeqi3/cyr/code/LaBraM/log/20251030_0655.log
[2025-10-30 06:56:01] 启动 'TrainCVLauncher.py' | CUDA_VISIBLE_DEVICES='5,6,7' | LOG='/home/yeqi3/cyr/code/LaBraM/log/20251030_0656.log'
[2025-10-30 06:56:01] 已后台运行 pid=3752584，详见 /home/yeqi3/cyr/code/LaBraM/log/20251030_0656.log
[2025-10-30 06:57:02] 启动 'TrainCVLauncher.py' | CUDA_VISIBLE_DEVICES='5,6,7' | LOG='/home/yeqi3/cyr/code/LaBraM/log/20251030_0657.log'
[2025-10-30 06:57:02] 已后台运行 pid=3755737，详见 /home/yeqi3/cyr/code/LaBraM/log/20251030_0657.log
[2025-10-30 06:58:01] 启动 'TrainCVLauncher.py' | CUDA_VISIBLE_DEVICES='5,6,7' | LOG='/home/yeqi3/cyr/code/LaBraM/log/20251030_0658.log'
[2025-10-30 06:58:01] 已后台运行 pid=3758909，详见 /home/yeqi3/cyr/code/LaBraM/log/20251030_0658.log
[2025-10-30 06:59:01] 启动 'TrainCVLauncher.py' | CUDA_VISIBLE_DEVICES='5,6,7' | LOG='/home/yeqi3/cyr/code/LaBraM/log/20251030_0659.log'
[2025-10-30 06:59:01] 已后台运行 pid=3762192，详见 /home/yeqi3/cyr/code/LaBraM/log/20251030_0659.log
[2025-10-30 07:00:02] 启动 'TrainCVLauncher.py' | CUDA_VISIBLE_DEVICES='5,6,7' | LOG='/home/yeqi3/cyr/code/LaBraM/log/20251030_0700.log'
[2025-10-30 07:00:02] 已后台运行 pid=3765412，详见 /home/yeqi3/cyr/code/LaBraM/log/20251030_0700.log
[2025-10-30 07:01:01] 启动 'TrainCVLauncher.py' | CUDA_VISIBLE_DEVICES='5,6,7' | LOG='/home/yeqi3/cyr/code/LaBraM/log/20251030_0701.log'
[2025-10-30 07:01:01] 已后台运行 pid=3768637，详见 /home/yeqi3/cyr/code/LaBraM/log/20251030_0701.log
[2025-10-30 07:02:02] 启动 'TrainCVLauncher.py' | CUDA_VISIBLE_DEVICES='5,6,7' | LOG='/home/yeqi3/cyr/code/LaBraM/log/20251030_0702.log'
[2025-10-30 07:02:02] 已后台运行 pid=3771857，详见 /home/yeqi3/cyr/code/LaBraM/log/20251030_0702.log
[2025-10-30 07:03:01] 启动 'TrainCVLauncher.py' | CUDA_VISIBLE_DEVICES='5,6,7' | LOG='/home/yeqi3/cyr/code/LaBraM/log/20251030_0703.log'
[2025-10-30 07:03:01] 已后台运行 pid=3774885，详见 /home/yeqi3/cyr/code/LaBraM/log/20251030_0703.log
[2025-10-30 07:04:01] 启动 'TrainCVLauncher.py' | CUDA_VISIBLE_DEVICES='5,6,7' | LOG='/home/yeqi3/cyr/code/LaBraM/log/20251030_0704.log'
[2025-10-30 07:04:01] 已后台运行 pid=3778237，详见 /home/yeqi3/cyr/code/LaBraM/log/20251030_0704.log
[2025-10-30 07:05:02] 启动 'TrainCVLauncher.py' | CUDA_VISIBLE_DEVICES='5,6,7' | LOG='/home/yeqi3/cyr/code/LaBraM/log/20251030_0705.log'
[2025-10-30 07:05:02] 已后台运行 pid=3781375，详见 /home/yeqi3/cyr/code/LaBraM/log/20251030_0705.log
[2025-10-30 07:06:01] 启动 'TrainCVLauncher.py' | CUDA_VISIBLE_DEVICES='5,6,7' | LOG='/home/yeqi3/cyr/code/LaBraM/log/20251030_0706.log'
[2025-10-30 07:06:01] 已后台运行 pid=3784473，详见 /home/yeqi3/cyr/code/LaBraM/log/20251030_0706.log
[2025-10-30 07:07:01] 启动 'TrainCVLauncher.py' | CUDA_VISIBLE_DEVICES='5,6,7' | LOG='/home/yeqi3/cyr/code/LaBraM/log/20251030_0707.log'
[2025-10-30 07:07:01] 已后台运行 pid=3787608，详见 /home/yeqi3/cyr/code/LaBraM/log/20251030_0707.log
[2025-10-30 07:08:02] 启动 'TrainCVLauncher.py' | CUDA_VISIBLE_DEVICES='5,6,7' | LOG='/home/yeqi3/cyr/code/LaBraM/log/20251030_0708.log'
[2025-10-30 07:08:02] 已后台运行 pid=3790720，详见 /home/yeqi3/cyr/code/LaBraM/log/20251030_0708.log
[2025-10-30 07:09:01] 启动 'TrainCVLauncher.py' | CUDA_VISIBLE_DEVICES='5,6,7' | LOG='/home/yeqi3/cyr/code/LaBraM/log/20251030_0709.log'
[2025-10-30 07:09:01] 已后台运行 pid=3793918，详见 /home/yeqi3/cyr/code/LaBraM/log/20251030_0709.log
[2025-10-30 07:10:02] 启动 'TrainCVLauncher.py' | CUDA_VISIBLE_DEVICES='5,6,7' | LOG='/home/yeqi3/cyr/code/LaBraM/log/20251030_0710.log'
[2025-10-30 07:10:02] 已后台运行 pid=3797106，详见 /home/yeqi3/cyr/code/LaBraM/log/20251030_0710.log
[2025-10-30 07:11:01] 启动 'TrainCVLauncher.py' | CUDA_VISIBLE_DEVICES='5,6,7' | LOG='/home/yeqi3/cyr/code/LaBraM/log/20251030_0711.log'
[2025-10-30 07:11:01] 已后台运行 pid=3800338，详见 /home/yeqi3/cyr/code/LaBraM/log/20251030_0711.log
[2025-10-30 07:12:01] 启动 'TrainCVLauncher.py' | CUDA_VISIBLE_DEVICES='5,6,7' | LOG='/home/yeqi3/cyr/code/LaBraM/log/20251030_0712.log'
[2025-10-30 07:12:01] 已后台运行 pid=3803426，详见 /home/yeqi3/cyr/code/LaBraM/log/20251030_0712.log
[2025-10-30 07:13:02] 启动 'TrainCVLauncher.py' | CUDA_VISIBLE_DEVICES='5,6,7' | LOG='/home/yeqi3/cyr/code/LaBraM/log/20251030_0713.log'
[2025-10-30 07:13:02] 已后台运行 pid=3806574，详见 /home/yeqi3/cyr/code/LaBraM/log/20251030_0713.log
[2025-10-30 07:14:01] 启动 'TrainCVLauncher.py' | CUDA_VISIBLE_DEVICES='5,6,7' | LOG='/home/yeqi3/cyr/code/LaBraM/log/20251030_0714.log'
[2025-10-30 07:14:01] 已后台运行 pid=3809800，详见 /home/yeqi3/cyr/code/LaBraM/log/20251030_0714.log
[2025-10-30 07:15:01] 启动 'TrainCVLauncher.py' | CUDA_VISIBLE_DEVICES='5,6,7' | LOG='/home/yeqi3/cyr/code/LaBraM/log/20251030_0715.log'
[2025-10-30 07:15:01] 已后台运行 pid=3812949，详见 /home/yeqi3/cyr/code/LaBraM/log/20251030_0715.log
[2025-10-30 07:16:02] 启动 'TrainCVLauncher.py' | CUDA_VISIBLE_DEVICES='5,6,7' | LOG='/home/yeqi3/cyr/code/LaBraM/log/20251030_0716.log'
[2025-10-30 07:16:02] 已后台运行 pid=3816186，详见 /home/yeqi3/cyr/code/LaBraM/log/20251030_0716.log
[2025-10-30 07:17:01] 启动 'TrainCVLauncher.py' | CUDA_VISIBLE_DEVICES='5,6,7' | LOG='/home/yeqi3/cyr/code/LaBraM/log/20251030_0717.log'
[2025-10-30 07:17:01] 已后台运行 pid=3819214，详见 /home/yeqi3/cyr/code/LaBraM/log/20251030_0717.log
[2025-10-30 07:18:02] 启动 'TrainCVLauncher.py' | CUDA_VISIBLE_DEVICES='5,6,7' | LOG='/home/yeqi3/cyr/code/LaBraM/log/20251030_0718.log'
[2025-10-30 07:18:02] 已后台运行 pid=3822499，详见 /home/yeqi3/cyr/code/LaBraM/log/20251030_0718.log
[2025-10-30 07:19:01] 启动 'TrainCVLauncher.py' | CUDA_VISIBLE_DEVICES='5,6,7' | LOG='/home/yeqi3/cyr/code/LaBraM/log/20251030_0719.log'
[2025-10-30 07:19:01] 已后台运行 pid=3825641，详见 /home/yeqi3/cyr/code/LaBraM/log/20251030_0719.log
[2025-10-30 07:20:01] 启动 'TrainCVLauncher.py' | CUDA_VISIBLE_DEVICES='5,6,7' | LOG='/home/yeqi3/cyr/code/LaBraM/log/20251030_0720.log'
[2025-10-30 07:20:01] 已后台运行 pid=3828880，详见 /home/yeqi3/cyr/code/LaBraM/log/20251030_0720.log
[2025-10-30 07:21:02] 启动 'TrainCVLauncher.py' | CUDA_VISIBLE_DEVICES='5,6,7' | LOG='/home/yeqi3/cyr/code/LaBraM/log/20251030_0721.log'
[2025-10-30 07:21:02] 已后台运行 pid=3832092，详见 /home/yeqi3/cyr/code/LaBraM/log/20251030_0721.log
[2025-10-30 07:22:01] 启动 'TrainCVLauncher.py' | CUDA_VISIBLE_DEVICES='5,6,7' | LOG='/home/yeqi3/cyr/code/LaBraM/log/20251030_0722.log'
[2025-10-30 07:22:01] 已后台运行 pid=3835188，详见 /home/yeqi3/cyr/code/LaBraM/log/20251030_0722.log
[2025-10-30 07:23:01] 启动 'TrainCVLauncher.py' | CUDA_VISIBLE_DEVICES='5,6,7' | LOG='/home/yeqi3/cyr/code/LaBraM/log/20251030_0723.log'
[2025-10-30 07:23:01] 已后台运行 pid=3838297，详见 /home/yeqi3/cyr/code/LaBraM/log/20251030_0723.log
[2025-10-30 07:24:02] 启动 'TrainCVLauncher.py' | CUDA_VISIBLE_DEVICES='5,6,7' | LOG='/home/yeqi3/cyr/code/LaBraM/log/20251030_0724.log'
[2025-10-30 07:24:02] 已后台运行 pid=3841544，详见 /home/yeqi3/cyr/code/LaBraM/log/20251030_0724.log
[2025-10-30 07:25:01] 启动 'TrainCVLauncher.py' | CUDA_VISIBLE_DEVICES='5,6,7' | LOG='/home/yeqi3/cyr/code/LaBraM/log/20251030_0725.log'
[2025-10-30 07:25:01] 已后台运行 pid=3844639，详见 /home/yeqi3/cyr/code/LaBraM/log/20251030_0725.log
[2025-10-30 07:26:02] 启动 'TrainCVLauncher.py' | CUDA_VISIBLE_DEVICES='5,6,7' | LOG='/home/yeqi3/cyr/code/LaBraM/log/20251030_0726.log'
[2025-10-30 07:26:02] 已后台运行 pid=3847770，详见 /home/yeqi3/cyr/code/LaBraM/log/20251030_0726.log
[2025-10-30 07:27:01] 启动 'TrainCVLauncher.py' | CUDA_VISIBLE_DEVICES='5,6,7' | LOG='/home/yeqi3/cyr/code/LaBraM/log/20251030_0727.log'
[2025-10-30 07:27:01] 已后台运行 pid=3850875，详见 /home/yeqi3/cyr/code/LaBraM/log/20251030_0727.log
[2025-10-30 07:28:01] 启动 'TrainCVLauncher.py' | CUDA_VISIBLE_DEVICES='5,6,7' | LOG='/home/yeqi3/cyr/code/LaBraM/log/20251030_0728.log'
[2025-10-30 07:28:01] 已后台运行 pid=3853996，详见 /home/yeqi3/cyr/code/LaBraM/log/20251030_0728.log
[2025-10-30 07:29:02] 启动 'TrainCVLauncher.py' | CUDA_VISIBLE_DEVICES='5,6,7' | LOG='/home/yeqi3/cyr/code/LaBraM/log/20251030_0729.log'
[2025-10-30 07:29:02] 已后台运行 pid=3857212，详见 /home/yeqi3/cyr/code/LaBraM/log/20251030_0729.log
[2025-10-30 07:30:01] 启动 'TrainCVLauncher.py' | CUDA_VISIBLE_DEVICES='5,6,7' | LOG='/home/yeqi3/cyr/code/LaBraM/log/20251030_0730.log'
[2025-10-30 07:30:01] 已后台运行 pid=3860354，详见 /home/yeqi3/cyr/code/LaBraM/log/20251030_0730.log
[2025-10-30 07:31:01] 启动 'TrainCVLauncher.py' | CUDA_VISIBLE_DEVICES='5,6,7' | LOG='/home/yeqi3/cyr/code/LaBraM/log/20251030_0731.log'
[2025-10-30 07:31:01] 已后台运行 pid=3863582，详见 /home/yeqi3/cyr/code/LaBraM/log/20251030_0731.log
[2025-10-30 07:32:02] 启动 'TrainCVLauncher.py' | CUDA_VISIBLE_DEVICES='5,6,7' | LOG='/home/yeqi3/cyr/code/LaBraM/log/20251030_0732.log'
[2025-10-30 07:32:02] 已后台运行 pid=3866872，详见 /home/yeqi3/cyr/code/LaBraM/log/20251030_0732.log
[2025-10-30 07:33:01] 启动 'TrainCVLauncher.py' | CUDA_VISIBLE_DEVICES='5,6,7' | LOG='/home/yeqi3/cyr/code/LaBraM/log/20251030_0733.log'
[2025-10-30 07:33:01] 已后台运行 pid=3869956，详见 /home/yeqi3/cyr/code/LaBraM/log/20251030_0733.log
[2025-10-30 07:34:02] 启动 'TrainCVLauncher.py' | CUDA_VISIBLE_DEVICES='5,6,7' | LOG='/home/yeqi3/cyr/code/LaBraM/log/20251030_0734.log'
[2025-10-30 07:34:02] 已后台运行 pid=3873193，详见 /home/yeqi3/cyr/code/LaBraM/log/20251030_0734.log
[2025-10-30 07:35:01] 启动 'TrainCVLauncher.py' | CUDA_VISIBLE_DEVICES='5,6,7' | LOG='/home/yeqi3/cyr/code/LaBraM/log/20251030_0735.log'
[2025-10-30 07:35:01] 已后台运行 pid=3876296，详见 /home/yeqi3/cyr/code/LaBraM/log/20251030_0735.log
[2025-10-30 07:36:01] 启动 'TrainCVLauncher.py' | CUDA_VISIBLE_DEVICES='5,6,7' | LOG='/home/yeqi3/cyr/code/LaBraM/log/20251030_0736.log'
[2025-10-30 07:36:01] 已后台运行 pid=3879421，详见 /home/yeqi3/cyr/code/LaBraM/log/20251030_0736.log
[2025-10-30 07:37:02] 启动 'TrainCVLauncher.py' | CUDA_VISIBLE_DEVICES='5,6,7' | LOG='/home/yeqi3/cyr/code/LaBraM/log/20251030_0737.log'
[2025-10-30 07:37:02] 已后台运行 pid=3882542，详见 /home/yeqi3/cyr/code/LaBraM/log/20251030_0737.log
[2025-10-30 07:38:01] 启动 'TrainCVLauncher.py' | CUDA_VISIBLE_DEVICES='5,6,7' | LOG='/home/yeqi3/cyr/code/LaBraM/log/20251030_0738.log'
[2025-10-30 07:38:01] 已后台运行 pid=3885639，详见 /home/yeqi3/cyr/code/LaBraM/log/20251030_0738.log
[2025-10-30 07:39:01] 启动 'TrainCVLauncher.py' | CUDA_VISIBLE_DEVICES='5,6,7' | LOG='/home/yeqi3/cyr/code/LaBraM/log/20251030_0739.log'
[2025-10-30 07:39:01] 已后台运行 pid=3888861，详见 /home/yeqi3/cyr/code/LaBraM/log/20251030_0739.log
[2025-10-30 07:40:02] 启动 'TrainCVLauncher.py' | CUDA_VISIBLE_DEVICES='5,6,7' | LOG='/home/yeqi3/cyr/code/LaBraM/log/20251030_0740.log'
[2025-10-30 07:40:02] 已后台运行 pid=3892011，详见 /home/yeqi3/cyr/code/LaBraM/log/20251030_0740.log
[2025-10-30 07:41:01] 启动 'TrainCVLauncher.py' | CUDA_VISIBLE_DEVICES='5,6,7' | LOG='/home/yeqi3/cyr/code/LaBraM/log/20251030_0741.log'
[2025-10-30 07:41:01] 已后台运行 pid=3895213，详见 /home/yeqi3/cyr/code/LaBraM/log/20251030_0741.log
[2025-10-30 07:42:02] 启动 'TrainCVLauncher.py' | CUDA_VISIBLE_DEVICES='5,6,7' | LOG='/home/yeqi3/cyr/code/LaBraM/log/20251030_0742.log'
[2025-10-30 07:42:02] 已后台运行 pid=3898332，详见 /home/yeqi3/cyr/code/LaBraM/log/20251030_0742.log
[2025-10-30 07:43:01] 启动 'TrainCVLauncher.py' | CUDA_VISIBLE_DEVICES='5,6,7' | LOG='/home/yeqi3/cyr/code/LaBraM/log/20251030_0743.log'
[2025-10-30 07:43:01] 已后台运行 pid=3901409，详见 /home/yeqi3/cyr/code/LaBraM/log/20251030_0743.log
[2025-10-30 07:44:01] 启动 'TrainCVLauncher.py' | CUDA_VISIBLE_DEVICES='5,6,7' | LOG='/home/yeqi3/cyr/code/LaBraM/log/20251030_0744.log'
[2025-10-30 07:44:01] 已后台运行 pid=3904611，详见 /home/yeqi3/cyr/code/LaBraM/log/20251030_0744.log
[2025-10-30 07:45:02] 启动 'TrainCVLauncher.py' | CUDA_VISIBLE_DEVICES='5,6,7' | LOG='/home/yeqi3/cyr/code/LaBraM/log/20251030_0745.log'
[2025-10-30 07:45:02] 已后台运行 pid=3907872，详见 /home/yeqi3/cyr/code/LaBraM/log/20251030_0745.log
[2025-10-30 07:46:01] 启动 'TrainCVLauncher.py' | CUDA_VISIBLE_DEVICES='5,6,7' | LOG='/home/yeqi3/cyr/code/LaBraM/log/20251030_0746.log'
[2025-10-30 07:46:01] 已后台运行 pid=3910944，详见 /home/yeqi3/cyr/code/LaBraM/log/20251030_0746.log
[2025-10-30 07:47:02] 启动 'TrainCVLauncher.py' | CUDA_VISIBLE_DEVICES='5,6,7' | LOG='/home/yeqi3/cyr/code/LaBraM/log/20251030_0747.log'
[2025-10-30 07:47:02] 已后台运行 pid=3914078，详见 /home/yeqi3/cyr/code/LaBraM/log/20251030_0747.log
[2025-10-30 07:48:01] 启动 'TrainCVLauncher.py' | CUDA_VISIBLE_DEVICES='5,6,7' | LOG='/home/yeqi3/cyr/code/LaBraM/log/20251030_0748.log'
[2025-10-30 07:48:01] 已后台运行 pid=3917226，详见 /home/yeqi3/cyr/code/LaBraM/log/20251030_0748.log
[2025-10-30 07:49:01] 启动 'TrainCVLauncher.py' | CUDA_VISIBLE_DEVICES='5,6,7' | LOG='/home/yeqi3/cyr/code/LaBraM/log/20251030_0749.log'
[2025-10-30 07:49:01] 已后台运行 pid=3920395，详见 /home/yeqi3/cyr/code/LaBraM/log/20251030_0749.log
[2025-10-30 07:50:02] 启动 'TrainCVLauncher.py' | CUDA_VISIBLE_DEVICES='5,6,7' | LOG='/home/yeqi3/cyr/code/LaBraM/log/20251030_0750.log'
[2025-10-30 07:50:02] 已后台运行 pid=3923675，详见 /home/yeqi3/cyr/code/LaBraM/log/20251030_0750.log
[2025-10-30 07:51:01] 启动 'TrainCVLauncher.py' | CUDA_VISIBLE_DEVICES='5,6,7' | LOG='/home/yeqi3/cyr/code/LaBraM/log/20251030_0751.log'
[2025-10-30 07:51:01] 已后台运行 pid=3926915，详见 /home/yeqi3/cyr/code/LaBraM/log/20251030_0751.log
[2025-10-30 07:52:01] 启动 'TrainCVLauncher.py' | CUDA_VISIBLE_DEVICES='5,6,7' | LOG='/home/yeqi3/cyr/code/LaBraM/log/20251030_0752.log'
[2025-10-30 07:52:01] 已后台运行 pid=3930073，详见 /home/yeqi3/cyr/code/LaBraM/log/20251030_0752.log
[2025-10-30 07:53:02] 启动 'TrainCVLauncher.py' | CUDA_VISIBLE_DEVICES='5,6,7' | LOG='/home/yeqi3/cyr/code/LaBraM/log/20251030_0753.log'
[2025-10-30 07:53:02] 已后台运行 pid=3933226，详见 /home/yeqi3/cyr/code/LaBraM/log/20251030_0753.log
[2025-10-30 07:54:01] 启动 'TrainCVLauncher.py' | CUDA_VISIBLE_DEVICES='5,6,7' | LOG='/home/yeqi3/cyr/code/LaBraM/log/20251030_0754.log'
[2025-10-30 07:54:01] 已后台运行 pid=3936366，详见 /home/yeqi3/cyr/code/LaBraM/log/20251030_0754.log
[2025-10-30 07:55:02] 启动 'TrainCVLauncher.py' | CUDA_VISIBLE_DEVICES='5,6,7' | LOG='/home/yeqi3/cyr/code/LaBraM/log/20251030_0755.log'
[2025-10-30 07:55:02] 已后台运行 pid=3939621，详见 /home/yeqi3/cyr/code/LaBraM/log/20251030_0755.log
[2025-10-30 07:56:01] 启动 'TrainCVLauncher.py' | CUDA_VISIBLE_DEVICES='5,6,7' | LOG='/home/yeqi3/cyr/code/LaBraM/log/20251030_0756.log'
[2025-10-30 07:56:01] 已后台运行 pid=3942756，详见 /home/yeqi3/cyr/code/LaBraM/log/20251030_0756.log
[2025-10-30 07:57:01] 启动 'TrainCVLauncher.py' | CUDA_VISIBLE_DEVICES='5,6,7' | LOG='/home/yeqi3/cyr/code/LaBraM/log/20251030_0757.log'
[2025-10-30 07:57:01] 已后台运行 pid=3945923，详见 /home/yeqi3/cyr/code/LaBraM/log/20251030_0757.log
[2025-10-30 07:58:02] 启动 'TrainCVLauncher.py' | CUDA_VISIBLE_DEVICES='5,6,7' | LOG='/home/yeqi3/cyr/code/LaBraM/log/20251030_0758.log'
[2025-10-30 07:58:02] 已后台运行 pid=3949171，详见 /home/yeqi3/cyr/code/LaBraM/log/20251030_0758.log
[2025-10-30 07:59:01] 启动 'TrainCVLauncher.py' | CUDA_VISIBLE_DEVICES='5,6,7' | LOG='/home/yeqi3/cyr/code/LaBraM/log/20251030_0759.log'
[2025-10-30 07:59:01] 已后台运行 pid=3952180，详见 /home/yeqi3/cyr/code/LaBraM/log/20251030_0759.log
[2025-10-30 08:00:01] 启动 'TrainCVLauncher.py' | CUDA_VISIBLE_DEVICES='5,6,7' | LOG='/home/yeqi3/cyr/code/LaBraM/log/20251030_0800.log'
[2025-10-30 08:00:01] 已后台运行 pid=3955726，详见 /home/yeqi3/cyr/code/LaBraM/log/20251030_0800.log
[2025-10-30 08:01:02] 启动 'TrainCVLauncher.py' | CUDA_VISIBLE_DEVICES='5,6,7' | LOG='/home/yeqi3/cyr/code/LaBraM/log/20251030_0801.log'
[2025-10-30 08:01:02] 已后台运行 pid=3958959，详见 /home/yeqi3/cyr/code/LaBraM/log/20251030_0801.log
[2025-10-30 08:02:01] 启动 'TrainCVLauncher.py' | CUDA_VISIBLE_DEVICES='5,6,7' | LOG='/home/yeqi3/cyr/code/LaBraM/log/20251030_0802.log'
[2025-10-30 08:02:01] 已后台运行 pid=3962076，详见 /home/yeqi3/cyr/code/LaBraM/log/20251030_0802.log
[2025-10-30 08:03:01] 启动 'TrainCVLauncher.py' | CUDA_VISIBLE_DEVICES='5,6,7' | LOG='/home/yeqi3/cyr/code/LaBraM/log/20251030_0803.log'
[2025-10-30 08:03:01] 已后台运行 pid=3965230，详见 /home/yeqi3/cyr/code/LaBraM/log/20251030_0803.log
[2025-10-30 08:04:02] 启动 'TrainCVLauncher.py' | CUDA_VISIBLE_DEVICES='5,6,7' | LOG='/home/yeqi3/cyr/code/LaBraM/log/20251030_0804.log'
[2025-10-30 08:04:02] 已后台运行 pid=3968395，详见 /home/yeqi3/cyr/code/LaBraM/log/20251030_0804.log
[2025-10-30 08:05:01] 启动 'TrainCVLauncher.py' | CUDA_VISIBLE_DEVICES='5,6,7' | LOG='/home/yeqi3/cyr/code/LaBraM/log/20251030_0805.log'
[2025-10-30 08:05:01] 已后台运行 pid=3971616，详见 /home/yeqi3/cyr/code/LaBraM/log/20251030_0805.log
[2025-10-30 08:06:02] 启动 'TrainCVLauncher.py' | CUDA_VISIBLE_DEVICES='5,6,7' | LOG='/home/yeqi3/cyr/code/LaBraM/log/20251030_0806.log'
[2025-10-30 08:06:02] 已后台运行 pid=3974755，详见 /home/yeqi3/cyr/code/LaBraM/log/20251030_0806.log
[2025-10-30 08:07:01] 启动 'TrainCVLauncher.py' | CUDA_VISIBLE_DEVICES='5,6,7' | LOG='/home/yeqi3/cyr/code/LaBraM/log/20251030_0807.log'
[2025-10-30 08:07:01] 已后台运行 pid=3977890，详见 /home/yeqi3/cyr/code/LaBraM/log/20251030_0807.log
[2025-10-30 08:08:01] 启动 'TrainCVLauncher.py' | CUDA_VISIBLE_DEVICES='5,6,7' | LOG='/home/yeqi3/cyr/code/LaBraM/log/20251030_0808.log'
[2025-10-30 08:08:01] 已后台运行 pid=3981029，详见 /home/yeqi3/cyr/code/LaBraM/log/20251030_0808.log
[2025-10-30 08:09:02] 启动 'TrainCVLauncher.py' | CUDA_VISIBLE_DEVICES='5,6,7' | LOG='/home/yeqi3/cyr/code/LaBraM/log/20251030_0809.log'
[2025-10-30 08:09:02] 已后台运行 pid=3984161，详见 /home/yeqi3/cyr/code/LaBraM/log/20251030_0809.log
[2025-10-30 08:10:01] 启动 'TrainCVLauncher.py' | CUDA_VISIBLE_DEVICES='5,6,7' | LOG='/home/yeqi3/cyr/code/LaBraM/log/20251030_0810.log'
[2025-10-30 08:10:01] 已后台运行 pid=3987463，详见 /home/yeqi3/cyr/code/LaBraM/log/20251030_0810.log
[2025-10-30 08:11:01] 启动 'TrainCVLauncher.py' | CUDA_VISIBLE_DEVICES='5,6,7' | LOG='/home/yeqi3/cyr/code/LaBraM/log/20251030_0811.log'
[2025-10-30 08:11:01] 已后台运行 pid=3990697，详见 /home/yeqi3/cyr/code/LaBraM/log/20251030_0811.log
[2025-10-30 08:12:02] 启动 'TrainCVLauncher.py' | CUDA_VISIBLE_DEVICES='5,6,7' | LOG='/home/yeqi3/cyr/code/LaBraM/log/20251030_0812.log'
[2025-10-30 08:12:02] 已后台运行 pid=3993942，详见 /home/yeqi3/cyr/code/LaBraM/log/20251030_0812.log
[2025-10-30 08:13:01] 启动 'TrainCVLauncher.py' | CUDA_VISIBLE_DEVICES='5,6,7' | LOG='/home/yeqi3/cyr/code/LaBraM/log/20251030_0813.log'
[2025-10-30 08:13:01] 已后台运行 pid=3996965，详见 /home/yeqi3/cyr/code/LaBraM/log/20251030_0813.log
[2025-10-30 08:14:02] 启动 'TrainCVLauncher.py' | CUDA_VISIBLE_DEVICES='5,6,7' | LOG='/home/yeqi3/cyr/code/LaBraM/log/20251030_0814.log'
[2025-10-30 08:14:02] 已后台运行 pid=4000222，详见 /home/yeqi3/cyr/code/LaBraM/log/20251030_0814.log
[2025-10-30 08:15:01] 启动 'TrainCVLauncher.py' | CUDA_VISIBLE_DEVICES='5,6,7' | LOG='/home/yeqi3/cyr/code/LaBraM/log/20251030_0815.log'
[2025-10-30 08:15:01] 已后台运行 pid=4003362，详见 /home/yeqi3/cyr/code/LaBraM/log/20251030_0815.log
[2025-10-30 08:16:01] 启动 'TrainCVLauncher.py' | CUDA_VISIBLE_DEVICES='5,6,7' | LOG='/home/yeqi3/cyr/code/LaBraM/log/20251030_0816.log'
[2025-10-30 08:16:01] 已后台运行 pid=4006577，详见 /home/yeqi3/cyr/code/LaBraM/log/20251030_0816.log
[2025-10-30 08:17:02] 启动 'TrainCVLauncher.py' | CUDA_VISIBLE_DEVICES='5,6,7' | LOG='/home/yeqi3/cyr/code/LaBraM/log/20251030_0817.log'
[2025-10-30 08:17:02] 已后台运行 pid=4009733，详见 /home/yeqi3/cyr/code/LaBraM/log/20251030_0817.log
[2025-10-30 08:18:01] 启动 'TrainCVLauncher.py' | CUDA_VISIBLE_DEVICES='5,6,7' | LOG='/home/yeqi3/cyr/code/LaBraM/log/20251030_0818.log'
[2025-10-30 08:18:01] 已后台运行 pid=4012879，详见 /home/yeqi3/cyr/code/LaBraM/log/20251030_0818.log
[2025-10-30 08:19:01] 启动 'TrainCVLauncher.py' | CUDA_VISIBLE_DEVICES='5,6,7' | LOG='/home/yeqi3/cyr/code/LaBraM/log/20251030_0819.log'
[2025-10-30 08:19:01] 已后台运行 pid=4016018，详见 /home/yeqi3/cyr/code/LaBraM/log/20251030_0819.log
[2025-10-30 08:20:02] 启动 'TrainCVLauncher.py' | CUDA_VISIBLE_DEVICES='5,6,7' | LOG='/home/yeqi3/cyr/code/LaBraM/log/20251030_0820.log'
[2025-10-30 08:20:02] 已后台运行 pid=4019319，详见 /home/yeqi3/cyr/code/LaBraM/log/20251030_0820.log
[2025-10-30 08:21:01] 启动 'TrainCVLauncher.py' | CUDA_VISIBLE_DEVICES='5,6,7' | LOG='/home/yeqi3/cyr/code/LaBraM/log/20251030_0821.log'
[2025-10-30 08:21:01] 已后台运行 pid=4022535，详见 /home/yeqi3/cyr/code/LaBraM/log/20251030_0821.log
[2025-10-30 08:22:01] 启动 'TrainCVLauncher.py' | CUDA_VISIBLE_DEVICES='5,6,7' | LOG='/home/yeqi3/cyr/code/LaBraM/log/20251030_0822.log'
[2025-10-30 08:22:01] 已后台运行 pid=4025691，详见 /home/yeqi3/cyr/code/LaBraM/log/20251030_0822.log
[2025-10-30 08:23:02] 启动 'TrainCVLauncher.py' | CUDA_VISIBLE_DEVICES='5,6,7' | LOG='/home/yeqi3/cyr/code/LaBraM/log/20251030_0823.log'
[2025-10-30 08:23:02] 已后台运行 pid=4028827，详见 /home/yeqi3/cyr/code/LaBraM/log/20251030_0823.log
[2025-10-30 08:24:01] 启动 'TrainCVLauncher.py' | CUDA_VISIBLE_DEVICES='5,6,7' | LOG='/home/yeqi3/cyr/code/LaBraM/log/20251030_0824.log'
[2025-10-30 08:24:01] 已后台运行 pid=4031868，详见 /home/yeqi3/cyr/code/LaBraM/log/20251030_0824.log
[2025-10-30 08:25:02] 启动 'TrainCVLauncher.py' | CUDA_VISIBLE_DEVICES='5,6,7' | LOG='/home/yeqi3/cyr/code/LaBraM/log/20251030_0825.log'
[2025-10-30 08:25:02] 已后台运行 pid=4035112，详见 /home/yeqi3/cyr/code/LaBraM/log/20251030_0825.log
[2025-10-30 08:26:01] 启动 'TrainCVLauncher.py' | CUDA_VISIBLE_DEVICES='5,6,7' | LOG='/home/yeqi3/cyr/code/LaBraM/log/20251030_0826.log'
[2025-10-30 08:26:01] 已后台运行 pid=4038215，详见 /home/yeqi3/cyr/code/LaBraM/log/20251030_0826.log
[2025-10-30 08:27:01] 启动 'TrainCVLauncher.py' | CUDA_VISIBLE_DEVICES='5,6,7' | LOG='/home/yeqi3/cyr/code/LaBraM/log/20251030_0827.log'
[2025-10-30 08:27:01] 已后台运行 pid=4041352，详见 /home/yeqi3/cyr/code/LaBraM/log/20251030_0827.log
[2025-10-30 08:28:02] 启动 'TrainCVLauncher.py' | CUDA_VISIBLE_DEVICES='5,6,7' | LOG='/home/yeqi3/cyr/code/LaBraM/log/20251030_0828.log'
[2025-10-30 08:28:02] 已后台运行 pid=4044599，详见 /home/yeqi3/cyr/code/LaBraM/log/20251030_0828.log
[2025-10-30 08:29:01] 启动 'TrainCVLauncher.py' | CUDA_VISIBLE_DEVICES='5,6,7' | LOG='/home/yeqi3/cyr/code/LaBraM/log/20251030_0829.log'
[2025-10-30 08:29:01] 已后台运行 pid=4047585，详见 /home/yeqi3/cyr/code/LaBraM/log/20251030_0829.log
[2025-10-30 08:30:02] 启动 'TrainCVLauncher.py' | CUDA_VISIBLE_DEVICES='5,6,7' | LOG='/home/yeqi3/cyr/code/LaBraM/log/20251030_0830.log'
[2025-10-30 08:30:02] 已后台运行 pid=4051052，详见 /home/yeqi3/cyr/code/LaBraM/log/20251030_0830.log
[2025-10-30 08:31:02] 启动 'TrainCVLauncher.py' | CUDA_VISIBLE_DEVICES='5,6,7' | LOG='/home/yeqi3/cyr/code/LaBraM/log/20251030_0831.log'
[2025-10-30 08:31:02] 已后台运行 pid=4054281，详见 /home/yeqi3/cyr/code/LaBraM/log/20251030_0831.log
[2025-10-30 08:32:01] 启动 'TrainCVLauncher.py' | CUDA_VISIBLE_DEVICES='5,6,7' | LOG='/home/yeqi3/cyr/code/LaBraM/log/20251030_0832.log'
[2025-10-30 08:32:01] 已后台运行 pid=4057373，详见 /home/yeqi3/cyr/code/LaBraM/log/20251030_0832.log
[2025-10-30 08:33:02] 启动 'TrainCVLauncher.py' | CUDA_VISIBLE_DEVICES='5,6,7' | LOG='/home/yeqi3/cyr/code/LaBraM/log/20251030_0833.log'
[2025-10-30 08:33:02] 已后台运行 pid=4060525，详见 /home/yeqi3/cyr/code/LaBraM/log/20251030_0833.log
[2025-10-30 08:34:01] 启动 'TrainCVLauncher.py' | CUDA_VISIBLE_DEVICES='5,6,7' | LOG='/home/yeqi3/cyr/code/LaBraM/log/20251030_0834.log'
[2025-10-30 08:34:01] 已后台运行 pid=4063666，详见 /home/yeqi3/cyr/code/LaBraM/log/20251030_0834.log
[2025-10-30 08:35:01] 启动 'TrainCVLauncher.py' | CUDA_VISIBLE_DEVICES='5,6,7' | LOG='/home/yeqi3/cyr/code/LaBraM/log/20251030_0835.log'
[2025-10-30 08:35:01] 已后台运行 pid=4066922，详见 /home/yeqi3/cyr/code/LaBraM/log/20251030_0835.log
[2025-10-30 08:36:02] 启动 'TrainCVLauncher.py' | CUDA_VISIBLE_DEVICES='5,6,7' | LOG='/home/yeqi3/cyr/code/LaBraM/log/20251030_0836.log'
[2025-10-30 08:36:02] 已后台运行 pid=4070053，详见 /home/yeqi3/cyr/code/LaBraM/log/20251030_0836.log
[2025-10-30 08:37:01] 启动 'TrainCVLauncher.py' | CUDA_VISIBLE_DEVICES='5,6,7' | LOG='/home/yeqi3/cyr/code/LaBraM/log/20251030_0837.log'
[2025-10-30 08:37:01] 已后台运行 pid=4073199，详见 /home/yeqi3/cyr/code/LaBraM/log/20251030_0837.log
[2025-10-30 08:38:02] 启动 'TrainCVLauncher.py' | CUDA_VISIBLE_DEVICES='5,6,7' | LOG='/home/yeqi3/cyr/code/LaBraM/log/20251030_0838.log'
[2025-10-30 08:38:02] 已后台运行 pid=4076341，详见 /home/yeqi3/cyr/code/LaBraM/log/20251030_0838.log
[2025-10-30 08:39:01] 启动 'TrainCVLauncher.py' | CUDA_VISIBLE_DEVICES='5,6,7' | LOG='/home/yeqi3/cyr/code/LaBraM/log/20251030_0839.log'
[2025-10-30 08:39:01] 已后台运行 pid=4079491，详见 /home/yeqi3/cyr/code/LaBraM/log/20251030_0839.log
[2025-10-30 08:40:01] 启动 'TrainCVLauncher.py' | CUDA_VISIBLE_DEVICES='5,6,7' | LOG='/home/yeqi3/cyr/code/LaBraM/log/20251030_0840.log'
[2025-10-30 08:40:01] 已后台运行 pid=4082812，详见 /home/yeqi3/cyr/code/LaBraM/log/20251030_0840.log
[2025-10-30 08:41:02] 启动 'TrainCVLauncher.py' | CUDA_VISIBLE_DEVICES='5,6,7' | LOG='/home/yeqi3/cyr/code/LaBraM/log/20251030_0841.log'
[2025-10-30 08:41:02] 已后台运行 pid=4086077，详见 /home/yeqi3/cyr/code/LaBraM/log/20251030_0841.log
[2025-10-30 08:42:01] 启动 'TrainCVLauncher.py' | CUDA_VISIBLE_DEVICES='5,6,7' | LOG='/home/yeqi3/cyr/code/LaBraM/log/20251030_0842.log'
[2025-10-30 08:42:01] 已后台运行 pid=4089161，详见 /home/yeqi3/cyr/code/LaBraM/log/20251030_0842.log
[2025-10-30 08:43:01] 启动 'TrainCVLauncher.py' | CUDA_VISIBLE_DEVICES='5,6,7' | LOG='/home/yeqi3/cyr/code/LaBraM/log/20251030_0843.log'
[2025-10-30 08:43:01] 已后台运行 pid=4092438，详见 /home/yeqi3/cyr/code/LaBraM/log/20251030_0843.log
[2025-10-30 08:44:02] 启动 'TrainCVLauncher.py' | CUDA_VISIBLE_DEVICES='5,6,7' | LOG='/home/yeqi3/cyr/code/LaBraM/log/20251030_0844.log'
[2025-10-30 08:44:02] 已后台运行 pid=4095591，详见 /home/yeqi3/cyr/code/LaBraM/log/20251030_0844.log
[2025-10-30 08:45:01] 启动 'TrainCVLauncher.py' | CUDA_VISIBLE_DEVICES='5,6,7' | LOG='/home/yeqi3/cyr/code/LaBraM/log/20251030_0845.log'
[2025-10-30 08:45:01] 已后台运行 pid=4098818，详见 /home/yeqi3/cyr/code/LaBraM/log/20251030_0845.log
[2025-10-30 08:46:02] 启动 'TrainCVLauncher.py' | CUDA_VISIBLE_DEVICES='5,6,7' | LOG='/home/yeqi3/cyr/code/LaBraM/log/20251030_0846.log'
[2025-10-30 08:46:02] 已后台运行 pid=4102294，详见 /home/yeqi3/cyr/code/LaBraM/log/20251030_0846.log
[2025-10-30 08:47:01] 启动 'TrainCVLauncher.py' | CUDA_VISIBLE_DEVICES='5,6,7' | LOG='/home/yeqi3/cyr/code/LaBraM/log/20251030_0847.log'
[2025-10-30 08:47:01] 已后台运行 pid=4105410，详见 /home/yeqi3/cyr/code/LaBraM/log/20251030_0847.log
[2025-10-30 08:48:01] 启动 'TrainCVLauncher.py' | CUDA_VISIBLE_DEVICES='5,6,7' | LOG='/home/yeqi3/cyr/code/LaBraM/log/20251030_0848.log'
[2025-10-30 08:48:01] 已后台运行 pid=4108564，详见 /home/yeqi3/cyr/code/LaBraM/log/20251030_0848.log
[2025-10-30 08:49:02] 启动 'TrainCVLauncher.py' | CUDA_VISIBLE_DEVICES='5,6,7' | LOG='/home/yeqi3/cyr/code/LaBraM/log/20251030_0849.log'
[2025-10-30 08:49:02] 已后台运行 pid=4111714，详见 /home/yeqi3/cyr/code/LaBraM/log/20251030_0849.log
[2025-10-30 08:50:01] 启动 'TrainCVLauncher.py' | CUDA_VISIBLE_DEVICES='5,6,7' | LOG='/home/yeqi3/cyr/code/LaBraM/log/20251030_0850.log'
[2025-10-30 08:50:01] 已后台运行 pid=4114982，详见 /home/yeqi3/cyr/code/LaBraM/log/20251030_0850.log
[2025-10-30 08:51:02] 启动 'TrainCVLauncher.py' | CUDA_VISIBLE_DEVICES='5,6,7' | LOG='/home/yeqi3/cyr/code/LaBraM/log/20251030_0851.log'
[2025-10-30 08:51:02] 已后台运行 pid=4118236，详见 /home/yeqi3/cyr/code/LaBraM/log/20251030_0851.log
[2025-10-30 08:52:01] 启动 'TrainCVLauncher.py' | CUDA_VISIBLE_DEVICES='5,6,7' | LOG='/home/yeqi3/cyr/code/LaBraM/log/20251030_0852.log'
[2025-10-30 08:52:01] 已后台运行 pid=4121364，详见 /home/yeqi3/cyr/code/LaBraM/log/20251030_0852.log
[2025-10-30 08:53:01] 启动 'TrainCVLauncher.py' | CUDA_VISIBLE_DEVICES='5,6,7' | LOG='/home/yeqi3/cyr/code/LaBraM/log/20251030_0853.log'
[2025-10-30 08:53:01] 已后台运行 pid=4124525，详见 /home/yeqi3/cyr/code/LaBraM/log/20251030_0853.log
[2025-10-30 08:54:02] 启动 'TrainCVLauncher.py' | CUDA_VISIBLE_DEVICES='5,6,7' | LOG='/home/yeqi3/cyr/code/LaBraM/log/20251030_0854.log'
[2025-10-30 08:54:02] 已后台运行 pid=4127661，详见 /home/yeqi3/cyr/code/LaBraM/log/20251030_0854.log
[2025-10-30 08:55:01] 启动 'TrainCVLauncher.py' | CUDA_VISIBLE_DEVICES='5,6,7' | LOG='/home/yeqi3/cyr/code/LaBraM/log/20251030_0855.log'
[2025-10-30 08:55:01] 已后台运行 pid=4130915，详见 /home/yeqi3/cyr/code/LaBraM/log/20251030_0855.log
[2025-10-30 08:56:02] 启动 'TrainCVLauncher.py' | CUDA_VISIBLE_DEVICES='5,6,7' | LOG='/home/yeqi3/cyr/code/LaBraM/log/20251030_0856.log'
[2025-10-30 08:56:02] 已后台运行 pid=4134055，详见 /home/yeqi3/cyr/code/LaBraM/log/20251030_0856.log
[2025-10-30 08:57:01] 启动 'TrainCVLauncher.py' | CUDA_VISIBLE_DEVICES='5,6,7' | LOG='/home/yeqi3/cyr/code/LaBraM/log/20251030_0857.log'
[2025-10-30 08:57:01] 已后台运行 pid=4137198，详见 /home/yeqi3/cyr/code/LaBraM/log/20251030_0857.log
[2025-10-30 08:58:01] 启动 'TrainCVLauncher.py' | CUDA_VISIBLE_DEVICES='5,6,7' | LOG='/home/yeqi3/cyr/code/LaBraM/log/20251030_0858.log'
[2025-10-30 08:58:01] 已后台运行 pid=4140491，详见 /home/yeqi3/cyr/code/LaBraM/log/20251030_0858.log
[2025-10-30 08:59:02] 启动 'TrainCVLauncher.py' | CUDA_VISIBLE_DEVICES='5,6,7' | LOG='/home/yeqi3/cyr/code/LaBraM/log/20251030_0859.log'
[2025-10-30 08:59:02] 已后台运行 pid=4143617，详见 /home/yeqi3/cyr/code/LaBraM/log/20251030_0859.log
[2025-10-30 09:00:01] 启动 'TrainCVLauncher.py' | CUDA_VISIBLE_DEVICES='5,6,7' | LOG='/home/yeqi3/cyr/code/LaBraM/log/20251030_0900.log'
[2025-10-30 09:00:01] 已后台运行 pid=4146931，详见 /home/yeqi3/cyr/code/LaBraM/log/20251030_0900.log
[2025-10-30 09:01:01] 启动 'TrainCVLauncher.py' | CUDA_VISIBLE_DEVICES='5,6,7' | LOG='/home/yeqi3/cyr/code/LaBraM/log/20251030_0901.log'
[2025-10-30 09:01:01] 已后台运行 pid=4150118，详见 /home/yeqi3/cyr/code/LaBraM/log/20251030_0901.log
[2025-10-30 09:02:02] 启动 'TrainCVLauncher.py' | CUDA_VISIBLE_DEVICES='5,6,7' | LOG='/home/yeqi3/cyr/code/LaBraM/log/20251030_0902.log'
[2025-10-30 09:02:02] 已后台运行 pid=4153226，详见 /home/yeqi3/cyr/code/LaBraM/log/20251030_0902.log
[2025-10-30 09:03:01] 启动 'TrainCVLauncher.py' | CUDA_VISIBLE_DEVICES='5,6,7' | LOG='/home/yeqi3/cyr/code/LaBraM/log/20251030_0903.log'
[2025-10-30 09:03:01] 已后台运行 pid=4156331，详见 /home/yeqi3/cyr/code/LaBraM/log/20251030_0903.log
[2025-10-30 09:04:02] 启动 'TrainCVLauncher.py' | CUDA_VISIBLE_DEVICES='5,6,7' | LOG='/home/yeqi3/cyr/code/LaBraM/log/20251030_0904.log'
[2025-10-30 09:04:02] 已后台运行 pid=4159447，详见 /home/yeqi3/cyr/code/LaBraM/log/20251030_0904.log
[2025-10-30 09:05:01] 启动 'TrainCVLauncher.py' | CUDA_VISIBLE_DEVICES='5,6,7' | LOG='/home/yeqi3/cyr/code/LaBraM/log/20251030_0905.log'
[2025-10-30 09:05:01] 已后台运行 pid=4162663，详见 /home/yeqi3/cyr/code/LaBraM/log/20251030_0905.log
[2025-10-30 09:06:01] 启动 'TrainCVLauncher.py' | CUDA_VISIBLE_DEVICES='5,6,7' | LOG='/home/yeqi3/cyr/code/LaBraM/log/20251030_0906.log'
[2025-10-30 09:06:01] 已后台运行 pid=4165794，详见 /home/yeqi3/cyr/code/LaBraM/log/20251030_0906.log
[2025-10-30 09:07:02] 启动 'TrainCVLauncher.py' | CUDA_VISIBLE_DEVICES='5,6,7' | LOG='/home/yeqi3/cyr/code/LaBraM/log/20251030_0907.log'
[2025-10-30 09:07:02] 已后台运行 pid=4168898，详见 /home/yeqi3/cyr/code/LaBraM/log/20251030_0907.log
[2025-10-30 09:08:01] 启动 'TrainCVLauncher.py' | CUDA_VISIBLE_DEVICES='5,6,7' | LOG='/home/yeqi3/cyr/code/LaBraM/log/20251030_0908.log'
[2025-10-30 09:08:01] 已后台运行 pid=4171966，详见 /home/yeqi3/cyr/code/LaBraM/log/20251030_0908.log
[2025-10-30 09:09:02] 启动 'TrainCVLauncher.py' | CUDA_VISIBLE_DEVICES='5,6,7' | LOG='/home/yeqi3/cyr/code/LaBraM/log/20251030_0909.log'
[2025-10-30 09:09:02] 已后台运行 pid=4175113，详见 /home/yeqi3/cyr/code/LaBraM/log/20251030_0909.log
[2025-10-30 09:10:01] 启动 'TrainCVLauncher.py' | CUDA_VISIBLE_DEVICES='5,6,7' | LOG='/home/yeqi3/cyr/code/LaBraM/log/20251030_0910.log'
[2025-10-30 09:10:01] 已后台运行 pid=4178341，详见 /home/yeqi3/cyr/code/LaBraM/log/20251030_0910.log
[2025-10-30 09:11:01] 启动 'TrainCVLauncher.py' | CUDA_VISIBLE_DEVICES='5,6,7' | LOG='/home/yeqi3/cyr/code/LaBraM/log/20251030_0911.log'
[2025-10-30 09:11:01] 已后台运行 pid=4181553，详见 /home/yeqi3/cyr/code/LaBraM/log/20251030_0911.log
[2025-10-30 09:12:01] 启动 'TrainCVLauncher.py' | CUDA_VISIBLE_DEVICES='5,6,7' | LOG='/home/yeqi3/cyr/code/LaBraM/log/20251030_0912.log'
[2025-10-30 09:12:01] 已后台运行 pid=4184810，详见 /home/yeqi3/cyr/code/LaBraM/log/20251030_0912.log
[2025-10-30 09:13:02] 启动 'TrainCVLauncher.py' | CUDA_VISIBLE_DEVICES='5,6,7' | LOG='/home/yeqi3/cyr/code/LaBraM/log/20251030_0913.log'
[2025-10-30 09:13:02] 已后台运行 pid=4187937，详见 /home/yeqi3/cyr/code/LaBraM/log/20251030_0913.log
[2025-10-30 09:14:01] 启动 'TrainCVLauncher.py' | CUDA_VISIBLE_DEVICES='5,6,7' | LOG='/home/yeqi3/cyr/code/LaBraM/log/20251030_0914.log'
[2025-10-30 09:14:01] 已后台运行 pid=4191024，详见 /home/yeqi3/cyr/code/LaBraM/log/20251030_0914.log
[2025-10-30 09:15:02] 启动 'TrainCVLauncher.py' | CUDA_VISIBLE_DEVICES='5,6,7' | LOG='/home/yeqi3/cyr/code/LaBraM/log/20251030_0915.log'
[2025-10-30 09:15:02] 已后台运行 pid=4194225，详见 /home/yeqi3/cyr/code/LaBraM/log/20251030_0915.log
[2025-10-30 09:16:01] 启动 'TrainCVLauncher.py' | CUDA_VISIBLE_DEVICES='5,6,7' | LOG='/home/yeqi3/cyr/code/LaBraM/log/20251030_0916.log'
[2025-10-30 09:16:01] 已后台运行 pid=4113，详见 /home/yeqi3/cyr/code/LaBraM/log/20251030_0916.log
[2025-10-30 09:17:01] 启动 'TrainCVLauncher.py' | CUDA_VISIBLE_DEVICES='5,6,7' | LOG='/home/yeqi3/cyr/code/LaBraM/log/20251030_0917.log'
[2025-10-30 09:17:01] 已后台运行 pid=7408，详见 /home/yeqi3/cyr/code/LaBraM/log/20251030_0917.log
[2025-10-30 09:18:02] 启动 'TrainCVLauncher.py' | CUDA_VISIBLE_DEVICES='5,6,7' | LOG='/home/yeqi3/cyr/code/LaBraM/log/20251030_0918.log'
[2025-10-30 09:18:02] 已后台运行 pid=10567，详见 /home/yeqi3/cyr/code/LaBraM/log/20251030_0918.log
[2025-10-30 09:19:01] 启动 'TrainCVLauncher.py' | CUDA_VISIBLE_DEVICES='5,6,7' | LOG='/home/yeqi3/cyr/code/LaBraM/log/20251030_0919.log'
[2025-10-30 09:19:01] 已后台运行 pid=13673，详见 /home/yeqi3/cyr/code/LaBraM/log/20251030_0919.log
[2025-10-30 09:20:02] 启动 'TrainCVLauncher.py' | CUDA_VISIBLE_DEVICES='5,6,7' | LOG='/home/yeqi3/cyr/code/LaBraM/log/20251030_0920.log'
[2025-10-30 09:20:02] 已后台运行 pid=16980，详见 /home/yeqi3/cyr/code/LaBraM/log/20251030_0920.log
[2025-10-30 09:21:02] 启动 'TrainCVLauncher.py' | CUDA_VISIBLE_DEVICES='5,6,7' | LOG='/home/yeqi3/cyr/code/LaBraM/log/20251030_0921.log'
[2025-10-30 09:21:02] 已后台运行 pid=20097，详见 /home/yeqi3/cyr/code/LaBraM/log/20251030_0921.log
[2025-10-30 09:22:01] 启动 'TrainCVLauncher.py' | CUDA_VISIBLE_DEVICES='5,6,7' | LOG='/home/yeqi3/cyr/code/LaBraM/log/20251030_0922.log'
[2025-10-30 09:22:01] 已后台运行 pid=23128，详见 /home/yeqi3/cyr/code/LaBraM/log/20251030_0922.log
[2025-10-30 09:23:01] 启动 'TrainCVLauncher.py' | CUDA_VISIBLE_DEVICES='5,6,7' | LOG='/home/yeqi3/cyr/code/LaBraM/log/20251030_0923.log'
[2025-10-30 09:23:01] 已后台运行 pid=26184，详见 /home/yeqi3/cyr/code/LaBraM/log/20251030_0923.log
[2025-10-30 09:24:02] 启动 'TrainCVLauncher.py' | CUDA_VISIBLE_DEVICES='5,6,7' | LOG='/home/yeqi3/cyr/code/LaBraM/log/20251030_0924.log'
[2025-10-30 09:24:02] 已后台运行 pid=29261，详见 /home/yeqi3/cyr/code/LaBraM/log/20251030_0924.log
[2025-10-30 09:25:01] 启动 'TrainCVLauncher.py' | CUDA_VISIBLE_DEVICES='5,6,7' | LOG='/home/yeqi3/cyr/code/LaBraM/log/20251030_0925.log'
[2025-10-30 09:25:01] 已后台运行 pid=32403，详见 /home/yeqi3/cyr/code/LaBraM/log/20251030_0925.log
[2025-10-30 09:26:02] 启动 'TrainCVLauncher.py' | CUDA_VISIBLE_DEVICES='5,6,7' | LOG='/home/yeqi3/cyr/code/LaBraM/log/20251030_0926.log'
[2025-10-30 09:26:02] 已后台运行 pid=35586，详见 /home/yeqi3/cyr/code/LaBraM/log/20251030_0926.log
[2025-10-30 09:27:01] 启动 'TrainCVLauncher.py' | CUDA_VISIBLE_DEVICES='5,6,7' | LOG='/home/yeqi3/cyr/code/LaBraM/log/20251030_0927.log'
[2025-10-30 09:27:01] 已后台运行 pid=38581，详见 /home/yeqi3/cyr/code/LaBraM/log/20251030_0927.log
[2025-10-30 09:28:01] 启动 'TrainCVLauncher.py' | CUDA_VISIBLE_DEVICES='5,6,7' | LOG='/home/yeqi3/cyr/code/LaBraM/log/20251030_0928.log'
[2025-10-30 09:28:01] 已后台运行 pid=41651，详见 /home/yeqi3/cyr/code/LaBraM/log/20251030_0928.log
[2025-10-30 09:29:02] 启动 'TrainCVLauncher.py' | CUDA_VISIBLE_DEVICES='5,6,7' | LOG='/home/yeqi3/cyr/code/LaBraM/log/20251030_0929.log'
[2025-10-30 09:29:02] 已后台运行 pid=44686，详见 /home/yeqi3/cyr/code/LaBraM/log/20251030_0929.log
[2025-10-30 09:30:01] 启动 'TrainCVLauncher.py' | CUDA_VISIBLE_DEVICES='5,6,7' | LOG='/home/yeqi3/cyr/code/LaBraM/log/20251030_0930.log'
[2025-10-30 09:30:01] 已后台运行 pid=47894，详见 /home/yeqi3/cyr/code/LaBraM/log/20251030_0930.log
[2025-10-30 09:31:02] 启动 'TrainCVLauncher.py' | CUDA_VISIBLE_DEVICES='5,6,7' | LOG='/home/yeqi3/cyr/code/LaBraM/log/20251030_0931.log'
[2025-10-30 09:31:02] 已后台运行 pid=51384，详见 /home/yeqi3/cyr/code/LaBraM/log/20251030_0931.log
[2025-10-30 09:32:01] 启动 'TrainCVLauncher.py' | CUDA_VISIBLE_DEVICES='5,6,7' | LOG='/home/yeqi3/cyr/code/LaBraM/log/20251030_0932.log'
[2025-10-30 09:32:01] 已后台运行 pid=54434，详见 /home/yeqi3/cyr/code/LaBraM/log/20251030_0932.log
[2025-10-30 09:33:01] 启动 'TrainCVLauncher.py' | CUDA_VISIBLE_DEVICES='5,6,7' | LOG='/home/yeqi3/cyr/code/LaBraM/log/20251030_0933.log'
[2025-10-30 09:33:01] 已后台运行 pid=57479，详见 /home/yeqi3/cyr/code/LaBraM/log/20251030_0933.log
[2025-10-30 09:34:02] 启动 'TrainCVLauncher.py' | CUDA_VISIBLE_DEVICES='5,6,7' | LOG='/home/yeqi3/cyr/code/LaBraM/log/20251030_0934.log'
[2025-10-30 09:34:02] 已后台运行 pid=60510，详见 /home/yeqi3/cyr/code/LaBraM/log/20251030_0934.log
[2025-10-30 09:35:01] 启动 'TrainCVLauncher.py' | CUDA_VISIBLE_DEVICES='5,6,7' | LOG='/home/yeqi3/cyr/code/LaBraM/log/20251030_0935.log'
[2025-10-30 09:35:01] 已后台运行 pid=63647，详见 /home/yeqi3/cyr/code/LaBraM/log/20251030_0935.log
[2025-10-30 09:36:01] 启动 'TrainCVLauncher.py' | CUDA_VISIBLE_DEVICES='5,6,7' | LOG='/home/yeqi3/cyr/code/LaBraM/log/20251030_0936.log'
[2025-10-30 09:36:01] 已后台运行 pid=66695，详见 /home/yeqi3/cyr/code/LaBraM/log/20251030_0936.log
[2025-10-30 09:37:02] 启动 'TrainCVLauncher.py' | CUDA_VISIBLE_DEVICES='5,6,7' | LOG='/home/yeqi3/cyr/code/LaBraM/log/20251030_0937.log'
[2025-10-30 09:37:02] 已后台运行 pid=69736，详见 /home/yeqi3/cyr/code/LaBraM/log/20251030_0937.log
[2025-10-30 09:38:01] 启动 'TrainCVLauncher.py' | CUDA_VISIBLE_DEVICES='5,6,7' | LOG='/home/yeqi3/cyr/code/LaBraM/log/20251030_0938.log'
[2025-10-30 09:38:01] 已后台运行 pid=72762，详见 /home/yeqi3/cyr/code/LaBraM/log/20251030_0938.log
[2025-10-30 09:39:02] 启动 'TrainCVLauncher.py' | CUDA_VISIBLE_DEVICES='5,6,7' | LOG='/home/yeqi3/cyr/code/LaBraM/log/20251030_0939.log'
[2025-10-30 09:39:02] 已后台运行 pid=75891，详见 /home/yeqi3/cyr/code/LaBraM/log/20251030_0939.log
[2025-10-30 09:40:01] 启动 'TrainCVLauncher.py' | CUDA_VISIBLE_DEVICES='5,6,7' | LOG='/home/yeqi3/cyr/code/LaBraM/log/20251030_0940.log'
[2025-10-30 09:40:01] 已后台运行 pid=79000，详见 /home/yeqi3/cyr/code/LaBraM/log/20251030_0940.log
[2025-10-30 09:41:01] 启动 'TrainCVLauncher.py' | CUDA_VISIBLE_DEVICES='5,6,7' | LOG='/home/yeqi3/cyr/code/LaBraM/log/20251030_0941.log'
[2025-10-30 09:41:01] 已后台运行 pid=82294，详见 /home/yeqi3/cyr/code/LaBraM/log/20251030_0941.log
[2025-10-30 09:42:02] 启动 'TrainCVLauncher.py' | CUDA_VISIBLE_DEVICES='5,6,7' | LOG='/home/yeqi3/cyr/code/LaBraM/log/20251030_0942.log'
[2025-10-30 09:42:02] 已后台运行 pid=85341，详见 /home/yeqi3/cyr/code/LaBraM/log/20251030_0942.log
[2025-10-30 09:43:01] 启动 'TrainCVLauncher.py' | CUDA_VISIBLE_DEVICES='5,6,7' | LOG='/home/yeqi3/cyr/code/LaBraM/log/20251030_0943.log'
[2025-10-30 09:43:01] 已后台运行 pid=88371，详见 /home/yeqi3/cyr/code/LaBraM/log/20251030_0943.log
[2025-10-30 09:44:02] 启动 'TrainCVLauncher.py' | CUDA_VISIBLE_DEVICES='5,6,7' | LOG='/home/yeqi3/cyr/code/LaBraM/log/20251030_0944.log'
[2025-10-30 09:44:02] 已后台运行 pid=91428，详见 /home/yeqi3/cyr/code/LaBraM/log/20251030_0944.log
[2025-10-30 09:45:01] 启动 'TrainCVLauncher.py' | CUDA_VISIBLE_DEVICES='5,6,7' | LOG='/home/yeqi3/cyr/code/LaBraM/log/20251030_0945.log'
[2025-10-30 09:45:01] 已后台运行 pid=94554，详见 /home/yeqi3/cyr/code/LaBraM/log/20251030_0945.log
[2025-10-30 09:46:01] 启动 'TrainCVLauncher.py' | CUDA_VISIBLE_DEVICES='5,6,7' | LOG='/home/yeqi3/cyr/code/LaBraM/log/20251030_0946.log'
[2025-10-30 09:46:01] 已后台运行 pid=97581，详见 /home/yeqi3/cyr/code/LaBraM/log/20251030_0946.log
[2025-10-30 09:47:02] 启动 'TrainCVLauncher.py' | CUDA_VISIBLE_DEVICES='5,6,7' | LOG='/home/yeqi3/cyr/code/LaBraM/log/20251030_0947.log'
[2025-10-30 09:47:02] 已后台运行 pid=100584，详见 /home/yeqi3/cyr/code/LaBraM/log/20251030_0947.log
[2025-10-30 09:48:01] 启动 'TrainCVLauncher.py' | CUDA_VISIBLE_DEVICES='5,6,7' | LOG='/home/yeqi3/cyr/code/LaBraM/log/20251030_0948.log'
[2025-10-30 09:48:01] 已后台运行 pid=103628，详见 /home/yeqi3/cyr/code/LaBraM/log/20251030_0948.log
[2025-10-30 09:49:02] 启动 'TrainCVLauncher.py' | CUDA_VISIBLE_DEVICES='5,6,7' | LOG='/home/yeqi3/cyr/code/LaBraM/log/20251030_0949.log'
[2025-10-30 09:49:02] 已后台运行 pid=106638，详见 /home/yeqi3/cyr/code/LaBraM/log/20251030_0949.log
[2025-10-30 09:50:01] 启动 'TrainCVLauncher.py' | CUDA_VISIBLE_DEVICES='5,6,7' | LOG='/home/yeqi3/cyr/code/LaBraM/log/20251030_0950.log'
[2025-10-30 09:50:01] 已后台运行 pid=109844，详见 /home/yeqi3/cyr/code/LaBraM/log/20251030_0950.log
[2025-10-30 09:51:01] 启动 'TrainCVLauncher.py' | CUDA_VISIBLE_DEVICES='5,6,7' | LOG='/home/yeqi3/cyr/code/LaBraM/log/20251030_0951.log'
[2025-10-30 09:51:01] 已后台运行 pid=113005，详见 /home/yeqi3/cyr/code/LaBraM/log/20251030_0951.log
[2025-10-30 09:52:02] 启动 'TrainCVLauncher.py' | CUDA_VISIBLE_DEVICES='5,6,7' | LOG='/home/yeqi3/cyr/code/LaBraM/log/20251030_0952.log'
[2025-10-30 09:52:02] 已后台运行 pid=116181，详见 /home/yeqi3/cyr/code/LaBraM/log/20251030_0952.log
[2025-10-30 09:53:01] 启动 'TrainCVLauncher.py' | CUDA_VISIBLE_DEVICES='5,6,7' | LOG='/home/yeqi3/cyr/code/LaBraM/log/20251030_0953.log'
[2025-10-30 09:53:01] 已后台运行 pid=119908，详见 /home/yeqi3/cyr/code/LaBraM/log/20251030_0953.log
[2025-10-30 10:00:02] 启动 'TrainCVLauncher.py' | CUDA_VISIBLE_DEVICES='5,6,7' | LOG='/home/yeqi3/cyr/code/LaBraM/log/20251030_1000.log'
[2025-10-30 10:00:02] 已后台运行 pid=141345，详见 /home/yeqi3/cyr/code/LaBraM/log/20251030_1000.log
[2025-10-30 11:00:02] 启动 'TrainCVLauncher.py' | CUDA_VISIBLE_DEVICES='5,6,7' | LOG='/home/yeqi3/cyr/code/LaBraM/log/20251030_1100.log'
[2025-10-30 11:00:02] 已后台运行 pid=310308，详见 /home/yeqi3/cyr/code/LaBraM/log/20251030_1100.log
[2025-10-30 11:33:01] 启动 'TrainCVLauncher.py' | CUDA_VISIBLE_DEVICES='5,6,7' | LOG='/home/yeqi3/cyr/code/LaBraM/log/20251030_1133.log'
[2025-10-30 11:33:01] 已后台运行 pid=404300，详见 /home/yeqi3/cyr/code/LaBraM/log/20251030_1133.log
[2025-10-30 11:34:02] 启动 'TrainCVLauncher.py' | CUDA_VISIBLE_DEVICES='5,6,7' | LOG='/home/yeqi3/cyr/code/LaBraM/log/20251030_1134.log'
[2025-10-30 11:34:02] 已后台运行 pid=411226，详见 /home/yeqi3/cyr/code/LaBraM/log/20251030_1134.log
[2025-10-30 11:35:56] 启动 'TrainCVLauncher.py' | CUDA_VISIBLE_DEVICES='5,6,7' | LOG='/home/yeqi3/cyr/code/LaBraM/log/20251030_1135.log'
[2025-10-30 11:35:56] 已后台运行 pid=420828，详见 /home/yeqi3/cyr/code/LaBraM/log/20251030_1135.log
[2025-10-30 18:16:45] 启动 'TrainCVLauncher.py' | CUDA_VISIBLE_DEVICES='5,6,7' | LOG='/home/yeqi3/cyr/code/LaBraM/log/20251030_1816.log'
[2025-10-30 18:16:45] 已后台运行 pid=3787359，详见 /home/yeqi3/cyr/code/LaBraM/log/20251030_1816.log
[2025-10-30 18:17:25] 启动 'TrainCVLauncher.py' | CUDA_VISIBLE_DEVICES='5,6,7' | LOG='/home/yeqi3/cyr/code/LaBraM/log/20251030_1817.log'
[2025-10-30 18:17:25] 已后台运行 pid=3790282，详见 /home/yeqi3/cyr/code/LaBraM/log/20251030_1817.log
[2025-10-30 18:24:42] 启动 'TrainCVLauncher.py' | CUDA_VISIBLE_DEVICES='5,6,7' | LOG='/home/yeqi3/cyr/code/LaBraM/log/20251030_1824.log'
[2025-10-30 18:24:42] 已后台运行 pid=3810966，详见 /home/yeqi3/cyr/code/LaBraM/log/20251030_1824.log
[2025-10-30 18:29:33] 启动 'TrainCVLauncher.py' | CUDA_VISIBLE_DEVICES='5,6,7' | LOG='/home/yeqi3/cyr/code/LaBraM/log/20251030_1829.log'
[2025-10-30 18:29:33] 已后台运行 pid=3842722，详见 /home/yeqi3/cyr/code/LaBraM/log/20251030_1829.log
[2025-10-30 18:30:31] 启动 'TrainCVLauncher.py' | CUDA_VISIBLE_DEVICES='5,6,7' | LOG='/home/yeqi3/cyr/code/LaBraM/log/20251030_1830.log'
[2025-10-30 18:30:31] 已后台运行 pid=3847496，详见 /home/yeqi3/cyr/code/LaBraM/log/20251030_1830.log
[2025-10-30 18:31:01] 启动 'TrainCVLauncher.py' | CUDA_VISIBLE_DEVICES='5,6,7' | LOG='/home/yeqi3/cyr/code/LaBraM/log/20251030_1831.log'
[2025-10-30 18:31:01] 已后台运行 pid=3850192，详见 /home/yeqi3/cyr/code/LaBraM/log/20251030_1831.log
[2025-10-31 06:31:01] 启动 'TrainCVLauncher.py' | CUDA_VISIBLE_DEVICES='5,6,7' | LOG='/home/yeqi3/cyr/code/LaBraM/log/20251031_0631.log'
[2025-10-31 06:31:01] 已后台运行 pid=1306018，详见 /home/yeqi3/cyr/code/LaBraM/log/20251031_0631.log
[2025-10-31 06:35:02] 启动 'TrainCVLauncher.py' | CUDA_VISIBLE_DEVICES='5,6,7' | LOG='/home/yeqi3/cyr/code/LaBraM/log/20251031_0635.log'
[2025-10-31 06:35:02] 已后台运行 pid=1316184，详见 /home/yeqi3/cyr/code/LaBraM/log/20251031_0635.log
[2025-10-31 06:36:01] 启动 'TrainCVLauncher.py' | CUDA_VISIBLE_DEVICES='5,6,7' | LOG='/home/yeqi3/cyr/code/LaBraM/log/20251031_0636.log'
[2025-10-31 06:36:01] 已后台运行 pid=1318882，详见 /home/yeqi3/cyr/code/LaBraM/log/20251031_0636.log
[2025-10-31 06:37:01] 启动 'TrainCVLauncher.py' | CUDA_VISIBLE_DEVICES='5,6,7' | LOG='/home/yeqi3/cyr/code/LaBraM/log/20251031_0637.log'
[2025-10-31 06:37:01] 已后台运行 pid=1321664，详见 /home/yeqi3/cyr/code/LaBraM/log/20251031_0637.log
[2025-10-31 06:38:02] 启动 'TrainCVLauncher.py' | CUDA_VISIBLE_DEVICES='5,6,7' | LOG='/home/yeqi3/cyr/code/LaBraM/log/20251031_0638.log'
[2025-10-31 06:38:02] 已后台运行 pid=1324335，详见 /home/yeqi3/cyr/code/LaBraM/log/20251031_0638.log
[2025-10-31 06:39:01] 启动 'TrainCVLauncher.py' | CUDA_VISIBLE_DEVICES='5,6,7' | LOG='/home/yeqi3/cyr/code/LaBraM/log/20251031_0639.log'
[2025-10-31 06:39:01] 已后台运行 pid=1327030，详见 /home/yeqi3/cyr/code/LaBraM/log/20251031_0639.log
[2025-10-31 06:40:02] 启动 'TrainCVLauncher.py' | CUDA_VISIBLE_DEVICES='5,6,7' | LOG='/home/yeqi3/cyr/code/LaBraM/log/20251031_0640.log'
[2025-10-31 06:40:02] 已后台运行 pid=1329769，详见 /home/yeqi3/cyr/code/LaBraM/log/20251031_0640.log
[2025-10-31 06:41:02] 启动 'TrainCVLauncher.py' | CUDA_VISIBLE_DEVICES='5,6,7' | LOG='/home/yeqi3/cyr/code/LaBraM/log/20251031_0641.log'
[2025-10-31 06:41:02] 已后台运行 pid=1332552，详见 /home/yeqi3/cyr/code/LaBraM/log/20251031_0641.log
[2025-10-31 06:42:01] 启动 'TrainCVLauncher.py' | CUDA_VISIBLE_DEVICES='5,6,7' | LOG='/home/yeqi3/cyr/code/LaBraM/log/20251031_0642.log'
[2025-10-31 06:42:01] 已后台运行 pid=1335330，详见 /home/yeqi3/cyr/code/LaBraM/log/20251031_0642.log
[2025-10-31 06:43:01] 启动 'TrainCVLauncher.py' | CUDA_VISIBLE_DEVICES='5,6,7' | LOG='/home/yeqi3/cyr/code/LaBraM/log/20251031_0643.log'
[2025-10-31 06:43:01] 已后台运行 pid=1338156，详见 /home/yeqi3/cyr/code/LaBraM/log/20251031_0643.log
[2025-10-31 06:44:02] 启动 'TrainCVLauncher.py' | CUDA_VISIBLE_DEVICES='5,6,7' | LOG='/home/yeqi3/cyr/code/LaBraM/log/20251031_0644.log'
[2025-10-31 06:44:02] 已后台运行 pid=1340841，详见 /home/yeqi3/cyr/code/LaBraM/log/20251031_0644.log
[2025-10-31 06:45:01] 启动 'TrainCVLauncher.py' | CUDA_VISIBLE_DEVICES='5,6,7' | LOG='/home/yeqi3/cyr/code/LaBraM/log/20251031_0645.log'
[2025-10-31 06:45:01] 已后台运行 pid=1343523，详见 /home/yeqi3/cyr/code/LaBraM/log/20251031_0645.log
[2025-10-31 06:46:02] 启动 'TrainCVLauncher.py' | CUDA_VISIBLE_DEVICES='5,6,7' | LOG='/home/yeqi3/cyr/code/LaBraM/log/20251031_0646.log'
[2025-10-31 06:46:02] 已后台运行 pid=1346234，详见 /home/yeqi3/cyr/code/LaBraM/log/20251031_0646.log
[2025-10-31 06:47:01] 启动 'TrainCVLauncher.py' | CUDA_VISIBLE_DEVICES='5,6,7' | LOG='/home/yeqi3/cyr/code/LaBraM/log/20251031_0647.log'
[2025-10-31 06:47:01] 已后台运行 pid=1349009，详见 /home/yeqi3/cyr/code/LaBraM/log/20251031_0647.log
[2025-10-31 06:48:01] 启动 'TrainCVLauncher.py' | CUDA_VISIBLE_DEVICES='5,6,7' | LOG='/home/yeqi3/cyr/code/LaBraM/log/20251031_0648.log'
[2025-10-31 06:48:01] 已后台运行 pid=1351704，详见 /home/yeqi3/cyr/code/LaBraM/log/20251031_0648.log
[2025-10-31 06:49:02] 启动 'TrainCVLauncher.py' | CUDA_VISIBLE_DEVICES='5,6,7' | LOG='/home/yeqi3/cyr/code/LaBraM/log/20251031_0649.log'
[2025-10-31 06:49:02] 已后台运行 pid=1354408，详见 /home/yeqi3/cyr/code/LaBraM/log/20251031_0649.log
[2025-10-31 06:50:01] 启动 'TrainCVLauncher.py' | CUDA_VISIBLE_DEVICES='5,6,7' | LOG='/home/yeqi3/cyr/code/LaBraM/log/20251031_0650.log'
[2025-10-31 06:50:01] 已后台运行 pid=1357133，详见 /home/yeqi3/cyr/code/LaBraM/log/20251031_0650.log
[2025-10-31 06:51:01] 启动 'TrainCVLauncher.py' | CUDA_VISIBLE_DEVICES='5,6,7' | LOG='/home/yeqi3/cyr/code/LaBraM/log/20251031_0651.log'
[2025-10-31 06:51:01] 已后台运行 pid=1359941，详见 /home/yeqi3/cyr/code/LaBraM/log/20251031_0651.log
[2025-10-31 06:52:02] 启动 'TrainCVLauncher.py' | CUDA_VISIBLE_DEVICES='5,6,7' | LOG='/home/yeqi3/cyr/code/LaBraM/log/20251031_0652.log'
[2025-10-31 06:52:02] 已后台运行 pid=1362742，详见 /home/yeqi3/cyr/code/LaBraM/log/20251031_0652.log
[2025-10-31 06:53:01] 启动 'TrainCVLauncher.py' | CUDA_VISIBLE_DEVICES='5,6,7' | LOG='/home/yeqi3/cyr/code/LaBraM/log/20251031_0653.log'
[2025-10-31 06:53:01] 已后台运行 pid=1365414，详见 /home/yeqi3/cyr/code/LaBraM/log/20251031_0653.log
[2025-10-31 06:54:02] 启动 'TrainCVLauncher.py' | CUDA_VISIBLE_DEVICES='5,6,7' | LOG='/home/yeqi3/cyr/code/LaBraM/log/20251031_0654.log'
[2025-10-31 06:54:02] 已后台运行 pid=1368101，详见 /home/yeqi3/cyr/code/LaBraM/log/20251031_0654.log
[2025-10-31 06:55:01] 启动 'TrainCVLauncher.py' | CUDA_VISIBLE_DEVICES='5,6,7' | LOG='/home/yeqi3/cyr/code/LaBraM/log/20251031_0655.log'
[2025-10-31 06:55:01] 已后台运行 pid=1370784，详见 /home/yeqi3/cyr/code/LaBraM/log/20251031_0655.log
[2025-10-31 06:56:01] 启动 'TrainCVLauncher.py' | CUDA_VISIBLE_DEVICES='5,6,7' | LOG='/home/yeqi3/cyr/code/LaBraM/log/20251031_0656.log'
[2025-10-31 06:56:01] 已后台运行 pid=1373566，详见 /home/yeqi3/cyr/code/LaBraM/log/20251031_0656.log
[2025-10-31 06:57:02] 启动 'TrainCVLauncher.py' | CUDA_VISIBLE_DEVICES='5,6,7' | LOG='/home/yeqi3/cyr/code/LaBraM/log/20251031_0657.log'
[2025-10-31 06:57:02] 已后台运行 pid=1376427，详见 /home/yeqi3/cyr/code/LaBraM/log/20251031_0657.log
[2025-10-31 06:58:01] 启动 'TrainCVLauncher.py' | CUDA_VISIBLE_DEVICES='5,6,7' | LOG='/home/yeqi3/cyr/code/LaBraM/log/20251031_0658.log'
[2025-10-31 06:58:01] 已后台运行 pid=1379114，详见 /home/yeqi3/cyr/code/LaBraM/log/20251031_0658.log
[2025-10-31 06:59:02] 启动 'TrainCVLauncher.py' | CUDA_VISIBLE_DEVICES='5,6,7' | LOG='/home/yeqi3/cyr/code/LaBraM/log/20251031_0659.log'
[2025-10-31 06:59:02] 已后台运行 pid=1381771，详见 /home/yeqi3/cyr/code/LaBraM/log/20251031_0659.log
[2025-10-31 07:00:01] 启动 'TrainCVLauncher.py' | CUDA_VISIBLE_DEVICES='5,6,7' | LOG='/home/yeqi3/cyr/code/LaBraM/log/20251031_0700.log'
[2025-10-31 07:00:01] 已后台运行 pid=1384499，详见 /home/yeqi3/cyr/code/LaBraM/log/20251031_0700.log
[2025-10-31 07:01:01] 启动 'TrainCVLauncher.py' | CUDA_VISIBLE_DEVICES='5,6,7' | LOG='/home/yeqi3/cyr/code/LaBraM/log/20251031_0701.log'
[2025-10-31 07:01:01] 已后台运行 pid=1387267，详见 /home/yeqi3/cyr/code/LaBraM/log/20251031_0701.log
[2025-10-31 07:02:01] 启动 'TrainCVLauncher.py' | CUDA_VISIBLE_DEVICES='5,6,7' | LOG='/home/yeqi3/cyr/code/LaBraM/log/20251031_0702.log'
[2025-10-31 07:02:01] 已后台运行 pid=1390020，详见 /home/yeqi3/cyr/code/LaBraM/log/20251031_0702.log
[2025-10-31 07:03:02] 启动 'TrainCVLauncher.py' | CUDA_VISIBLE_DEVICES='5,6,7' | LOG='/home/yeqi3/cyr/code/LaBraM/log/20251031_0703.log'
[2025-10-31 07:03:02] 已后台运行 pid=1392686，详见 /home/yeqi3/cyr/code/LaBraM/log/20251031_0703.log
[2025-10-31 07:04:01] 启动 'TrainCVLauncher.py' | CUDA_VISIBLE_DEVICES='5,6,7' | LOG='/home/yeqi3/cyr/code/LaBraM/log/20251031_0704.log'
[2025-10-31 07:04:01] 已后台运行 pid=1395347，详见 /home/yeqi3/cyr/code/LaBraM/log/20251031_0704.log
[2025-10-31 07:05:02] 启动 'TrainCVLauncher.py' | CUDA_VISIBLE_DEVICES='5,6,7' | LOG='/home/yeqi3/cyr/code/LaBraM/log/20251031_0705.log'
[2025-10-31 07:05:02] 已后台运行 pid=1398030，详见 /home/yeqi3/cyr/code/LaBraM/log/20251031_0705.log
[2025-10-31 07:06:01] 启动 'TrainCVLauncher.py' | CUDA_VISIBLE_DEVICES='5,6,7' | LOG='/home/yeqi3/cyr/code/LaBraM/log/20251031_0706.log'
[2025-10-31 07:06:01] 已后台运行 pid=1400702，详见 /home/yeqi3/cyr/code/LaBraM/log/20251031_0706.log
[2025-10-31 07:07:01] 启动 'TrainCVLauncher.py' | CUDA_VISIBLE_DEVICES='5,6,7' | LOG='/home/yeqi3/cyr/code/LaBraM/log/20251031_0707.log'
[2025-10-31 07:07:01] 已后台运行 pid=1403464，详见 /home/yeqi3/cyr/code/LaBraM/log/20251031_0707.log
[2025-10-31 07:08:02] 启动 'TrainCVLauncher.py' | CUDA_VISIBLE_DEVICES='5,6,7' | LOG='/home/yeqi3/cyr/code/LaBraM/log/20251031_0708.log'
[2025-10-31 07:08:02] 已后台运行 pid=1406296，详见 /home/yeqi3/cyr/code/LaBraM/log/20251031_0708.log
[2025-10-31 07:09:01] 启动 'TrainCVLauncher.py' | CUDA_VISIBLE_DEVICES='5,6,7' | LOG='/home/yeqi3/cyr/code/LaBraM/log/20251031_0709.log'
[2025-10-31 07:09:01] 已后台运行 pid=1409671，详见 /home/yeqi3/cyr/code/LaBraM/log/20251031_0709.log
[2025-10-31 07:10:02] 启动 'TrainCVLauncher.py' | CUDA_VISIBLE_DEVICES='5,6,7' | LOG='/home/yeqi3/cyr/code/LaBraM/log/20251031_0710.log'
[2025-10-31 07:10:02] 已后台运行 pid=1412610，详见 /home/yeqi3/cyr/code/LaBraM/log/20251031_0710.log
[2025-10-31 07:11:02] 启动 'TrainCVLauncher.py' | CUDA_VISIBLE_DEVICES='5,6,7' | LOG='/home/yeqi3/cyr/code/LaBraM/log/20251031_0711.log'
[2025-10-31 07:11:02] 已后台运行 pid=1415389，详见 /home/yeqi3/cyr/code/LaBraM/log/20251031_0711.log
[2025-10-31 07:12:01] 启动 'TrainCVLauncher.py' | CUDA_VISIBLE_DEVICES='5,6,7' | LOG='/home/yeqi3/cyr/code/LaBraM/log/20251031_0712.log'
[2025-10-31 07:12:01] 已后台运行 pid=1418140，详见 /home/yeqi3/cyr/code/LaBraM/log/20251031_0712.log
[2025-10-31 07:13:02] 启动 'TrainCVLauncher.py' | CUDA_VISIBLE_DEVICES='5,6,7' | LOG='/home/yeqi3/cyr/code/LaBraM/log/20251031_0713.log'
[2025-10-31 07:13:02] 已后台运行 pid=1420833，详见 /home/yeqi3/cyr/code/LaBraM/log/20251031_0713.log
[2025-10-31 07:14:01] 启动 'TrainCVLauncher.py' | CUDA_VISIBLE_DEVICES='5,6,7' | LOG='/home/yeqi3/cyr/code/LaBraM/log/20251031_0714.log'
[2025-10-31 07:14:01] 已后台运行 pid=1423479，详见 /home/yeqi3/cyr/code/LaBraM/log/20251031_0714.log
[2025-10-31 07:15:01] 启动 'TrainCVLauncher.py' | CUDA_VISIBLE_DEVICES='5,6,7' | LOG='/home/yeqi3/cyr/code/LaBraM/log/20251031_0715.log'
[2025-10-31 07:15:01] 已后台运行 pid=1426155，详见 /home/yeqi3/cyr/code/LaBraM/log/20251031_0715.log
[2025-10-31 07:16:02] 启动 'TrainCVLauncher.py' | CUDA_VISIBLE_DEVICES='5,6,7' | LOG='/home/yeqi3/cyr/code/LaBraM/log/20251031_0716.log'
[2025-10-31 07:16:02] 已后台运行 pid=1428846，详见 /home/yeqi3/cyr/code/LaBraM/log/20251031_0716.log
[2025-10-31 07:17:01] 启动 'TrainCVLauncher.py' | CUDA_VISIBLE_DEVICES='5,6,7' | LOG='/home/yeqi3/cyr/code/LaBraM/log/20251031_0717.log'
[2025-10-31 07:17:01] 已后台运行 pid=1431606，详见 /home/yeqi3/cyr/code/LaBraM/log/20251031_0717.log
[2025-10-31 07:18:02] 启动 'TrainCVLauncher.py' | CUDA_VISIBLE_DEVICES='5,6,7' | LOG='/home/yeqi3/cyr/code/LaBraM/log/20251031_0718.log'
[2025-10-31 07:18:02] 已后台运行 pid=1434305，详见 /home/yeqi3/cyr/code/LaBraM/log/20251031_0718.log
[2025-10-31 07:19:01] 启动 'TrainCVLauncher.py' | CUDA_VISIBLE_DEVICES='5,6,7' | LOG='/home/yeqi3/cyr/code/LaBraM/log/20251031_0719.log'
[2025-10-31 07:19:01] 已后台运行 pid=1436985，详见 /home/yeqi3/cyr/code/LaBraM/log/20251031_0719.log
[2025-10-31 07:20:01] 启动 'TrainCVLauncher.py' | CUDA_VISIBLE_DEVICES='5,6,7' | LOG='/home/yeqi3/cyr/code/LaBraM/log/20251031_0720.log'
[2025-10-31 07:20:01] 已后台运行 pid=1439736，详见 /home/yeqi3/cyr/code/LaBraM/log/20251031_0720.log
[2025-10-31 07:21:01] 启动 'TrainCVLauncher.py' | CUDA_VISIBLE_DEVICES='5,6,7' | LOG='/home/yeqi3/cyr/code/LaBraM/log/20251031_0721.log'
[2025-10-31 07:21:01] 已后台运行 pid=1442523，详见 /home/yeqi3/cyr/code/LaBraM/log/20251031_0721.log
[2025-10-31 07:22:02] 启动 'TrainCVLauncher.py' | CUDA_VISIBLE_DEVICES='5,6,7' | LOG='/home/yeqi3/cyr/code/LaBraM/log/20251031_0722.log'
[2025-10-31 07:22:02] 已后台运行 pid=1445450，详见 /home/yeqi3/cyr/code/LaBraM/log/20251031_0722.log
[2025-10-31 07:23:01] 启动 'TrainCVLauncher.py' | CUDA_VISIBLE_DEVICES='5,6,7' | LOG='/home/yeqi3/cyr/code/LaBraM/log/20251031_0723.log'
[2025-10-31 07:23:01] 已后台运行 pid=1447997，详见 /home/yeqi3/cyr/code/LaBraM/log/20251031_0723.log
[2025-10-31 07:24:02] 启动 'TrainCVLauncher.py' | CUDA_VISIBLE_DEVICES='5,6,7' | LOG='/home/yeqi3/cyr/code/LaBraM/log/20251031_0724.log'
[2025-10-31 07:24:02] 已后台运行 pid=1450763，详见 /home/yeqi3/cyr/code/LaBraM/log/20251031_0724.log
[2025-10-31 07:25:01] 启动 'TrainCVLauncher.py' | CUDA_VISIBLE_DEVICES='5,6,7' | LOG='/home/yeqi3/cyr/code/LaBraM/log/20251031_0725.log'
[2025-10-31 07:25:01] 已后台运行 pid=1453421，详见 /home/yeqi3/cyr/code/LaBraM/log/20251031_0725.log
[2025-10-31 07:26:01] 启动 'TrainCVLauncher.py' | CUDA_VISIBLE_DEVICES='5,6,7' | LOG='/home/yeqi3/cyr/code/LaBraM/log/20251031_0726.log'
[2025-10-31 07:26:01] 已后台运行 pid=1456092，详见 /home/yeqi3/cyr/code/LaBraM/log/20251031_0726.log
[2025-10-31 07:27:02] 启动 'TrainCVLauncher.py' | CUDA_VISIBLE_DEVICES='5,6,7' | LOG='/home/yeqi3/cyr/code/LaBraM/log/20251031_0727.log'
[2025-10-31 07:27:02] 已后台运行 pid=1458890，详见 /home/yeqi3/cyr/code/LaBraM/log/20251031_0727.log
[2025-10-31 07:28:01] 启动 'TrainCVLauncher.py' | CUDA_VISIBLE_DEVICES='5,6,7' | LOG='/home/yeqi3/cyr/code/LaBraM/log/20251031_0728.log'
[2025-10-31 07:28:01] 已后台运行 pid=1461552，详见 /home/yeqi3/cyr/code/LaBraM/log/20251031_0728.log
[2025-10-31 07:29:02] 启动 'TrainCVLauncher.py' | CUDA_VISIBLE_DEVICES='5,6,7' | LOG='/home/yeqi3/cyr/code/LaBraM/log/20251031_0729.log'
[2025-10-31 07:29:02] 已后台运行 pid=1464226，详见 /home/yeqi3/cyr/code/LaBraM/log/20251031_0729.log
[2025-10-31 07:30:01] 启动 'TrainCVLauncher.py' | CUDA_VISIBLE_DEVICES='5,6,7' | LOG='/home/yeqi3/cyr/code/LaBraM/log/20251031_0730.log'
[2025-10-31 07:30:01] 已后台运行 pid=1466965，详见 /home/yeqi3/cyr/code/LaBraM/log/20251031_0730.log
[2025-10-31 07:31:01] 启动 'TrainCVLauncher.py' | CUDA_VISIBLE_DEVICES='5,6,7' | LOG='/home/yeqi3/cyr/code/LaBraM/log/20251031_0731.log'
[2025-10-31 07:31:01] 已后台运行 pid=1469718，详见 /home/yeqi3/cyr/code/LaBraM/log/20251031_0731.log
[2025-10-31 07:32:02] 启动 'TrainCVLauncher.py' | CUDA_VISIBLE_DEVICES='5,6,7' | LOG='/home/yeqi3/cyr/code/LaBraM/log/20251031_0732.log'
[2025-10-31 07:32:02] 已后台运行 pid=1472442，详见 /home/yeqi3/cyr/code/LaBraM/log/20251031_0732.log
[2025-10-31 07:33:01] 启动 'TrainCVLauncher.py' | CUDA_VISIBLE_DEVICES='5,6,7' | LOG='/home/yeqi3/cyr/code/LaBraM/log/20251031_0733.log'
[2025-10-31 07:33:01] 已后台运行 pid=1475131，详见 /home/yeqi3/cyr/code/LaBraM/log/20251031_0733.log
[2025-10-31 07:34:01] 启动 'TrainCVLauncher.py' | CUDA_VISIBLE_DEVICES='5,6,7' | LOG='/home/yeqi3/cyr/code/LaBraM/log/20251031_0734.log'
[2025-10-31 07:34:01] 已后台运行 pid=1477819，详见 /home/yeqi3/cyr/code/LaBraM/log/20251031_0734.log
[2025-10-31 07:35:02] 启动 'TrainCVLauncher.py' | CUDA_VISIBLE_DEVICES='5,6,7' | LOG='/home/yeqi3/cyr/code/LaBraM/log/20251031_0735.log'
[2025-10-31 07:35:02] 已后台运行 pid=1480643，详见 /home/yeqi3/cyr/code/LaBraM/log/20251031_0735.log
[2025-10-31 07:36:01] 启动 'TrainCVLauncher.py' | CUDA_VISIBLE_DEVICES='5,6,7' | LOG='/home/yeqi3/cyr/code/LaBraM/log/20251031_0736.log'
[2025-10-31 07:36:01] 已后台运行 pid=1483165，详见 /home/yeqi3/cyr/code/LaBraM/log/20251031_0736.log
[2025-10-31 07:37:02] 启动 'TrainCVLauncher.py' | CUDA_VISIBLE_DEVICES='5,6,7' | LOG='/home/yeqi3/cyr/code/LaBraM/log/20251031_0737.log'
[2025-10-31 07:37:02] 已后台运行 pid=1485968，详见 /home/yeqi3/cyr/code/LaBraM/log/20251031_0737.log
[2025-10-31 07:38:01] 启动 'TrainCVLauncher.py' | CUDA_VISIBLE_DEVICES='5,6,7' | LOG='/home/yeqi3/cyr/code/LaBraM/log/20251031_0738.log'
[2025-10-31 07:38:01] 已后台运行 pid=1488772，详见 /home/yeqi3/cyr/code/LaBraM/log/20251031_0738.log
[2025-10-31 07:39:01] 启动 'TrainCVLauncher.py' | CUDA_VISIBLE_DEVICES='5,6,7' | LOG='/home/yeqi3/cyr/code/LaBraM/log/20251031_0739.log'
[2025-10-31 07:39:01] 已后台运行 pid=1491417，详见 /home/yeqi3/cyr/code/LaBraM/log/20251031_0739.log
[2025-10-31 07:40:02] 启动 'TrainCVLauncher.py' | CUDA_VISIBLE_DEVICES='5,6,7' | LOG='/home/yeqi3/cyr/code/LaBraM/log/20251031_0740.log'
[2025-10-31 07:40:02] 已后台运行 pid=1494357，详见 /home/yeqi3/cyr/code/LaBraM/log/20251031_0740.log
[2025-10-31 07:41:01] 启动 'TrainCVLauncher.py' | CUDA_VISIBLE_DEVICES='5,6,7' | LOG='/home/yeqi3/cyr/code/LaBraM/log/20251031_0741.log'
[2025-10-31 07:41:01] 已后台运行 pid=1497118，详见 /home/yeqi3/cyr/code/LaBraM/log/20251031_0741.log
[2025-10-31 07:42:01] 启动 'TrainCVLauncher.py' | CUDA_VISIBLE_DEVICES='5,6,7' | LOG='/home/yeqi3/cyr/code/LaBraM/log/20251031_0742.log'
[2025-10-31 07:42:01] 已后台运行 pid=1499782，详见 /home/yeqi3/cyr/code/LaBraM/log/20251031_0742.log
[2025-10-31 07:43:02] 启动 'TrainCVLauncher.py' | CUDA_VISIBLE_DEVICES='5,6,7' | LOG='/home/yeqi3/cyr/code/LaBraM/log/20251031_0743.log'
[2025-10-31 07:43:02] 已后台运行 pid=1502577，详见 /home/yeqi3/cyr/code/LaBraM/log/20251031_0743.log
[2025-10-31 07:44:01] 启动 'TrainCVLauncher.py' | CUDA_VISIBLE_DEVICES='5,6,7' | LOG='/home/yeqi3/cyr/code/LaBraM/log/20251031_0744.log'
[2025-10-31 07:44:01] 已后台运行 pid=1505221，详见 /home/yeqi3/cyr/code/LaBraM/log/20251031_0744.log
[2025-10-31 07:45:01] 启动 'TrainCVLauncher.py' | CUDA_VISIBLE_DEVICES='5,6,7' | LOG='/home/yeqi3/cyr/code/LaBraM/log/20251031_0745.log'
[2025-10-31 07:45:01] 已后台运行 pid=1507899，详见 /home/yeqi3/cyr/code/LaBraM/log/20251031_0745.log
[2025-10-31 07:46:02] 启动 'TrainCVLauncher.py' | CUDA_VISIBLE_DEVICES='5,6,7' | LOG='/home/yeqi3/cyr/code/LaBraM/log/20251031_0746.log'
[2025-10-31 07:46:02] 已后台运行 pid=1510557，详见 /home/yeqi3/cyr/code/LaBraM/log/20251031_0746.log
[2025-10-31 07:47:01] 启动 'TrainCVLauncher.py' | CUDA_VISIBLE_DEVICES='5,6,7' | LOG='/home/yeqi3/cyr/code/LaBraM/log/20251031_0747.log'
[2025-10-31 07:47:01] 已后台运行 pid=1513210，详见 /home/yeqi3/cyr/code/LaBraM/log/20251031_0747.log
[2025-10-31 07:48:02] 启动 'TrainCVLauncher.py' | CUDA_VISIBLE_DEVICES='5,6,7' | LOG='/home/yeqi3/cyr/code/LaBraM/log/20251031_0748.log'
[2025-10-31 07:48:02] 已后台运行 pid=1515971，详见 /home/yeqi3/cyr/code/LaBraM/log/20251031_0748.log
[2025-10-31 07:49:01] 启动 'TrainCVLauncher.py' | CUDA_VISIBLE_DEVICES='5,6,7' | LOG='/home/yeqi3/cyr/code/LaBraM/log/20251031_0749.log'
[2025-10-31 07:49:01] 已后台运行 pid=1518602，详见 /home/yeqi3/cyr/code/LaBraM/log/20251031_0749.log
[2025-10-31 07:50:01] 启动 'TrainCVLauncher.py' | CUDA_VISIBLE_DEVICES='5,6,7' | LOG='/home/yeqi3/cyr/code/LaBraM/log/20251031_0750.log'
[2025-10-31 07:50:01] 已后台运行 pid=1521463，详见 /home/yeqi3/cyr/code/LaBraM/log/20251031_0750.log
[2025-10-31 07:51:02] 启动 'TrainCVLauncher.py' | CUDA_VISIBLE_DEVICES='5,6,7' | LOG='/home/yeqi3/cyr/code/LaBraM/log/20251031_0751.log'
[2025-10-31 07:51:02] 已后台运行 pid=1524283，详见 /home/yeqi3/cyr/code/LaBraM/log/20251031_0751.log
[2025-10-31 07:52:01] 启动 'TrainCVLauncher.py' | CUDA_VISIBLE_DEVICES='5,6,7' | LOG='/home/yeqi3/cyr/code/LaBraM/log/20251031_0752.log'
[2025-10-31 07:52:01] 已后台运行 pid=1526931，详见 /home/yeqi3/cyr/code/LaBraM/log/20251031_0752.log
[2025-10-31 07:53:02] 启动 'TrainCVLauncher.py' | CUDA_VISIBLE_DEVICES='5,6,7' | LOG='/home/yeqi3/cyr/code/LaBraM/log/20251031_0753.log'
[2025-10-31 07:53:02] 已后台运行 pid=1529712，详见 /home/yeqi3/cyr/code/LaBraM/log/20251031_0753.log
[2025-10-31 07:54:01] 启动 'TrainCVLauncher.py' | CUDA_VISIBLE_DEVICES='5,6,7' | LOG='/home/yeqi3/cyr/code/LaBraM/log/20251031_0754.log'
[2025-10-31 07:54:01] 已后台运行 pid=1532350，详见 /home/yeqi3/cyr/code/LaBraM/log/20251031_0754.log
[2025-10-31 07:55:01] 启动 'TrainCVLauncher.py' | CUDA_VISIBLE_DEVICES='5,6,7' | LOG='/home/yeqi3/cyr/code/LaBraM/log/20251031_0755.log'
[2025-10-31 07:55:01] 已后台运行 pid=1535023，详见 /home/yeqi3/cyr/code/LaBraM/log/20251031_0755.log
[2025-10-31 07:56:02] 启动 'TrainCVLauncher.py' | CUDA_VISIBLE_DEVICES='5,6,7' | LOG='/home/yeqi3/cyr/code/LaBraM/log/20251031_0756.log'
[2025-10-31 07:56:02] 已后台运行 pid=1537688，详见 /home/yeqi3/cyr/code/LaBraM/log/20251031_0756.log
[2025-10-31 07:57:01] 启动 'TrainCVLauncher.py' | CUDA_VISIBLE_DEVICES='5,6,7' | LOG='/home/yeqi3/cyr/code/LaBraM/log/20251031_0757.log'
[2025-10-31 07:57:01] 已后台运行 pid=1540324，详见 /home/yeqi3/cyr/code/LaBraM/log/20251031_0757.log
[2025-10-31 07:58:01] 启动 'TrainCVLauncher.py' | CUDA_VISIBLE_DEVICES='5,6,7' | LOG='/home/yeqi3/cyr/code/LaBraM/log/20251031_0758.log'
[2025-10-31 07:58:01] 已后台运行 pid=1543103，详见 /home/yeqi3/cyr/code/LaBraM/log/20251031_0758.log
[2025-10-31 07:59:02] 启动 'TrainCVLauncher.py' | CUDA_VISIBLE_DEVICES='5,6,7' | LOG='/home/yeqi3/cyr/code/LaBraM/log/20251031_0759.log'
[2025-10-31 07:59:02] 已后台运行 pid=1545762，详见 /home/yeqi3/cyr/code/LaBraM/log/20251031_0759.log
[2025-10-31 08:00:01] 启动 'TrainCVLauncher.py' | CUDA_VISIBLE_DEVICES='5,6,7' | LOG='/home/yeqi3/cyr/code/LaBraM/log/20251031_0800.log'
[2025-10-31 08:00:01] 已后台运行 pid=1548607，详见 /home/yeqi3/cyr/code/LaBraM/log/20251031_0800.log
[2025-10-31 08:01:01] 启动 'TrainCVLauncher.py' | CUDA_VISIBLE_DEVICES='5,6,7' | LOG='/home/yeqi3/cyr/code/LaBraM/log/20251031_0801.log'
[2025-10-31 08:01:01] 已后台运行 pid=1551387，详见 /home/yeqi3/cyr/code/LaBraM/log/20251031_0801.log
[2025-10-31 08:02:02] 启动 'TrainCVLauncher.py' | CUDA_VISIBLE_DEVICES='5,6,7' | LOG='/home/yeqi3/cyr/code/LaBraM/log/20251031_0802.log'
[2025-10-31 08:02:02] 已后台运行 pid=1554027，详见 /home/yeqi3/cyr/code/LaBraM/log/20251031_0802.log
[2025-10-31 08:03:01] 启动 'TrainCVLauncher.py' | CUDA_VISIBLE_DEVICES='5,6,7' | LOG='/home/yeqi3/cyr/code/LaBraM/log/20251031_0803.log'
[2025-10-31 08:03:01] 已后台运行 pid=1556779，详见 /home/yeqi3/cyr/code/LaBraM/log/20251031_0803.log
[2025-10-31 08:04:02] 启动 'TrainCVLauncher.py' | CUDA_VISIBLE_DEVICES='5,6,7' | LOG='/home/yeqi3/cyr/code/LaBraM/log/20251031_0804.log'
[2025-10-31 08:04:02] 已后台运行 pid=1559582，详见 /home/yeqi3/cyr/code/LaBraM/log/20251031_0804.log
[2025-10-31 08:05:01] 启动 'TrainCVLauncher.py' | CUDA_VISIBLE_DEVICES='5,6,7' | LOG='/home/yeqi3/cyr/code/LaBraM/log/20251031_0805.log'
[2025-10-31 08:05:01] 已后台运行 pid=1562174，详见 /home/yeqi3/cyr/code/LaBraM/log/20251031_0805.log
[2025-10-31 08:06:01] 启动 'TrainCVLauncher.py' | CUDA_VISIBLE_DEVICES='5,6,7' | LOG='/home/yeqi3/cyr/code/LaBraM/log/20251031_0806.log'
[2025-10-31 08:06:01] 已后台运行 pid=1564897，详见 /home/yeqi3/cyr/code/LaBraM/log/20251031_0806.log
[2025-10-31 08:07:02] 启动 'TrainCVLauncher.py' | CUDA_VISIBLE_DEVICES='5,6,7' | LOG='/home/yeqi3/cyr/code/LaBraM/log/20251031_0807.log'
[2025-10-31 08:07:02] 已后台运行 pid=1567584，详见 /home/yeqi3/cyr/code/LaBraM/log/20251031_0807.log
[2025-10-31 08:08:01] 启动 'TrainCVLauncher.py' | CUDA_VISIBLE_DEVICES='5,6,7' | LOG='/home/yeqi3/cyr/code/LaBraM/log/20251031_0808.log'
[2025-10-31 08:08:01] 已后台运行 pid=1570341，详见 /home/yeqi3/cyr/code/LaBraM/log/20251031_0808.log
[2025-10-31 08:09:01] 启动 'TrainCVLauncher.py' | CUDA_VISIBLE_DEVICES='5,6,7' | LOG='/home/yeqi3/cyr/code/LaBraM/log/20251031_0809.log'
[2025-10-31 08:09:02] 已后台运行 pid=1572999，详见 /home/yeqi3/cyr/code/LaBraM/log/20251031_0809.log
[2025-10-31 08:10:01] 启动 'TrainCVLauncher.py' | CUDA_VISIBLE_DEVICES='5,6,7' | LOG='/home/yeqi3/cyr/code/LaBraM/log/20251031_0810.log'
[2025-10-31 08:10:01] 已后台运行 pid=1575723，详见 /home/yeqi3/cyr/code/LaBraM/log/20251031_0810.log
[2025-10-31 08:11:01] 启动 'TrainCVLauncher.py' | CUDA_VISIBLE_DEVICES='5,6,7' | LOG='/home/yeqi3/cyr/code/LaBraM/log/20251031_0811.log'
[2025-10-31 08:11:01] 已后台运行 pid=1578480，详见 /home/yeqi3/cyr/code/LaBraM/log/20251031_0811.log
[2025-10-31 08:12:02] 启动 'TrainCVLauncher.py' | CUDA_VISIBLE_DEVICES='5,6,7' | LOG='/home/yeqi3/cyr/code/LaBraM/log/20251031_0812.log'
[2025-10-31 08:12:02] 已后台运行 pid=1581178，详见 /home/yeqi3/cyr/code/LaBraM/log/20251031_0812.log
[2025-10-31 08:13:01] 启动 'TrainCVLauncher.py' | CUDA_VISIBLE_DEVICES='5,6,7' | LOG='/home/yeqi3/cyr/code/LaBraM/log/20251031_0813.log'
[2025-10-31 08:13:01] 已后台运行 pid=1583949，详见 /home/yeqi3/cyr/code/LaBraM/log/20251031_0813.log
[2025-10-31 08:14:01] 启动 'TrainCVLauncher.py' | CUDA_VISIBLE_DEVICES='5,6,7' | LOG='/home/yeqi3/cyr/code/LaBraM/log/20251031_0814.log'
[2025-10-31 08:14:01] 已后台运行 pid=1586617，详见 /home/yeqi3/cyr/code/LaBraM/log/20251031_0814.log
[2025-10-31 08:15:02] 启动 'TrainCVLauncher.py' | CUDA_VISIBLE_DEVICES='5,6,7' | LOG='/home/yeqi3/cyr/code/LaBraM/log/20251031_0815.log'
[2025-10-31 08:15:02] 已后台运行 pid=1589311，详见 /home/yeqi3/cyr/code/LaBraM/log/20251031_0815.log
[2025-10-31 08:16:01] 启动 'TrainCVLauncher.py' | CUDA_VISIBLE_DEVICES='5,6,7' | LOG='/home/yeqi3/cyr/code/LaBraM/log/20251031_0816.log'
[2025-10-31 08:16:01] 已后台运行 pid=1591940，详见 /home/yeqi3/cyr/code/LaBraM/log/20251031_0816.log
[2025-10-31 08:17:01] 启动 'TrainCVLauncher.py' | CUDA_VISIBLE_DEVICES='5,6,7' | LOG='/home/yeqi3/cyr/code/LaBraM/log/20251031_0817.log'
[2025-10-31 08:17:01] 已后台运行 pid=1594611，详见 /home/yeqi3/cyr/code/LaBraM/log/20251031_0817.log
[2025-10-31 08:18:02] 启动 'TrainCVLauncher.py' | CUDA_VISIBLE_DEVICES='5,6,7' | LOG='/home/yeqi3/cyr/code/LaBraM/log/20251031_0818.log'
[2025-10-31 08:18:02] 已后台运行 pid=1597533，详见 /home/yeqi3/cyr/code/LaBraM/log/20251031_0818.log
[2025-10-31 08:19:01] 启动 'TrainCVLauncher.py' | CUDA_VISIBLE_DEVICES='5,6,7' | LOG='/home/yeqi3/cyr/code/LaBraM/log/20251031_0819.log'
[2025-10-31 08:19:01] 已后台运行 pid=1600133，详见 /home/yeqi3/cyr/code/LaBraM/log/20251031_0819.log
[2025-10-31 08:20:02] 启动 'TrainCVLauncher.py' | CUDA_VISIBLE_DEVICES='5,6,7' | LOG='/home/yeqi3/cyr/code/LaBraM/log/20251031_0820.log'
[2025-10-31 08:20:02] 已后台运行 pid=1602929，详见 /home/yeqi3/cyr/code/LaBraM/log/20251031_0820.log
[2025-10-31 08:21:02] 启动 'TrainCVLauncher.py' | CUDA_VISIBLE_DEVICES='5,6,7' | LOG='/home/yeqi3/cyr/code/LaBraM/log/20251031_0821.log'
[2025-10-31 08:21:02] 已后台运行 pid=1605659，详见 /home/yeqi3/cyr/code/LaBraM/log/20251031_0821.log
[2025-10-31 08:22:01] 启动 'TrainCVLauncher.py' | CUDA_VISIBLE_DEVICES='5,6,7' | LOG='/home/yeqi3/cyr/code/LaBraM/log/20251031_0822.log'
[2025-10-31 08:22:01] 已后台运行 pid=1608323，详见 /home/yeqi3/cyr/code/LaBraM/log/20251031_0822.log
[2025-10-31 08:23:02] 启动 'TrainCVLauncher.py' | CUDA_VISIBLE_DEVICES='5,6,7' | LOG='/home/yeqi3/cyr/code/LaBraM/log/20251031_0823.log'
[2025-10-31 08:23:02] 已后台运行 pid=1611080，详见 /home/yeqi3/cyr/code/LaBraM/log/20251031_0823.log
[2025-10-31 08:24:01] 启动 'TrainCVLauncher.py' | CUDA_VISIBLE_DEVICES='5,6,7' | LOG='/home/yeqi3/cyr/code/LaBraM/log/20251031_0824.log'
[2025-10-31 08:24:01] 已后台运行 pid=1613747，详见 /home/yeqi3/cyr/code/LaBraM/log/20251031_0824.log
[2025-10-31 08:25:01] 启动 'TrainCVLauncher.py' | CUDA_VISIBLE_DEVICES='5,6,7' | LOG='/home/yeqi3/cyr/code/LaBraM/log/20251031_0825.log'
[2025-10-31 08:25:01] 已后台运行 pid=1616414，详见 /home/yeqi3/cyr/code/LaBraM/log/20251031_0825.log
[2025-10-31 08:26:02] 启动 'TrainCVLauncher.py' | CUDA_VISIBLE_DEVICES='5,6,7' | LOG='/home/yeqi3/cyr/code/LaBraM/log/20251031_0826.log'
[2025-10-31 08:26:02] 已后台运行 pid=1619074，详见 /home/yeqi3/cyr/code/LaBraM/log/20251031_0826.log
[2025-10-31 08:27:01] 启动 'TrainCVLauncher.py' | CUDA_VISIBLE_DEVICES='5,6,7' | LOG='/home/yeqi3/cyr/code/LaBraM/log/20251031_0827.log'
[2025-10-31 08:27:01] 已后台运行 pid=1621728，详见 /home/yeqi3/cyr/code/LaBraM/log/20251031_0827.log
[2025-10-31 08:28:02] 启动 'TrainCVLauncher.py' | CUDA_VISIBLE_DEVICES='5,6,7' | LOG='/home/yeqi3/cyr/code/LaBraM/log/20251031_0828.log'
[2025-10-31 08:28:02] 已后台运行 pid=1624486，详见 /home/yeqi3/cyr/code/LaBraM/log/20251031_0828.log
[2025-10-31 08:29:01] 启动 'TrainCVLauncher.py' | CUDA_VISIBLE_DEVICES='5,6,7' | LOG='/home/yeqi3/cyr/code/LaBraM/log/20251031_0829.log'
[2025-10-31 08:29:01] 已后台运行 pid=1627163，详见 /home/yeqi3/cyr/code/LaBraM/log/20251031_0829.log
[2025-10-31 08:30:01] 启动 'TrainCVLauncher.py' | CUDA_VISIBLE_DEVICES='5,6,7' | LOG='/home/yeqi3/cyr/code/LaBraM/log/20251031_0830.log'
[2025-10-31 08:30:01] 已后台运行 pid=1629865，详见 /home/yeqi3/cyr/code/LaBraM/log/20251031_0830.log
[2025-10-31 08:31:02] 启动 'TrainCVLauncher.py' | CUDA_VISIBLE_DEVICES='5,6,7' | LOG='/home/yeqi3/cyr/code/LaBraM/log/20251031_0831.log'
[2025-10-31 08:31:02] 已后台运行 pid=1632656，详见 /home/yeqi3/cyr/code/LaBraM/log/20251031_0831.log
[2025-10-31 08:32:01] 启动 'TrainCVLauncher.py' | CUDA_VISIBLE_DEVICES='5,6,7' | LOG='/home/yeqi3/cyr/code/LaBraM/log/20251031_0832.log'
[2025-10-31 08:32:01] 已后台运行 pid=1635304，详见 /home/yeqi3/cyr/code/LaBraM/log/20251031_0832.log
[2025-10-31 08:33:01] 启动 'TrainCVLauncher.py' | CUDA_VISIBLE_DEVICES='5,6,7' | LOG='/home/yeqi3/cyr/code/LaBraM/log/20251031_0833.log'
[2025-10-31 08:33:01] 已后台运行 pid=1638208，详见 /home/yeqi3/cyr/code/LaBraM/log/20251031_0833.log
[2025-10-31 08:34:02] 启动 'TrainCVLauncher.py' | CUDA_VISIBLE_DEVICES='5,6,7' | LOG='/home/yeqi3/cyr/code/LaBraM/log/20251031_0834.log'
[2025-10-31 08:34:02] 已后台运行 pid=1640858，详见 /home/yeqi3/cyr/code/LaBraM/log/20251031_0834.log
[2025-10-31 08:35:01] 启动 'TrainCVLauncher.py' | CUDA_VISIBLE_DEVICES='5,6,7' | LOG='/home/yeqi3/cyr/code/LaBraM/log/20251031_0835.log'
[2025-10-31 08:35:01] 已后台运行 pid=1643511，详见 /home/yeqi3/cyr/code/LaBraM/log/20251031_0835.log
[2025-10-31 08:36:02] 启动 'TrainCVLauncher.py' | CUDA_VISIBLE_DEVICES='5,6,7' | LOG='/home/yeqi3/cyr/code/LaBraM/log/20251031_0836.log'
[2025-10-31 08:36:02] 已后台运行 pid=1646178，详见 /home/yeqi3/cyr/code/LaBraM/log/20251031_0836.log
[2025-10-31 08:37:01] 启动 'TrainCVLauncher.py' | CUDA_VISIBLE_DEVICES='5,6,7' | LOG='/home/yeqi3/cyr/code/LaBraM/log/20251031_0837.log'
[2025-10-31 08:37:01] 已后台运行 pid=1648818，详见 /home/yeqi3/cyr/code/LaBraM/log/20251031_0837.log
[2025-10-31 08:38:01] 启动 'TrainCVLauncher.py' | CUDA_VISIBLE_DEVICES='5,6,7' | LOG='/home/yeqi3/cyr/code/LaBraM/log/20251031_0838.log'
[2025-10-31 08:38:01] 已后台运行 pid=1651600，详见 /home/yeqi3/cyr/code/LaBraM/log/20251031_0838.log
[2025-10-31 08:39:02] 启动 'TrainCVLauncher.py' | CUDA_VISIBLE_DEVICES='5,6,7' | LOG='/home/yeqi3/cyr/code/LaBraM/log/20251031_0839.log'
[2025-10-31 08:39:02] 已后台运行 pid=1654263，详见 /home/yeqi3/cyr/code/LaBraM/log/20251031_0839.log
[2025-10-31 08:40:01] 启动 'TrainCVLauncher.py' | CUDA_VISIBLE_DEVICES='5,6,7' | LOG='/home/yeqi3/cyr/code/LaBraM/log/20251031_0840.log'
[2025-10-31 08:40:01] 已后台运行 pid=1656980，详见 /home/yeqi3/cyr/code/LaBraM/log/20251031_0840.log
[2025-10-31 08:41:01] 启动 'TrainCVLauncher.py' | CUDA_VISIBLE_DEVICES='5,6,7' | LOG='/home/yeqi3/cyr/code/LaBraM/log/20251031_0841.log'
[2025-10-31 08:41:01] 已后台运行 pid=1659729，详见 /home/yeqi3/cyr/code/LaBraM/log/20251031_0841.log
[2025-10-31 08:42:02] 启动 'TrainCVLauncher.py' | CUDA_VISIBLE_DEVICES='5,6,7' | LOG='/home/yeqi3/cyr/code/LaBraM/log/20251031_0842.log'
[2025-10-31 08:42:02] 已后台运行 pid=1662380，详见 /home/yeqi3/cyr/code/LaBraM/log/20251031_0842.log
[2025-10-31 08:43:01] 启动 'TrainCVLauncher.py' | CUDA_VISIBLE_DEVICES='5,6,7' | LOG='/home/yeqi3/cyr/code/LaBraM/log/20251031_0843.log'
[2025-10-31 08:43:01] 已后台运行 pid=1665149，详见 /home/yeqi3/cyr/code/LaBraM/log/20251031_0843.log
[2025-10-31 08:44:01] 启动 'TrainCVLauncher.py' | CUDA_VISIBLE_DEVICES='5,6,7' | LOG='/home/yeqi3/cyr/code/LaBraM/log/20251031_0844.log'
[2025-10-31 08:44:01] 已后台运行 pid=1667802，详见 /home/yeqi3/cyr/code/LaBraM/log/20251031_0844.log
[2025-10-31 08:45:02] 启动 'TrainCVLauncher.py' | CUDA_VISIBLE_DEVICES='5,6,7' | LOG='/home/yeqi3/cyr/code/LaBraM/log/20251031_0845.log'
[2025-10-31 08:45:02] 已后台运行 pid=1670521，详见 /home/yeqi3/cyr/code/LaBraM/log/20251031_0845.log
[2025-10-31 08:46:01] 启动 'TrainCVLauncher.py' | CUDA_VISIBLE_DEVICES='5,6,7' | LOG='/home/yeqi3/cyr/code/LaBraM/log/20251031_0846.log'
[2025-10-31 08:46:01] 已后台运行 pid=1673091，详见 /home/yeqi3/cyr/code/LaBraM/log/20251031_0846.log
[2025-10-31 08:47:02] 启动 'TrainCVLauncher.py' | CUDA_VISIBLE_DEVICES='5,6,7' | LOG='/home/yeqi3/cyr/code/LaBraM/log/20251031_0847.log'
[2025-10-31 08:47:02] 已后台运行 pid=1675895，详见 /home/yeqi3/cyr/code/LaBraM/log/20251031_0847.log
[2025-10-31 08:48:01] 启动 'TrainCVLauncher.py' | CUDA_VISIBLE_DEVICES='5,6,7' | LOG='/home/yeqi3/cyr/code/LaBraM/log/20251031_0848.log'
[2025-10-31 08:48:01] 已后台运行 pid=1678636，详见 /home/yeqi3/cyr/code/LaBraM/log/20251031_0848.log
[2025-10-31 08:49:01] 启动 'TrainCVLauncher.py' | CUDA_VISIBLE_DEVICES='5,6,7' | LOG='/home/yeqi3/cyr/code/LaBraM/log/20251031_0849.log'
[2025-10-31 08:49:01] 已后台运行 pid=1681305，详见 /home/yeqi3/cyr/code/LaBraM/log/20251031_0849.log
[2025-10-31 08:50:02] 启动 'TrainCVLauncher.py' | CUDA_VISIBLE_DEVICES='5,6,7' | LOG='/home/yeqi3/cyr/code/LaBraM/log/20251031_0850.log'
[2025-10-31 08:50:02] 已后台运行 pid=1684018，详见 /home/yeqi3/cyr/code/LaBraM/log/20251031_0850.log
[2025-10-31 08:51:01] 启动 'TrainCVLauncher.py' | CUDA_VISIBLE_DEVICES='5,6,7' | LOG='/home/yeqi3/cyr/code/LaBraM/log/20251031_0851.log'
[2025-10-31 08:51:01] 已后台运行 pid=1686740，详见 /home/yeqi3/cyr/code/LaBraM/log/20251031_0851.log
[2025-10-31 08:52:01] 启动 'TrainCVLauncher.py' | CUDA_VISIBLE_DEVICES='5,6,7' | LOG='/home/yeqi3/cyr/code/LaBraM/log/20251031_0852.log'
[2025-10-31 08:52:01] 已后台运行 pid=1689414，详见 /home/yeqi3/cyr/code/LaBraM/log/20251031_0852.log
[2025-10-31 08:53:02] 启动 'TrainCVLauncher.py' | CUDA_VISIBLE_DEVICES='5,6,7' | LOG='/home/yeqi3/cyr/code/LaBraM/log/20251031_0853.log'
[2025-10-31 08:53:02] 已后台运行 pid=1692134，详见 /home/yeqi3/cyr/code/LaBraM/log/20251031_0853.log
[2025-10-31 08:54:01] 启动 'TrainCVLauncher.py' | CUDA_VISIBLE_DEVICES='5,6,7' | LOG='/home/yeqi3/cyr/code/LaBraM/log/20251031_0854.log'
[2025-10-31 08:54:01] 已后台运行 pid=1694758，详见 /home/yeqi3/cyr/code/LaBraM/log/20251031_0854.log
[2025-10-31 08:55:01] 启动 'TrainCVLauncher.py' | CUDA_VISIBLE_DEVICES='5,6,7' | LOG='/home/yeqi3/cyr/code/LaBraM/log/20251031_0855.log'
[2025-10-31 08:55:01] 已后台运行 pid=1697406，详见 /home/yeqi3/cyr/code/LaBraM/log/20251031_0855.log
[2025-10-31 08:56:02] 启动 'TrainCVLauncher.py' | CUDA_VISIBLE_DEVICES='5,6,7' | LOG='/home/yeqi3/cyr/code/LaBraM/log/20251031_0856.log'
[2025-10-31 08:56:02] 已后台运行 pid=1700066，详见 /home/yeqi3/cyr/code/LaBraM/log/20251031_0856.log
[2025-10-31 08:57:01] 启动 'TrainCVLauncher.py' | CUDA_VISIBLE_DEVICES='5,6,7' | LOG='/home/yeqi3/cyr/code/LaBraM/log/20251031_0857.log'
[2025-10-31 08:57:01] 已后台运行 pid=1702682，详见 /home/yeqi3/cyr/code/LaBraM/log/20251031_0857.log
[2025-10-31 08:58:02] 启动 'TrainCVLauncher.py' | CUDA_VISIBLE_DEVICES='5,6,7' | LOG='/home/yeqi3/cyr/code/LaBraM/log/20251031_0858.log'
[2025-10-31 08:58:02] 已后台运行 pid=1705460，详见 /home/yeqi3/cyr/code/LaBraM/log/20251031_0858.log
[2025-10-31 08:59:01] 启动 'TrainCVLauncher.py' | CUDA_VISIBLE_DEVICES='5,6,7' | LOG='/home/yeqi3/cyr/code/LaBraM/log/20251031_0859.log'
[2025-10-31 08:59:01] 已后台运行 pid=1708101，详见 /home/yeqi3/cyr/code/LaBraM/log/20251031_0859.log
[2025-10-31 09:00:01] 启动 'TrainCVLauncher.py' | CUDA_VISIBLE_DEVICES='5,6,7' | LOG='/home/yeqi3/cyr/code/LaBraM/log/20251031_0900.log'
[2025-10-31 09:00:01] 已后台运行 pid=1710819，详见 /home/yeqi3/cyr/code/LaBraM/log/20251031_0900.log
[2025-10-31 09:01:02] 启动 'TrainCVLauncher.py' | CUDA_VISIBLE_DEVICES='5,6,7' | LOG='/home/yeqi3/cyr/code/LaBraM/log/20251031_0901.log'
[2025-10-31 09:01:02] 已后台运行 pid=1713721，详见 /home/yeqi3/cyr/code/LaBraM/log/20251031_0901.log
[2025-10-31 09:02:01] 启动 'TrainCVLauncher.py' | CUDA_VISIBLE_DEVICES='5,6,7' | LOG='/home/yeqi3/cyr/code/LaBraM/log/20251031_0902.log'
[2025-10-31 09:02:01] 已后台运行 pid=1716317，详见 /home/yeqi3/cyr/code/LaBraM/log/20251031_0902.log
[2025-10-31 09:03:01] 启动 'TrainCVLauncher.py' | CUDA_VISIBLE_DEVICES='5,6,7' | LOG='/home/yeqi3/cyr/code/LaBraM/log/20251031_0903.log'
[2025-10-31 09:03:01] 已后台运行 pid=1719152，详见 /home/yeqi3/cyr/code/LaBraM/log/20251031_0903.log
[2025-10-31 09:04:02] 启动 'TrainCVLauncher.py' | CUDA_VISIBLE_DEVICES='5,6,7' | LOG='/home/yeqi3/cyr/code/LaBraM/log/20251031_0904.log'
[2025-10-31 09:04:02] 已后台运行 pid=1721787，详见 /home/yeqi3/cyr/code/LaBraM/log/20251031_0904.log
[2025-10-31 09:05:01] 启动 'TrainCVLauncher.py' | CUDA_VISIBLE_DEVICES='5,6,7' | LOG='/home/yeqi3/cyr/code/LaBraM/log/20251031_0905.log'
[2025-10-31 09:05:01] 已后台运行 pid=1724429，详见 /home/yeqi3/cyr/code/LaBraM/log/20251031_0905.log
[2025-10-31 09:06:01] 启动 'TrainCVLauncher.py' | CUDA_VISIBLE_DEVICES='5,6,7' | LOG='/home/yeqi3/cyr/code/LaBraM/log/20251031_0906.log'
[2025-10-31 09:06:01] 已后台运行 pid=1727069，详见 /home/yeqi3/cyr/code/LaBraM/log/20251031_0906.log
[2025-10-31 09:07:02] 启动 'TrainCVLauncher.py' | CUDA_VISIBLE_DEVICES='5,6,7' | LOG='/home/yeqi3/cyr/code/LaBraM/log/20251031_0907.log'
[2025-10-31 09:07:02] 已后台运行 pid=1729705，详见 /home/yeqi3/cyr/code/LaBraM/log/20251031_0907.log
[2025-10-31 09:08:01] 启动 'TrainCVLauncher.py' | CUDA_VISIBLE_DEVICES='5,6,7' | LOG='/home/yeqi3/cyr/code/LaBraM/log/20251031_0908.log'
[2025-10-31 09:08:01] 已后台运行 pid=1732439，详见 /home/yeqi3/cyr/code/LaBraM/log/20251031_0908.log
[2025-10-31 09:09:02] 启动 'TrainCVLauncher.py' | CUDA_VISIBLE_DEVICES='5,6,7' | LOG='/home/yeqi3/cyr/code/LaBraM/log/20251031_0909.log'
[2025-10-31 09:09:02] 已后台运行 pid=1735092，详见 /home/yeqi3/cyr/code/LaBraM/log/20251031_0909.log
[2025-10-31 09:10:01] 启动 'TrainCVLauncher.py' | CUDA_VISIBLE_DEVICES='5,6,7' | LOG='/home/yeqi3/cyr/code/LaBraM/log/20251031_0910.log'
[2025-10-31 09:10:01] 已后台运行 pid=1737785，详见 /home/yeqi3/cyr/code/LaBraM/log/20251031_0910.log
[2025-10-31 09:11:01] 启动 'TrainCVLauncher.py' | CUDA_VISIBLE_DEVICES='5,6,7' | LOG='/home/yeqi3/cyr/code/LaBraM/log/20251031_0911.log'
[2025-10-31 09:11:01] 已后台运行 pid=1740553，详见 /home/yeqi3/cyr/code/LaBraM/log/20251031_0911.log
[2025-10-31 09:12:02] 启动 'TrainCVLauncher.py' | CUDA_VISIBLE_DEVICES='5,6,7' | LOG='/home/yeqi3/cyr/code/LaBraM/log/20251031_0912.log'
[2025-10-31 09:12:02] 已后台运行 pid=1743194，详见 /home/yeqi3/cyr/code/LaBraM/log/20251031_0912.log
[2025-10-31 09:13:01] 启动 'TrainCVLauncher.py' | CUDA_VISIBLE_DEVICES='5,6,7' | LOG='/home/yeqi3/cyr/code/LaBraM/log/20251031_0913.log'
[2025-10-31 09:13:01] 已后台运行 pid=1745935，详见 /home/yeqi3/cyr/code/LaBraM/log/20251031_0913.log
[2025-10-31 09:14:01] 启动 'TrainCVLauncher.py' | CUDA_VISIBLE_DEVICES='5,6,7' | LOG='/home/yeqi3/cyr/code/LaBraM/log/20251031_0914.log'
[2025-10-31 09:14:01] 已后台运行 pid=1748676，详见 /home/yeqi3/cyr/code/LaBraM/log/20251031_0914.log
[2025-10-31 09:15:02] 启动 'TrainCVLauncher.py' | CUDA_VISIBLE_DEVICES='5,6,7' | LOG='/home/yeqi3/cyr/code/LaBraM/log/20251031_0915.log'
[2025-10-31 09:15:02] 已后台运行 pid=1751404，详见 /home/yeqi3/cyr/code/LaBraM/log/20251031_0915.log
[2025-10-31 09:16:01] 启动 'TrainCVLauncher.py' | CUDA_VISIBLE_DEVICES='5,6,7' | LOG='/home/yeqi3/cyr/code/LaBraM/log/20251031_0916.log'
[2025-10-31 09:16:01] 已后台运行 pid=1754047，详见 /home/yeqi3/cyr/code/LaBraM/log/20251031_0916.log
[2025-10-31 09:17:02] 启动 'TrainCVLauncher.py' | CUDA_VISIBLE_DEVICES='5,6,7' | LOG='/home/yeqi3/cyr/code/LaBraM/log/20251031_0917.log'
[2025-10-31 09:17:02] 已后台运行 pid=1756704，详见 /home/yeqi3/cyr/code/LaBraM/log/20251031_0917.log
[2025-10-31 09:18:01] 启动 'TrainCVLauncher.py' | CUDA_VISIBLE_DEVICES='5,6,7' | LOG='/home/yeqi3/cyr/code/LaBraM/log/20251031_0918.log'
[2025-10-31 09:18:01] 已后台运行 pid=1759466，详见 /home/yeqi3/cyr/code/LaBraM/log/20251031_0918.log
[2025-10-31 09:19:01] 启动 'TrainCVLauncher.py' | CUDA_VISIBLE_DEVICES='5,6,7' | LOG='/home/yeqi3/cyr/code/LaBraM/log/20251031_0919.log'
[2025-10-31 09:19:01] 已后台运行 pid=1762102，详见 /home/yeqi3/cyr/code/LaBraM/log/20251031_0919.log
[2025-10-31 09:20:02] 启动 'TrainCVLauncher.py' | CUDA_VISIBLE_DEVICES='5,6,7' | LOG='/home/yeqi3/cyr/code/LaBraM/log/20251031_0920.log'
[2025-10-31 09:20:02] 已后台运行 pid=1764824，详见 /home/yeqi3/cyr/code/LaBraM/log/20251031_0920.log
[2025-10-31 09:21:02] 启动 'TrainCVLauncher.py' | CUDA_VISIBLE_DEVICES='5,6,7' | LOG='/home/yeqi3/cyr/code/LaBraM/log/20251031_0921.log'
[2025-10-31 09:21:02] 已后台运行 pid=1767556，详见 /home/yeqi3/cyr/code/LaBraM/log/20251031_0921.log
[2025-10-31 09:22:01] 启动 'TrainCVLauncher.py' | CUDA_VISIBLE_DEVICES='5,6,7' | LOG='/home/yeqi3/cyr/code/LaBraM/log/20251031_0922.log'
[2025-10-31 09:22:01] 已后台运行 pid=1770189，详见 /home/yeqi3/cyr/code/LaBraM/log/20251031_0922.log
[2025-10-31 09:23:02] 启动 'TrainCVLauncher.py' | CUDA_VISIBLE_DEVICES='5,6,7' | LOG='/home/yeqi3/cyr/code/LaBraM/log/20251031_0923.log'
[2025-10-31 09:23:02] 已后台运行 pid=1772978，详见 /home/yeqi3/cyr/code/LaBraM/log/20251031_0923.log
[2025-10-31 09:24:01] 启动 'TrainCVLauncher.py' | CUDA_VISIBLE_DEVICES='5,6,7' | LOG='/home/yeqi3/cyr/code/LaBraM/log/20251031_0924.log'
[2025-10-31 09:24:01] 已后台运行 pid=1775608，详见 /home/yeqi3/cyr/code/LaBraM/log/20251031_0924.log
[2025-10-31 09:25:01] 启动 'TrainCVLauncher.py' | CUDA_VISIBLE_DEVICES='5,6,7' | LOG='/home/yeqi3/cyr/code/LaBraM/log/20251031_0925.log'
[2025-10-31 09:25:01] 已后台运行 pid=1778232，详见 /home/yeqi3/cyr/code/LaBraM/log/20251031_0925.log
[2025-10-31 09:26:02] 启动 'TrainCVLauncher.py' | CUDA_VISIBLE_DEVICES='5,6,7' | LOG='/home/yeqi3/cyr/code/LaBraM/log/20251031_0926.log'
[2025-10-31 09:26:02] 已后台运行 pid=1780909，详见 /home/yeqi3/cyr/code/LaBraM/log/20251031_0926.log
[2025-10-31 09:27:01] 启动 'TrainCVLauncher.py' | CUDA_VISIBLE_DEVICES='5,6,7' | LOG='/home/yeqi3/cyr/code/LaBraM/log/20251031_0927.log'
[2025-10-31 09:27:01] 已后台运行 pid=1783540，详见 /home/yeqi3/cyr/code/LaBraM/log/20251031_0927.log
[2025-10-31 09:28:02] 启动 'TrainCVLauncher.py' | CUDA_VISIBLE_DEVICES='5,6,7' | LOG='/home/yeqi3/cyr/code/LaBraM/log/20251031_0928.log'
[2025-10-31 09:28:02] 已后台运行 pid=1786438，详见 /home/yeqi3/cyr/code/LaBraM/log/20251031_0928.log
[2025-10-31 09:29:01] 启动 'TrainCVLauncher.py' | CUDA_VISIBLE_DEVICES='5,6,7' | LOG='/home/yeqi3/cyr/code/LaBraM/log/20251031_0929.log'
[2025-10-31 09:29:01] 已后台运行 pid=1789080，详见 /home/yeqi3/cyr/code/LaBraM/log/20251031_0929.log
[2025-10-31 09:30:01] 启动 'TrainCVLauncher.py' | CUDA_VISIBLE_DEVICES='5,6,7' | LOG='/home/yeqi3/cyr/code/LaBraM/log/20251031_0930.log'
[2025-10-31 09:30:01] 已后台运行 pid=1791782，详见 /home/yeqi3/cyr/code/LaBraM/log/20251031_0930.log
[2025-10-31 09:31:02] 启动 'TrainCVLauncher.py' | CUDA_VISIBLE_DEVICES='5,6,7' | LOG='/home/yeqi3/cyr/code/LaBraM/log/20251031_0931.log'
[2025-10-31 09:31:02] 已后台运行 pid=1794557，详见 /home/yeqi3/cyr/code/LaBraM/log/20251031_0931.log
[2025-10-31 09:32:01] 启动 'TrainCVLauncher.py' | CUDA_VISIBLE_DEVICES='5,6,7' | LOG='/home/yeqi3/cyr/code/LaBraM/log/20251031_0932.log'
[2025-10-31 09:32:01] 已后台运行 pid=1797190，详见 /home/yeqi3/cyr/code/LaBraM/log/20251031_0932.log
[2025-10-31 09:33:01] 启动 'TrainCVLauncher.py' | CUDA_VISIBLE_DEVICES='5,6,7' | LOG='/home/yeqi3/cyr/code/LaBraM/log/20251031_0933.log'
[2025-10-31 09:33:01] 已后台运行 pid=1799964，详见 /home/yeqi3/cyr/code/LaBraM/log/20251031_0933.log
[2025-10-31 09:34:02] 启动 'TrainCVLauncher.py' | CUDA_VISIBLE_DEVICES='5,6,7' | LOG='/home/yeqi3/cyr/code/LaBraM/log/20251031_0934.log'
[2025-10-31 09:34:02] 已后台运行 pid=1802607，详见 /home/yeqi3/cyr/code/LaBraM/log/20251031_0934.log
[2025-10-31 09:35:01] 启动 'TrainCVLauncher.py' | CUDA_VISIBLE_DEVICES='5,6,7' | LOG='/home/yeqi3/cyr/code/LaBraM/log/20251031_0935.log'
[2025-10-31 09:35:01] 已后台运行 pid=1805272，详见 /home/yeqi3/cyr/code/LaBraM/log/20251031_0935.log
[2025-10-31 09:36:02] 启动 'TrainCVLauncher.py' | CUDA_VISIBLE_DEVICES='5,6,7' | LOG='/home/yeqi3/cyr/code/LaBraM/log/20251031_0936.log'
[2025-10-31 09:36:02] 已后台运行 pid=1807890，详见 /home/yeqi3/cyr/code/LaBraM/log/20251031_0936.log
[2025-10-31 09:37:01] 启动 'TrainCVLauncher.py' | CUDA_VISIBLE_DEVICES='5,6,7' | LOG='/home/yeqi3/cyr/code/LaBraM/log/20251031_0937.log'
[2025-10-31 09:37:01] 已后台运行 pid=1810529，详见 /home/yeqi3/cyr/code/LaBraM/log/20251031_0937.log
[2025-10-31 09:38:01] 启动 'TrainCVLauncher.py' | CUDA_VISIBLE_DEVICES='5,6,7' | LOG='/home/yeqi3/cyr/code/LaBraM/log/20251031_0938.log'
[2025-10-31 09:38:01] 已后台运行 pid=1813288，详见 /home/yeqi3/cyr/code/LaBraM/log/20251031_0938.log
[2025-10-31 09:39:02] 启动 'TrainCVLauncher.py' | CUDA_VISIBLE_DEVICES='5,6,7' | LOG='/home/yeqi3/cyr/code/LaBraM/log/20251031_0939.log'
[2025-10-31 09:39:02] 已后台运行 pid=1815955，详见 /home/yeqi3/cyr/code/LaBraM/log/20251031_0939.log
[2025-10-31 09:40:01] 启动 'TrainCVLauncher.py' | CUDA_VISIBLE_DEVICES='5,6,7' | LOG='/home/yeqi3/cyr/code/LaBraM/log/20251031_0940.log'
[2025-10-31 09:40:01] 已后台运行 pid=1818647，详见 /home/yeqi3/cyr/code/LaBraM/log/20251031_0940.log
[2025-10-31 09:41:01] 启动 'TrainCVLauncher.py' | CUDA_VISIBLE_DEVICES='5,6,7' | LOG='/home/yeqi3/cyr/code/LaBraM/log/20251031_0941.log'
[2025-10-31 09:41:01] 已后台运行 pid=1821498，详见 /home/yeqi3/cyr/code/LaBraM/log/20251031_0941.log
[2025-10-31 09:42:02] 启动 'TrainCVLauncher.py' | CUDA_VISIBLE_DEVICES='5,6,7' | LOG='/home/yeqi3/cyr/code/LaBraM/log/20251031_0942.log'
[2025-10-31 09:42:02] 已后台运行 pid=1824344，详见 /home/yeqi3/cyr/code/LaBraM/log/20251031_0942.log
[2025-10-31 09:43:01] 启动 'TrainCVLauncher.py' | CUDA_VISIBLE_DEVICES='5,6,7' | LOG='/home/yeqi3/cyr/code/LaBraM/log/20251031_0943.log'
[2025-10-31 09:43:01] 已后台运行 pid=1827110，详见 /home/yeqi3/cyr/code/LaBraM/log/20251031_0943.log
[2025-10-31 09:44:01] 启动 'TrainCVLauncher.py' | CUDA_VISIBLE_DEVICES='5,6,7' | LOG='/home/yeqi3/cyr/code/LaBraM/log/20251031_0944.log'
[2025-10-31 09:44:01] 已后台运行 pid=1829751，详见 /home/yeqi3/cyr/code/LaBraM/log/20251031_0944.log
[2025-10-31 09:45:02] 启动 'TrainCVLauncher.py' | CUDA_VISIBLE_DEVICES='5,6,7' | LOG='/home/yeqi3/cyr/code/LaBraM/log/20251031_0945.log'
[2025-10-31 09:45:02] 已后台运行 pid=1832408，详见 /home/yeqi3/cyr/code/LaBraM/log/20251031_0945.log
[2025-10-31 09:46:01] 启动 'TrainCVLauncher.py' | CUDA_VISIBLE_DEVICES='5,6,7' | LOG='/home/yeqi3/cyr/code/LaBraM/log/20251031_0946.log'
[2025-10-31 09:46:01] 已后台运行 pid=1835190，详见 /home/yeqi3/cyr/code/LaBraM/log/20251031_0946.log
[2025-10-31 09:47:02] 启动 'TrainCVLauncher.py' | CUDA_VISIBLE_DEVICES='5,6,7' | LOG='/home/yeqi3/cyr/code/LaBraM/log/20251031_0947.log'
[2025-10-31 09:47:02] 已后台运行 pid=1837840，详见 /home/yeqi3/cyr/code/LaBraM/log/20251031_0947.log
[2025-10-31 09:48:01] 启动 'TrainCVLauncher.py' | CUDA_VISIBLE_DEVICES='5,6,7' | LOG='/home/yeqi3/cyr/code/LaBraM/log/20251031_0948.log'
[2025-10-31 09:48:01] 已后台运行 pid=1840591，详见 /home/yeqi3/cyr/code/LaBraM/log/20251031_0948.log
[2025-10-31 09:49:01] 启动 'TrainCVLauncher.py' | CUDA_VISIBLE_DEVICES='5,6,7' | LOG='/home/yeqi3/cyr/code/LaBraM/log/20251031_0949.log'
[2025-10-31 09:49:01] 已后台运行 pid=1843234，详见 /home/yeqi3/cyr/code/LaBraM/log/20251031_0949.log
[2025-10-31 09:50:02] 启动 'TrainCVLauncher.py' | CUDA_VISIBLE_DEVICES='5,6,7' | LOG='/home/yeqi3/cyr/code/LaBraM/log/20251031_0950.log'
[2025-10-31 09:50:02] 已后台运行 pid=1845964，详见 /home/yeqi3/cyr/code/LaBraM/log/20251031_0950.log
[2025-10-31 09:51:01] 启动 'TrainCVLauncher.py' | CUDA_VISIBLE_DEVICES='5,6,7' | LOG='/home/yeqi3/cyr/code/LaBraM/log/20251031_0951.log'
[2025-10-31 09:51:01] 已后台运行 pid=1848709，详见 /home/yeqi3/cyr/code/LaBraM/log/20251031_0951.log
[2025-10-31 09:52:01] 启动 'TrainCVLauncher.py' | CUDA_VISIBLE_DEVICES='5,6,7' | LOG='/home/yeqi3/cyr/code/LaBraM/log/20251031_0952.log'
[2025-10-31 09:52:01] 已后台运行 pid=1851355，详见 /home/yeqi3/cyr/code/LaBraM/log/20251031_0952.log
[2025-10-31 09:53:02] 启动 'TrainCVLauncher.py' | CUDA_VISIBLE_DEVICES='5,6,7' | LOG='/home/yeqi3/cyr/code/LaBraM/log/20251031_0953.log'
[2025-10-31 09:53:02] 已后台运行 pid=1854186，详见 /home/yeqi3/cyr/code/LaBraM/log/20251031_0953.log
[2025-10-31 09:54:01] 启动 'TrainCVLauncher.py' | CUDA_VISIBLE_DEVICES='5,6,7' | LOG='/home/yeqi3/cyr/code/LaBraM/log/20251031_0954.log'
[2025-10-31 09:54:01] 已后台运行 pid=1856812，详见 /home/yeqi3/cyr/code/LaBraM/log/20251031_0954.log
[2025-10-31 09:55:02] 启动 'TrainCVLauncher.py' | CUDA_VISIBLE_DEVICES='5,6,7' | LOG='/home/yeqi3/cyr/code/LaBraM/log/20251031_0955.log'
[2025-10-31 09:55:02] 已后台运行 pid=1859517，详见 /home/yeqi3/cyr/code/LaBraM/log/20251031_0955.log
[2025-10-31 09:56:01] 启动 'TrainCVLauncher.py' | CUDA_VISIBLE_DEVICES='5,6,7' | LOG='/home/yeqi3/cyr/code/LaBraM/log/20251031_0956.log'
[2025-10-31 09:56:01] 已后台运行 pid=1862251，详见 /home/yeqi3/cyr/code/LaBraM/log/20251031_0956.log
[2025-10-31 09:57:01] 启动 'TrainCVLauncher.py' | CUDA_VISIBLE_DEVICES='5,6,7' | LOG='/home/yeqi3/cyr/code/LaBraM/log/20251031_0957.log'
[2025-10-31 09:57:01] 已后台运行 pid=1864890，详见 /home/yeqi3/cyr/code/LaBraM/log/20251031_0957.log
[2025-10-31 09:58:02] 启动 'TrainCVLauncher.py' | CUDA_VISIBLE_DEVICES='5,6,7' | LOG='/home/yeqi3/cyr/code/LaBraM/log/20251031_0958.log'
[2025-10-31 09:58:02] 已后台运行 pid=1867656，详见 /home/yeqi3/cyr/code/LaBraM/log/20251031_0958.log
[2025-10-31 09:59:01] 启动 'TrainCVLauncher.py' | CUDA_VISIBLE_DEVICES='5,6,7' | LOG='/home/yeqi3/cyr/code/LaBraM/log/20251031_0959.log'
[2025-10-31 09:59:01] 已后台运行 pid=1870292，详见 /home/yeqi3/cyr/code/LaBraM/log/20251031_0959.log
[2025-10-31 10:00:02] 启动 'TrainCVLauncher.py' | CUDA_VISIBLE_DEVICES='5,6,7' | LOG='/home/yeqi3/cyr/code/LaBraM/log/20251031_1000.log'
[2025-10-31 10:00:02] 已后台运行 pid=1872998，详见 /home/yeqi3/cyr/code/LaBraM/log/20251031_1000.log
[2025-10-31 10:01:02] 启动 'TrainCVLauncher.py' | CUDA_VISIBLE_DEVICES='5,6,7' | LOG='/home/yeqi3/cyr/code/LaBraM/log/20251031_1001.log'
[2025-10-31 10:01:02] 已后台运行 pid=1875761，详见 /home/yeqi3/cyr/code/LaBraM/log/20251031_1001.log
[2025-10-31 10:02:01] 启动 'TrainCVLauncher.py' | CUDA_VISIBLE_DEVICES='5,6,7' | LOG='/home/yeqi3/cyr/code/LaBraM/log/20251031_1002.log'
[2025-10-31 10:02:01] 已后台运行 pid=1878438，详见 /home/yeqi3/cyr/code/LaBraM/log/20251031_1002.log
[2025-10-31 10:03:01] 启动 'TrainCVLauncher.py' | CUDA_VISIBLE_DEVICES='5,6,7' | LOG='/home/yeqi3/cyr/code/LaBraM/log/20251031_1003.log'
[2025-10-31 10:03:01] 已后台运行 pid=1881199，详见 /home/yeqi3/cyr/code/LaBraM/log/20251031_1003.log
[2025-10-31 10:04:02] 启动 'TrainCVLauncher.py' | CUDA_VISIBLE_DEVICES='5,6,7' | LOG='/home/yeqi3/cyr/code/LaBraM/log/20251031_1004.log'
[2025-10-31 10:04:02] 已后台运行 pid=1883859，详见 /home/yeqi3/cyr/code/LaBraM/log/20251031_1004.log
[2025-10-31 10:05:01] 启动 'TrainCVLauncher.py' | CUDA_VISIBLE_DEVICES='5,6,7' | LOG='/home/yeqi3/cyr/code/LaBraM/log/20251031_1005.log'
[2025-10-31 10:05:01] 已后台运行 pid=1886486，详见 /home/yeqi3/cyr/code/LaBraM/log/20251031_1005.log
[2025-10-31 10:06:02] 启动 'TrainCVLauncher.py' | CUDA_VISIBLE_DEVICES='5,6,7' | LOG='/home/yeqi3/cyr/code/LaBraM/log/20251031_1006.log'
[2025-10-31 10:06:02] 已后台运行 pid=1889135，详见 /home/yeqi3/cyr/code/LaBraM/log/20251031_1006.log
[2025-10-31 10:07:01] 启动 'TrainCVLauncher.py' | CUDA_VISIBLE_DEVICES='5,6,7' | LOG='/home/yeqi3/cyr/code/LaBraM/log/20251031_1007.log'
[2025-10-31 10:07:01] 已后台运行 pid=1891787，详见 /home/yeqi3/cyr/code/LaBraM/log/20251031_1007.log
[2025-10-31 10:08:01] 启动 'TrainCVLauncher.py' | CUDA_VISIBLE_DEVICES='5,6,7' | LOG='/home/yeqi3/cyr/code/LaBraM/log/20251031_1008.log'
[2025-10-31 10:08:01] 已后台运行 pid=1894562，详见 /home/yeqi3/cyr/code/LaBraM/log/20251031_1008.log
[2025-10-31 10:09:02] 启动 'TrainCVLauncher.py' | CUDA_VISIBLE_DEVICES='5,6,7' | LOG='/home/yeqi3/cyr/code/LaBraM/log/20251031_1009.log'
[2025-10-31 10:09:02] 已后台运行 pid=1897346，详见 /home/yeqi3/cyr/code/LaBraM/log/20251031_1009.log
[2025-10-31 10:10:01] 启动 'TrainCVLauncher.py' | CUDA_VISIBLE_DEVICES='5,6,7' | LOG='/home/yeqi3/cyr/code/LaBraM/log/20251031_1010.log'
[2025-10-31 10:10:01] 已后台运行 pid=1900028，详见 /home/yeqi3/cyr/code/LaBraM/log/20251031_1010.log
[2025-10-31 10:11:01] 启动 'TrainCVLauncher.py' | CUDA_VISIBLE_DEVICES='5,6,7' | LOG='/home/yeqi3/cyr/code/LaBraM/log/20251031_1011.log'
[2025-10-31 10:11:01] 已后台运行 pid=1904709，详见 /home/yeqi3/cyr/code/LaBraM/log/20251031_1011.log
[2025-10-31 10:12:02] 启动 'TrainCVLauncher.py' | CUDA_VISIBLE_DEVICES='5,6,7' | LOG='/home/yeqi3/cyr/code/LaBraM/log/20251031_1012.log'
[2025-10-31 10:12:02] 已后台运行 pid=1908852，详见 /home/yeqi3/cyr/code/LaBraM/log/20251031_1012.log
[2025-10-31 10:13:01] 启动 'TrainCVLauncher.py' | CUDA_VISIBLE_DEVICES='5,6,7' | LOG='/home/yeqi3/cyr/code/LaBraM/log/20251031_1013.log'
[2025-10-31 10:13:01] 已后台运行 pid=1912015，详见 /home/yeqi3/cyr/code/LaBraM/log/20251031_1013.log
[2025-10-31 10:14:01] 启动 'TrainCVLauncher.py' | CUDA_VISIBLE_DEVICES='5,6,7' | LOG='/home/yeqi3/cyr/code/LaBraM/log/20251031_1014.log'
[2025-10-31 10:14:01] 已后台运行 pid=1916932，详见 /home/yeqi3/cyr/code/LaBraM/log/20251031_1014.log
[2025-10-31 10:15:02] 启动 'TrainCVLauncher.py' | CUDA_VISIBLE_DEVICES='5,6,7' | LOG='/home/yeqi3/cyr/code/LaBraM/log/20251031_1015.log'
[2025-10-31 10:15:02] 已后台运行 pid=1921820，详见 /home/yeqi3/cyr/code/LaBraM/log/20251031_1015.log
[2025-10-31 10:16:01] 启动 'TrainCVLauncher.py' | CUDA_VISIBLE_DEVICES='5,6,7' | LOG='/home/yeqi3/cyr/code/LaBraM/log/20251031_1016.log'
[2025-10-31 10:16:01] 已后台运行 pid=1924482，详见 /home/yeqi3/cyr/code/LaBraM/log/20251031_1016.log
[2025-10-31 10:17:02] 启动 'TrainCVLauncher.py' | CUDA_VISIBLE_DEVICES='5,6,7' | LOG='/home/yeqi3/cyr/code/LaBraM/log/20251031_1017.log'
[2025-10-31 10:17:02] 已后台运行 pid=1927192，详见 /home/yeqi3/cyr/code/LaBraM/log/20251031_1017.log
[2025-10-31 10:18:01] 启动 'TrainCVLauncher.py' | CUDA_VISIBLE_DEVICES='5,6,7' | LOG='/home/yeqi3/cyr/code/LaBraM/log/20251031_1018.log'
[2025-10-31 10:18:01] 已后台运行 pid=1929840，详见 /home/yeqi3/cyr/code/LaBraM/log/20251031_1018.log
[2025-10-31 10:19:01] 启动 'TrainCVLauncher.py' | CUDA_VISIBLE_DEVICES='5,6,7' | LOG='/home/yeqi3/cyr/code/LaBraM/log/20251031_1019.log'
[2025-10-31 10:19:01] 已后台运行 pid=1932585，详见 /home/yeqi3/cyr/code/LaBraM/log/20251031_1019.log
[2025-10-31 10:20:02] 启动 'TrainCVLauncher.py' | CUDA_VISIBLE_DEVICES='5,6,7' | LOG='/home/yeqi3/cyr/code/LaBraM/log/20251031_1020.log'
[2025-10-31 10:20:02] 已后台运行 pid=1935297，详见 /home/yeqi3/cyr/code/LaBraM/log/20251031_1020.log
[2025-10-31 10:21:01] 启动 'TrainCVLauncher.py' | CUDA_VISIBLE_DEVICES='5,6,7' | LOG='/home/yeqi3/cyr/code/LaBraM/log/20251031_1021.log'
[2025-10-31 10:21:01] 已后台运行 pid=1938057，详见 /home/yeqi3/cyr/code/LaBraM/log/20251031_1021.log
[2025-10-31 10:22:01] 启动 'TrainCVLauncher.py' | CUDA_VISIBLE_DEVICES='5,6,7' | LOG='/home/yeqi3/cyr/code/LaBraM/log/20251031_1022.log'
[2025-10-31 10:22:01] 已后台运行 pid=1940926，详见 /home/yeqi3/cyr/code/LaBraM/log/20251031_1022.log
[2025-10-31 10:23:02] 启动 'TrainCVLauncher.py' | CUDA_VISIBLE_DEVICES='5,6,7' | LOG='/home/yeqi3/cyr/code/LaBraM/log/20251031_1023.log'
[2025-10-31 10:23:02] 已后台运行 pid=1944353，详见 /home/yeqi3/cyr/code/LaBraM/log/20251031_1023.log
[2025-10-31 10:24:01] 启动 'TrainCVLauncher.py' | CUDA_VISIBLE_DEVICES='5,6,7' | LOG='/home/yeqi3/cyr/code/LaBraM/log/20251031_1024.log'
[2025-10-31 10:24:01] 已后台运行 pid=1947466，详见 /home/yeqi3/cyr/code/LaBraM/log/20251031_1024.log
[2025-10-31 10:25:02] 启动 'TrainCVLauncher.py' | CUDA_VISIBLE_DEVICES='5,6,7' | LOG='/home/yeqi3/cyr/code/LaBraM/log/20251031_1025.log'
[2025-10-31 10:25:02] 已后台运行 pid=1950195，详见 /home/yeqi3/cyr/code/LaBraM/log/20251031_1025.log
[2025-10-31 10:26:01] 启动 'TrainCVLauncher.py' | CUDA_VISIBLE_DEVICES='5,6,7' | LOG='/home/yeqi3/cyr/code/LaBraM/log/20251031_1026.log'
[2025-10-31 10:26:01] 已后台运行 pid=1952899，详见 /home/yeqi3/cyr/code/LaBraM/log/20251031_1026.log
[2025-10-31 10:27:01] 启动 'TrainCVLauncher.py' | CUDA_VISIBLE_DEVICES='5,6,7' | LOG='/home/yeqi3/cyr/code/LaBraM/log/20251031_1027.log'
[2025-10-31 10:27:01] 已后台运行 pid=1955561，详见 /home/yeqi3/cyr/code/LaBraM/log/20251031_1027.log
[2025-10-31 10:28:02] 启动 'TrainCVLauncher.py' | CUDA_VISIBLE_DEVICES='5,6,7' | LOG='/home/yeqi3/cyr/code/LaBraM/log/20251031_1028.log'
[2025-10-31 10:28:02] 已后台运行 pid=1958375，详见 /home/yeqi3/cyr/code/LaBraM/log/20251031_1028.log
[2025-10-31 10:29:01] 启动 'TrainCVLauncher.py' | CUDA_VISIBLE_DEVICES='5,6,7' | LOG='/home/yeqi3/cyr/code/LaBraM/log/20251031_1029.log'
[2025-10-31 10:29:01] 已后台运行 pid=1961159，详见 /home/yeqi3/cyr/code/LaBraM/log/20251031_1029.log
[2025-10-31 10:30:02] 启动 'TrainCVLauncher.py' | CUDA_VISIBLE_DEVICES='5,6,7' | LOG='/home/yeqi3/cyr/code/LaBraM/log/20251031_1030.log'
[2025-10-31 10:30:02] 已后台运行 pid=1963973，详见 /home/yeqi3/cyr/code/LaBraM/log/20251031_1030.log
[2025-10-31 10:31:01] 启动 'TrainCVLauncher.py' | CUDA_VISIBLE_DEVICES='5,6,7' | LOG='/home/yeqi3/cyr/code/LaBraM/log/20251031_1031.log'
[2025-10-31 10:31:01] 已后台运行 pid=1966748，详见 /home/yeqi3/cyr/code/LaBraM/log/20251031_1031.log
[2025-10-31 10:32:01] 启动 'TrainCVLauncher.py' | CUDA_VISIBLE_DEVICES='5,6,7' | LOG='/home/yeqi3/cyr/code/LaBraM/log/20251031_1032.log'
[2025-10-31 10:32:01] 已后台运行 pid=1969505，详见 /home/yeqi3/cyr/code/LaBraM/log/20251031_1032.log
[2025-10-31 10:33:02] 启动 'TrainCVLauncher.py' | CUDA_VISIBLE_DEVICES='5,6,7' | LOG='/home/yeqi3/cyr/code/LaBraM/log/20251031_1033.log'
[2025-10-31 10:33:02] 已后台运行 pid=1972708，详见 /home/yeqi3/cyr/code/LaBraM/log/20251031_1033.log
[2025-10-31 10:34:01] 启动 'TrainCVLauncher.py' | CUDA_VISIBLE_DEVICES='5,6,7' | LOG='/home/yeqi3/cyr/code/LaBraM/log/20251031_1034.log'
[2025-10-31 10:34:01] 已后台运行 pid=1975448，详见 /home/yeqi3/cyr/code/LaBraM/log/20251031_1034.log
[2025-10-31 10:35:02] 启动 'TrainCVLauncher.py' | CUDA_VISIBLE_DEVICES='5,6,7' | LOG='/home/yeqi3/cyr/code/LaBraM/log/20251031_1035.log'
[2025-10-31 10:35:02] 已后台运行 pid=1978117，详见 /home/yeqi3/cyr/code/LaBraM/log/20251031_1035.log
[2025-10-31 10:36:01] 启动 'TrainCVLauncher.py' | CUDA_VISIBLE_DEVICES='5,6,7' | LOG='/home/yeqi3/cyr/code/LaBraM/log/20251031_1036.log'
[2025-10-31 10:36:01] 已后台运行 pid=1980975，详见 /home/yeqi3/cyr/code/LaBraM/log/20251031_1036.log
[2025-10-31 10:37:02] 启动 'TrainCVLauncher.py' | CUDA_VISIBLE_DEVICES='5,6,7' | LOG='/home/yeqi3/cyr/code/LaBraM/log/20251031_1037.log'
[2025-10-31 10:37:02] 已后台运行 pid=1982993，详见 /home/yeqi3/cyr/code/LaBraM/log/20251031_1037.log
[2025-10-31 10:38:01] 启动 'TrainCVLauncher.py' | CUDA_VISIBLE_DEVICES='5,6,7' | LOG='/home/yeqi3/cyr/code/LaBraM/log/20251031_1038.log'
[2025-10-31 10:38:01] 已后台运行 pid=1987959，详见 /home/yeqi3/cyr/code/LaBraM/log/20251031_1038.log
[2025-10-31 10:58:41] 启动 'TrainCVLauncher.py' | CUDA_VISIBLE_DEVICES='5,6,7' | LOG='/home/yeqi3/cyr/code/LaBraM/log/auto_run.log'
[2025-10-31 10:58:41] 已后台运行 pid=2066827，详见 /home/yeqi3/cyr/code/LaBraM/log/auto_run.log
[2025-10-31 22:48:02] 启动 'TrainCVLauncher.py' | CUDA_VISIBLE_DEVICES='5,6,7' | LOG='/home/yeqi3/cyr/code/LaBraM/log/auto_run.log'
[2025-10-31 22:48:02] 已后台运行 pid=150323，详见 /home/yeqi3/cyr/code/LaBraM/log/auto_run.log
[2025-11-01 10:51:01] 启动 'TrainCVLauncher.py' | CUDA_VISIBLE_DEVICES='5,6,7' | LOG='/home/yeqi3/cyr/code/LaBraM/log/auto_run.log'
[2025-11-01 10:51:01] 已后台运行 pid=2568813，详见 /home/yeqi3/cyr/code/LaBraM/log/auto_run.log
[2025-11-01 23:01:02] 启动 'TrainCVLauncher.py' | CUDA_VISIBLE_DEVICES='5,6,7' | LOG='/home/yeqi3/cyr/code/LaBraM/log/auto_run.log'
[2025-11-01 23:01:02] 已后台运行 pid=1789468，详见 /home/yeqi3/cyr/code/LaBraM/log/auto_run.log
[2025-11-01 23:02:01] 启动 'TrainCVLauncher.py' | CUDA_VISIBLE_DEVICES='5,6,7' | LOG='/home/yeqi3/cyr/code/LaBraM/log/auto_run.log'
[2025-11-01 23:02:01] 已后台运行 pid=1798533，详见 /home/yeqi3/cyr/code/LaBraM/log/auto_run.log
[2025-11-01 23:03:02] 启动 'TrainCVLauncher.py' | CUDA_VISIBLE_DEVICES='5,6,7' | LOG='/home/yeqi3/cyr/code/LaBraM/log/auto_run.log'
[2025-11-01 23:03:02] 已后台运行 pid=1807826，详见 /home/yeqi3/cyr/code/LaBraM/log/auto_run.log
[2025-11-01 23:04:01] 启动 'TrainCVLauncher.py' | CUDA_VISIBLE_DEVICES='5,6,7' | LOG='/home/yeqi3/cyr/code/LaBraM/log/auto_run.log'
[2025-11-01 23:04:01] 已后台运行 pid=1817123，详见 /home/yeqi3/cyr/code/LaBraM/log/auto_run.log
[2025-11-01 23:05:02] 启动 'TrainCVLauncher.py' | CUDA_VISIBLE_DEVICES='5,6,7' | LOG='/home/yeqi3/cyr/code/LaBraM/log/auto_run.log'
[2025-11-01 23:05:02] 已后台运行 pid=1826504，详见 /home/yeqi3/cyr/code/LaBraM/log/auto_run.log
[2025-11-01 23:06:01] 启动 'TrainCVLauncher.py' | CUDA_VISIBLE_DEVICES='5,6,7' | LOG='/home/yeqi3/cyr/code/LaBraM/log/auto_run.log'
[2025-11-01 23:06:01] 已后台运行 pid=1835693，详见 /home/yeqi3/cyr/code/LaBraM/log/auto_run.log
[2025-11-01 23:07:01] 启动 'TrainCVLauncher.py' | CUDA_VISIBLE_DEVICES='5,6,7' | LOG='/home/yeqi3/cyr/code/LaBraM/log/auto_run.log'
[2025-11-01 23:07:01] 已后台运行 pid=1845078，详见 /home/yeqi3/cyr/code/LaBraM/log/auto_run.log
[2025-11-01 23:08:02] 启动 'TrainCVLauncher.py' | CUDA_VISIBLE_DEVICES='5,6,7' | LOG='/home/yeqi3/cyr/code/LaBraM/log/auto_run.log'
[2025-11-01 23:08:02] 已后台运行 pid=1854319，详见 /home/yeqi3/cyr/code/LaBraM/log/auto_run.log
[2025-11-01 23:09:01] 启动 'TrainCVLauncher.py' | CUDA_VISIBLE_DEVICES='5,6,7' | LOG='/home/yeqi3/cyr/code/LaBraM/log/auto_run.log'
[2025-11-01 23:09:01] 已后台运行 pid=1863570，详见 /home/yeqi3/cyr/code/LaBraM/log/auto_run.log
[2025-11-01 23:10:02] 启动 'TrainCVLauncher.py' | CUDA_VISIBLE_DEVICES='5,6,7' | LOG='/home/yeqi3/cyr/code/LaBraM/log/auto_run.log'
[2025-11-01 23:10:02] 已后台运行 pid=1872947，详见 /home/yeqi3/cyr/code/LaBraM/log/auto_run.log
[2025-11-01 23:11:01] 启动 'TrainCVLauncher.py' | CUDA_VISIBLE_DEVICES='5,6,7' | LOG='/home/yeqi3/cyr/code/LaBraM/log/auto_run.log'
[2025-11-01 23:11:01] 已后台运行 pid=1882370，详见 /home/yeqi3/cyr/code/LaBraM/log/auto_run.log
[2025-11-01 23:12:02] 启动 'TrainCVLauncher.py' | CUDA_VISIBLE_DEVICES='5,6,7' | LOG='/home/yeqi3/cyr/code/LaBraM/log/auto_run.log'
[2025-11-01 23:12:02] 已后台运行 pid=1891790，详见 /home/yeqi3/cyr/code/LaBraM/log/auto_run.log
[2025-11-01 23:13:01] 启动 'TrainCVLauncher.py' | CUDA_VISIBLE_DEVICES='5,6,7' | LOG='/home/yeqi3/cyr/code/LaBraM/log/auto_run.log'
[2025-11-01 23:13:01] 已后台运行 pid=1900935，详见 /home/yeqi3/cyr/code/LaBraM/log/auto_run.log
[2025-11-01 23:14:02] 启动 'TrainCVLauncher.py' | CUDA_VISIBLE_DEVICES='5,6,7' | LOG='/home/yeqi3/cyr/code/LaBraM/log/auto_run.log'
[2025-11-01 23:14:02] 已后台运行 pid=1910281，详见 /home/yeqi3/cyr/code/LaBraM/log/auto_run.log
[2025-11-01 23:15:01] 启动 'TrainCVLauncher.py' | CUDA_VISIBLE_DEVICES='5,6,7' | LOG='/home/yeqi3/cyr/code/LaBraM/log/auto_run.log'
[2025-11-01 23:15:01] 已后台运行 pid=1919681，详见 /home/yeqi3/cyr/code/LaBraM/log/auto_run.log
[2025-11-01 23:16:01] 启动 'TrainCVLauncher.py' | CUDA_VISIBLE_DEVICES='5,6,7' | LOG='/home/yeqi3/cyr/code/LaBraM/log/auto_run.log'
[2025-11-01 23:16:01] 已后台运行 pid=1929192，详见 /home/yeqi3/cyr/code/LaBraM/log/auto_run.log
[2025-11-01 23:17:02] 启动 'TrainCVLauncher.py' | CUDA_VISIBLE_DEVICES='5,6,7' | LOG='/home/yeqi3/cyr/code/LaBraM/log/auto_run.log'
[2025-11-01 23:17:02] 已后台运行 pid=1938503，详见 /home/yeqi3/cyr/code/LaBraM/log/auto_run.log
[2025-11-01 23:18:01] 启动 'TrainCVLauncher.py' | CUDA_VISIBLE_DEVICES='5,6,7' | LOG='/home/yeqi3/cyr/code/LaBraM/log/auto_run.log'
[2025-11-01 23:18:01] 已后台运行 pid=1947620，详见 /home/yeqi3/cyr/code/LaBraM/log/auto_run.log
[2025-11-01 23:19:02] 启动 'TrainCVLauncher.py' | CUDA_VISIBLE_DEVICES='5,6,7' | LOG='/home/yeqi3/cyr/code/LaBraM/log/auto_run.log'
[2025-11-01 23:19:02] 已后台运行 pid=1956759，详见 /home/yeqi3/cyr/code/LaBraM/log/auto_run.log
[2025-11-01 23:20:01] 启动 'TrainCVLauncher.py' | CUDA_VISIBLE_DEVICES='5,6,7' | LOG='/home/yeqi3/cyr/code/LaBraM/log/auto_run.log'
[2025-11-01 23:20:01] 已后台运行 pid=1966048，详见 /home/yeqi3/cyr/code/LaBraM/log/auto_run.log
[2025-11-01 23:21:02] 启动 'TrainCVLauncher.py' | CUDA_VISIBLE_DEVICES='5,6,7' | LOG='/home/yeqi3/cyr/code/LaBraM/log/auto_run.log'
[2025-11-01 23:21:02] 已后台运行 pid=1976234，详见 /home/yeqi3/cyr/code/LaBraM/log/auto_run.log
[2025-11-01 23:22:01] 启动 'TrainCVLauncher.py' | CUDA_VISIBLE_DEVICES='5,6,7' | LOG='/home/yeqi3/cyr/code/LaBraM/log/auto_run.log'
[2025-11-01 23:22:01] 已后台运行 pid=1985410，详见 /home/yeqi3/cyr/code/LaBraM/log/auto_run.log
[2025-11-01 23:23:01] 启动 'TrainCVLauncher.py' | CUDA_VISIBLE_DEVICES='5,6,7' | LOG='/home/yeqi3/cyr/code/LaBraM/log/auto_run.log'
[2025-11-01 23:23:01] 已后台运行 pid=1994591，详见 /home/yeqi3/cyr/code/LaBraM/log/auto_run.log
[2025-11-01 23:24:02] 启动 'TrainCVLauncher.py' | CUDA_VISIBLE_DEVICES='5,6,7' | LOG='/home/yeqi3/cyr/code/LaBraM/log/auto_run.log'
[2025-11-01 23:24:02] 已后台运行 pid=2004045，详见 /home/yeqi3/cyr/code/LaBraM/log/auto_run.log
[2025-11-01 23:25:01] 启动 'TrainCVLauncher.py' | CUDA_VISIBLE_DEVICES='5,6,7' | LOG='/home/yeqi3/cyr/code/LaBraM/log/auto_run.log'
[2025-11-01 23:25:01] 已后台运行 pid=2013152，详见 /home/yeqi3/cyr/code/LaBraM/log/auto_run.log
[2025-11-01 23:26:02] 启动 'TrainCVLauncher.py' | CUDA_VISIBLE_DEVICES='5,6,7' | LOG='/home/yeqi3/cyr/code/LaBraM/log/auto_run.log'
[2025-11-01 23:26:02] 已后台运行 pid=2022215，详见 /home/yeqi3/cyr/code/LaBraM/log/auto_run.log
[2025-11-01 23:27:01] 启动 'TrainCVLauncher.py' | CUDA_VISIBLE_DEVICES='5,6,7' | LOG='/home/yeqi3/cyr/code/LaBraM/log/auto_run.log'
[2025-11-01 23:27:01] 已后台运行 pid=2031267，详见 /home/yeqi3/cyr/code/LaBraM/log/auto_run.log
[2025-11-01 23:28:01] 启动 'TrainCVLauncher.py' | CUDA_VISIBLE_DEVICES='5,6,7' | LOG='/home/yeqi3/cyr/code/LaBraM/log/auto_run.log'
[2025-11-01 23:28:01] 已后台运行 pid=2040408，详见 /home/yeqi3/cyr/code/LaBraM/log/auto_run.log
[2025-11-01 23:29:02] 启动 'TrainCVLauncher.py' | CUDA_VISIBLE_DEVICES='5,6,7' | LOG='/home/yeqi3/cyr/code/LaBraM/log/auto_run.log'
[2025-11-01 23:29:02] 已后台运行 pid=2049778，详见 /home/yeqi3/cyr/code/LaBraM/log/auto_run.log
[2025-11-01 23:30:01] 启动 'TrainCVLauncher.py' | CUDA_VISIBLE_DEVICES='5,6,7' | LOG='/home/yeqi3/cyr/code/LaBraM/log/auto_run.log'
[2025-11-01 23:30:01] 已后台运行 pid=2058792，详见 /home/yeqi3/cyr/code/LaBraM/log/auto_run.log
[2025-11-01 23:31:01] 启动 'TrainCVLauncher.py' | CUDA_VISIBLE_DEVICES='5,6,7' | LOG='/home/yeqi3/cyr/code/LaBraM/log/auto_run.log'
[2025-11-01 23:31:01] 已后台运行 pid=2068323，详见 /home/yeqi3/cyr/code/LaBraM/log/auto_run.log
[2025-11-01 23:32:02] 启动 'TrainCVLauncher.py' | CUDA_VISIBLE_DEVICES='5,6,7' | LOG='/home/yeqi3/cyr/code/LaBraM/log/auto_run.log'
[2025-11-01 23:32:02] 已后台运行 pid=2077779，详见 /home/yeqi3/cyr/code/LaBraM/log/auto_run.log
[2025-11-01 23:33:01] 启动 'TrainCVLauncher.py' | CUDA_VISIBLE_DEVICES='5,6,7' | LOG='/home/yeqi3/cyr/code/LaBraM/log/auto_run.log'
[2025-11-01 23:33:01] 已后台运行 pid=2086963，详见 /home/yeqi3/cyr/code/LaBraM/log/auto_run.log
[2025-11-01 23:34:01] 启动 'TrainCVLauncher.py' | CUDA_VISIBLE_DEVICES='5,6,7' | LOG='/home/yeqi3/cyr/code/LaBraM/log/auto_run.log'
[2025-11-01 23:34:01] 已后台运行 pid=2096375，详见 /home/yeqi3/cyr/code/LaBraM/log/auto_run.log
[2025-11-01 23:35:02] 启动 'TrainCVLauncher.py' | CUDA_VISIBLE_DEVICES='5,6,7' | LOG='/home/yeqi3/cyr/code/LaBraM/log/auto_run.log'
[2025-11-01 23:35:02] 已后台运行 pid=2105694，详见 /home/yeqi3/cyr/code/LaBraM/log/auto_run.log
[2025-11-01 23:36:01] 启动 'TrainCVLauncher.py' | CUDA_VISIBLE_DEVICES='5,6,7' | LOG='/home/yeqi3/cyr/code/LaBraM/log/auto_run.log'
[2025-11-01 23:36:01] 已后台运行 pid=2114718，详见 /home/yeqi3/cyr/code/LaBraM/log/auto_run.log
[2025-11-01 23:37:02] 启动 'TrainCVLauncher.py' | CUDA_VISIBLE_DEVICES='5,6,7' | LOG='/home/yeqi3/cyr/code/LaBraM/log/auto_run.log'
[2025-11-01 23:37:02] 已后台运行 pid=2123949，详见 /home/yeqi3/cyr/code/LaBraM/log/auto_run.log
[2025-11-01 23:38:01] 启动 'TrainCVLauncher.py' | CUDA_VISIBLE_DEVICES='5,6,7' | LOG='/home/yeqi3/cyr/code/LaBraM/log/auto_run.log'
[2025-11-01 23:38:01] 已后台运行 pid=2133104，详见 /home/yeqi3/cyr/code/LaBraM/log/auto_run.log
[2025-11-01 23:39:02] 启动 'TrainCVLauncher.py' | CUDA_VISIBLE_DEVICES='5,6,7' | LOG='/home/yeqi3/cyr/code/LaBraM/log/auto_run.log'
[2025-11-01 23:39:02] 已后台运行 pid=2142591，详见 /home/yeqi3/cyr/code/LaBraM/log/auto_run.log
[2025-11-01 23:40:01] 启动 'TrainCVLauncher.py' | CUDA_VISIBLE_DEVICES='5,6,7' | LOG='/home/yeqi3/cyr/code/LaBraM/log/auto_run.log'
[2025-11-01 23:40:01] 已后台运行 pid=2151892，详见 /home/yeqi3/cyr/code/LaBraM/log/auto_run.log
[2025-11-01 23:41:01] 启动 'TrainCVLauncher.py' | CUDA_VISIBLE_DEVICES='5,6,7' | LOG='/home/yeqi3/cyr/code/LaBraM/log/auto_run.log'
[2025-11-01 23:41:01] 已后台运行 pid=2161421，详见 /home/yeqi3/cyr/code/LaBraM/log/auto_run.log
[2025-11-01 23:42:01] 启动 'TrainCVLauncher.py' | CUDA_VISIBLE_DEVICES='5,6,7' | LOG='/home/yeqi3/cyr/code/LaBraM/log/auto_run.log'
[2025-11-01 23:42:01] 已后台运行 pid=2170828，详见 /home/yeqi3/cyr/code/LaBraM/log/auto_run.log
[2025-11-01 23:43:02] 启动 'TrainCVLauncher.py' | CUDA_VISIBLE_DEVICES='5,6,7' | LOG='/home/yeqi3/cyr/code/LaBraM/log/auto_run.log'
[2025-11-01 23:43:02] 已后台运行 pid=2180066，详见 /home/yeqi3/cyr/code/LaBraM/log/auto_run.log
[2025-11-01 23:44:01] 启动 'TrainCVLauncher.py' | CUDA_VISIBLE_DEVICES='5,6,7' | LOG='/home/yeqi3/cyr/code/LaBraM/log/auto_run.log'
[2025-11-01 23:44:01] 已后台运行 pid=2189302，详见 /home/yeqi3/cyr/code/LaBraM/log/auto_run.log
[2025-11-01 23:45:02] 启动 'TrainCVLauncher.py' | CUDA_VISIBLE_DEVICES='5,6,7' | LOG='/home/yeqi3/cyr/code/LaBraM/log/auto_run.log'
[2025-11-01 23:45:02] 已后台运行 pid=2198537，详见 /home/yeqi3/cyr/code/LaBraM/log/auto_run.log
[2025-11-01 23:46:01] 启动 'TrainCVLauncher.py' | CUDA_VISIBLE_DEVICES='5,6,7' | LOG='/home/yeqi3/cyr/code/LaBraM/log/auto_run.log'
[2025-11-01 23:46:01] 已后台运行 pid=2207612，详见 /home/yeqi3/cyr/code/LaBraM/log/auto_run.log
[2025-11-01 23:47:01] 启动 'TrainCVLauncher.py' | CUDA_VISIBLE_DEVICES='5,6,7' | LOG='/home/yeqi3/cyr/code/LaBraM/log/auto_run.log'
[2025-11-01 23:47:01] 已后台运行 pid=2216824，详见 /home/yeqi3/cyr/code/LaBraM/log/auto_run.log
[2025-11-01 23:48:02] 启动 'TrainCVLauncher.py' | CUDA_VISIBLE_DEVICES='5,6,7' | LOG='/home/yeqi3/cyr/code/LaBraM/log/auto_run.log'
[2025-11-01 23:48:02] 已后台运行 pid=2226079，详见 /home/yeqi3/cyr/code/LaBraM/log/auto_run.log
[2025-11-01 23:49:01] 启动 'TrainCVLauncher.py' | CUDA_VISIBLE_DEVICES='5,6,7' | LOG='/home/yeqi3/cyr/code/LaBraM/log/auto_run.log'
[2025-11-01 23:49:01] 已后台运行 pid=2235111，详见 /home/yeqi3/cyr/code/LaBraM/log/auto_run.log
[2025-11-01 23:50:02] 启动 'TrainCVLauncher.py' | CUDA_VISIBLE_DEVICES='5,6,7' | LOG='/home/yeqi3/cyr/code/LaBraM/log/auto_run.log'
[2025-11-01 23:50:02] 已后台运行 pid=2244448，详见 /home/yeqi3/cyr/code/LaBraM/log/auto_run.log
[2025-11-01 23:51:01] 启动 'TrainCVLauncher.py' | CUDA_VISIBLE_DEVICES='5,6,7' | LOG='/home/yeqi3/cyr/code/LaBraM/log/auto_run.log'
[2025-11-01 23:51:01] 已后台运行 pid=2253944，详见 /home/yeqi3/cyr/code/LaBraM/log/auto_run.log
[2025-11-01 23:52:01] 启动 'TrainCVLauncher.py' | CUDA_VISIBLE_DEVICES='5,6,7' | LOG='/home/yeqi3/cyr/code/LaBraM/log/auto_run.log'
[2025-11-01 23:52:01] 已后台运行 pid=2264437，详见 /home/yeqi3/cyr/code/LaBraM/log/auto_run.log
[2025-11-01 23:53:02] 启动 'TrainCVLauncher.py' | CUDA_VISIBLE_DEVICES='5,6,7' | LOG='/home/yeqi3/cyr/code/LaBraM/log/auto_run.log'
[2025-11-01 23:53:02] 已后台运行 pid=2273780，详见 /home/yeqi3/cyr/code/LaBraM/log/auto_run.log
[2025-11-01 23:54:01] 启动 'TrainCVLauncher.py' | CUDA_VISIBLE_DEVICES='5,6,7' | LOG='/home/yeqi3/cyr/code/LaBraM/log/auto_run.log'
[2025-11-01 23:54:01] 已后台运行 pid=2282787，详见 /home/yeqi3/cyr/code/LaBraM/log/auto_run.log
[2025-11-01 23:55:02] 启动 'TrainCVLauncher.py' | CUDA_VISIBLE_DEVICES='5,6,7' | LOG='/home/yeqi3/cyr/code/LaBraM/log/auto_run.log'
[2025-11-01 23:55:02] 已后台运行 pid=2291810，详见 /home/yeqi3/cyr/code/LaBraM/log/auto_run.log
[2025-11-01 23:56:01] 启动 'TrainCVLauncher.py' | CUDA_VISIBLE_DEVICES='5,6,7' | LOG='/home/yeqi3/cyr/code/LaBraM/log/auto_run.log'
[2025-11-01 23:56:01] 已后台运行 pid=2300664，详见 /home/yeqi3/cyr/code/LaBraM/log/auto_run.log
[2025-11-01 23:57:01] 启动 'TrainCVLauncher.py' | CUDA_VISIBLE_DEVICES='5,6,7' | LOG='/home/yeqi3/cyr/code/LaBraM/log/auto_run.log'
[2025-11-01 23:57:01] 已后台运行 pid=2309276，详见 /home/yeqi3/cyr/code/LaBraM/log/auto_run.log
[2025-11-01 23:58:02] 启动 'TrainCVLauncher.py' | CUDA_VISIBLE_DEVICES='5,6,7' | LOG='/home/yeqi3/cyr/code/LaBraM/log/auto_run.log'
[2025-11-01 23:58:02] 已后台运行 pid=2317986，详见 /home/yeqi3/cyr/code/LaBraM/log/auto_run.log
[2025-11-01 23:59:01] 启动 'TrainCVLauncher.py' | CUDA_VISIBLE_DEVICES='5,6,7' | LOG='/home/yeqi3/cyr/code/LaBraM/log/auto_run.log'
[2025-11-01 23:59:01] 已后台运行 pid=2327010，详见 /home/yeqi3/cyr/code/LaBraM/log/auto_run.log
[2025-11-02 00:00:02] 启动 'TrainCVLauncher.py' | CUDA_VISIBLE_DEVICES='5,6,7' | LOG='/home/yeqi3/cyr/code/LaBraM/log/auto_run.log'
[2025-11-02 00:00:02] 已后台运行 pid=2336569，详见 /home/yeqi3/cyr/code/LaBraM/log/auto_run.log
[2025-11-02 00:01:01] 启动 'TrainCVLauncher.py' | CUDA_VISIBLE_DEVICES='5,6,7' | LOG='/home/yeqi3/cyr/code/LaBraM/log/auto_run.log'
[2025-11-02 00:01:01] 已后台运行 pid=2346029，详见 /home/yeqi3/cyr/code/LaBraM/log/auto_run.log
[2025-11-02 00:02:02] 启动 'TrainCVLauncher.py' | CUDA_VISIBLE_DEVICES='5,6,7' | LOG='/home/yeqi3/cyr/code/LaBraM/log/auto_run.log'
[2025-11-02 00:02:02] 已后台运行 pid=2355385，详见 /home/yeqi3/cyr/code/LaBraM/log/auto_run.log
[2025-11-02 00:03:01] 启动 'TrainCVLauncher.py' | CUDA_VISIBLE_DEVICES='5,6,7' | LOG='/home/yeqi3/cyr/code/LaBraM/log/auto_run.log'
[2025-11-02 00:03:01] 已后台运行 pid=2364598，详见 /home/yeqi3/cyr/code/LaBraM/log/auto_run.log
[2025-11-02 00:04:02] 启动 'TrainCVLauncher.py' | CUDA_VISIBLE_DEVICES='5,6,7' | LOG='/home/yeqi3/cyr/code/LaBraM/log/auto_run.log'
[2025-11-02 00:04:02] 已后台运行 pid=2374098，详见 /home/yeqi3/cyr/code/LaBraM/log/auto_run.log
[2025-11-02 00:05:01] 启动 'TrainCVLauncher.py' | CUDA_VISIBLE_DEVICES='5,6,7' | LOG='/home/yeqi3/cyr/code/LaBraM/log/auto_run.log'
[2025-11-02 00:05:01] 已后台运行 pid=2383230，详见 /home/yeqi3/cyr/code/LaBraM/log/auto_run.log
[2025-11-02 00:06:01] 启动 'TrainCVLauncher.py' | CUDA_VISIBLE_DEVICES='5,6,7' | LOG='/home/yeqi3/cyr/code/LaBraM/log/auto_run.log'
[2025-11-02 00:06:01] 已后台运行 pid=2392514，详见 /home/yeqi3/cyr/code/LaBraM/log/auto_run.log
[2025-11-02 00:07:02] 启动 'TrainCVLauncher.py' | CUDA_VISIBLE_DEVICES='5,6,7' | LOG='/home/yeqi3/cyr/code/LaBraM/log/auto_run.log'
[2025-11-02 00:07:02] 已后台运行 pid=2401891，详见 /home/yeqi3/cyr/code/LaBraM/log/auto_run.log
[2025-11-02 00:08:01] 启动 'TrainCVLauncher.py' | CUDA_VISIBLE_DEVICES='5,6,7' | LOG='/home/yeqi3/cyr/code/LaBraM/log/auto_run.log'
[2025-11-02 00:08:01] 已后台运行 pid=2411228，详见 /home/yeqi3/cyr/code/LaBraM/log/auto_run.log
[2025-11-02 00:09:02] 启动 'TrainCVLauncher.py' | CUDA_VISIBLE_DEVICES='5,6,7' | LOG='/home/yeqi3/cyr/code/LaBraM/log/auto_run.log'
[2025-11-02 00:09:02] 已后台运行 pid=2420866，详见 /home/yeqi3/cyr/code/LaBraM/log/auto_run.log
[2025-11-02 00:10:01] 启动 'TrainCVLauncher.py' | CUDA_VISIBLE_DEVICES='5,6,7' | LOG='/home/yeqi3/cyr/code/LaBraM/log/auto_run.log'
[2025-11-02 00:10:01] 已后台运行 pid=2430057，详见 /home/yeqi3/cyr/code/LaBraM/log/auto_run.log
[2025-11-02 00:11:02] 启动 'TrainCVLauncher.py' | CUDA_VISIBLE_DEVICES='5,6,7' | LOG='/home/yeqi3/cyr/code/LaBraM/log/auto_run.log'
[2025-11-02 00:11:02] 已后台运行 pid=2439759，详见 /home/yeqi3/cyr/code/LaBraM/log/auto_run.log
[2025-11-02 00:12:01] 启动 'TrainCVLauncher.py' | CUDA_VISIBLE_DEVICES='5,6,7' | LOG='/home/yeqi3/cyr/code/LaBraM/log/auto_run.log'
[2025-11-02 00:12:01] 已后台运行 pid=2448993，详见 /home/yeqi3/cyr/code/LaBraM/log/auto_run.log
[2025-11-02 00:13:02] 启动 'TrainCVLauncher.py' | CUDA_VISIBLE_DEVICES='5,6,7' | LOG='/home/yeqi3/cyr/code/LaBraM/log/auto_run.log'
[2025-11-02 00:13:02] 已后台运行 pid=2458238，详见 /home/yeqi3/cyr/code/LaBraM/log/auto_run.log
[2025-11-02 00:14:01] 启动 'TrainCVLauncher.py' | CUDA_VISIBLE_DEVICES='5,6,7' | LOG='/home/yeqi3/cyr/code/LaBraM/log/auto_run.log'
[2025-11-02 00:14:01] 已后台运行 pid=2467750，详见 /home/yeqi3/cyr/code/LaBraM/log/auto_run.log
[2025-11-02 00:15:01] 启动 'TrainCVLauncher.py' | CUDA_VISIBLE_DEVICES='5,6,7' | LOG='/home/yeqi3/cyr/code/LaBraM/log/auto_run.log'
[2025-11-02 00:15:01] 已后台运行 pid=2477207，详见 /home/yeqi3/cyr/code/LaBraM/log/auto_run.log
[2025-11-02 00:16:02] 启动 'TrainCVLauncher.py' | CUDA_VISIBLE_DEVICES='5,6,7' | LOG='/home/yeqi3/cyr/code/LaBraM/log/auto_run.log'
[2025-11-02 00:16:02] 已后台运行 pid=2486736，详见 /home/yeqi3/cyr/code/LaBraM/log/auto_run.log
[2025-11-02 00:17:01] 启动 'TrainCVLauncher.py' | CUDA_VISIBLE_DEVICES='5,6,7' | LOG='/home/yeqi3/cyr/code/LaBraM/log/auto_run.log'
[2025-11-02 00:17:01] 已后台运行 pid=2496044，详见 /home/yeqi3/cyr/code/LaBraM/log/auto_run.log
[2025-11-02 00:18:02] 启动 'TrainCVLauncher.py' | CUDA_VISIBLE_DEVICES='5,6,7' | LOG='/home/yeqi3/cyr/code/LaBraM/log/auto_run.log'
[2025-11-02 00:18:02] 已后台运行 pid=2505628，详见 /home/yeqi3/cyr/code/LaBraM/log/auto_run.log
[2025-11-02 00:19:01] 启动 'TrainCVLauncher.py' | CUDA_VISIBLE_DEVICES='5,6,7' | LOG='/home/yeqi3/cyr/code/LaBraM/log/auto_run.log'
[2025-11-02 00:19:01] 已后台运行 pid=2515006，详见 /home/yeqi3/cyr/code/LaBraM/log/auto_run.log
[2025-11-02 00:20:01] 启动 'TrainCVLauncher.py' | CUDA_VISIBLE_DEVICES='5,6,7' | LOG='/home/yeqi3/cyr/code/LaBraM/log/auto_run.log'
[2025-11-02 00:20:01] 已后台运行 pid=2524874，详见 /home/yeqi3/cyr/code/LaBraM/log/auto_run.log
[2025-11-02 00:21:02] 启动 'TrainCVLauncher.py' | CUDA_VISIBLE_DEVICES='5,6,7' | LOG='/home/yeqi3/cyr/code/LaBraM/log/auto_run.log'
[2025-11-02 00:21:02] 已后台运行 pid=2534567，详见 /home/yeqi3/cyr/code/LaBraM/log/auto_run.log
[2025-11-02 00:22:01] 启动 'TrainCVLauncher.py' | CUDA_VISIBLE_DEVICES='5,6,7' | LOG='/home/yeqi3/cyr/code/LaBraM/log/auto_run.log'
[2025-11-02 00:22:01] 已后台运行 pid=2543881，详见 /home/yeqi3/cyr/code/LaBraM/log/auto_run.log
[2025-11-02 00:23:01] 启动 'TrainCVLauncher.py' | CUDA_VISIBLE_DEVICES='5,6,7' | LOG='/home/yeqi3/cyr/code/LaBraM/log/auto_run.log'
[2025-11-02 00:23:01] 已后台运行 pid=2553265，详见 /home/yeqi3/cyr/code/LaBraM/log/auto_run.log
[2025-11-02 00:24:02] 启动 'TrainCVLauncher.py' | CUDA_VISIBLE_DEVICES='5,6,7' | LOG='/home/yeqi3/cyr/code/LaBraM/log/auto_run.log'
[2025-11-02 00:24:02] 已后台运行 pid=2562645，详见 /home/yeqi3/cyr/code/LaBraM/log/auto_run.log
[2025-11-02 00:25:01] 启动 'TrainCVLauncher.py' | CUDA_VISIBLE_DEVICES='5,6,7' | LOG='/home/yeqi3/cyr/code/LaBraM/log/auto_run.log'
[2025-11-02 00:25:01] 已后台运行 pid=2572161，详见 /home/yeqi3/cyr/code/LaBraM/log/auto_run.log
[2025-11-02 00:26:02] 启动 'TrainCVLauncher.py' | CUDA_VISIBLE_DEVICES='5,6,7' | LOG='/home/yeqi3/cyr/code/LaBraM/log/auto_run.log'
[2025-11-02 00:26:02] 已后台运行 pid=2581750，详见 /home/yeqi3/cyr/code/LaBraM/log/auto_run.log
[2025-11-02 00:27:01] 启动 'TrainCVLauncher.py' | CUDA_VISIBLE_DEVICES='5,6,7' | LOG='/home/yeqi3/cyr/code/LaBraM/log/auto_run.log'
[2025-11-02 00:27:01] 已后台运行 pid=2591204，详见 /home/yeqi3/cyr/code/LaBraM/log/auto_run.log
[2025-11-02 00:28:01] 启动 'TrainCVLauncher.py' | CUDA_VISIBLE_DEVICES='5,6,7' | LOG='/home/yeqi3/cyr/code/LaBraM/log/auto_run.log'
[2025-11-02 00:28:01] 已后台运行 pid=2600799，详见 /home/yeqi3/cyr/code/LaBraM/log/auto_run.log
[2025-11-02 00:29:02] 启动 'TrainCVLauncher.py' | CUDA_VISIBLE_DEVICES='5,6,7' | LOG='/home/yeqi3/cyr/code/LaBraM/log/auto_run.log'
[2025-11-02 00:29:02] 已后台运行 pid=2610515，详见 /home/yeqi3/cyr/code/LaBraM/log/auto_run.log
[2025-11-02 00:30:01] 启动 'TrainCVLauncher.py' | CUDA_VISIBLE_DEVICES='5,6,7' | LOG='/home/yeqi3/cyr/code/LaBraM/log/auto_run.log'
[2025-11-02 00:30:01] 已后台运行 pid=2619969，详见 /home/yeqi3/cyr/code/LaBraM/log/auto_run.log
[2025-11-02 00:31:01] 启动 'TrainCVLauncher.py' | CUDA_VISIBLE_DEVICES='5,6,7' | LOG='/home/yeqi3/cyr/code/LaBraM/log/auto_run.log'
[2025-11-02 00:31:01] 已后台运行 pid=2629532，详见 /home/yeqi3/cyr/code/LaBraM/log/auto_run.log
[2025-11-02 00:32:01] 启动 'TrainCVLauncher.py' | CUDA_VISIBLE_DEVICES='5,6,7' | LOG='/home/yeqi3/cyr/code/LaBraM/log/auto_run.log'
[2025-11-02 00:32:01] 已后台运行 pid=2638853，详见 /home/yeqi3/cyr/code/LaBraM/log/auto_run.log
[2025-11-02 00:33:02] 启动 'TrainCVLauncher.py' | CUDA_VISIBLE_DEVICES='5,6,7' | LOG='/home/yeqi3/cyr/code/LaBraM/log/auto_run.log'
[2025-11-02 00:33:02] 已后台运行 pid=2648144，详见 /home/yeqi3/cyr/code/LaBraM/log/auto_run.log
[2025-11-02 00:34:01] 启动 'TrainCVLauncher.py' | CUDA_VISIBLE_DEVICES='5,6,7' | LOG='/home/yeqi3/cyr/code/LaBraM/log/auto_run.log'
[2025-11-02 00:34:01] 已后台运行 pid=2657388，详见 /home/yeqi3/cyr/code/LaBraM/log/auto_run.log
[2025-11-02 00:35:02] 启动 'TrainCVLauncher.py' | CUDA_VISIBLE_DEVICES='5,6,7' | LOG='/home/yeqi3/cyr/code/LaBraM/log/auto_run.log'
[2025-11-02 00:35:02] 已后台运行 pid=2666549，详见 /home/yeqi3/cyr/code/LaBraM/log/auto_run.log
[2025-11-02 00:36:01] 启动 'TrainCVLauncher.py' | CUDA_VISIBLE_DEVICES='5,6,7' | LOG='/home/yeqi3/cyr/code/LaBraM/log/auto_run.log'
[2025-11-02 00:36:01] 已后台运行 pid=2675658，详见 /home/yeqi3/cyr/code/LaBraM/log/auto_run.log
[2025-11-02 00:37:01] 启动 'TrainCVLauncher.py' | CUDA_VISIBLE_DEVICES='5,6,7' | LOG='/home/yeqi3/cyr/code/LaBraM/log/auto_run.log'
[2025-11-02 00:37:01] 已后台运行 pid=2684913，详见 /home/yeqi3/cyr/code/LaBraM/log/auto_run.log
[2025-11-02 00:38:02] 启动 'TrainCVLauncher.py' | CUDA_VISIBLE_DEVICES='5,6,7' | LOG='/home/yeqi3/cyr/code/LaBraM/log/auto_run.log'
[2025-11-02 00:38:02] 已后台运行 pid=2694160，详见 /home/yeqi3/cyr/code/LaBraM/log/auto_run.log
[2025-11-02 00:39:01] 启动 'TrainCVLauncher.py' | CUDA_VISIBLE_DEVICES='5,6,7' | LOG='/home/yeqi3/cyr/code/LaBraM/log/auto_run.log'
[2025-11-02 00:39:01] 已后台运行 pid=2703286，详见 /home/yeqi3/cyr/code/LaBraM/log/auto_run.log
[2025-11-02 00:40:02] 启动 'TrainCVLauncher.py' | CUDA_VISIBLE_DEVICES='5,6,7' | LOG='/home/yeqi3/cyr/code/LaBraM/log/auto_run.log'
[2025-11-02 00:40:02] 已后台运行 pid=2712689，详见 /home/yeqi3/cyr/code/LaBraM/log/auto_run.log
[2025-11-02 00:41:02] 启动 'TrainCVLauncher.py' | CUDA_VISIBLE_DEVICES='5,6,7' | LOG='/home/yeqi3/cyr/code/LaBraM/log/auto_run.log'
[2025-11-02 00:41:02] 已后台运行 pid=2722127，详见 /home/yeqi3/cyr/code/LaBraM/log/auto_run.log
[2025-11-02 00:42:01] 启动 'TrainCVLauncher.py' | CUDA_VISIBLE_DEVICES='5,6,7' | LOG='/home/yeqi3/cyr/code/LaBraM/log/auto_run.log'
[2025-11-02 00:42:01] 已后台运行 pid=2731070，详见 /home/yeqi3/cyr/code/LaBraM/log/auto_run.log
[2025-11-02 00:43:01] 启动 'TrainCVLauncher.py' | CUDA_VISIBLE_DEVICES='5,6,7' | LOG='/home/yeqi3/cyr/code/LaBraM/log/auto_run.log'
[2025-11-02 00:43:01] 已后台运行 pid=2740211，详见 /home/yeqi3/cyr/code/LaBraM/log/auto_run.log
[2025-11-02 00:44:02] 启动 'TrainCVLauncher.py' | CUDA_VISIBLE_DEVICES='5,6,7' | LOG='/home/yeqi3/cyr/code/LaBraM/log/auto_run.log'
[2025-11-02 00:44:02] 已后台运行 pid=2749442，详见 /home/yeqi3/cyr/code/LaBraM/log/auto_run.log
[2025-11-02 00:45:01] 启动 'TrainCVLauncher.py' | CUDA_VISIBLE_DEVICES='5,6,7' | LOG='/home/yeqi3/cyr/code/LaBraM/log/auto_run.log'
[2025-11-02 00:45:01] 已后台运行 pid=2758548，详见 /home/yeqi3/cyr/code/LaBraM/log/auto_run.log
[2025-11-02 00:46:02] 启动 'TrainCVLauncher.py' | CUDA_VISIBLE_DEVICES='5,6,7' | LOG='/home/yeqi3/cyr/code/LaBraM/log/auto_run.log'
[2025-11-02 00:46:02] 已后台运行 pid=2767800，详见 /home/yeqi3/cyr/code/LaBraM/log/auto_run.log
[2025-11-02 00:47:01] 启动 'TrainCVLauncher.py' | CUDA_VISIBLE_DEVICES='5,6,7' | LOG='/home/yeqi3/cyr/code/LaBraM/log/auto_run.log'
[2025-11-02 00:47:01] 已后台运行 pid=2776887，详见 /home/yeqi3/cyr/code/LaBraM/log/auto_run.log
[2025-11-02 00:48:01] 启动 'TrainCVLauncher.py' | CUDA_VISIBLE_DEVICES='5,6,7' | LOG='/home/yeqi3/cyr/code/LaBraM/log/auto_run.log'
[2025-11-02 00:48:01] 已后台运行 pid=2786210，详见 /home/yeqi3/cyr/code/LaBraM/log/auto_run.log
[2025-11-02 00:49:02] 启动 'TrainCVLauncher.py' | CUDA_VISIBLE_DEVICES='5,6,7' | LOG='/home/yeqi3/cyr/code/LaBraM/log/auto_run.log'
[2025-11-02 00:49:02] 已后台运行 pid=2795501，详见 /home/yeqi3/cyr/code/LaBraM/log/auto_run.log
[2025-11-02 00:50:01] 启动 'TrainCVLauncher.py' | CUDA_VISIBLE_DEVICES='5,6,7' | LOG='/home/yeqi3/cyr/code/LaBraM/log/auto_run.log'
[2025-11-02 00:50:01] 已后台运行 pid=2804587，详见 /home/yeqi3/cyr/code/LaBraM/log/auto_run.log
[2025-11-02 00:51:01] 启动 'TrainCVLauncher.py' | CUDA_VISIBLE_DEVICES='5,6,7' | LOG='/home/yeqi3/cyr/code/LaBraM/log/auto_run.log'
[2025-11-02 00:51:01] 已后台运行 pid=2814154，详见 /home/yeqi3/cyr/code/LaBraM/log/auto_run.log
[2025-11-02 00:52:01] 启动 'TrainCVLauncher.py' | CUDA_VISIBLE_DEVICES='5,6,7' | LOG='/home/yeqi3/cyr/code/LaBraM/log/auto_run.log'
[2025-11-02 00:52:01] 已后台运行 pid=2823571，详见 /home/yeqi3/cyr/code/LaBraM/log/auto_run.log
[2025-11-02 00:53:02] 启动 'TrainCVLauncher.py' | CUDA_VISIBLE_DEVICES='5,6,7' | LOG='/home/yeqi3/cyr/code/LaBraM/log/auto_run.log'
[2025-11-02 00:53:02] 已后台运行 pid=2833087，详见 /home/yeqi3/cyr/code/LaBraM/log/auto_run.log
[2025-11-02 00:54:01] 启动 'TrainCVLauncher.py' | CUDA_VISIBLE_DEVICES='5,6,7' | LOG='/home/yeqi3/cyr/code/LaBraM/log/auto_run.log'
[2025-11-02 00:54:01] 已后台运行 pid=2842391，详见 /home/yeqi3/cyr/code/LaBraM/log/auto_run.log
[2025-11-02 00:55:02] 启动 'TrainCVLauncher.py' | CUDA_VISIBLE_DEVICES='5,6,7' | LOG='/home/yeqi3/cyr/code/LaBraM/log/auto_run.log'
[2025-11-02 00:55:02] 已后台运行 pid=2851715，详见 /home/yeqi3/cyr/code/LaBraM/log/auto_run.log
[2025-11-02 00:56:01] 启动 'TrainCVLauncher.py' | CUDA_VISIBLE_DEVICES='5,6,7' | LOG='/home/yeqi3/cyr/code/LaBraM/log/auto_run.log'
[2025-11-02 00:56:01] 已后台运行 pid=2860902，详见 /home/yeqi3/cyr/code/LaBraM/log/auto_run.log
[2025-11-02 00:57:01] 启动 'TrainCVLauncher.py' | CUDA_VISIBLE_DEVICES='5,6,7' | LOG='/home/yeqi3/cyr/code/LaBraM/log/auto_run.log'
[2025-11-02 00:57:01] 已后台运行 pid=2870586，详见 /home/yeqi3/cyr/code/LaBraM/log/auto_run.log
[2025-11-02 00:58:02] 启动 'TrainCVLauncher.py' | CUDA_VISIBLE_DEVICES='5,6,7' | LOG='/home/yeqi3/cyr/code/LaBraM/log/auto_run.log'
[2025-11-02 00:58:02] 已后台运行 pid=2879902，详见 /home/yeqi3/cyr/code/LaBraM/log/auto_run.log
[2025-11-02 00:59:01] 启动 'TrainCVLauncher.py' | CUDA_VISIBLE_DEVICES='5,6,7' | LOG='/home/yeqi3/cyr/code/LaBraM/log/auto_run.log'
[2025-11-02 00:59:01] 已后台运行 pid=2889209，详见 /home/yeqi3/cyr/code/LaBraM/log/auto_run.log
[2025-11-02 01:00:02] 启动 'TrainCVLauncher.py' | CUDA_VISIBLE_DEVICES='5,6,7' | LOG='/home/yeqi3/cyr/code/LaBraM/log/auto_run.log'
[2025-11-02 01:00:02] 已后台运行 pid=2898690，详见 /home/yeqi3/cyr/code/LaBraM/log/auto_run.log
[2025-11-02 01:01:02] 启动 'TrainCVLauncher.py' | CUDA_VISIBLE_DEVICES='5,6,7' | LOG='/home/yeqi3/cyr/code/LaBraM/log/auto_run.log'
[2025-11-02 01:01:02] 已后台运行 pid=2908416，详见 /home/yeqi3/cyr/code/LaBraM/log/auto_run.log
[2025-11-02 01:02:01] 启动 'TrainCVLauncher.py' | CUDA_VISIBLE_DEVICES='5,6,7' | LOG='/home/yeqi3/cyr/code/LaBraM/log/auto_run.log'
[2025-11-02 01:02:01] 已后台运行 pid=2917705，详见 /home/yeqi3/cyr/code/LaBraM/log/auto_run.log
[2025-11-02 01:03:01] 启动 'TrainCVLauncher.py' | CUDA_VISIBLE_DEVICES='5,6,7' | LOG='/home/yeqi3/cyr/code/LaBraM/log/auto_run.log'
[2025-11-02 01:03:01] 已后台运行 pid=2927263，详见 /home/yeqi3/cyr/code/LaBraM/log/auto_run.log
[2025-11-02 01:04:02] 启动 'TrainCVLauncher.py' | CUDA_VISIBLE_DEVICES='5,6,7' | LOG='/home/yeqi3/cyr/code/LaBraM/log/auto_run.log'
[2025-11-02 01:04:02] 已后台运行 pid=2936989，详见 /home/yeqi3/cyr/code/LaBraM/log/auto_run.log
[2025-11-02 01:05:01] 启动 'TrainCVLauncher.py' | CUDA_VISIBLE_DEVICES='5,6,7' | LOG='/home/yeqi3/cyr/code/LaBraM/log/auto_run.log'
[2025-11-02 01:05:01] 已后台运行 pid=2946359，详见 /home/yeqi3/cyr/code/LaBraM/log/auto_run.log
[2025-11-02 01:06:02] 启动 'TrainCVLauncher.py' | CUDA_VISIBLE_DEVICES='5,6,7' | LOG='/home/yeqi3/cyr/code/LaBraM/log/auto_run.log'
[2025-11-02 01:06:02] 已后台运行 pid=2955835，详见 /home/yeqi3/cyr/code/LaBraM/log/auto_run.log
[2025-11-02 01:07:01] 启动 'TrainCVLauncher.py' | CUDA_VISIBLE_DEVICES='5,6,7' | LOG='/home/yeqi3/cyr/code/LaBraM/log/auto_run.log'
[2025-11-02 01:07:01] 已后台运行 pid=2965195，详见 /home/yeqi3/cyr/code/LaBraM/log/auto_run.log
[2025-11-02 01:08:01] 启动 'TrainCVLauncher.py' | CUDA_VISIBLE_DEVICES='5,6,7' | LOG='/home/yeqi3/cyr/code/LaBraM/log/auto_run.log'
[2025-11-02 01:08:01] 已后台运行 pid=2974872，详见 /home/yeqi3/cyr/code/LaBraM/log/auto_run.log
[2025-11-02 01:09:02] 启动 'TrainCVLauncher.py' | CUDA_VISIBLE_DEVICES='5,6,7' | LOG='/home/yeqi3/cyr/code/LaBraM/log/auto_run.log'
[2025-11-02 01:09:02] 已后台运行 pid=2984382，详见 /home/yeqi3/cyr/code/LaBraM/log/auto_run.log
[2025-11-02 01:10:01] 启动 'TrainCVLauncher.py' | CUDA_VISIBLE_DEVICES='5,6,7' | LOG='/home/yeqi3/cyr/code/LaBraM/log/auto_run.log'
[2025-11-02 01:10:01] 已后台运行 pid=2993620，详见 /home/yeqi3/cyr/code/LaBraM/log/auto_run.log
[2025-11-02 01:11:02] 启动 'TrainCVLauncher.py' | CUDA_VISIBLE_DEVICES='5,6,7' | LOG='/home/yeqi3/cyr/code/LaBraM/log/auto_run.log'
[2025-11-02 01:11:02] 已后台运行 pid=3003308，详见 /home/yeqi3/cyr/code/LaBraM/log/auto_run.log
[2025-11-02 01:12:01] 启动 'TrainCVLauncher.py' | CUDA_VISIBLE_DEVICES='5,6,7' | LOG='/home/yeqi3/cyr/code/LaBraM/log/auto_run.log'
[2025-11-02 01:12:01] 已后台运行 pid=3012609，详见 /home/yeqi3/cyr/code/LaBraM/log/auto_run.log
[2025-11-02 01:13:02] 启动 'TrainCVLauncher.py' | CUDA_VISIBLE_DEVICES='5,6,7' | LOG='/home/yeqi3/cyr/code/LaBraM/log/auto_run.log'
[2025-11-02 01:13:02] 已后台运行 pid=3021881，详见 /home/yeqi3/cyr/code/LaBraM/log/auto_run.log
[2025-11-02 01:14:01] 启动 'TrainCVLauncher.py' | CUDA_VISIBLE_DEVICES='5,6,7' | LOG='/home/yeqi3/cyr/code/LaBraM/log/auto_run.log'
[2025-11-02 01:14:01] 已后台运行 pid=3031235，详见 /home/yeqi3/cyr/code/LaBraM/log/auto_run.log
[2025-11-02 01:15:01] 启动 'TrainCVLauncher.py' | CUDA_VISIBLE_DEVICES='5,6,7' | LOG='/home/yeqi3/cyr/code/LaBraM/log/auto_run.log'
[2025-11-02 01:15:01] 已后台运行 pid=3040665，详见 /home/yeqi3/cyr/code/LaBraM/log/auto_run.log
[2025-11-02 01:16:02] 启动 'TrainCVLauncher.py' | CUDA_VISIBLE_DEVICES='5,6,7' | LOG='/home/yeqi3/cyr/code/LaBraM/log/auto_run.log'
[2025-11-02 01:16:02] 已后台运行 pid=3050035，详见 /home/yeqi3/cyr/code/LaBraM/log/auto_run.log
[2025-11-02 01:17:01] 启动 'TrainCVLauncher.py' | CUDA_VISIBLE_DEVICES='5,6,7' | LOG='/home/yeqi3/cyr/code/LaBraM/log/auto_run.log'
[2025-11-02 01:17:01] 已后台运行 pid=3058849，详见 /home/yeqi3/cyr/code/LaBraM/log/auto_run.log
[2025-11-02 01:18:02] 启动 'TrainCVLauncher.py' | CUDA_VISIBLE_DEVICES='5,6,7' | LOG='/home/yeqi3/cyr/code/LaBraM/log/auto_run.log'
[2025-11-02 01:18:02] 已后台运行 pid=3068383，详见 /home/yeqi3/cyr/code/LaBraM/log/auto_run.log
[2025-11-02 01:19:01] 启动 'TrainCVLauncher.py' | CUDA_VISIBLE_DEVICES='5,6,7' | LOG='/home/yeqi3/cyr/code/LaBraM/log/auto_run.log'
[2025-11-02 01:19:01] 已后台运行 pid=3077665，详见 /home/yeqi3/cyr/code/LaBraM/log/auto_run.log
[2025-11-02 01:20:02] 启动 'TrainCVLauncher.py' | CUDA_VISIBLE_DEVICES='5,6,7' | LOG='/home/yeqi3/cyr/code/LaBraM/log/auto_run.log'
[2025-11-02 01:20:02] 已后台运行 pid=3087054，详见 /home/yeqi3/cyr/code/LaBraM/log/auto_run.log
[2025-11-02 01:21:01] 启动 'TrainCVLauncher.py' | CUDA_VISIBLE_DEVICES='5,6,7' | LOG='/home/yeqi3/cyr/code/LaBraM/log/auto_run.log'
[2025-11-02 01:21:01] 已后台运行 pid=3096191，详见 /home/yeqi3/cyr/code/LaBraM/log/auto_run.log
[2025-11-02 01:22:01] 启动 'TrainCVLauncher.py' | CUDA_VISIBLE_DEVICES='5,6,7' | LOG='/home/yeqi3/cyr/code/LaBraM/log/auto_run.log'
[2025-11-02 01:22:01] 已后台运行 pid=3105452，详见 /home/yeqi3/cyr/code/LaBraM/log/auto_run.log
[2025-11-02 01:23:02] 启动 'TrainCVLauncher.py' | CUDA_VISIBLE_DEVICES='5,6,7' | LOG='/home/yeqi3/cyr/code/LaBraM/log/auto_run.log'
[2025-11-02 01:23:02] 已后台运行 pid=3114511，详见 /home/yeqi3/cyr/code/LaBraM/log/auto_run.log
[2025-11-02 01:24:01] 启动 'TrainCVLauncher.py' | CUDA_VISIBLE_DEVICES='5,6,7' | LOG='/home/yeqi3/cyr/code/LaBraM/log/auto_run.log'
[2025-11-02 01:24:01] 已后台运行 pid=3123507，详见 /home/yeqi3/cyr/code/LaBraM/log/auto_run.log
[2025-11-02 01:25:02] 启动 'TrainCVLauncher.py' | CUDA_VISIBLE_DEVICES='5,6,7' | LOG='/home/yeqi3/cyr/code/LaBraM/log/auto_run.log'
[2025-11-02 01:25:02] 已后台运行 pid=3132621，详见 /home/yeqi3/cyr/code/LaBraM/log/auto_run.log
[2025-11-02 01:26:01] 启动 'TrainCVLauncher.py' | CUDA_VISIBLE_DEVICES='5,6,7' | LOG='/home/yeqi3/cyr/code/LaBraM/log/auto_run.log'
[2025-11-02 01:26:01] 已后台运行 pid=3141799，详见 /home/yeqi3/cyr/code/LaBraM/log/auto_run.log
[2025-11-02 01:27:01] 启动 'TrainCVLauncher.py' | CUDA_VISIBLE_DEVICES='5,6,7' | LOG='/home/yeqi3/cyr/code/LaBraM/log/auto_run.log'
[2025-11-02 01:27:01] 已后台运行 pid=3151013，详见 /home/yeqi3/cyr/code/LaBraM/log/auto_run.log
[2025-11-02 01:28:02] 启动 'TrainCVLauncher.py' | CUDA_VISIBLE_DEVICES='5,6,7' | LOG='/home/yeqi3/cyr/code/LaBraM/log/auto_run.log'
[2025-11-02 01:28:02] 已后台运行 pid=3160314，详见 /home/yeqi3/cyr/code/LaBraM/log/auto_run.log
[2025-11-02 01:29:01] 启动 'TrainCVLauncher.py' | CUDA_VISIBLE_DEVICES='5,6,7' | LOG='/home/yeqi3/cyr/code/LaBraM/log/auto_run.log'
[2025-11-02 01:29:01] 已后台运行 pid=3169418，详见 /home/yeqi3/cyr/code/LaBraM/log/auto_run.log
[2025-11-02 01:30:02] 启动 'TrainCVLauncher.py' | CUDA_VISIBLE_DEVICES='5,6,7' | LOG='/home/yeqi3/cyr/code/LaBraM/log/auto_run.log'
[2025-11-02 01:30:02] 已后台运行 pid=3178667，详见 /home/yeqi3/cyr/code/LaBraM/log/auto_run.log
[2025-11-02 01:31:02] 启动 'TrainCVLauncher.py' | CUDA_VISIBLE_DEVICES='5,6,7' | LOG='/home/yeqi3/cyr/code/LaBraM/log/auto_run.log'
[2025-11-02 01:31:02] 已后台运行 pid=3188160，详见 /home/yeqi3/cyr/code/LaBraM/log/auto_run.log
[2025-11-02 01:32:01] 启动 'TrainCVLauncher.py' | CUDA_VISIBLE_DEVICES='5,6,7' | LOG='/home/yeqi3/cyr/code/LaBraM/log/auto_run.log'
[2025-11-02 01:32:01] 已后台运行 pid=3196888，详见 /home/yeqi3/cyr/code/LaBraM/log/auto_run.log
[2025-11-02 01:33:02] 启动 'TrainCVLauncher.py' | CUDA_VISIBLE_DEVICES='5,6,7' | LOG='/home/yeqi3/cyr/code/LaBraM/log/auto_run.log'
[2025-11-02 01:33:02] 已后台运行 pid=3206110，详见 /home/yeqi3/cyr/code/LaBraM/log/auto_run.log
[2025-11-02 01:34:01] 启动 'TrainCVLauncher.py' | CUDA_VISIBLE_DEVICES='5,6,7' | LOG='/home/yeqi3/cyr/code/LaBraM/log/auto_run.log'
[2025-11-02 01:34:01] 已后台运行 pid=3215320，详见 /home/yeqi3/cyr/code/LaBraM/log/auto_run.log
[2025-11-02 01:35:01] 启动 'TrainCVLauncher.py' | CUDA_VISIBLE_DEVICES='5,6,7' | LOG='/home/yeqi3/cyr/code/LaBraM/log/auto_run.log'
[2025-11-02 01:35:01] 已后台运行 pid=3224552，详见 /home/yeqi3/cyr/code/LaBraM/log/auto_run.log
[2025-11-02 01:36:02] 启动 'TrainCVLauncher.py' | CUDA_VISIBLE_DEVICES='5,6,7' | LOG='/home/yeqi3/cyr/code/LaBraM/log/auto_run.log'
[2025-11-02 01:36:02] 已后台运行 pid=3233720，详见 /home/yeqi3/cyr/code/LaBraM/log/auto_run.log
[2025-11-02 01:37:01] 启动 'TrainCVLauncher.py' | CUDA_VISIBLE_DEVICES='5,6,7' | LOG='/home/yeqi3/cyr/code/LaBraM/log/auto_run.log'
[2025-11-02 01:37:01] 已后台运行 pid=3242747，详见 /home/yeqi3/cyr/code/LaBraM/log/auto_run.log
[2025-11-02 01:38:02] 启动 'TrainCVLauncher.py' | CUDA_VISIBLE_DEVICES='5,6,7' | LOG='/home/yeqi3/cyr/code/LaBraM/log/auto_run.log'
[2025-11-02 01:38:02] 已后台运行 pid=3252128，详见 /home/yeqi3/cyr/code/LaBraM/log/auto_run.log
[2025-11-02 01:39:01] 启动 'TrainCVLauncher.py' | CUDA_VISIBLE_DEVICES='5,6,7' | LOG='/home/yeqi3/cyr/code/LaBraM/log/auto_run.log'
[2025-11-02 01:39:01] 已后台运行 pid=3261137，详见 /home/yeqi3/cyr/code/LaBraM/log/auto_run.log
[2025-11-02 01:40:01] 启动 'TrainCVLauncher.py' | CUDA_VISIBLE_DEVICES='5,6,7' | LOG='/home/yeqi3/cyr/code/LaBraM/log/auto_run.log'
[2025-11-02 01:40:01] 已后台运行 pid=3270313，详见 /home/yeqi3/cyr/code/LaBraM/log/auto_run.log
[2025-11-02 01:41:01] 启动 'TrainCVLauncher.py' | CUDA_VISIBLE_DEVICES='5,6,7' | LOG='/home/yeqi3/cyr/code/LaBraM/log/auto_run.log'
[2025-11-02 01:41:01] 已后台运行 pid=3279658，详见 /home/yeqi3/cyr/code/LaBraM/log/auto_run.log
[2025-11-02 01:42:01] 启动 'TrainCVLauncher.py' | CUDA_VISIBLE_DEVICES='5,6,7' | LOG='/home/yeqi3/cyr/code/LaBraM/log/auto_run.log'
[2025-11-02 01:42:01] 已后台运行 pid=3289026，详见 /home/yeqi3/cyr/code/LaBraM/log/auto_run.log
[2025-11-02 01:43:02] 启动 'TrainCVLauncher.py' | CUDA_VISIBLE_DEVICES='5,6,7' | LOG='/home/yeqi3/cyr/code/LaBraM/log/auto_run.log'
[2025-11-02 01:43:02] 已后台运行 pid=3298226，详见 /home/yeqi3/cyr/code/LaBraM/log/auto_run.log
[2025-11-02 01:44:01] 启动 'TrainCVLauncher.py' | CUDA_VISIBLE_DEVICES='5,6,7' | LOG='/home/yeqi3/cyr/code/LaBraM/log/auto_run.log'
[2025-11-02 01:44:01] 已后台运行 pid=3307191，详见 /home/yeqi3/cyr/code/LaBraM/log/auto_run.log
[2025-11-02 01:45:02] 启动 'TrainCVLauncher.py' | CUDA_VISIBLE_DEVICES='5,6,7' | LOG='/home/yeqi3/cyr/code/LaBraM/log/auto_run.log'
[2025-11-02 01:45:02] 已后台运行 pid=3316422，详见 /home/yeqi3/cyr/code/LaBraM/log/auto_run.log
[2025-11-02 01:46:01] 启动 'TrainCVLauncher.py' | CUDA_VISIBLE_DEVICES='5,6,7' | LOG='/home/yeqi3/cyr/code/LaBraM/log/auto_run.log'
[2025-11-02 01:46:01] 已后台运行 pid=3325310，详见 /home/yeqi3/cyr/code/LaBraM/log/auto_run.log
[2025-11-02 01:47:01] 启动 'TrainCVLauncher.py' | CUDA_VISIBLE_DEVICES='5,6,7' | LOG='/home/yeqi3/cyr/code/LaBraM/log/auto_run.log'
[2025-11-02 01:47:01] 已后台运行 pid=3334404，详见 /home/yeqi3/cyr/code/LaBraM/log/auto_run.log
[2025-11-02 01:48:02] 启动 'TrainCVLauncher.py' | CUDA_VISIBLE_DEVICES='5,6,7' | LOG='/home/yeqi3/cyr/code/LaBraM/log/auto_run.log'
[2025-11-02 01:48:02] 已后台运行 pid=3343593，详见 /home/yeqi3/cyr/code/LaBraM/log/auto_run.log
[2025-11-02 01:49:01] 启动 'TrainCVLauncher.py' | CUDA_VISIBLE_DEVICES='5,6,7' | LOG='/home/yeqi3/cyr/code/LaBraM/log/auto_run.log'
[2025-11-02 01:49:01] 已后台运行 pid=3352795，详见 /home/yeqi3/cyr/code/LaBraM/log/auto_run.log
[2025-11-02 01:50:02] 启动 'TrainCVLauncher.py' | CUDA_VISIBLE_DEVICES='5,6,7' | LOG='/home/yeqi3/cyr/code/LaBraM/log/auto_run.log'
[2025-11-02 01:50:02] 已后台运行 pid=3362004，详见 /home/yeqi3/cyr/code/LaBraM/log/auto_run.log
[2025-11-02 01:51:01] 启动 'TrainCVLauncher.py' | CUDA_VISIBLE_DEVICES='5,6,7' | LOG='/home/yeqi3/cyr/code/LaBraM/log/auto_run.log'
[2025-11-02 01:51:01] 已后台运行 pid=3371342，详见 /home/yeqi3/cyr/code/LaBraM/log/auto_run.log
[2025-11-02 01:52:02] 启动 'TrainCVLauncher.py' | CUDA_VISIBLE_DEVICES='5,6,7' | LOG='/home/yeqi3/cyr/code/LaBraM/log/auto_run.log'
[2025-11-02 01:52:02] 已后台运行 pid=3380590，详见 /home/yeqi3/cyr/code/LaBraM/log/auto_run.log
[2025-11-02 01:53:01] 启动 'TrainCVLauncher.py' | CUDA_VISIBLE_DEVICES='5,6,7' | LOG='/home/yeqi3/cyr/code/LaBraM/log/auto_run.log'
[2025-11-02 01:53:01] 已后台运行 pid=3390702，详见 /home/yeqi3/cyr/code/LaBraM/log/auto_run.log
[2025-11-02 01:54:01] 启动 'TrainCVLauncher.py' | CUDA_VISIBLE_DEVICES='5,6,7' | LOG='/home/yeqi3/cyr/code/LaBraM/log/auto_run.log'
[2025-11-02 01:54:01] 已后台运行 pid=3400056，详见 /home/yeqi3/cyr/code/LaBraM/log/auto_run.log
[2025-11-02 01:55:02] 启动 'TrainCVLauncher.py' | CUDA_VISIBLE_DEVICES='5,6,7' | LOG='/home/yeqi3/cyr/code/LaBraM/log/auto_run.log'
[2025-11-02 01:55:02] 已后台运行 pid=3409392，详见 /home/yeqi3/cyr/code/LaBraM/log/auto_run.log
[2025-11-02 01:56:01] 启动 'TrainCVLauncher.py' | CUDA_VISIBLE_DEVICES='5,6,7' | LOG='/home/yeqi3/cyr/code/LaBraM/log/auto_run.log'
[2025-11-02 01:56:01] 已后台运行 pid=3418537，详见 /home/yeqi3/cyr/code/LaBraM/log/auto_run.log
[2025-11-02 01:57:02] 启动 'TrainCVLauncher.py' | CUDA_VISIBLE_DEVICES='5,6,7' | LOG='/home/yeqi3/cyr/code/LaBraM/log/auto_run.log'
[2025-11-02 01:57:02] 已后台运行 pid=3428018，详见 /home/yeqi3/cyr/code/LaBraM/log/auto_run.log
[2025-11-02 01:58:01] 启动 'TrainCVLauncher.py' | CUDA_VISIBLE_DEVICES='5,6,7' | LOG='/home/yeqi3/cyr/code/LaBraM/log/auto_run.log'
[2025-11-02 01:58:01] 已后台运行 pid=3437096，详见 /home/yeqi3/cyr/code/LaBraM/log/auto_run.log
[2025-11-02 01:59:01] 启动 'TrainCVLauncher.py' | CUDA_VISIBLE_DEVICES='5,6,7' | LOG='/home/yeqi3/cyr/code/LaBraM/log/auto_run.log'
[2025-11-02 01:59:01] 已后台运行 pid=3446559，详见 /home/yeqi3/cyr/code/LaBraM/log/auto_run.log
[2025-11-02 02:00:02] 启动 'TrainCVLauncher.py' | CUDA_VISIBLE_DEVICES='5,6,7' | LOG='/home/yeqi3/cyr/code/LaBraM/log/auto_run.log'
[2025-11-02 02:00:02] 已后台运行 pid=3455838，详见 /home/yeqi3/cyr/code/LaBraM/log/auto_run.log
[2025-11-02 02:01:02] 启动 'TrainCVLauncher.py' | CUDA_VISIBLE_DEVICES='5,6,7' | LOG='/home/yeqi3/cyr/code/LaBraM/log/auto_run.log'
[2025-11-02 02:01:02] 已后台运行 pid=3465217，详见 /home/yeqi3/cyr/code/LaBraM/log/auto_run.log
[2025-11-02 02:02:01] 启动 'TrainCVLauncher.py' | CUDA_VISIBLE_DEVICES='5,6,7' | LOG='/home/yeqi3/cyr/code/LaBraM/log/auto_run.log'
[2025-11-02 02:02:01] 已后台运行 pid=3474332，详见 /home/yeqi3/cyr/code/LaBraM/log/auto_run.log
[2025-11-02 02:03:01] 启动 'TrainCVLauncher.py' | CUDA_VISIBLE_DEVICES='5,6,7' | LOG='/home/yeqi3/cyr/code/LaBraM/log/auto_run.log'
[2025-11-02 02:03:01] 已后台运行 pid=3483536，详见 /home/yeqi3/cyr/code/LaBraM/log/auto_run.log
[2025-11-02 02:04:02] 启动 'TrainCVLauncher.py' | CUDA_VISIBLE_DEVICES='5,6,7' | LOG='/home/yeqi3/cyr/code/LaBraM/log/auto_run.log'
[2025-11-02 02:04:02] 已后台运行 pid=3492919，详见 /home/yeqi3/cyr/code/LaBraM/log/auto_run.log
[2025-11-02 02:05:01] 启动 'TrainCVLauncher.py' | CUDA_VISIBLE_DEVICES='5,6,7' | LOG='/home/yeqi3/cyr/code/LaBraM/log/auto_run.log'
[2025-11-02 02:05:01] 已后台运行 pid=3501924，详见 /home/yeqi3/cyr/code/LaBraM/log/auto_run.log
[2025-11-02 02:06:02] 启动 'TrainCVLauncher.py' | CUDA_VISIBLE_DEVICES='5,6,7' | LOG='/home/yeqi3/cyr/code/LaBraM/log/auto_run.log'
[2025-11-02 02:06:02] 已后台运行 pid=3510871，详见 /home/yeqi3/cyr/code/LaBraM/log/auto_run.log
[2025-11-02 02:07:01] 启动 'TrainCVLauncher.py' | CUDA_VISIBLE_DEVICES='5,6,7' | LOG='/home/yeqi3/cyr/code/LaBraM/log/auto_run.log'
[2025-11-02 02:07:01] 已后台运行 pid=3519819，详见 /home/yeqi3/cyr/code/LaBraM/log/auto_run.log
[2025-11-02 02:08:01] 启动 'TrainCVLauncher.py' | CUDA_VISIBLE_DEVICES='5,6,7' | LOG='/home/yeqi3/cyr/code/LaBraM/log/auto_run.log'
[2025-11-02 02:08:01] 已后台运行 pid=3529169，详见 /home/yeqi3/cyr/code/LaBraM/log/auto_run.log
[2025-11-02 02:09:02] 启动 'TrainCVLauncher.py' | CUDA_VISIBLE_DEVICES='5,6,7' | LOG='/home/yeqi3/cyr/code/LaBraM/log/auto_run.log'
[2025-11-02 02:09:02] 已后台运行 pid=3538257，详见 /home/yeqi3/cyr/code/LaBraM/log/auto_run.log
[2025-11-02 02:10:01] 启动 'TrainCVLauncher.py' | CUDA_VISIBLE_DEVICES='5,6,7' | LOG='/home/yeqi3/cyr/code/LaBraM/log/auto_run.log'
[2025-11-02 02:10:01] 已后台运行 pid=3546980，详见 /home/yeqi3/cyr/code/LaBraM/log/auto_run.log
[2025-11-02 02:11:01] 启动 'TrainCVLauncher.py' | CUDA_VISIBLE_DEVICES='5,6,7' | LOG='/home/yeqi3/cyr/code/LaBraM/log/auto_run.log'
[2025-11-02 02:11:01] 已后台运行 pid=3556259，详见 /home/yeqi3/cyr/code/LaBraM/log/auto_run.log
[2025-11-02 02:12:02] 启动 'TrainCVLauncher.py' | CUDA_VISIBLE_DEVICES='5,6,7' | LOG='/home/yeqi3/cyr/code/LaBraM/log/auto_run.log'
[2025-11-02 02:12:02] 已后台运行 pid=3565493，详见 /home/yeqi3/cyr/code/LaBraM/log/auto_run.log
[2025-11-02 02:13:01] 启动 'TrainCVLauncher.py' | CUDA_VISIBLE_DEVICES='5,6,7' | LOG='/home/yeqi3/cyr/code/LaBraM/log/auto_run.log'
[2025-11-02 02:13:01] 已后台运行 pid=3574559，详见 /home/yeqi3/cyr/code/LaBraM/log/auto_run.log
[2025-11-02 02:14:02] 启动 'TrainCVLauncher.py' | CUDA_VISIBLE_DEVICES='5,6,7' | LOG='/home/yeqi3/cyr/code/LaBraM/log/auto_run.log'
[2025-11-02 02:14:02] 已后台运行 pid=3583764，详见 /home/yeqi3/cyr/code/LaBraM/log/auto_run.log
[2025-11-02 02:15:01] 启动 'TrainCVLauncher.py' | CUDA_VISIBLE_DEVICES='5,6,7' | LOG='/home/yeqi3/cyr/code/LaBraM/log/auto_run.log'
[2025-11-02 02:15:01] 已后台运行 pid=3592891，详见 /home/yeqi3/cyr/code/LaBraM/log/auto_run.log
[2025-11-02 02:16:01] 启动 'TrainCVLauncher.py' | CUDA_VISIBLE_DEVICES='5,6,7' | LOG='/home/yeqi3/cyr/code/LaBraM/log/auto_run.log'
[2025-11-02 02:16:01] 已后台运行 pid=3602208，详见 /home/yeqi3/cyr/code/LaBraM/log/auto_run.log
[2025-11-02 02:17:02] 启动 'TrainCVLauncher.py' | CUDA_VISIBLE_DEVICES='5,6,7' | LOG='/home/yeqi3/cyr/code/LaBraM/log/auto_run.log'
[2025-11-02 02:17:02] 已后台运行 pid=3611489，详见 /home/yeqi3/cyr/code/LaBraM/log/auto_run.log
[2025-11-02 02:18:01] 启动 'TrainCVLauncher.py' | CUDA_VISIBLE_DEVICES='5,6,7' | LOG='/home/yeqi3/cyr/code/LaBraM/log/auto_run.log'
[2025-11-02 02:18:01] 已后台运行 pid=3620516，详见 /home/yeqi3/cyr/code/LaBraM/log/auto_run.log
[2025-11-02 02:19:02] 启动 'TrainCVLauncher.py' | CUDA_VISIBLE_DEVICES='5,6,7' | LOG='/home/yeqi3/cyr/code/LaBraM/log/auto_run.log'
[2025-11-02 02:19:02] 已后台运行 pid=3629906，详见 /home/yeqi3/cyr/code/LaBraM/log/auto_run.log
[2025-11-02 02:20:01] 启动 'TrainCVLauncher.py' | CUDA_VISIBLE_DEVICES='5,6,7' | LOG='/home/yeqi3/cyr/code/LaBraM/log/auto_run.log'
[2025-11-02 02:20:01] 已后台运行 pid=3639189，详见 /home/yeqi3/cyr/code/LaBraM/log/auto_run.log
[2025-11-02 02:21:02] 启动 'TrainCVLauncher.py' | CUDA_VISIBLE_DEVICES='5,6,7' | LOG='/home/yeqi3/cyr/code/LaBraM/log/auto_run.log'
[2025-11-02 02:21:02] 已后台运行 pid=3648095，详见 /home/yeqi3/cyr/code/LaBraM/log/auto_run.log
[2025-11-02 02:22:01] 启动 'TrainCVLauncher.py' | CUDA_VISIBLE_DEVICES='5,6,7' | LOG='/home/yeqi3/cyr/code/LaBraM/log/auto_run.log'
[2025-11-02 02:22:01] 已后台运行 pid=3656910，详见 /home/yeqi3/cyr/code/LaBraM/log/auto_run.log
[2025-11-02 02:23:02] 启动 'TrainCVLauncher.py' | CUDA_VISIBLE_DEVICES='5,6,7' | LOG='/home/yeqi3/cyr/code/LaBraM/log/auto_run.log'
[2025-11-02 02:23:02] 已后台运行 pid=3666204，详见 /home/yeqi3/cyr/code/LaBraM/log/auto_run.log
[2025-11-02 02:24:01] 启动 'TrainCVLauncher.py' | CUDA_VISIBLE_DEVICES='5,6,7' | LOG='/home/yeqi3/cyr/code/LaBraM/log/auto_run.log'
[2025-11-02 02:24:01] 已后台运行 pid=3675405，详见 /home/yeqi3/cyr/code/LaBraM/log/auto_run.log
[2025-11-02 02:25:01] 启动 'TrainCVLauncher.py' | CUDA_VISIBLE_DEVICES='5,6,7' | LOG='/home/yeqi3/cyr/code/LaBraM/log/auto_run.log'
[2025-11-02 02:25:01] 已后台运行 pid=3684649，详见 /home/yeqi3/cyr/code/LaBraM/log/auto_run.log
[2025-11-02 02:26:02] 启动 'TrainCVLauncher.py' | CUDA_VISIBLE_DEVICES='5,6,7' | LOG='/home/yeqi3/cyr/code/LaBraM/log/auto_run.log'
[2025-11-02 02:26:02] 已后台运行 pid=3693687，详见 /home/yeqi3/cyr/code/LaBraM/log/auto_run.log
[2025-11-02 02:27:01] 启动 'TrainCVLauncher.py' | CUDA_VISIBLE_DEVICES='5,6,7' | LOG='/home/yeqi3/cyr/code/LaBraM/log/auto_run.log'
[2025-11-02 02:27:01] 已后台运行 pid=3702456，详见 /home/yeqi3/cyr/code/LaBraM/log/auto_run.log
[2025-11-02 02:28:02] 启动 'TrainCVLauncher.py' | CUDA_VISIBLE_DEVICES='5,6,7' | LOG='/home/yeqi3/cyr/code/LaBraM/log/auto_run.log'
[2025-11-02 02:28:02] 已后台运行 pid=3711701，详见 /home/yeqi3/cyr/code/LaBraM/log/auto_run.log
[2025-11-02 02:29:01] 启动 'TrainCVLauncher.py' | CUDA_VISIBLE_DEVICES='5,6,7' | LOG='/home/yeqi3/cyr/code/LaBraM/log/auto_run.log'
[2025-11-02 02:29:01] 已后台运行 pid=3720858，详见 /home/yeqi3/cyr/code/LaBraM/log/auto_run.log
[2025-11-02 02:30:01] 启动 'TrainCVLauncher.py' | CUDA_VISIBLE_DEVICES='5,6,7' | LOG='/home/yeqi3/cyr/code/LaBraM/log/auto_run.log'
[2025-11-02 02:30:01] 已后台运行 pid=3729682，详见 /home/yeqi3/cyr/code/LaBraM/log/auto_run.log
[2025-11-02 02:31:01] 启动 'TrainCVLauncher.py' | CUDA_VISIBLE_DEVICES='5,6,7' | LOG='/home/yeqi3/cyr/code/LaBraM/log/auto_run.log'
[2025-11-02 02:31:01] 已后台运行 pid=3739130，详见 /home/yeqi3/cyr/code/LaBraM/log/auto_run.log
[2025-11-02 02:32:01] 启动 'TrainCVLauncher.py' | CUDA_VISIBLE_DEVICES='5,6,7' | LOG='/home/yeqi3/cyr/code/LaBraM/log/auto_run.log'
[2025-11-02 02:32:01] 已后台运行 pid=3748262，详见 /home/yeqi3/cyr/code/LaBraM/log/auto_run.log
[2025-11-02 02:33:02] 启动 'TrainCVLauncher.py' | CUDA_VISIBLE_DEVICES='5,6,7' | LOG='/home/yeqi3/cyr/code/LaBraM/log/auto_run.log'
[2025-11-02 02:33:02] 已后台运行 pid=3757315，详见 /home/yeqi3/cyr/code/LaBraM/log/auto_run.log
[2025-11-02 02:34:01] 启动 'TrainCVLauncher.py' | CUDA_VISIBLE_DEVICES='5,6,7' | LOG='/home/yeqi3/cyr/code/LaBraM/log/auto_run.log'
[2025-11-02 02:34:01] 已后台运行 pid=3766462，详见 /home/yeqi3/cyr/code/LaBraM/log/auto_run.log
[2025-11-02 02:35:02] 启动 'TrainCVLauncher.py' | CUDA_VISIBLE_DEVICES='5,6,7' | LOG='/home/yeqi3/cyr/code/LaBraM/log/auto_run.log'
[2025-11-02 02:35:02] 已后台运行 pid=3775604，详见 /home/yeqi3/cyr/code/LaBraM/log/auto_run.log
[2025-11-02 02:36:01] 启动 'TrainCVLauncher.py' | CUDA_VISIBLE_DEVICES='5,6,7' | LOG='/home/yeqi3/cyr/code/LaBraM/log/auto_run.log'
[2025-11-02 02:36:01] 已后台运行 pid=3784722，详见 /home/yeqi3/cyr/code/LaBraM/log/auto_run.log
[2025-11-02 02:37:01] 启动 'TrainCVLauncher.py' | CUDA_VISIBLE_DEVICES='5,6,7' | LOG='/home/yeqi3/cyr/code/LaBraM/log/auto_run.log'
[2025-11-02 02:37:01] 已后台运行 pid=3794023，详见 /home/yeqi3/cyr/code/LaBraM/log/auto_run.log
[2025-11-02 02:38:02] 启动 'TrainCVLauncher.py' | CUDA_VISIBLE_DEVICES='5,6,7' | LOG='/home/yeqi3/cyr/code/LaBraM/log/auto_run.log'
[2025-11-02 02:38:02] 已后台运行 pid=3803164，详见 /home/yeqi3/cyr/code/LaBraM/log/auto_run.log
[2025-11-02 02:39:01] 启动 'TrainCVLauncher.py' | CUDA_VISIBLE_DEVICES='5,6,7' | LOG='/home/yeqi3/cyr/code/LaBraM/log/auto_run.log'
[2025-11-02 02:39:01] 已后台运行 pid=3812350，详见 /home/yeqi3/cyr/code/LaBraM/log/auto_run.log
[2025-11-02 02:40:02] 启动 'TrainCVLauncher.py' | CUDA_VISIBLE_DEVICES='5,6,7' | LOG='/home/yeqi3/cyr/code/LaBraM/log/auto_run.log'
[2025-11-02 02:40:02] 已后台运行 pid=3821532，详见 /home/yeqi3/cyr/code/LaBraM/log/auto_run.log
[2025-11-02 02:41:02] 启动 'TrainCVLauncher.py' | CUDA_VISIBLE_DEVICES='5,6,7' | LOG='/home/yeqi3/cyr/code/LaBraM/log/auto_run.log'
[2025-11-02 02:41:02] 已后台运行 pid=3830545，详见 /home/yeqi3/cyr/code/LaBraM/log/auto_run.log
[2025-11-02 02:42:01] 启动 'TrainCVLauncher.py' | CUDA_VISIBLE_DEVICES='5,6,7' | LOG='/home/yeqi3/cyr/code/LaBraM/log/auto_run.log'
[2025-11-02 02:42:01] 已后台运行 pid=3839381，详见 /home/yeqi3/cyr/code/LaBraM/log/auto_run.log
[2025-11-02 02:43:02] 启动 'TrainCVLauncher.py' | CUDA_VISIBLE_DEVICES='5,6,7' | LOG='/home/yeqi3/cyr/code/LaBraM/log/auto_run.log'
[2025-11-02 02:43:02] 已后台运行 pid=3848574，详见 /home/yeqi3/cyr/code/LaBraM/log/auto_run.log
[2025-11-02 02:44:01] 启动 'TrainCVLauncher.py' | CUDA_VISIBLE_DEVICES='5,6,7' | LOG='/home/yeqi3/cyr/code/LaBraM/log/auto_run.log'
[2025-11-02 02:44:01] 已后台运行 pid=3857887，详见 /home/yeqi3/cyr/code/LaBraM/log/auto_run.log
[2025-11-02 02:45:01] 启动 'TrainCVLauncher.py' | CUDA_VISIBLE_DEVICES='5,6,7' | LOG='/home/yeqi3/cyr/code/LaBraM/log/auto_run.log'
[2025-11-02 02:45:01] 已后台运行 pid=3866840，详见 /home/yeqi3/cyr/code/LaBraM/log/auto_run.log
[2025-11-02 02:46:02] 启动 'TrainCVLauncher.py' | CUDA_VISIBLE_DEVICES='5,6,7' | LOG='/home/yeqi3/cyr/code/LaBraM/log/auto_run.log'
[2025-11-02 02:46:02] 已后台运行 pid=3876096，详见 /home/yeqi3/cyr/code/LaBraM/log/auto_run.log
[2025-11-02 02:47:01] 启动 'TrainCVLauncher.py' | CUDA_VISIBLE_DEVICES='5,6,7' | LOG='/home/yeqi3/cyr/code/LaBraM/log/auto_run.log'
[2025-11-02 02:47:01] 已后台运行 pid=3885185，详见 /home/yeqi3/cyr/code/LaBraM/log/auto_run.log
[2025-11-02 02:48:02] 启动 'TrainCVLauncher.py' | CUDA_VISIBLE_DEVICES='5,6,7' | LOG='/home/yeqi3/cyr/code/LaBraM/log/auto_run.log'
[2025-11-02 02:48:02] 已后台运行 pid=3894276，详见 /home/yeqi3/cyr/code/LaBraM/log/auto_run.log
[2025-11-02 02:49:01] 启动 'TrainCVLauncher.py' | CUDA_VISIBLE_DEVICES='5,6,7' | LOG='/home/yeqi3/cyr/code/LaBraM/log/auto_run.log'
[2025-11-02 02:49:01] 已后台运行 pid=3903401，详见 /home/yeqi3/cyr/code/LaBraM/log/auto_run.log
[2025-11-02 02:50:02] 启动 'TrainCVLauncher.py' | CUDA_VISIBLE_DEVICES='5,6,7' | LOG='/home/yeqi3/cyr/code/LaBraM/log/auto_run.log'
[2025-11-02 02:50:02] 已后台运行 pid=3912721，详见 /home/yeqi3/cyr/code/LaBraM/log/auto_run.log
[2025-11-02 02:51:01] 启动 'TrainCVLauncher.py' | CUDA_VISIBLE_DEVICES='5,6,7' | LOG='/home/yeqi3/cyr/code/LaBraM/log/auto_run.log'
[2025-11-02 02:51:01] 已后台运行 pid=3922009，详见 /home/yeqi3/cyr/code/LaBraM/log/auto_run.log
[2025-11-02 02:52:02] 启动 'TrainCVLauncher.py' | CUDA_VISIBLE_DEVICES='5,6,7' | LOG='/home/yeqi3/cyr/code/LaBraM/log/auto_run.log'
[2025-11-02 02:52:02] 已后台运行 pid=3930883，详见 /home/yeqi3/cyr/code/LaBraM/log/auto_run.log
[2025-11-02 02:53:01] 启动 'TrainCVLauncher.py' | CUDA_VISIBLE_DEVICES='5,6,7' | LOG='/home/yeqi3/cyr/code/LaBraM/log/auto_run.log'
[2025-11-02 02:53:01] 已后台运行 pid=3940003，详见 /home/yeqi3/cyr/code/LaBraM/log/auto_run.log
[2025-11-02 02:54:02] 启动 'TrainCVLauncher.py' | CUDA_VISIBLE_DEVICES='5,6,7' | LOG='/home/yeqi3/cyr/code/LaBraM/log/auto_run.log'
[2025-11-02 02:54:02] 已后台运行 pid=3949337，详见 /home/yeqi3/cyr/code/LaBraM/log/auto_run.log
[2025-11-02 02:55:01] 启动 'TrainCVLauncher.py' | CUDA_VISIBLE_DEVICES='5,6,7' | LOG='/home/yeqi3/cyr/code/LaBraM/log/auto_run.log'
[2025-11-02 02:55:01] 已后台运行 pid=3958411，详见 /home/yeqi3/cyr/code/LaBraM/log/auto_run.log
[2025-11-02 02:56:01] 启动 'TrainCVLauncher.py' | CUDA_VISIBLE_DEVICES='5,6,7' | LOG='/home/yeqi3/cyr/code/LaBraM/log/auto_run.log'
[2025-11-02 02:56:01] 已后台运行 pid=3967520，详见 /home/yeqi3/cyr/code/LaBraM/log/auto_run.log
[2025-11-02 02:57:02] 启动 'TrainCVLauncher.py' | CUDA_VISIBLE_DEVICES='5,6,7' | LOG='/home/yeqi3/cyr/code/LaBraM/log/auto_run.log'
[2025-11-02 02:57:02] 已后台运行 pid=3976712，详见 /home/yeqi3/cyr/code/LaBraM/log/auto_run.log
[2025-11-02 02:58:01] 启动 'TrainCVLauncher.py' | CUDA_VISIBLE_DEVICES='5,6,7' | LOG='/home/yeqi3/cyr/code/LaBraM/log/auto_run.log'
[2025-11-02 02:58:01] 已后台运行 pid=3985807，详见 /home/yeqi3/cyr/code/LaBraM/log/auto_run.log
[2025-11-02 02:59:02] 启动 'TrainCVLauncher.py' | CUDA_VISIBLE_DEVICES='5,6,7' | LOG='/home/yeqi3/cyr/code/LaBraM/log/auto_run.log'
[2025-11-02 02:59:02] 已后台运行 pid=3995027，详见 /home/yeqi3/cyr/code/LaBraM/log/auto_run.log
[2025-11-02 03:00:01] 启动 'TrainCVLauncher.py' | CUDA_VISIBLE_DEVICES='5,6,7' | LOG='/home/yeqi3/cyr/code/LaBraM/log/auto_run.log'
[2025-11-02 03:00:01] 已后台运行 pid=4003946，详见 /home/yeqi3/cyr/code/LaBraM/log/auto_run.log
[2025-11-02 03:01:02] 启动 'TrainCVLauncher.py' | CUDA_VISIBLE_DEVICES='5,6,7' | LOG='/home/yeqi3/cyr/code/LaBraM/log/auto_run.log'
[2025-11-02 03:01:02] 已后台运行 pid=4013532，详见 /home/yeqi3/cyr/code/LaBraM/log/auto_run.log
[2025-11-02 03:02:01] 启动 'TrainCVLauncher.py' | CUDA_VISIBLE_DEVICES='5,6,7' | LOG='/home/yeqi3/cyr/code/LaBraM/log/auto_run.log'
[2025-11-02 03:02:01] 已后台运行 pid=4022681，详见 /home/yeqi3/cyr/code/LaBraM/log/auto_run.log
[2025-11-02 03:03:02] 启动 'TrainCVLauncher.py' | CUDA_VISIBLE_DEVICES='5,6,7' | LOG='/home/yeqi3/cyr/code/LaBraM/log/auto_run.log'
[2025-11-02 03:03:02] 已后台运行 pid=4031821，详见 /home/yeqi3/cyr/code/LaBraM/log/auto_run.log
[2025-11-02 03:04:01] 启动 'TrainCVLauncher.py' | CUDA_VISIBLE_DEVICES='5,6,7' | LOG='/home/yeqi3/cyr/code/LaBraM/log/auto_run.log'
[2025-11-02 03:04:01] 已后台运行 pid=4041092，详见 /home/yeqi3/cyr/code/LaBraM/log/auto_run.log
[2025-11-02 03:05:01] 启动 'TrainCVLauncher.py' | CUDA_VISIBLE_DEVICES='5,6,7' | LOG='/home/yeqi3/cyr/code/LaBraM/log/auto_run.log'
[2025-11-02 03:05:01] 已后台运行 pid=4050280，详见 /home/yeqi3/cyr/code/LaBraM/log/auto_run.log
[2025-11-02 03:06:02] 启动 'TrainCVLauncher.py' | CUDA_VISIBLE_DEVICES='5,6,7' | LOG='/home/yeqi3/cyr/code/LaBraM/log/auto_run.log'
[2025-11-02 03:06:02] 已后台运行 pid=4059587，详见 /home/yeqi3/cyr/code/LaBraM/log/auto_run.log
[2025-11-02 03:07:01] 启动 'TrainCVLauncher.py' | CUDA_VISIBLE_DEVICES='5,6,7' | LOG='/home/yeqi3/cyr/code/LaBraM/log/auto_run.log'
[2025-11-02 03:07:01] 已后台运行 pid=4068667，详见 /home/yeqi3/cyr/code/LaBraM/log/auto_run.log
[2025-11-02 03:08:02] 启动 'TrainCVLauncher.py' | CUDA_VISIBLE_DEVICES='5,6,7' | LOG='/home/yeqi3/cyr/code/LaBraM/log/auto_run.log'
[2025-11-02 03:08:02] 已后台运行 pid=4077813，详见 /home/yeqi3/cyr/code/LaBraM/log/auto_run.log
[2025-11-02 03:09:01] 启动 'TrainCVLauncher.py' | CUDA_VISIBLE_DEVICES='5,6,7' | LOG='/home/yeqi3/cyr/code/LaBraM/log/auto_run.log'
[2025-11-02 03:09:01] 已后台运行 pid=4087073，详见 /home/yeqi3/cyr/code/LaBraM/log/auto_run.log
[2025-11-02 03:10:01] 启动 'TrainCVLauncher.py' | CUDA_VISIBLE_DEVICES='5,6,7' | LOG='/home/yeqi3/cyr/code/LaBraM/log/auto_run.log'
[2025-11-02 03:10:01] 已后台运行 pid=4096235，详见 /home/yeqi3/cyr/code/LaBraM/log/auto_run.log
[2025-11-02 03:11:01] 启动 'TrainCVLauncher.py' | CUDA_VISIBLE_DEVICES='5,6,7' | LOG='/home/yeqi3/cyr/code/LaBraM/log/auto_run.log'
[2025-11-02 03:11:01] 已后台运行 pid=4105703，详见 /home/yeqi3/cyr/code/LaBraM/log/auto_run.log
[2025-11-02 03:12:01] 启动 'TrainCVLauncher.py' | CUDA_VISIBLE_DEVICES='5,6,7' | LOG='/home/yeqi3/cyr/code/LaBraM/log/auto_run.log'
[2025-11-02 03:12:01] 已后台运行 pid=4114945，详见 /home/yeqi3/cyr/code/LaBraM/log/auto_run.log
[2025-11-02 03:13:02] 启动 'TrainCVLauncher.py' | CUDA_VISIBLE_DEVICES='5,6,7' | LOG='/home/yeqi3/cyr/code/LaBraM/log/auto_run.log'
[2025-11-02 03:13:02] 已后台运行 pid=4124139，详见 /home/yeqi3/cyr/code/LaBraM/log/auto_run.log
[2025-11-02 03:14:01] 启动 'TrainCVLauncher.py' | CUDA_VISIBLE_DEVICES='5,6,7' | LOG='/home/yeqi3/cyr/code/LaBraM/log/auto_run.log'
[2025-11-02 03:14:01] 已后台运行 pid=4133210，详见 /home/yeqi3/cyr/code/LaBraM/log/auto_run.log
[2025-11-02 03:15:02] 启动 'TrainCVLauncher.py' | CUDA_VISIBLE_DEVICES='5,6,7' | LOG='/home/yeqi3/cyr/code/LaBraM/log/auto_run.log'
[2025-11-02 03:15:02] 已后台运行 pid=4142539，详见 /home/yeqi3/cyr/code/LaBraM/log/auto_run.log
[2025-11-02 03:16:01] 启动 'TrainCVLauncher.py' | CUDA_VISIBLE_DEVICES='5,6,7' | LOG='/home/yeqi3/cyr/code/LaBraM/log/auto_run.log'
[2025-11-02 03:16:01] 已后台运行 pid=4151740，详见 /home/yeqi3/cyr/code/LaBraM/log/auto_run.log
[2025-11-02 03:17:01] 启动 'TrainCVLauncher.py' | CUDA_VISIBLE_DEVICES='5,6,7' | LOG='/home/yeqi3/cyr/code/LaBraM/log/auto_run.log'
[2025-11-02 03:17:01] 已后台运行 pid=4161026，详见 /home/yeqi3/cyr/code/LaBraM/log/auto_run.log
[2025-11-02 03:18:02] 启动 'TrainCVLauncher.py' | CUDA_VISIBLE_DEVICES='5,6,7' | LOG='/home/yeqi3/cyr/code/LaBraM/log/auto_run.log'
[2025-11-02 03:18:02] 已后台运行 pid=4170091，详见 /home/yeqi3/cyr/code/LaBraM/log/auto_run.log
[2025-11-02 03:19:01] 启动 'TrainCVLauncher.py' | CUDA_VISIBLE_DEVICES='5,6,7' | LOG='/home/yeqi3/cyr/code/LaBraM/log/auto_run.log'
[2025-11-02 03:19:01] 已后台运行 pid=4179299，详见 /home/yeqi3/cyr/code/LaBraM/log/auto_run.log
[2025-11-02 03:20:02] 启动 'TrainCVLauncher.py' | CUDA_VISIBLE_DEVICES='5,6,7' | LOG='/home/yeqi3/cyr/code/LaBraM/log/auto_run.log'
[2025-11-02 03:20:02] 已后台运行 pid=4188527，详见 /home/yeqi3/cyr/code/LaBraM/log/auto_run.log
[2025-11-02 03:21:01] 启动 'TrainCVLauncher.py' | CUDA_VISIBLE_DEVICES='5,6,7' | LOG='/home/yeqi3/cyr/code/LaBraM/log/auto_run.log'
[2025-11-02 03:21:01] 已后台运行 pid=4533，详见 /home/yeqi3/cyr/code/LaBraM/log/auto_run.log
[2025-11-02 03:22:02] 启动 'TrainCVLauncher.py' | CUDA_VISIBLE_DEVICES='5,6,7' | LOG='/home/yeqi3/cyr/code/LaBraM/log/auto_run.log'
[2025-11-02 03:22:02] 已后台运行 pid=13932，详见 /home/yeqi3/cyr/code/LaBraM/log/auto_run.log
[2025-11-02 03:23:01] 启动 'TrainCVLauncher.py' | CUDA_VISIBLE_DEVICES='5,6,7' | LOG='/home/yeqi3/cyr/code/LaBraM/log/auto_run.log'
[2025-11-02 03:23:01] 已后台运行 pid=22980，详见 /home/yeqi3/cyr/code/LaBraM/log/auto_run.log
[2025-11-02 03:24:01] 启动 'TrainCVLauncher.py' | CUDA_VISIBLE_DEVICES='5,6,7' | LOG='/home/yeqi3/cyr/code/LaBraM/log/auto_run.log'
[2025-11-02 03:24:01] 已后台运行 pid=32400，详见 /home/yeqi3/cyr/code/LaBraM/log/auto_run.log
[2025-11-02 03:25:02] 启动 'TrainCVLauncher.py' | CUDA_VISIBLE_DEVICES='5,6,7' | LOG='/home/yeqi3/cyr/code/LaBraM/log/auto_run.log'
[2025-11-02 03:25:02] 已后台运行 pid=41772，详见 /home/yeqi3/cyr/code/LaBraM/log/auto_run.log
[2025-11-02 03:26:01] 启动 'TrainCVLauncher.py' | CUDA_VISIBLE_DEVICES='5,6,7' | LOG='/home/yeqi3/cyr/code/LaBraM/log/auto_run.log'
[2025-11-02 03:26:01] 已后台运行 pid=50631，详见 /home/yeqi3/cyr/code/LaBraM/log/auto_run.log
[2025-11-02 03:27:02] 启动 'TrainCVLauncher.py' | CUDA_VISIBLE_DEVICES='5,6,7' | LOG='/home/yeqi3/cyr/code/LaBraM/log/auto_run.log'
[2025-11-02 03:27:02] 已后台运行 pid=59739，详见 /home/yeqi3/cyr/code/LaBraM/log/auto_run.log
[2025-11-02 03:28:01] 启动 'TrainCVLauncher.py' | CUDA_VISIBLE_DEVICES='5,6,7' | LOG='/home/yeqi3/cyr/code/LaBraM/log/auto_run.log'
[2025-11-02 03:28:01] 已后台运行 pid=68759，详见 /home/yeqi3/cyr/code/LaBraM/log/auto_run.log
[2025-11-02 03:29:01] 启动 'TrainCVLauncher.py' | CUDA_VISIBLE_DEVICES='5,6,7' | LOG='/home/yeqi3/cyr/code/LaBraM/log/auto_run.log'
[2025-11-02 03:29:01] 已后台运行 pid=78026，详见 /home/yeqi3/cyr/code/LaBraM/log/auto_run.log
[2025-11-02 03:30:02] 启动 'TrainCVLauncher.py' | CUDA_VISIBLE_DEVICES='5,6,7' | LOG='/home/yeqi3/cyr/code/LaBraM/log/auto_run.log'
[2025-11-02 03:30:02] 已后台运行 pid=87254，详见 /home/yeqi3/cyr/code/LaBraM/log/auto_run.log
[2025-11-02 03:31:02] 启动 'TrainCVLauncher.py' | CUDA_VISIBLE_DEVICES='5,6,7' | LOG='/home/yeqi3/cyr/code/LaBraM/log/auto_run.log'
[2025-11-02 03:31:02] 已后台运行 pid=96488，详见 /home/yeqi3/cyr/code/LaBraM/log/auto_run.log
[2025-11-02 03:32:01] 启动 'TrainCVLauncher.py' | CUDA_VISIBLE_DEVICES='5,6,7' | LOG='/home/yeqi3/cyr/code/LaBraM/log/auto_run.log'
[2025-11-02 03:32:01] 已后台运行 pid=105563，详见 /home/yeqi3/cyr/code/LaBraM/log/auto_run.log
[2025-11-02 03:33:01] 启动 'TrainCVLauncher.py' | CUDA_VISIBLE_DEVICES='5,6,7' | LOG='/home/yeqi3/cyr/code/LaBraM/log/auto_run.log'
[2025-11-02 03:33:01] 已后台运行 pid=114788，详见 /home/yeqi3/cyr/code/LaBraM/log/auto_run.log
[2025-11-02 03:34:02] 启动 'TrainCVLauncher.py' | CUDA_VISIBLE_DEVICES='5,6,7' | LOG='/home/yeqi3/cyr/code/LaBraM/log/auto_run.log'
[2025-11-02 03:34:02] 已后台运行 pid=123967，详见 /home/yeqi3/cyr/code/LaBraM/log/auto_run.log
[2025-11-02 03:35:01] 启动 'TrainCVLauncher.py' | CUDA_VISIBLE_DEVICES='5,6,7' | LOG='/home/yeqi3/cyr/code/LaBraM/log/auto_run.log'
[2025-11-02 03:35:01] 已后台运行 pid=132853，详见 /home/yeqi3/cyr/code/LaBraM/log/auto_run.log
[2025-11-02 03:36:02] 启动 'TrainCVLauncher.py' | CUDA_VISIBLE_DEVICES='5,6,7' | LOG='/home/yeqi3/cyr/code/LaBraM/log/auto_run.log'
[2025-11-02 03:36:02] 已后台运行 pid=142157，详见 /home/yeqi3/cyr/code/LaBraM/log/auto_run.log
[2025-11-02 03:37:01] 启动 'TrainCVLauncher.py' | CUDA_VISIBLE_DEVICES='5,6,7' | LOG='/home/yeqi3/cyr/code/LaBraM/log/auto_run.log'
[2025-11-02 03:37:01] 已后台运行 pid=151134，详见 /home/yeqi3/cyr/code/LaBraM/log/auto_run.log
[2025-11-02 03:38:01] 启动 'TrainCVLauncher.py' | CUDA_VISIBLE_DEVICES='5,6,7' | LOG='/home/yeqi3/cyr/code/LaBraM/log/auto_run.log'
[2025-11-02 03:38:01] 已后台运行 pid=160216，详见 /home/yeqi3/cyr/code/LaBraM/log/auto_run.log
[2025-11-02 03:39:02] 启动 'TrainCVLauncher.py' | CUDA_VISIBLE_DEVICES='5,6,7' | LOG='/home/yeqi3/cyr/code/LaBraM/log/auto_run.log'
[2025-11-02 03:39:02] 已后台运行 pid=169670，详见 /home/yeqi3/cyr/code/LaBraM/log/auto_run.log
[2025-11-02 03:40:01] 启动 'TrainCVLauncher.py' | CUDA_VISIBLE_DEVICES='5,6,7' | LOG='/home/yeqi3/cyr/code/LaBraM/log/auto_run.log'
[2025-11-02 03:40:01] 已后台运行 pid=178829，详见 /home/yeqi3/cyr/code/LaBraM/log/auto_run.log
[2025-11-02 03:41:02] 启动 'TrainCVLauncher.py' | CUDA_VISIBLE_DEVICES='5,6,7' | LOG='/home/yeqi3/cyr/code/LaBraM/log/auto_run.log'
[2025-11-02 03:41:02] 已后台运行 pid=187871，详见 /home/yeqi3/cyr/code/LaBraM/log/auto_run.log
[2025-11-02 03:42:01] 启动 'TrainCVLauncher.py' | CUDA_VISIBLE_DEVICES='5,6,7' | LOG='/home/yeqi3/cyr/code/LaBraM/log/auto_run.log'
[2025-11-02 03:42:01] 已后台运行 pid=197002，详见 /home/yeqi3/cyr/code/LaBraM/log/auto_run.log
[2025-11-02 03:43:01] 启动 'TrainCVLauncher.py' | CUDA_VISIBLE_DEVICES='5,6,7' | LOG='/home/yeqi3/cyr/code/LaBraM/log/auto_run.log'
[2025-11-02 03:43:01] 已后台运行 pid=206202，详见 /home/yeqi3/cyr/code/LaBraM/log/auto_run.log
[2025-11-02 03:44:02] 启动 'TrainCVLauncher.py' | CUDA_VISIBLE_DEVICES='5,6,7' | LOG='/home/yeqi3/cyr/code/LaBraM/log/auto_run.log'
[2025-11-02 03:44:02] 已后台运行 pid=216006，详见 /home/yeqi3/cyr/code/LaBraM/log/auto_run.log
[2025-11-02 03:45:01] 启动 'TrainCVLauncher.py' | CUDA_VISIBLE_DEVICES='5,6,7' | LOG='/home/yeqi3/cyr/code/LaBraM/log/auto_run.log'
[2025-11-02 03:45:01] 已后台运行 pid=225045，详见 /home/yeqi3/cyr/code/LaBraM/log/auto_run.log
[2025-11-02 03:46:02] 启动 'TrainCVLauncher.py' | CUDA_VISIBLE_DEVICES='5,6,7' | LOG='/home/yeqi3/cyr/code/LaBraM/log/auto_run.log'
[2025-11-02 03:46:02] 已后台运行 pid=234265，详见 /home/yeqi3/cyr/code/LaBraM/log/auto_run.log
[2025-11-02 03:47:01] 启动 'TrainCVLauncher.py' | CUDA_VISIBLE_DEVICES='5,6,7' | LOG='/home/yeqi3/cyr/code/LaBraM/log/auto_run.log'
[2025-11-02 03:47:01] 已后台运行 pid=243275，详见 /home/yeqi3/cyr/code/LaBraM/log/auto_run.log
[2025-11-02 03:48:01] 启动 'TrainCVLauncher.py' | CUDA_VISIBLE_DEVICES='5,6,7' | LOG='/home/yeqi3/cyr/code/LaBraM/log/auto_run.log'
[2025-11-02 03:48:01] 已后台运行 pid=252334，详见 /home/yeqi3/cyr/code/LaBraM/log/auto_run.log
[2025-11-02 03:49:02] 启动 'TrainCVLauncher.py' | CUDA_VISIBLE_DEVICES='5,6,7' | LOG='/home/yeqi3/cyr/code/LaBraM/log/auto_run.log'
[2025-11-02 03:49:02] 已后台运行 pid=261571，详见 /home/yeqi3/cyr/code/LaBraM/log/auto_run.log
[2025-11-02 03:50:01] 启动 'TrainCVLauncher.py' | CUDA_VISIBLE_DEVICES='5,6,7' | LOG='/home/yeqi3/cyr/code/LaBraM/log/auto_run.log'
[2025-11-02 03:50:01] 已后台运行 pid=270836，详见 /home/yeqi3/cyr/code/LaBraM/log/auto_run.log
[2025-11-02 03:51:01] 启动 'TrainCVLauncher.py' | CUDA_VISIBLE_DEVICES='5,6,7' | LOG='/home/yeqi3/cyr/code/LaBraM/log/auto_run.log'
[2025-11-02 03:51:01] 已后台运行 pid=280171，详见 /home/yeqi3/cyr/code/LaBraM/log/auto_run.log
[2025-11-02 03:52:02] 启动 'TrainCVLauncher.py' | CUDA_VISIBLE_DEVICES='5,6,7' | LOG='/home/yeqi3/cyr/code/LaBraM/log/auto_run.log'
[2025-11-02 03:52:02] 已后台运行 pid=289415，详见 /home/yeqi3/cyr/code/LaBraM/log/auto_run.log
[2025-11-02 03:53:01] 启动 'TrainCVLauncher.py' | CUDA_VISIBLE_DEVICES='5,6,7' | LOG='/home/yeqi3/cyr/code/LaBraM/log/auto_run.log'
[2025-11-02 03:53:01] 已后台运行 pid=298398，详见 /home/yeqi3/cyr/code/LaBraM/log/auto_run.log
[2025-11-02 03:54:01] 启动 'TrainCVLauncher.py' | CUDA_VISIBLE_DEVICES='5,6,7' | LOG='/home/yeqi3/cyr/code/LaBraM/log/auto_run.log'
[2025-11-02 03:54:01] 已后台运行 pid=307754，详见 /home/yeqi3/cyr/code/LaBraM/log/auto_run.log
[2025-11-02 03:55:02] 启动 'TrainCVLauncher.py' | CUDA_VISIBLE_DEVICES='5,6,7' | LOG='/home/yeqi3/cyr/code/LaBraM/log/auto_run.log'
[2025-11-02 03:55:02] 已后台运行 pid=317188，详见 /home/yeqi3/cyr/code/LaBraM/log/auto_run.log
[2025-11-02 03:56:01] 启动 'TrainCVLauncher.py' | CUDA_VISIBLE_DEVICES='5,6,7' | LOG='/home/yeqi3/cyr/code/LaBraM/log/auto_run.log'
[2025-11-02 03:56:01] 已后台运行 pid=326259，详见 /home/yeqi3/cyr/code/LaBraM/log/auto_run.log
[2025-11-02 03:57:02] 启动 'TrainCVLauncher.py' | CUDA_VISIBLE_DEVICES='5,6,7' | LOG='/home/yeqi3/cyr/code/LaBraM/log/auto_run.log'
[2025-11-02 03:57:02] 已后台运行 pid=335367，详见 /home/yeqi3/cyr/code/LaBraM/log/auto_run.log
[2025-11-02 03:58:01] 启动 'TrainCVLauncher.py' | CUDA_VISIBLE_DEVICES='5,6,7' | LOG='/home/yeqi3/cyr/code/LaBraM/log/auto_run.log'
[2025-11-02 03:58:01] 已后台运行 pid=344315，详见 /home/yeqi3/cyr/code/LaBraM/log/auto_run.log
[2025-11-02 03:59:01] 启动 'TrainCVLauncher.py' | CUDA_VISIBLE_DEVICES='5,6,7' | LOG='/home/yeqi3/cyr/code/LaBraM/log/auto_run.log'
[2025-11-02 03:59:01] 已后台运行 pid=353561，详见 /home/yeqi3/cyr/code/LaBraM/log/auto_run.log
[2025-11-02 04:00:02] 启动 'TrainCVLauncher.py' | CUDA_VISIBLE_DEVICES='5,6,7' | LOG='/home/yeqi3/cyr/code/LaBraM/log/auto_run.log'
[2025-11-02 04:00:02] 已后台运行 pid=362829，详见 /home/yeqi3/cyr/code/LaBraM/log/auto_run.log
[2025-11-02 04:01:02] 启动 'TrainCVLauncher.py' | CUDA_VISIBLE_DEVICES='5,6,7' | LOG='/home/yeqi3/cyr/code/LaBraM/log/auto_run.log'
[2025-11-02 04:01:02] 已后台运行 pid=372275，详见 /home/yeqi3/cyr/code/LaBraM/log/auto_run.log
[2025-11-02 04:02:01] 启动 'TrainCVLauncher.py' | CUDA_VISIBLE_DEVICES='5,6,7' | LOG='/home/yeqi3/cyr/code/LaBraM/log/auto_run.log'
[2025-11-02 04:02:01] 已后台运行 pid=381504，详见 /home/yeqi3/cyr/code/LaBraM/log/auto_run.log
[2025-11-02 04:03:01] 启动 'TrainCVLauncher.py' | CUDA_VISIBLE_DEVICES='5,6,7' | LOG='/home/yeqi3/cyr/code/LaBraM/log/auto_run.log'
[2025-11-02 04:03:01] 已后台运行 pid=390863，详见 /home/yeqi3/cyr/code/LaBraM/log/auto_run.log
[2025-11-02 04:04:02] 启动 'TrainCVLauncher.py' | CUDA_VISIBLE_DEVICES='5,6,7' | LOG='/home/yeqi3/cyr/code/LaBraM/log/auto_run.log'
[2025-11-02 04:04:02] 已后台运行 pid=400189，详见 /home/yeqi3/cyr/code/LaBraM/log/auto_run.log
[2025-11-02 04:05:01] 启动 'TrainCVLauncher.py' | CUDA_VISIBLE_DEVICES='5,6,7' | LOG='/home/yeqi3/cyr/code/LaBraM/log/auto_run.log'
[2025-11-02 04:05:01] 已后台运行 pid=409476，详见 /home/yeqi3/cyr/code/LaBraM/log/auto_run.log
[2025-11-02 04:06:02] 启动 'TrainCVLauncher.py' | CUDA_VISIBLE_DEVICES='5,6,7' | LOG='/home/yeqi3/cyr/code/LaBraM/log/auto_run.log'
[2025-11-02 04:06:02] 已后台运行 pid=418986，详见 /home/yeqi3/cyr/code/LaBraM/log/auto_run.log
[2025-11-02 04:07:01] 启动 'TrainCVLauncher.py' | CUDA_VISIBLE_DEVICES='5,6,7' | LOG='/home/yeqi3/cyr/code/LaBraM/log/auto_run.log'
[2025-11-02 04:07:01] 已后台运行 pid=428331，详见 /home/yeqi3/cyr/code/LaBraM/log/auto_run.log
[2025-11-02 04:08:01] 启动 'TrainCVLauncher.py' | CUDA_VISIBLE_DEVICES='5,6,7' | LOG='/home/yeqi3/cyr/code/LaBraM/log/auto_run.log'
[2025-11-02 04:08:01] 已后台运行 pid=437637，详见 /home/yeqi3/cyr/code/LaBraM/log/auto_run.log
[2025-11-02 04:09:02] 启动 'TrainCVLauncher.py' | CUDA_VISIBLE_DEVICES='5,6,7' | LOG='/home/yeqi3/cyr/code/LaBraM/log/auto_run.log'
[2025-11-02 04:09:02] 已后台运行 pid=447166，详见 /home/yeqi3/cyr/code/LaBraM/log/auto_run.log
[2025-11-02 04:10:01] 启动 'TrainCVLauncher.py' | CUDA_VISIBLE_DEVICES='5,6,7' | LOG='/home/yeqi3/cyr/code/LaBraM/log/auto_run.log'
[2025-11-02 04:10:01] 已后台运行 pid=456540，详见 /home/yeqi3/cyr/code/LaBraM/log/auto_run.log
[2025-11-02 04:11:01] 启动 'TrainCVLauncher.py' | CUDA_VISIBLE_DEVICES='5,6,7' | LOG='/home/yeqi3/cyr/code/LaBraM/log/auto_run.log'
[2025-11-02 04:11:01] 已后台运行 pid=465988，详见 /home/yeqi3/cyr/code/LaBraM/log/auto_run.log
[2025-11-02 04:12:02] 启动 'TrainCVLauncher.py' | CUDA_VISIBLE_DEVICES='5,6,7' | LOG='/home/yeqi3/cyr/code/LaBraM/log/auto_run.log'
[2025-11-02 04:12:02] 已后台运行 pid=475468，详见 /home/yeqi3/cyr/code/LaBraM/log/auto_run.log
[2025-11-02 04:13:01] 启动 'TrainCVLauncher.py' | CUDA_VISIBLE_DEVICES='5,6,7' | LOG='/home/yeqi3/cyr/code/LaBraM/log/auto_run.log'
[2025-11-02 04:13:01] 已后台运行 pid=484846，详见 /home/yeqi3/cyr/code/LaBraM/log/auto_run.log
[2025-11-02 04:14:02] 启动 'TrainCVLauncher.py' | CUDA_VISIBLE_DEVICES='5,6,7' | LOG='/home/yeqi3/cyr/code/LaBraM/log/auto_run.log'
[2025-11-02 04:14:02] 已后台运行 pid=494376，详见 /home/yeqi3/cyr/code/LaBraM/log/auto_run.log
[2025-11-02 04:15:01] 启动 'TrainCVLauncher.py' | CUDA_VISIBLE_DEVICES='5,6,7' | LOG='/home/yeqi3/cyr/code/LaBraM/log/auto_run.log'
[2025-11-02 04:15:01] 已后台运行 pid=503689，详见 /home/yeqi3/cyr/code/LaBraM/log/auto_run.log
[2025-11-02 04:16:01] 启动 'TrainCVLauncher.py' | CUDA_VISIBLE_DEVICES='5,6,7' | LOG='/home/yeqi3/cyr/code/LaBraM/log/auto_run.log'
[2025-11-02 04:16:01] 已后台运行 pid=513083，详见 /home/yeqi3/cyr/code/LaBraM/log/auto_run.log
[2025-11-02 04:17:02] 启动 'TrainCVLauncher.py' | CUDA_VISIBLE_DEVICES='5,6,7' | LOG='/home/yeqi3/cyr/code/LaBraM/log/auto_run.log'
[2025-11-02 04:17:02] 已后台运行 pid=522533，详见 /home/yeqi3/cyr/code/LaBraM/log/auto_run.log
[2025-11-02 04:18:01] 启动 'TrainCVLauncher.py' | CUDA_VISIBLE_DEVICES='5,6,7' | LOG='/home/yeqi3/cyr/code/LaBraM/log/auto_run.log'
[2025-11-02 04:18:01] 已后台运行 pid=531694，详见 /home/yeqi3/cyr/code/LaBraM/log/auto_run.log
[2025-11-02 04:19:02] 启动 'TrainCVLauncher.py' | CUDA_VISIBLE_DEVICES='5,6,7' | LOG='/home/yeqi3/cyr/code/LaBraM/log/auto_run.log'
[2025-11-02 04:19:02] 已后台运行 pid=541014，详见 /home/yeqi3/cyr/code/LaBraM/log/auto_run.log
[2025-11-02 04:20:01] 启动 'TrainCVLauncher.py' | CUDA_VISIBLE_DEVICES='5,6,7' | LOG='/home/yeqi3/cyr/code/LaBraM/log/auto_run.log'
[2025-11-02 04:20:01] 已后台运行 pid=550000，详见 /home/yeqi3/cyr/code/LaBraM/log/auto_run.log
[2025-11-02 04:21:01] 启动 'TrainCVLauncher.py' | CUDA_VISIBLE_DEVICES='5,6,7' | LOG='/home/yeqi3/cyr/code/LaBraM/log/auto_run.log'
[2025-11-02 04:21:01] 已后台运行 pid=559249，详见 /home/yeqi3/cyr/code/LaBraM/log/auto_run.log
[2025-11-02 04:22:02] 启动 'TrainCVLauncher.py' | CUDA_VISIBLE_DEVICES='5,6,7' | LOG='/home/yeqi3/cyr/code/LaBraM/log/auto_run.log'
[2025-11-02 04:22:02] 已后台运行 pid=568487，详见 /home/yeqi3/cyr/code/LaBraM/log/auto_run.log
[2025-11-02 04:23:01] 启动 'TrainCVLauncher.py' | CUDA_VISIBLE_DEVICES='5,6,7' | LOG='/home/yeqi3/cyr/code/LaBraM/log/auto_run.log'
[2025-11-02 04:23:01] 已后台运行 pid=577604，详见 /home/yeqi3/cyr/code/LaBraM/log/auto_run.log
[2025-11-02 04:24:01] 启动 'TrainCVLauncher.py' | CUDA_VISIBLE_DEVICES='5,6,7' | LOG='/home/yeqi3/cyr/code/LaBraM/log/auto_run.log'
[2025-11-02 04:24:01] 已后台运行 pid=586771，详见 /home/yeqi3/cyr/code/LaBraM/log/auto_run.log
[2025-11-02 04:25:02] 启动 'TrainCVLauncher.py' | CUDA_VISIBLE_DEVICES='5,6,7' | LOG='/home/yeqi3/cyr/code/LaBraM/log/auto_run.log'
[2025-11-02 04:25:02] 已后台运行 pid=595924，详见 /home/yeqi3/cyr/code/LaBraM/log/auto_run.log
[2025-11-02 04:26:01] 启动 'TrainCVLauncher.py' | CUDA_VISIBLE_DEVICES='5,6,7' | LOG='/home/yeqi3/cyr/code/LaBraM/log/auto_run.log'
[2025-11-02 04:26:01] 已后台运行 pid=604912，详见 /home/yeqi3/cyr/code/LaBraM/log/auto_run.log
[2025-11-02 04:27:02] 启动 'TrainCVLauncher.py' | CUDA_VISIBLE_DEVICES='5,6,7' | LOG='/home/yeqi3/cyr/code/LaBraM/log/auto_run.log'
[2025-11-02 04:27:02] 已后台运行 pid=614166，详见 /home/yeqi3/cyr/code/LaBraM/log/auto_run.log
[2025-11-02 04:28:01] 启动 'TrainCVLauncher.py' | CUDA_VISIBLE_DEVICES='5,6,7' | LOG='/home/yeqi3/cyr/code/LaBraM/log/auto_run.log'
[2025-11-02 04:28:01] 已后台运行 pid=623106，详见 /home/yeqi3/cyr/code/LaBraM/log/auto_run.log
[2025-11-02 04:29:01] 启动 'TrainCVLauncher.py' | CUDA_VISIBLE_DEVICES='5,6,7' | LOG='/home/yeqi3/cyr/code/LaBraM/log/auto_run.log'
[2025-11-02 04:29:01] 已后台运行 pid=632391，详见 /home/yeqi3/cyr/code/LaBraM/log/auto_run.log
[2025-11-02 04:30:02] 启动 'TrainCVLauncher.py' | CUDA_VISIBLE_DEVICES='5,6,7' | LOG='/home/yeqi3/cyr/code/LaBraM/log/auto_run.log'
[2025-11-02 04:30:02] 已后台运行 pid=641663，详见 /home/yeqi3/cyr/code/LaBraM/log/auto_run.log
[2025-11-02 04:31:01] 启动 'TrainCVLauncher.py' | CUDA_VISIBLE_DEVICES='5,6,7' | LOG='/home/yeqi3/cyr/code/LaBraM/log/auto_run.log'
[2025-11-02 04:31:01] 已后台运行 pid=650862，详见 /home/yeqi3/cyr/code/LaBraM/log/auto_run.log
[2025-11-02 04:32:02] 启动 'TrainCVLauncher.py' | CUDA_VISIBLE_DEVICES='5,6,7' | LOG='/home/yeqi3/cyr/code/LaBraM/log/auto_run.log'
[2025-11-02 04:32:02] 已后台运行 pid=660282，详见 /home/yeqi3/cyr/code/LaBraM/log/auto_run.log
[2025-11-02 04:33:01] 启动 'TrainCVLauncher.py' | CUDA_VISIBLE_DEVICES='5,6,7' | LOG='/home/yeqi3/cyr/code/LaBraM/log/auto_run.log'
[2025-11-02 04:33:01] 已后台运行 pid=669315，详见 /home/yeqi3/cyr/code/LaBraM/log/auto_run.log
[2025-11-02 04:34:01] 启动 'TrainCVLauncher.py' | CUDA_VISIBLE_DEVICES='5,6,7' | LOG='/home/yeqi3/cyr/code/LaBraM/log/auto_run.log'
[2025-11-02 04:34:01] 已后台运行 pid=678678，详见 /home/yeqi3/cyr/code/LaBraM/log/auto_run.log
[2025-11-02 04:35:02] 启动 'TrainCVLauncher.py' | CUDA_VISIBLE_DEVICES='5,6,7' | LOG='/home/yeqi3/cyr/code/LaBraM/log/auto_run.log'
[2025-11-02 04:35:02] 已后台运行 pid=687802，详见 /home/yeqi3/cyr/code/LaBraM/log/auto_run.log
[2025-11-02 04:36:01] 启动 'TrainCVLauncher.py' | CUDA_VISIBLE_DEVICES='5,6,7' | LOG='/home/yeqi3/cyr/code/LaBraM/log/auto_run.log'
[2025-11-02 04:36:01] 已后台运行 pid=696992，详见 /home/yeqi3/cyr/code/LaBraM/log/auto_run.log
[2025-11-02 04:37:02] 启动 'TrainCVLauncher.py' | CUDA_VISIBLE_DEVICES='5,6,7' | LOG='/home/yeqi3/cyr/code/LaBraM/log/auto_run.log'
[2025-11-02 04:37:02] 已后台运行 pid=706134，详见 /home/yeqi3/cyr/code/LaBraM/log/auto_run.log
[2025-11-02 04:38:01] 启动 'TrainCVLauncher.py' | CUDA_VISIBLE_DEVICES='5,6,7' | LOG='/home/yeqi3/cyr/code/LaBraM/log/auto_run.log'
[2025-11-02 04:38:01] 已后台运行 pid=715196，详见 /home/yeqi3/cyr/code/LaBraM/log/auto_run.log
[2025-11-02 04:39:01] 启动 'TrainCVLauncher.py' | CUDA_VISIBLE_DEVICES='5,6,7' | LOG='/home/yeqi3/cyr/code/LaBraM/log/auto_run.log'
[2025-11-02 04:39:01] 已后台运行 pid=724456，详见 /home/yeqi3/cyr/code/LaBraM/log/auto_run.log
[2025-11-02 04:40:02] 启动 'TrainCVLauncher.py' | CUDA_VISIBLE_DEVICES='5,6,7' | LOG='/home/yeqi3/cyr/code/LaBraM/log/auto_run.log'
[2025-11-02 04:40:02] 已后台运行 pid=733425，详见 /home/yeqi3/cyr/code/LaBraM/log/auto_run.log
[2025-11-02 04:41:01] 启动 'TrainCVLauncher.py' | CUDA_VISIBLE_DEVICES='5,6,7' | LOG='/home/yeqi3/cyr/code/LaBraM/log/auto_run.log'
[2025-11-02 04:41:01] 已后台运行 pid=742636，详见 /home/yeqi3/cyr/code/LaBraM/log/auto_run.log
[2025-11-02 04:42:02] 启动 'TrainCVLauncher.py' | CUDA_VISIBLE_DEVICES='5,6,7' | LOG='/home/yeqi3/cyr/code/LaBraM/log/auto_run.log'
[2025-11-02 04:42:02] 已后台运行 pid=751940，详见 /home/yeqi3/cyr/code/LaBraM/log/auto_run.log
[2025-11-02 04:43:01] 启动 'TrainCVLauncher.py' | CUDA_VISIBLE_DEVICES='5,6,7' | LOG='/home/yeqi3/cyr/code/LaBraM/log/auto_run.log'
[2025-11-02 04:43:01] 已后台运行 pid=760955，详见 /home/yeqi3/cyr/code/LaBraM/log/auto_run.log
[2025-11-02 04:44:01] 启动 'TrainCVLauncher.py' | CUDA_VISIBLE_DEVICES='5,6,7' | LOG='/home/yeqi3/cyr/code/LaBraM/log/auto_run.log'
[2025-11-02 04:44:01] 已后台运行 pid=769991，详见 /home/yeqi3/cyr/code/LaBraM/log/auto_run.log
[2025-11-02 04:45:02] 启动 'TrainCVLauncher.py' | CUDA_VISIBLE_DEVICES='5,6,7' | LOG='/home/yeqi3/cyr/code/LaBraM/log/auto_run.log'
[2025-11-02 04:45:02] 已后台运行 pid=779150，详见 /home/yeqi3/cyr/code/LaBraM/log/auto_run.log
[2025-11-02 04:46:01] 启动 'TrainCVLauncher.py' | CUDA_VISIBLE_DEVICES='5,6,7' | LOG='/home/yeqi3/cyr/code/LaBraM/log/auto_run.log'
[2025-11-02 04:46:01] 已后台运行 pid=788110，详见 /home/yeqi3/cyr/code/LaBraM/log/auto_run.log
[2025-11-02 04:47:02] 启动 'TrainCVLauncher.py' | CUDA_VISIBLE_DEVICES='5,6,7' | LOG='/home/yeqi3/cyr/code/LaBraM/log/auto_run.log'
[2025-11-02 04:47:02] 已后台运行 pid=797191，详见 /home/yeqi3/cyr/code/LaBraM/log/auto_run.log
[2025-11-02 04:48:01] 启动 'TrainCVLauncher.py' | CUDA_VISIBLE_DEVICES='5,6,7' | LOG='/home/yeqi3/cyr/code/LaBraM/log/auto_run.log'
[2025-11-02 04:48:01] 已后台运行 pid=806188，详见 /home/yeqi3/cyr/code/LaBraM/log/auto_run.log
[2025-11-02 04:49:02] 启动 'TrainCVLauncher.py' | CUDA_VISIBLE_DEVICES='5,6,7' | LOG='/home/yeqi3/cyr/code/LaBraM/log/auto_run.log'
[2025-11-02 04:49:02] 已后台运行 pid=815316，详见 /home/yeqi3/cyr/code/LaBraM/log/auto_run.log
[2025-11-02 04:50:01] 启动 'TrainCVLauncher.py' | CUDA_VISIBLE_DEVICES='5,6,7' | LOG='/home/yeqi3/cyr/code/LaBraM/log/auto_run.log'
[2025-11-02 04:50:01] 已后台运行 pid=824462，详见 /home/yeqi3/cyr/code/LaBraM/log/auto_run.log
[2025-11-02 04:51:01] 启动 'TrainCVLauncher.py' | CUDA_VISIBLE_DEVICES='5,6,7' | LOG='/home/yeqi3/cyr/code/LaBraM/log/auto_run.log'
[2025-11-02 04:51:01] 已后台运行 pid=833786，详见 /home/yeqi3/cyr/code/LaBraM/log/auto_run.log
[2025-11-02 04:52:01] 启动 'TrainCVLauncher.py' | CUDA_VISIBLE_DEVICES='5,6,7' | LOG='/home/yeqi3/cyr/code/LaBraM/log/auto_run.log'
[2025-11-02 04:52:01] 已后台运行 pid=842998，详见 /home/yeqi3/cyr/code/LaBraM/log/auto_run.log
[2025-11-02 04:53:02] 启动 'TrainCVLauncher.py' | CUDA_VISIBLE_DEVICES='5,6,7' | LOG='/home/yeqi3/cyr/code/LaBraM/log/auto_run.log'
[2025-11-02 04:53:02] 已后台运行 pid=851989，详见 /home/yeqi3/cyr/code/LaBraM/log/auto_run.log
[2025-11-02 04:54:01] 启动 'TrainCVLauncher.py' | CUDA_VISIBLE_DEVICES='5,6,7' | LOG='/home/yeqi3/cyr/code/LaBraM/log/auto_run.log'
[2025-11-02 04:54:01] 已后台运行 pid=861066，详见 /home/yeqi3/cyr/code/LaBraM/log/auto_run.log
[2025-11-02 04:55:02] 启动 'TrainCVLauncher.py' | CUDA_VISIBLE_DEVICES='5,6,7' | LOG='/home/yeqi3/cyr/code/LaBraM/log/auto_run.log'
[2025-11-02 04:55:02] 已后台运行 pid=870373，详见 /home/yeqi3/cyr/code/LaBraM/log/auto_run.log
[2025-11-02 04:56:01] 启动 'TrainCVLauncher.py' | CUDA_VISIBLE_DEVICES='5,6,7' | LOG='/home/yeqi3/cyr/code/LaBraM/log/auto_run.log'
[2025-11-02 04:56:01] 已后台运行 pid=879326，详见 /home/yeqi3/cyr/code/LaBraM/log/auto_run.log
[2025-11-02 04:57:01] 启动 'TrainCVLauncher.py' | CUDA_VISIBLE_DEVICES='5,6,7' | LOG='/home/yeqi3/cyr/code/LaBraM/log/auto_run.log'
[2025-11-02 04:57:01] 已后台运行 pid=888493，详见 /home/yeqi3/cyr/code/LaBraM/log/auto_run.log
[2025-11-02 04:58:02] 启动 'TrainCVLauncher.py' | CUDA_VISIBLE_DEVICES='5,6,7' | LOG='/home/yeqi3/cyr/code/LaBraM/log/auto_run.log'
[2025-11-02 04:58:02] 已后台运行 pid=897504，详见 /home/yeqi3/cyr/code/LaBraM/log/auto_run.log
[2025-11-02 04:59:01] 启动 'TrainCVLauncher.py' | CUDA_VISIBLE_DEVICES='5,6,7' | LOG='/home/yeqi3/cyr/code/LaBraM/log/auto_run.log'
[2025-11-02 04:59:01] 已后台运行 pid=906582，详见 /home/yeqi3/cyr/code/LaBraM/log/auto_run.log
[2025-11-02 05:00:02] 启动 'TrainCVLauncher.py' | CUDA_VISIBLE_DEVICES='5,6,7' | LOG='/home/yeqi3/cyr/code/LaBraM/log/auto_run.log'
[2025-11-02 05:00:02] 已后台运行 pid=916255，详见 /home/yeqi3/cyr/code/LaBraM/log/auto_run.log
[2025-11-02 05:01:01] 启动 'TrainCVLauncher.py' | CUDA_VISIBLE_DEVICES='5,6,7' | LOG='/home/yeqi3/cyr/code/LaBraM/log/auto_run.log'
[2025-11-02 05:01:01] 已后台运行 pid=925471，详见 /home/yeqi3/cyr/code/LaBraM/log/auto_run.log
[2025-11-02 05:02:02] 启动 'TrainCVLauncher.py' | CUDA_VISIBLE_DEVICES='5,6,7' | LOG='/home/yeqi3/cyr/code/LaBraM/log/auto_run.log'
[2025-11-02 05:02:02] 已后台运行 pid=934550，详见 /home/yeqi3/cyr/code/LaBraM/log/auto_run.log
[2025-11-02 05:03:01] 启动 'TrainCVLauncher.py' | CUDA_VISIBLE_DEVICES='5,6,7' | LOG='/home/yeqi3/cyr/code/LaBraM/log/auto_run.log'
[2025-11-02 05:03:01] 已后台运行 pid=943426，详见 /home/yeqi3/cyr/code/LaBraM/log/auto_run.log
[2025-11-02 05:04:01] 启动 'TrainCVLauncher.py' | CUDA_VISIBLE_DEVICES='5,6,7' | LOG='/home/yeqi3/cyr/code/LaBraM/log/auto_run.log'
[2025-11-02 05:04:01] 已后台运行 pid=952384，详见 /home/yeqi3/cyr/code/LaBraM/log/auto_run.log
[2025-11-02 05:05:02] 启动 'TrainCVLauncher.py' | CUDA_VISIBLE_DEVICES='5,6,7' | LOG='/home/yeqi3/cyr/code/LaBraM/log/auto_run.log'
[2025-11-02 05:05:02] 已后台运行 pid=961567，详见 /home/yeqi3/cyr/code/LaBraM/log/auto_run.log
[2025-11-02 05:06:01] 启动 'TrainCVLauncher.py' | CUDA_VISIBLE_DEVICES='5,6,7' | LOG='/home/yeqi3/cyr/code/LaBraM/log/auto_run.log'
[2025-11-02 05:06:01] 已后台运行 pid=970544，详见 /home/yeqi3/cyr/code/LaBraM/log/auto_run.log
[2025-11-02 05:07:02] 启动 'TrainCVLauncher.py' | CUDA_VISIBLE_DEVICES='5,6,7' | LOG='/home/yeqi3/cyr/code/LaBraM/log/auto_run.log'
[2025-11-02 05:07:02] 已后台运行 pid=979712，详见 /home/yeqi3/cyr/code/LaBraM/log/auto_run.log
[2025-11-02 05:08:01] 启动 'TrainCVLauncher.py' | CUDA_VISIBLE_DEVICES='5,6,7' | LOG='/home/yeqi3/cyr/code/LaBraM/log/auto_run.log'
[2025-11-02 05:08:01] 已后台运行 pid=988472，详见 /home/yeqi3/cyr/code/LaBraM/log/auto_run.log
[2025-11-02 05:09:01] 启动 'TrainCVLauncher.py' | CUDA_VISIBLE_DEVICES='5,6,7' | LOG='/home/yeqi3/cyr/code/LaBraM/log/auto_run.log'
[2025-11-02 05:09:01] 已后台运行 pid=997365，详见 /home/yeqi3/cyr/code/LaBraM/log/auto_run.log
[2025-11-02 05:10:02] 启动 'TrainCVLauncher.py' | CUDA_VISIBLE_DEVICES='5,6,7' | LOG='/home/yeqi3/cyr/code/LaBraM/log/auto_run.log'
[2025-11-02 05:10:02] 已后台运行 pid=1006295，详见 /home/yeqi3/cyr/code/LaBraM/log/auto_run.log
[2025-11-02 05:11:01] 启动 'TrainCVLauncher.py' | CUDA_VISIBLE_DEVICES='5,6,7' | LOG='/home/yeqi3/cyr/code/LaBraM/log/auto_run.log'
[2025-11-02 05:11:01] 已后台运行 pid=1015082，详见 /home/yeqi3/cyr/code/LaBraM/log/auto_run.log
[2025-11-02 05:12:02] 启动 'TrainCVLauncher.py' | CUDA_VISIBLE_DEVICES='5,6,7' | LOG='/home/yeqi3/cyr/code/LaBraM/log/auto_run.log'
[2025-11-02 05:12:02] 已后台运行 pid=1023779，详见 /home/yeqi3/cyr/code/LaBraM/log/auto_run.log
[2025-11-02 05:13:01] 启动 'TrainCVLauncher.py' | CUDA_VISIBLE_DEVICES='5,6,7' | LOG='/home/yeqi3/cyr/code/LaBraM/log/auto_run.log'
[2025-11-02 05:13:01] 已后台运行 pid=1032318，详见 /home/yeqi3/cyr/code/LaBraM/log/auto_run.log
[2025-11-02 05:14:01] 启动 'TrainCVLauncher.py' | CUDA_VISIBLE_DEVICES='5,6,7' | LOG='/home/yeqi3/cyr/code/LaBraM/log/auto_run.log'
[2025-11-02 05:14:01] 已后台运行 pid=1041162，详见 /home/yeqi3/cyr/code/LaBraM/log/auto_run.log
[2025-11-02 05:15:02] 启动 'TrainCVLauncher.py' | CUDA_VISIBLE_DEVICES='5,6,7' | LOG='/home/yeqi3/cyr/code/LaBraM/log/auto_run.log'
[2025-11-02 05:15:02] 已后台运行 pid=1050100，详见 /home/yeqi3/cyr/code/LaBraM/log/auto_run.log
[2025-11-02 05:16:01] 启动 'TrainCVLauncher.py' | CUDA_VISIBLE_DEVICES='5,6,7' | LOG='/home/yeqi3/cyr/code/LaBraM/log/auto_run.log'
[2025-11-02 05:16:01] 已后台运行 pid=1058297，详见 /home/yeqi3/cyr/code/LaBraM/log/auto_run.log
[2025-11-02 05:17:02] 启动 'TrainCVLauncher.py' | CUDA_VISIBLE_DEVICES='5,6,7' | LOG='/home/yeqi3/cyr/code/LaBraM/log/auto_run.log'
[2025-11-02 05:17:02] 已后台运行 pid=1066474，详见 /home/yeqi3/cyr/code/LaBraM/log/auto_run.log
[2025-11-02 05:18:01] 启动 'TrainCVLauncher.py' | CUDA_VISIBLE_DEVICES='5,6,7' | LOG='/home/yeqi3/cyr/code/LaBraM/log/auto_run.log'
[2025-11-02 05:18:01] 已后台运行 pid=1074606，详见 /home/yeqi3/cyr/code/LaBraM/log/auto_run.log
[2025-11-02 05:19:01] 启动 'TrainCVLauncher.py' | CUDA_VISIBLE_DEVICES='5,6,7' | LOG='/home/yeqi3/cyr/code/LaBraM/log/auto_run.log'
[2025-11-02 05:19:01] 已后台运行 pid=1082988，详见 /home/yeqi3/cyr/code/LaBraM/log/auto_run.log
[2025-11-02 05:20:02] 启动 'TrainCVLauncher.py' | CUDA_VISIBLE_DEVICES='5,6,7' | LOG='/home/yeqi3/cyr/code/LaBraM/log/auto_run.log'
[2025-11-02 05:20:02] 已后台运行 pid=1091616，详见 /home/yeqi3/cyr/code/LaBraM/log/auto_run.log
[2025-11-02 05:21:01] 启动 'TrainCVLauncher.py' | CUDA_VISIBLE_DEVICES='5,6,7' | LOG='/home/yeqi3/cyr/code/LaBraM/log/auto_run.log'
[2025-11-02 05:21:01] 已后台运行 pid=1100067，详见 /home/yeqi3/cyr/code/LaBraM/log/auto_run.log
[2025-11-02 05:22:01] 启动 'TrainCVLauncher.py' | CUDA_VISIBLE_DEVICES='5,6,7' | LOG='/home/yeqi3/cyr/code/LaBraM/log/auto_run.log'
[2025-11-02 05:22:01] 已后台运行 pid=1108280，详见 /home/yeqi3/cyr/code/LaBraM/log/auto_run.log
[2025-11-02 05:23:02] 启动 'TrainCVLauncher.py' | CUDA_VISIBLE_DEVICES='5,6,7' | LOG='/home/yeqi3/cyr/code/LaBraM/log/auto_run.log'
[2025-11-02 05:23:02] 已后台运行 pid=1116520，详见 /home/yeqi3/cyr/code/LaBraM/log/auto_run.log
[2025-11-02 05:24:01] 启动 'TrainCVLauncher.py' | CUDA_VISIBLE_DEVICES='5,6,7' | LOG='/home/yeqi3/cyr/code/LaBraM/log/auto_run.log'
[2025-11-02 05:24:01] 已后台运行 pid=1124657，详见 /home/yeqi3/cyr/code/LaBraM/log/auto_run.log
[2025-11-02 05:25:02] 启动 'TrainCVLauncher.py' | CUDA_VISIBLE_DEVICES='5,6,7' | LOG='/home/yeqi3/cyr/code/LaBraM/log/auto_run.log'
[2025-11-02 05:25:02] 已后台运行 pid=1133424，详见 /home/yeqi3/cyr/code/LaBraM/log/auto_run.log
[2025-11-02 05:26:01] 启动 'TrainCVLauncher.py' | CUDA_VISIBLE_DEVICES='5,6,7' | LOG='/home/yeqi3/cyr/code/LaBraM/log/auto_run.log'
[2025-11-02 05:26:01] 已后台运行 pid=1142134，详见 /home/yeqi3/cyr/code/LaBraM/log/auto_run.log
[2025-11-02 05:27:01] 启动 'TrainCVLauncher.py' | CUDA_VISIBLE_DEVICES='5,6,7' | LOG='/home/yeqi3/cyr/code/LaBraM/log/auto_run.log'
[2025-11-02 05:27:01] 已后台运行 pid=1150929，详见 /home/yeqi3/cyr/code/LaBraM/log/auto_run.log
[2025-11-02 05:28:02] 启动 'TrainCVLauncher.py' | CUDA_VISIBLE_DEVICES='5,6,7' | LOG='/home/yeqi3/cyr/code/LaBraM/log/auto_run.log'
[2025-11-02 05:28:02] 已后台运行 pid=1160021，详见 /home/yeqi3/cyr/code/LaBraM/log/auto_run.log
[2025-11-02 05:29:01] 启动 'TrainCVLauncher.py' | CUDA_VISIBLE_DEVICES='5,6,7' | LOG='/home/yeqi3/cyr/code/LaBraM/log/auto_run.log'
[2025-11-02 05:29:01] 已后台运行 pid=1168605，详见 /home/yeqi3/cyr/code/LaBraM/log/auto_run.log
[2025-11-02 05:30:02] 启动 'TrainCVLauncher.py' | CUDA_VISIBLE_DEVICES='5,6,7' | LOG='/home/yeqi3/cyr/code/LaBraM/log/auto_run.log'
[2025-11-02 05:30:02] 已后台运行 pid=1177315，详见 /home/yeqi3/cyr/code/LaBraM/log/auto_run.log
[2025-11-02 05:31:01] 启动 'TrainCVLauncher.py' | CUDA_VISIBLE_DEVICES='5,6,7' | LOG='/home/yeqi3/cyr/code/LaBraM/log/auto_run.log'
[2025-11-02 05:31:01] 已后台运行 pid=1186157，详见 /home/yeqi3/cyr/code/LaBraM/log/auto_run.log
[2025-11-02 05:32:02] 启动 'TrainCVLauncher.py' | CUDA_VISIBLE_DEVICES='5,6,7' | LOG='/home/yeqi3/cyr/code/LaBraM/log/auto_run.log'
[2025-11-02 05:32:02] 已后台运行 pid=1194989，详见 /home/yeqi3/cyr/code/LaBraM/log/auto_run.log
[2025-11-02 05:33:01] 启动 'TrainCVLauncher.py' | CUDA_VISIBLE_DEVICES='5,6,7' | LOG='/home/yeqi3/cyr/code/LaBraM/log/auto_run.log'
[2025-11-02 05:33:01] 已后台运行 pid=1203707，详见 /home/yeqi3/cyr/code/LaBraM/log/auto_run.log
[2025-11-02 05:34:02] 启动 'TrainCVLauncher.py' | CUDA_VISIBLE_DEVICES='5,6,7' | LOG='/home/yeqi3/cyr/code/LaBraM/log/auto_run.log'
[2025-11-02 05:34:02] 已后台运行 pid=1212258，详见 /home/yeqi3/cyr/code/LaBraM/log/auto_run.log
[2025-11-02 05:35:01] 启动 'TrainCVLauncher.py' | CUDA_VISIBLE_DEVICES='5,6,7' | LOG='/home/yeqi3/cyr/code/LaBraM/log/auto_run.log'
[2025-11-02 05:35:01] 已后台运行 pid=1221009，详见 /home/yeqi3/cyr/code/LaBraM/log/auto_run.log
[2025-11-02 05:36:01] 启动 'TrainCVLauncher.py' | CUDA_VISIBLE_DEVICES='5,6,7' | LOG='/home/yeqi3/cyr/code/LaBraM/log/auto_run.log'
[2025-11-02 05:36:01] 已后台运行 pid=1229806，详见 /home/yeqi3/cyr/code/LaBraM/log/auto_run.log
[2025-11-02 05:37:02] 启动 'TrainCVLauncher.py' | CUDA_VISIBLE_DEVICES='5,6,7' | LOG='/home/yeqi3/cyr/code/LaBraM/log/auto_run.log'
[2025-11-02 05:37:02] 已后台运行 pid=1238614，详见 /home/yeqi3/cyr/code/LaBraM/log/auto_run.log
[2025-11-02 05:38:01] 启动 'TrainCVLauncher.py' | CUDA_VISIBLE_DEVICES='5,6,7' | LOG='/home/yeqi3/cyr/code/LaBraM/log/auto_run.log'
[2025-11-02 05:38:01] 已后台运行 pid=1247349，详见 /home/yeqi3/cyr/code/LaBraM/log/auto_run.log
[2025-11-02 05:39:02] 启动 'TrainCVLauncher.py' | CUDA_VISIBLE_DEVICES='5,6,7' | LOG='/home/yeqi3/cyr/code/LaBraM/log/auto_run.log'
[2025-11-02 05:39:02] 已后台运行 pid=1256354，详见 /home/yeqi3/cyr/code/LaBraM/log/auto_run.log
[2025-11-02 05:40:01] 启动 'TrainCVLauncher.py' | CUDA_VISIBLE_DEVICES='5,6,7' | LOG='/home/yeqi3/cyr/code/LaBraM/log/auto_run.log'
[2025-11-02 05:40:01] 已后台运行 pid=1265170，详见 /home/yeqi3/cyr/code/LaBraM/log/auto_run.log
[2025-11-02 05:41:01] 启动 'TrainCVLauncher.py' | CUDA_VISIBLE_DEVICES='5,6,7' | LOG='/home/yeqi3/cyr/code/LaBraM/log/auto_run.log'
[2025-11-02 05:41:01] 已后台运行 pid=1274142，详见 /home/yeqi3/cyr/code/LaBraM/log/auto_run.log
[2025-11-02 05:42:02] 启动 'TrainCVLauncher.py' | CUDA_VISIBLE_DEVICES='5,6,7' | LOG='/home/yeqi3/cyr/code/LaBraM/log/auto_run.log'
[2025-11-02 05:42:02] 已后台运行 pid=1282936，详见 /home/yeqi3/cyr/code/LaBraM/log/auto_run.log
[2025-11-02 05:43:01] 启动 'TrainCVLauncher.py' | CUDA_VISIBLE_DEVICES='5,6,7' | LOG='/home/yeqi3/cyr/code/LaBraM/log/auto_run.log'
[2025-11-02 05:43:01] 已后台运行 pid=1291628，详见 /home/yeqi3/cyr/code/LaBraM/log/auto_run.log
[2025-11-02 05:44:01] 启动 'TrainCVLauncher.py' | CUDA_VISIBLE_DEVICES='5,6,7' | LOG='/home/yeqi3/cyr/code/LaBraM/log/auto_run.log'
[2025-11-02 05:44:01] 已后台运行 pid=1300432，详见 /home/yeqi3/cyr/code/LaBraM/log/auto_run.log
[2025-11-02 05:45:02] 启动 'TrainCVLauncher.py' | CUDA_VISIBLE_DEVICES='5,6,7' | LOG='/home/yeqi3/cyr/code/LaBraM/log/auto_run.log'
[2025-11-02 05:45:02] 已后台运行 pid=1309260，详见 /home/yeqi3/cyr/code/LaBraM/log/auto_run.log
[2025-11-02 05:46:01] 启动 'TrainCVLauncher.py' | CUDA_VISIBLE_DEVICES='5,6,7' | LOG='/home/yeqi3/cyr/code/LaBraM/log/auto_run.log'
[2025-11-02 05:46:01] 已后台运行 pid=1317710，详见 /home/yeqi3/cyr/code/LaBraM/log/auto_run.log
[2025-11-02 05:47:02] 启动 'TrainCVLauncher.py' | CUDA_VISIBLE_DEVICES='5,6,7' | LOG='/home/yeqi3/cyr/code/LaBraM/log/auto_run.log'
[2025-11-02 05:47:02] 已后台运行 pid=1326587，详见 /home/yeqi3/cyr/code/LaBraM/log/auto_run.log
[2025-11-02 05:48:01] 启动 'TrainCVLauncher.py' | CUDA_VISIBLE_DEVICES='5,6,7' | LOG='/home/yeqi3/cyr/code/LaBraM/log/auto_run.log'
[2025-11-02 05:48:01] 已后台运行 pid=1335312，详见 /home/yeqi3/cyr/code/LaBraM/log/auto_run.log
[2025-11-02 05:49:01] 启动 'TrainCVLauncher.py' | CUDA_VISIBLE_DEVICES='5,6,7' | LOG='/home/yeqi3/cyr/code/LaBraM/log/auto_run.log'
[2025-11-02 05:49:01] 已后台运行 pid=1344395，详见 /home/yeqi3/cyr/code/LaBraM/log/auto_run.log
[2025-11-02 05:50:02] 启动 'TrainCVLauncher.py' | CUDA_VISIBLE_DEVICES='5,6,7' | LOG='/home/yeqi3/cyr/code/LaBraM/log/auto_run.log'
[2025-11-02 05:50:02] 已后台运行 pid=1353303，详见 /home/yeqi3/cyr/code/LaBraM/log/auto_run.log
[2025-11-02 05:51:01] 启动 'TrainCVLauncher.py' | CUDA_VISIBLE_DEVICES='5,6,7' | LOG='/home/yeqi3/cyr/code/LaBraM/log/auto_run.log'
[2025-11-02 05:51:01] 已后台运行 pid=1362076，详见 /home/yeqi3/cyr/code/LaBraM/log/auto_run.log
[2025-11-02 05:52:02] 启动 'TrainCVLauncher.py' | CUDA_VISIBLE_DEVICES='5,6,7' | LOG='/home/yeqi3/cyr/code/LaBraM/log/auto_run.log'
[2025-11-02 05:52:02] 已后台运行 pid=1370883，详见 /home/yeqi3/cyr/code/LaBraM/log/auto_run.log
[2025-11-02 05:53:01] 启动 'TrainCVLauncher.py' | CUDA_VISIBLE_DEVICES='5,6,7' | LOG='/home/yeqi3/cyr/code/LaBraM/log/auto_run.log'
[2025-11-02 05:53:01] 已后台运行 pid=1379597，详见 /home/yeqi3/cyr/code/LaBraM/log/auto_run.log
[2025-11-02 05:54:01] 启动 'TrainCVLauncher.py' | CUDA_VISIBLE_DEVICES='5,6,7' | LOG='/home/yeqi3/cyr/code/LaBraM/log/auto_run.log'
[2025-11-02 05:54:01] 已后台运行 pid=1388350，详见 /home/yeqi3/cyr/code/LaBraM/log/auto_run.log
[2025-11-02 05:55:02] 启动 'TrainCVLauncher.py' | CUDA_VISIBLE_DEVICES='5,6,7' | LOG='/home/yeqi3/cyr/code/LaBraM/log/auto_run.log'
[2025-11-02 05:55:02] 已后台运行 pid=1397237，详见 /home/yeqi3/cyr/code/LaBraM/log/auto_run.log
[2025-11-02 05:56:01] 启动 'TrainCVLauncher.py' | CUDA_VISIBLE_DEVICES='5,6,7' | LOG='/home/yeqi3/cyr/code/LaBraM/log/auto_run.log'
[2025-11-02 05:56:01] 已后台运行 pid=1406015，详见 /home/yeqi3/cyr/code/LaBraM/log/auto_run.log
[2025-11-02 05:57:02] 启动 'TrainCVLauncher.py' | CUDA_VISIBLE_DEVICES='5,6,7' | LOG='/home/yeqi3/cyr/code/LaBraM/log/auto_run.log'
[2025-11-02 05:57:02] 已后台运行 pid=1414828，详见 /home/yeqi3/cyr/code/LaBraM/log/auto_run.log
[2025-11-02 05:58:01] 启动 'TrainCVLauncher.py' | CUDA_VISIBLE_DEVICES='5,6,7' | LOG='/home/yeqi3/cyr/code/LaBraM/log/auto_run.log'
[2025-11-02 05:58:01] 已后台运行 pid=1423230，详见 /home/yeqi3/cyr/code/LaBraM/log/auto_run.log
[2025-11-02 05:59:02] 启动 'TrainCVLauncher.py' | CUDA_VISIBLE_DEVICES='5,6,7' | LOG='/home/yeqi3/cyr/code/LaBraM/log/auto_run.log'
[2025-11-02 05:59:02] 已后台运行 pid=1432348，详见 /home/yeqi3/cyr/code/LaBraM/log/auto_run.log
[2025-11-02 06:00:01] 启动 'TrainCVLauncher.py' | CUDA_VISIBLE_DEVICES='5,6,7' | LOG='/home/yeqi3/cyr/code/LaBraM/log/auto_run.log'
[2025-11-02 06:00:01] 已后台运行 pid=1441241，详见 /home/yeqi3/cyr/code/LaBraM/log/auto_run.log
[2025-11-02 06:01:02] 启动 'TrainCVLauncher.py' | CUDA_VISIBLE_DEVICES='5,6,7' | LOG='/home/yeqi3/cyr/code/LaBraM/log/auto_run.log'
[2025-11-02 06:01:02] 已后台运行 pid=1450401，详见 /home/yeqi3/cyr/code/LaBraM/log/auto_run.log
[2025-11-02 06:02:01] 启动 'TrainCVLauncher.py' | CUDA_VISIBLE_DEVICES='5,6,7' | LOG='/home/yeqi3/cyr/code/LaBraM/log/auto_run.log'
[2025-11-02 06:02:01] 已后台运行 pid=1459163，详见 /home/yeqi3/cyr/code/LaBraM/log/auto_run.log
[2025-11-02 06:03:02] 启动 'TrainCVLauncher.py' | CUDA_VISIBLE_DEVICES='5,6,7' | LOG='/home/yeqi3/cyr/code/LaBraM/log/auto_run.log'
[2025-11-02 06:03:02] 已后台运行 pid=1468135，详见 /home/yeqi3/cyr/code/LaBraM/log/auto_run.log
[2025-11-02 06:04:01] 启动 'TrainCVLauncher.py' | CUDA_VISIBLE_DEVICES='5,6,7' | LOG='/home/yeqi3/cyr/code/LaBraM/log/auto_run.log'
[2025-11-02 06:04:01] 已后台运行 pid=1476882，详见 /home/yeqi3/cyr/code/LaBraM/log/auto_run.log
[2025-11-02 06:05:01] 启动 'TrainCVLauncher.py' | CUDA_VISIBLE_DEVICES='5,6,7' | LOG='/home/yeqi3/cyr/code/LaBraM/log/auto_run.log'
[2025-11-02 06:05:01] 已后台运行 pid=1485645，详见 /home/yeqi3/cyr/code/LaBraM/log/auto_run.log
[2025-11-02 06:06:02] 启动 'TrainCVLauncher.py' | CUDA_VISIBLE_DEVICES='5,6,7' | LOG='/home/yeqi3/cyr/code/LaBraM/log/auto_run.log'
[2025-11-02 06:06:02] 已后台运行 pid=1494605，详见 /home/yeqi3/cyr/code/LaBraM/log/auto_run.log
[2025-11-02 06:07:01] 启动 'TrainCVLauncher.py' | CUDA_VISIBLE_DEVICES='5,6,7' | LOG='/home/yeqi3/cyr/code/LaBraM/log/auto_run.log'
[2025-11-02 06:07:01] 已后台运行 pid=1503351，详见 /home/yeqi3/cyr/code/LaBraM/log/auto_run.log
[2025-11-02 06:08:02] 启动 'TrainCVLauncher.py' | CUDA_VISIBLE_DEVICES='5,6,7' | LOG='/home/yeqi3/cyr/code/LaBraM/log/auto_run.log'
[2025-11-02 06:08:02] 已后台运行 pid=1512427，详见 /home/yeqi3/cyr/code/LaBraM/log/auto_run.log
[2025-11-02 06:09:01] 启动 'TrainCVLauncher.py' | CUDA_VISIBLE_DEVICES='5,6,7' | LOG='/home/yeqi3/cyr/code/LaBraM/log/auto_run.log'
[2025-11-02 06:09:01] 已后台运行 pid=1521146，详见 /home/yeqi3/cyr/code/LaBraM/log/auto_run.log
[2025-11-02 06:10:01] 启动 'TrainCVLauncher.py' | CUDA_VISIBLE_DEVICES='5,6,7' | LOG='/home/yeqi3/cyr/code/LaBraM/log/auto_run.log'
[2025-11-02 06:10:01] 已后台运行 pid=1530092，详见 /home/yeqi3/cyr/code/LaBraM/log/auto_run.log
[2025-11-02 06:11:01] 启动 'TrainCVLauncher.py' | CUDA_VISIBLE_DEVICES='5,6,7' | LOG='/home/yeqi3/cyr/code/LaBraM/log/auto_run.log'
[2025-11-02 06:11:01] 已后台运行 pid=1539204，详见 /home/yeqi3/cyr/code/LaBraM/log/auto_run.log
[2025-11-02 06:12:02] 启动 'TrainCVLauncher.py' | CUDA_VISIBLE_DEVICES='5,6,7' | LOG='/home/yeqi3/cyr/code/LaBraM/log/auto_run.log'
[2025-11-02 06:12:02] 已后台运行 pid=1548182，详见 /home/yeqi3/cyr/code/LaBraM/log/auto_run.log
[2025-11-02 06:13:01] 启动 'TrainCVLauncher.py' | CUDA_VISIBLE_DEVICES='5,6,7' | LOG='/home/yeqi3/cyr/code/LaBraM/log/auto_run.log'
[2025-11-02 06:13:01] 已后台运行 pid=1556929，详见 /home/yeqi3/cyr/code/LaBraM/log/auto_run.log
[2025-11-02 06:14:02] 启动 'TrainCVLauncher.py' | CUDA_VISIBLE_DEVICES='5,6,7' | LOG='/home/yeqi3/cyr/code/LaBraM/log/auto_run.log'
[2025-11-02 06:14:02] 已后台运行 pid=1565895，详见 /home/yeqi3/cyr/code/LaBraM/log/auto_run.log
[2025-11-02 06:15:01] 启动 'TrainCVLauncher.py' | CUDA_VISIBLE_DEVICES='5,6,7' | LOG='/home/yeqi3/cyr/code/LaBraM/log/auto_run.log'
[2025-11-02 06:15:01] 已后台运行 pid=1574780，详见 /home/yeqi3/cyr/code/LaBraM/log/auto_run.log
[2025-11-02 06:16:01] 启动 'TrainCVLauncher.py' | CUDA_VISIBLE_DEVICES='5,6,7' | LOG='/home/yeqi3/cyr/code/LaBraM/log/auto_run.log'
[2025-11-02 06:16:01] 已后台运行 pid=1583695，详见 /home/yeqi3/cyr/code/LaBraM/log/auto_run.log
[2025-11-02 06:17:02] 启动 'TrainCVLauncher.py' | CUDA_VISIBLE_DEVICES='5,6,7' | LOG='/home/yeqi3/cyr/code/LaBraM/log/auto_run.log'
[2025-11-02 06:17:02] 已后台运行 pid=1592575，详见 /home/yeqi3/cyr/code/LaBraM/log/auto_run.log
[2025-11-02 06:18:01] 启动 'TrainCVLauncher.py' | CUDA_VISIBLE_DEVICES='5,6,7' | LOG='/home/yeqi3/cyr/code/LaBraM/log/auto_run.log'
[2025-11-02 06:18:01] 已后台运行 pid=1601316，详见 /home/yeqi3/cyr/code/LaBraM/log/auto_run.log
[2025-11-02 06:19:02] 启动 'TrainCVLauncher.py' | CUDA_VISIBLE_DEVICES='5,6,7' | LOG='/home/yeqi3/cyr/code/LaBraM/log/auto_run.log'
[2025-11-02 06:19:02] 已后台运行 pid=1610099，详见 /home/yeqi3/cyr/code/LaBraM/log/auto_run.log
[2025-11-02 06:20:01] 启动 'TrainCVLauncher.py' | CUDA_VISIBLE_DEVICES='5,6,7' | LOG='/home/yeqi3/cyr/code/LaBraM/log/auto_run.log'
[2025-11-02 06:20:01] 已后台运行 pid=1619040，详见 /home/yeqi3/cyr/code/LaBraM/log/auto_run.log
[2025-11-02 06:21:01] 启动 'TrainCVLauncher.py' | CUDA_VISIBLE_DEVICES='5,6,7' | LOG='/home/yeqi3/cyr/code/LaBraM/log/auto_run.log'
[2025-11-02 06:21:01] 已后台运行 pid=1628077，详见 /home/yeqi3/cyr/code/LaBraM/log/auto_run.log
[2025-11-02 06:22:02] 启动 'TrainCVLauncher.py' | CUDA_VISIBLE_DEVICES='5,6,7' | LOG='/home/yeqi3/cyr/code/LaBraM/log/auto_run.log'
[2025-11-02 06:22:02] 已后台运行 pid=1636990，详见 /home/yeqi3/cyr/code/LaBraM/log/auto_run.log
[2025-11-02 06:23:01] 启动 'TrainCVLauncher.py' | CUDA_VISIBLE_DEVICES='5,6,7' | LOG='/home/yeqi3/cyr/code/LaBraM/log/auto_run.log'
[2025-11-02 06:23:01] 已后台运行 pid=1645685，详见 /home/yeqi3/cyr/code/LaBraM/log/auto_run.log
[2025-11-02 06:24:01] 启动 'TrainCVLauncher.py' | CUDA_VISIBLE_DEVICES='5,6,7' | LOG='/home/yeqi3/cyr/code/LaBraM/log/auto_run.log'
[2025-11-02 06:24:01] 已后台运行 pid=1654614，详见 /home/yeqi3/cyr/code/LaBraM/log/auto_run.log
[2025-11-02 06:25:02] 启动 'TrainCVLauncher.py' | CUDA_VISIBLE_DEVICES='5,6,7' | LOG='/home/yeqi3/cyr/code/LaBraM/log/auto_run.log'
[2025-11-02 06:25:02] 已后台运行 pid=1663513，详见 /home/yeqi3/cyr/code/LaBraM/log/auto_run.log
[2025-11-02 06:26:01] 启动 'TrainCVLauncher.py' | CUDA_VISIBLE_DEVICES='5,6,7' | LOG='/home/yeqi3/cyr/code/LaBraM/log/auto_run.log'
[2025-11-02 06:26:01] 已后台运行 pid=1672201，详见 /home/yeqi3/cyr/code/LaBraM/log/auto_run.log
[2025-11-02 06:27:02] 启动 'TrainCVLauncher.py' | CUDA_VISIBLE_DEVICES='5,6,7' | LOG='/home/yeqi3/cyr/code/LaBraM/log/auto_run.log'
[2025-11-02 06:27:02] 已后台运行 pid=1680973，详见 /home/yeqi3/cyr/code/LaBraM/log/auto_run.log
[2025-11-02 06:28:01] 启动 'TrainCVLauncher.py' | CUDA_VISIBLE_DEVICES='5,6,7' | LOG='/home/yeqi3/cyr/code/LaBraM/log/auto_run.log'
[2025-11-02 06:28:01] 已后台运行 pid=1689726，详见 /home/yeqi3/cyr/code/LaBraM/log/auto_run.log
[2025-11-02 06:29:01] 启动 'TrainCVLauncher.py' | CUDA_VISIBLE_DEVICES='5,6,7' | LOG='/home/yeqi3/cyr/code/LaBraM/log/auto_run.log'
[2025-11-02 06:29:01] 已后台运行 pid=1698734，详见 /home/yeqi3/cyr/code/LaBraM/log/auto_run.log
[2025-11-02 06:30:02] 启动 'TrainCVLauncher.py' | CUDA_VISIBLE_DEVICES='5,6,7' | LOG='/home/yeqi3/cyr/code/LaBraM/log/auto_run.log'
[2025-11-02 06:30:02] 已后台运行 pid=1707806，详见 /home/yeqi3/cyr/code/LaBraM/log/auto_run.log
[2025-11-02 06:31:01] 启动 'TrainCVLauncher.py' | CUDA_VISIBLE_DEVICES='5,6,7' | LOG='/home/yeqi3/cyr/code/LaBraM/log/auto_run.log'
[2025-11-02 06:31:01] 已后台运行 pid=1716930，详见 /home/yeqi3/cyr/code/LaBraM/log/auto_run.log
[2025-11-02 06:32:02] 启动 'TrainCVLauncher.py' | CUDA_VISIBLE_DEVICES='5,6,7' | LOG='/home/yeqi3/cyr/code/LaBraM/log/auto_run.log'
[2025-11-02 06:32:02] 已后台运行 pid=1725872，详见 /home/yeqi3/cyr/code/LaBraM/log/auto_run.log
[2025-11-02 06:33:01] 启动 'TrainCVLauncher.py' | CUDA_VISIBLE_DEVICES='5,6,7' | LOG='/home/yeqi3/cyr/code/LaBraM/log/auto_run.log'
[2025-11-02 06:33:01] 已后台运行 pid=1734749，详见 /home/yeqi3/cyr/code/LaBraM/log/auto_run.log
[2025-11-02 06:34:02] 启动 'TrainCVLauncher.py' | CUDA_VISIBLE_DEVICES='5,6,7' | LOG='/home/yeqi3/cyr/code/LaBraM/log/auto_run.log'
[2025-11-02 06:34:02] 已后台运行 pid=1743534，详见 /home/yeqi3/cyr/code/LaBraM/log/auto_run.log
[2025-11-02 06:35:01] 启动 'TrainCVLauncher.py' | CUDA_VISIBLE_DEVICES='5,6,7' | LOG='/home/yeqi3/cyr/code/LaBraM/log/auto_run.log'
[2025-11-02 06:35:01] 已后台运行 pid=1752420，详见 /home/yeqi3/cyr/code/LaBraM/log/auto_run.log
[2025-11-02 06:36:01] 启动 'TrainCVLauncher.py' | CUDA_VISIBLE_DEVICES='5,6,7' | LOG='/home/yeqi3/cyr/code/LaBraM/log/auto_run.log'
[2025-11-02 06:36:01] 已后台运行 pid=1761137，详见 /home/yeqi3/cyr/code/LaBraM/log/auto_run.log
[2025-11-02 06:37:02] 启动 'TrainCVLauncher.py' | CUDA_VISIBLE_DEVICES='5,6,7' | LOG='/home/yeqi3/cyr/code/LaBraM/log/auto_run.log'
[2025-11-02 06:37:02] 已后台运行 pid=1770218，详见 /home/yeqi3/cyr/code/LaBraM/log/auto_run.log
[2025-11-02 06:38:01] 启动 'TrainCVLauncher.py' | CUDA_VISIBLE_DEVICES='5,6,7' | LOG='/home/yeqi3/cyr/code/LaBraM/log/auto_run.log'
[2025-11-02 06:38:01] 已后台运行 pid=1779187，详见 /home/yeqi3/cyr/code/LaBraM/log/auto_run.log
[2025-11-02 06:39:02] 启动 'TrainCVLauncher.py' | CUDA_VISIBLE_DEVICES='5,6,7' | LOG='/home/yeqi3/cyr/code/LaBraM/log/auto_run.log'
[2025-11-02 06:39:02] 已后台运行 pid=1788249，详见 /home/yeqi3/cyr/code/LaBraM/log/auto_run.log
[2025-11-02 06:40:01] 启动 'TrainCVLauncher.py' | CUDA_VISIBLE_DEVICES='5,6,7' | LOG='/home/yeqi3/cyr/code/LaBraM/log/auto_run.log'
[2025-11-02 06:40:01] 已后台运行 pid=1797415，详见 /home/yeqi3/cyr/code/LaBraM/log/auto_run.log
[2025-11-02 06:41:01] 启动 'TrainCVLauncher.py' | CUDA_VISIBLE_DEVICES='5,6,7' | LOG='/home/yeqi3/cyr/code/LaBraM/log/auto_run.log'
[2025-11-02 06:41:01] 已后台运行 pid=1806694，详见 /home/yeqi3/cyr/code/LaBraM/log/auto_run.log
[2025-11-02 06:42:01] 启动 'TrainCVLauncher.py' | CUDA_VISIBLE_DEVICES='5,6,7' | LOG='/home/yeqi3/cyr/code/LaBraM/log/auto_run.log'
[2025-11-02 06:42:01] 已后台运行 pid=1815674，详见 /home/yeqi3/cyr/code/LaBraM/log/auto_run.log
[2025-11-02 06:43:02] 启动 'TrainCVLauncher.py' | CUDA_VISIBLE_DEVICES='5,6,7' | LOG='/home/yeqi3/cyr/code/LaBraM/log/auto_run.log'
[2025-11-02 06:43:02] 已后台运行 pid=1824999，详见 /home/yeqi3/cyr/code/LaBraM/log/auto_run.log
[2025-11-02 06:44:01] 启动 'TrainCVLauncher.py' | CUDA_VISIBLE_DEVICES='5,6,7' | LOG='/home/yeqi3/cyr/code/LaBraM/log/auto_run.log'
[2025-11-02 06:44:01] 已后台运行 pid=1834086，详见 /home/yeqi3/cyr/code/LaBraM/log/auto_run.log
[2025-11-02 06:45:02] 启动 'TrainCVLauncher.py' | CUDA_VISIBLE_DEVICES='5,6,7' | LOG='/home/yeqi3/cyr/code/LaBraM/log/auto_run.log'
[2025-11-02 06:45:02] 已后台运行 pid=1843194，详见 /home/yeqi3/cyr/code/LaBraM/log/auto_run.log
[2025-11-02 06:46:01] 启动 'TrainCVLauncher.py' | CUDA_VISIBLE_DEVICES='5,6,7' | LOG='/home/yeqi3/cyr/code/LaBraM/log/auto_run.log'
[2025-11-02 06:46:01] 已后台运行 pid=1851918，详见 /home/yeqi3/cyr/code/LaBraM/log/auto_run.log
[2025-11-02 06:47:01] 启动 'TrainCVLauncher.py' | CUDA_VISIBLE_DEVICES='5,6,7' | LOG='/home/yeqi3/cyr/code/LaBraM/log/auto_run.log'
[2025-11-02 06:47:01] 已后台运行 pid=1860898，详见 /home/yeqi3/cyr/code/LaBraM/log/auto_run.log
[2025-11-02 06:48:02] 启动 'TrainCVLauncher.py' | CUDA_VISIBLE_DEVICES='5,6,7' | LOG='/home/yeqi3/cyr/code/LaBraM/log/auto_run.log'
[2025-11-02 06:48:02] 已后台运行 pid=1870179，详见 /home/yeqi3/cyr/code/LaBraM/log/auto_run.log
[2025-11-02 06:49:01] 启动 'TrainCVLauncher.py' | CUDA_VISIBLE_DEVICES='5,6,7' | LOG='/home/yeqi3/cyr/code/LaBraM/log/auto_run.log'
[2025-11-02 06:49:01] 已后台运行 pid=1879167，详见 /home/yeqi3/cyr/code/LaBraM/log/auto_run.log
[2025-11-02 06:50:02] 启动 'TrainCVLauncher.py' | CUDA_VISIBLE_DEVICES='5,6,7' | LOG='/home/yeqi3/cyr/code/LaBraM/log/auto_run.log'
[2025-11-02 06:50:02] 已后台运行 pid=1888250，详见 /home/yeqi3/cyr/code/LaBraM/log/auto_run.log
[2025-11-02 06:51:01] 启动 'TrainCVLauncher.py' | CUDA_VISIBLE_DEVICES='5,6,7' | LOG='/home/yeqi3/cyr/code/LaBraM/log/auto_run.log'
[2025-11-02 06:51:01] 已后台运行 pid=1897450，详见 /home/yeqi3/cyr/code/LaBraM/log/auto_run.log
[2025-11-02 06:52:02] 启动 'TrainCVLauncher.py' | CUDA_VISIBLE_DEVICES='5,6,7' | LOG='/home/yeqi3/cyr/code/LaBraM/log/auto_run.log'
[2025-11-02 06:52:02] 已后台运行 pid=1906396，详见 /home/yeqi3/cyr/code/LaBraM/log/auto_run.log
[2025-11-02 06:53:01] 启动 'TrainCVLauncher.py' | CUDA_VISIBLE_DEVICES='5,6,7' | LOG='/home/yeqi3/cyr/code/LaBraM/log/auto_run.log'
[2025-11-02 06:53:01] 已后台运行 pid=1915559，详见 /home/yeqi3/cyr/code/LaBraM/log/auto_run.log
[2025-11-02 06:54:01] 启动 'TrainCVLauncher.py' | CUDA_VISIBLE_DEVICES='5,6,7' | LOG='/home/yeqi3/cyr/code/LaBraM/log/auto_run.log'
[2025-11-02 06:54:01] 已后台运行 pid=1924382，详见 /home/yeqi3/cyr/code/LaBraM/log/auto_run.log
[2025-11-02 06:55:02] 启动 'TrainCVLauncher.py' | CUDA_VISIBLE_DEVICES='5,6,7' | LOG='/home/yeqi3/cyr/code/LaBraM/log/auto_run.log'
[2025-11-02 06:55:02] 已后台运行 pid=1933817，详见 /home/yeqi3/cyr/code/LaBraM/log/auto_run.log
[2025-11-02 06:56:01] 启动 'TrainCVLauncher.py' | CUDA_VISIBLE_DEVICES='5,6,7' | LOG='/home/yeqi3/cyr/code/LaBraM/log/auto_run.log'
[2025-11-02 06:56:01] 已后台运行 pid=1942996，详见 /home/yeqi3/cyr/code/LaBraM/log/auto_run.log
[2025-11-02 06:57:02] 启动 'TrainCVLauncher.py' | CUDA_VISIBLE_DEVICES='5,6,7' | LOG='/home/yeqi3/cyr/code/LaBraM/log/auto_run.log'
[2025-11-02 06:57:02] 已后台运行 pid=1952167，详见 /home/yeqi3/cyr/code/LaBraM/log/auto_run.log
[2025-11-02 06:58:01] 启动 'TrainCVLauncher.py' | CUDA_VISIBLE_DEVICES='5,6,7' | LOG='/home/yeqi3/cyr/code/LaBraM/log/auto_run.log'
[2025-11-02 06:58:01] 已后台运行 pid=1961112，详见 /home/yeqi3/cyr/code/LaBraM/log/auto_run.log
[2025-11-02 06:59:01] 启动 'TrainCVLauncher.py' | CUDA_VISIBLE_DEVICES='5,6,7' | LOG='/home/yeqi3/cyr/code/LaBraM/log/auto_run.log'
[2025-11-02 06:59:01] 已后台运行 pid=1970752，详见 /home/yeqi3/cyr/code/LaBraM/log/auto_run.log
[2025-11-02 07:00:02] 启动 'TrainCVLauncher.py' | CUDA_VISIBLE_DEVICES='5,6,7' | LOG='/home/yeqi3/cyr/code/LaBraM/log/auto_run.log'
[2025-11-02 07:00:02] 已后台运行 pid=1980045，详见 /home/yeqi3/cyr/code/LaBraM/log/auto_run.log
[2025-11-02 07:01:01] 启动 'TrainCVLauncher.py' | CUDA_VISIBLE_DEVICES='5,6,7' | LOG='/home/yeqi3/cyr/code/LaBraM/log/auto_run.log'
[2025-11-02 07:01:01] 已后台运行 pid=1989278，详见 /home/yeqi3/cyr/code/LaBraM/log/auto_run.log
[2025-11-02 07:02:02] 启动 'TrainCVLauncher.py' | CUDA_VISIBLE_DEVICES='5,6,7' | LOG='/home/yeqi3/cyr/code/LaBraM/log/auto_run.log'
[2025-11-02 07:02:02] 已后台运行 pid=1998451，详见 /home/yeqi3/cyr/code/LaBraM/log/auto_run.log
[2025-11-02 07:03:01] 启动 'TrainCVLauncher.py' | CUDA_VISIBLE_DEVICES='5,6,7' | LOG='/home/yeqi3/cyr/code/LaBraM/log/auto_run.log'
[2025-11-02 07:03:01] 已后台运行 pid=2007344，详见 /home/yeqi3/cyr/code/LaBraM/log/auto_run.log
[2025-11-02 07:04:01] 启动 'TrainCVLauncher.py' | CUDA_VISIBLE_DEVICES='5,6,7' | LOG='/home/yeqi3/cyr/code/LaBraM/log/auto_run.log'
[2025-11-02 07:04:01] 已后台运行 pid=2016376，详见 /home/yeqi3/cyr/code/LaBraM/log/auto_run.log
[2025-11-02 07:05:02] 启动 'TrainCVLauncher.py' | CUDA_VISIBLE_DEVICES='5,6,7' | LOG='/home/yeqi3/cyr/code/LaBraM/log/auto_run.log'
[2025-11-02 07:05:02] 已后台运行 pid=2025737，详见 /home/yeqi3/cyr/code/LaBraM/log/auto_run.log
[2025-11-02 07:06:01] 启动 'TrainCVLauncher.py' | CUDA_VISIBLE_DEVICES='5,6,7' | LOG='/home/yeqi3/cyr/code/LaBraM/log/auto_run.log'
[2025-11-02 07:06:01] 已后台运行 pid=2034751，详见 /home/yeqi3/cyr/code/LaBraM/log/auto_run.log
[2025-11-02 07:07:02] 启动 'TrainCVLauncher.py' | CUDA_VISIBLE_DEVICES='5,6,7' | LOG='/home/yeqi3/cyr/code/LaBraM/log/auto_run.log'
[2025-11-02 07:07:02] 已后台运行 pid=2043820，详见 /home/yeqi3/cyr/code/LaBraM/log/auto_run.log
[2025-11-02 07:08:01] 启动 'TrainCVLauncher.py' | CUDA_VISIBLE_DEVICES='5,6,7' | LOG='/home/yeqi3/cyr/code/LaBraM/log/auto_run.log'
[2025-11-02 07:08:01] 已后台运行 pid=2052839，详见 /home/yeqi3/cyr/code/LaBraM/log/auto_run.log
[2025-11-02 07:09:01] 启动 'TrainCVLauncher.py' | CUDA_VISIBLE_DEVICES='5,6,7' | LOG='/home/yeqi3/cyr/code/LaBraM/log/auto_run.log'
[2025-11-02 07:09:01] 已后台运行 pid=2061892，详见 /home/yeqi3/cyr/code/LaBraM/log/auto_run.log
[2025-11-02 07:10:02] 启动 'TrainCVLauncher.py' | CUDA_VISIBLE_DEVICES='5,6,7' | LOG='/home/yeqi3/cyr/code/LaBraM/log/auto_run.log'
[2025-11-02 07:10:02] 已后台运行 pid=2071288，详见 /home/yeqi3/cyr/code/LaBraM/log/auto_run.log
[2025-11-02 07:11:02] 启动 'TrainCVLauncher.py' | CUDA_VISIBLE_DEVICES='5,6,7' | LOG='/home/yeqi3/cyr/code/LaBraM/log/auto_run.log'
[2025-11-02 07:11:02] 已后台运行 pid=2080620，详见 /home/yeqi3/cyr/code/LaBraM/log/auto_run.log
[2025-11-02 07:12:01] 启动 'TrainCVLauncher.py' | CUDA_VISIBLE_DEVICES='5,6,7' | LOG='/home/yeqi3/cyr/code/LaBraM/log/auto_run.log'
[2025-11-02 07:12:01] 已后台运行 pid=2089560，详见 /home/yeqi3/cyr/code/LaBraM/log/auto_run.log
[2025-11-02 07:13:01] 启动 'TrainCVLauncher.py' | CUDA_VISIBLE_DEVICES='5,6,7' | LOG='/home/yeqi3/cyr/code/LaBraM/log/auto_run.log'
[2025-11-02 07:13:01] 已后台运行 pid=2098725，详见 /home/yeqi3/cyr/code/LaBraM/log/auto_run.log
[2025-11-02 07:14:02] 启动 'TrainCVLauncher.py' | CUDA_VISIBLE_DEVICES='5,6,7' | LOG='/home/yeqi3/cyr/code/LaBraM/log/auto_run.log'
[2025-11-02 07:14:02] 已后台运行 pid=2107815，详见 /home/yeqi3/cyr/code/LaBraM/log/auto_run.log
[2025-11-02 07:15:01] 启动 'TrainCVLauncher.py' | CUDA_VISIBLE_DEVICES='5,6,7' | LOG='/home/yeqi3/cyr/code/LaBraM/log/auto_run.log'
[2025-11-02 07:15:01] 已后台运行 pid=2116935，详见 /home/yeqi3/cyr/code/LaBraM/log/auto_run.log
[2025-11-02 07:16:02] 启动 'TrainCVLauncher.py' | CUDA_VISIBLE_DEVICES='5,6,7' | LOG='/home/yeqi3/cyr/code/LaBraM/log/auto_run.log'
[2025-11-02 07:16:02] 已后台运行 pid=2125902，详见 /home/yeqi3/cyr/code/LaBraM/log/auto_run.log
[2025-11-02 07:17:01] 启动 'TrainCVLauncher.py' | CUDA_VISIBLE_DEVICES='5,6,7' | LOG='/home/yeqi3/cyr/code/LaBraM/log/auto_run.log'
[2025-11-02 07:17:01] 已后台运行 pid=2134670，详见 /home/yeqi3/cyr/code/LaBraM/log/auto_run.log
[2025-11-02 07:18:01] 启动 'TrainCVLauncher.py' | CUDA_VISIBLE_DEVICES='5,6,7' | LOG='/home/yeqi3/cyr/code/LaBraM/log/auto_run.log'
[2025-11-02 07:18:01] 已后台运行 pid=2143675，详见 /home/yeqi3/cyr/code/LaBraM/log/auto_run.log
[2025-11-02 07:19:02] 启动 'TrainCVLauncher.py' | CUDA_VISIBLE_DEVICES='5,6,7' | LOG='/home/yeqi3/cyr/code/LaBraM/log/auto_run.log'
[2025-11-02 07:19:02] 已后台运行 pid=2152863，详见 /home/yeqi3/cyr/code/LaBraM/log/auto_run.log
[2025-11-02 07:20:01] 启动 'TrainCVLauncher.py' | CUDA_VISIBLE_DEVICES='5,6,7' | LOG='/home/yeqi3/cyr/code/LaBraM/log/auto_run.log'
[2025-11-02 07:20:01] 已后台运行 pid=2161882，详见 /home/yeqi3/cyr/code/LaBraM/log/auto_run.log
[2025-11-02 07:21:01] 启动 'TrainCVLauncher.py' | CUDA_VISIBLE_DEVICES='5,6,7' | LOG='/home/yeqi3/cyr/code/LaBraM/log/auto_run.log'
[2025-11-02 07:21:01] 已后台运行 pid=2170840，详见 /home/yeqi3/cyr/code/LaBraM/log/auto_run.log
[2025-11-02 07:22:02] 启动 'TrainCVLauncher.py' | CUDA_VISIBLE_DEVICES='5,6,7' | LOG='/home/yeqi3/cyr/code/LaBraM/log/auto_run.log'
[2025-11-02 07:22:02] 已后台运行 pid=2179739，详见 /home/yeqi3/cyr/code/LaBraM/log/auto_run.log
[2025-11-02 07:23:01] 启动 'TrainCVLauncher.py' | CUDA_VISIBLE_DEVICES='5,6,7' | LOG='/home/yeqi3/cyr/code/LaBraM/log/auto_run.log'
[2025-11-02 07:23:01] 已后台运行 pid=2188601，详见 /home/yeqi3/cyr/code/LaBraM/log/auto_run.log
[2025-11-02 07:24:02] 启动 'TrainCVLauncher.py' | CUDA_VISIBLE_DEVICES='5,6,7' | LOG='/home/yeqi3/cyr/code/LaBraM/log/auto_run.log'
[2025-11-02 07:24:02] 已后台运行 pid=2197301，详见 /home/yeqi3/cyr/code/LaBraM/log/auto_run.log
[2025-11-02 07:25:01] 启动 'TrainCVLauncher.py' | CUDA_VISIBLE_DEVICES='5,6,7' | LOG='/home/yeqi3/cyr/code/LaBraM/log/auto_run.log'
[2025-11-02 07:25:01] 已后台运行 pid=2206049，详见 /home/yeqi3/cyr/code/LaBraM/log/auto_run.log
[2025-11-02 07:26:01] 启动 'TrainCVLauncher.py' | CUDA_VISIBLE_DEVICES='5,6,7' | LOG='/home/yeqi3/cyr/code/LaBraM/log/auto_run.log'
[2025-11-02 07:26:01] 已后台运行 pid=2214910，详见 /home/yeqi3/cyr/code/LaBraM/log/auto_run.log
[2025-11-02 07:27:02] 启动 'TrainCVLauncher.py' | CUDA_VISIBLE_DEVICES='5,6,7' | LOG='/home/yeqi3/cyr/code/LaBraM/log/auto_run.log'
[2025-11-02 07:27:02] 已后台运行 pid=2223787，详见 /home/yeqi3/cyr/code/LaBraM/log/auto_run.log
[2025-11-02 07:28:01] 启动 'TrainCVLauncher.py' | CUDA_VISIBLE_DEVICES='5,6,7' | LOG='/home/yeqi3/cyr/code/LaBraM/log/auto_run.log'
[2025-11-02 07:28:01] 已后台运行 pid=2232479，详见 /home/yeqi3/cyr/code/LaBraM/log/auto_run.log
[2025-11-02 07:29:02] 启动 'TrainCVLauncher.py' | CUDA_VISIBLE_DEVICES='5,6,7' | LOG='/home/yeqi3/cyr/code/LaBraM/log/auto_run.log'
[2025-11-02 07:29:02] 已后台运行 pid=2241541，详见 /home/yeqi3/cyr/code/LaBraM/log/auto_run.log
[2025-11-02 07:30:01] 启动 'TrainCVLauncher.py' | CUDA_VISIBLE_DEVICES='5,6,7' | LOG='/home/yeqi3/cyr/code/LaBraM/log/auto_run.log'
[2025-11-02 07:30:01] 已后台运行 pid=2250557，详见 /home/yeqi3/cyr/code/LaBraM/log/auto_run.log
[2025-11-02 07:31:01] 启动 'TrainCVLauncher.py' | CUDA_VISIBLE_DEVICES='5,6,7' | LOG='/home/yeqi3/cyr/code/LaBraM/log/auto_run.log'
[2025-11-02 07:31:01] 已后台运行 pid=2259640，详见 /home/yeqi3/cyr/code/LaBraM/log/auto_run.log
[2025-11-02 07:32:02] 启动 'TrainCVLauncher.py' | CUDA_VISIBLE_DEVICES='5,6,7' | LOG='/home/yeqi3/cyr/code/LaBraM/log/auto_run.log'
[2025-11-02 07:32:02] 已后台运行 pid=2268450，详见 /home/yeqi3/cyr/code/LaBraM/log/auto_run.log
[2025-11-02 07:33:01] 启动 'TrainCVLauncher.py' | CUDA_VISIBLE_DEVICES='5,6,7' | LOG='/home/yeqi3/cyr/code/LaBraM/log/auto_run.log'
[2025-11-02 07:33:01] 已后台运行 pid=2277028，详见 /home/yeqi3/cyr/code/LaBraM/log/auto_run.log
[2025-11-02 07:34:02] 启动 'TrainCVLauncher.py' | CUDA_VISIBLE_DEVICES='5,6,7' | LOG='/home/yeqi3/cyr/code/LaBraM/log/auto_run.log'
[2025-11-02 07:34:02] 已后台运行 pid=2285758，详见 /home/yeqi3/cyr/code/LaBraM/log/auto_run.log
[2025-11-02 07:35:01] 启动 'TrainCVLauncher.py' | CUDA_VISIBLE_DEVICES='5,6,7' | LOG='/home/yeqi3/cyr/code/LaBraM/log/auto_run.log'
[2025-11-02 07:35:01] 已后台运行 pid=2294664，详见 /home/yeqi3/cyr/code/LaBraM/log/auto_run.log
[2025-11-02 07:36:01] 启动 'TrainCVLauncher.py' | CUDA_VISIBLE_DEVICES='5,6,7' | LOG='/home/yeqi3/cyr/code/LaBraM/log/auto_run.log'
[2025-11-02 07:36:01] 已后台运行 pid=2303305，详见 /home/yeqi3/cyr/code/LaBraM/log/auto_run.log
[2025-11-02 07:37:02] 启动 'TrainCVLauncher.py' | CUDA_VISIBLE_DEVICES='5,6,7' | LOG='/home/yeqi3/cyr/code/LaBraM/log/auto_run.log'
[2025-11-02 07:37:02] 已后台运行 pid=2312126，详见 /home/yeqi3/cyr/code/LaBraM/log/auto_run.log
[2025-11-02 07:38:01] 启动 'TrainCVLauncher.py' | CUDA_VISIBLE_DEVICES='5,6,7' | LOG='/home/yeqi3/cyr/code/LaBraM/log/auto_run.log'
[2025-11-02 07:38:01] 已后台运行 pid=2320857，详见 /home/yeqi3/cyr/code/LaBraM/log/auto_run.log
[2025-11-02 07:39:02] 启动 'TrainCVLauncher.py' | CUDA_VISIBLE_DEVICES='5,6,7' | LOG='/home/yeqi3/cyr/code/LaBraM/log/auto_run.log'
[2025-11-02 07:39:02] 已后台运行 pid=2329496，详见 /home/yeqi3/cyr/code/LaBraM/log/auto_run.log
[2025-11-02 07:40:01] 启动 'TrainCVLauncher.py' | CUDA_VISIBLE_DEVICES='5,6,7' | LOG='/home/yeqi3/cyr/code/LaBraM/log/auto_run.log'
[2025-11-02 07:40:01] 已后台运行 pid=2338362，详见 /home/yeqi3/cyr/code/LaBraM/log/auto_run.log
[2025-11-02 07:41:01] 启动 'TrainCVLauncher.py' | CUDA_VISIBLE_DEVICES='5,6,7' | LOG='/home/yeqi3/cyr/code/LaBraM/log/auto_run.log'
[2025-11-02 07:41:01] 已后台运行 pid=2347309，详见 /home/yeqi3/cyr/code/LaBraM/log/auto_run.log
[2025-11-02 07:42:02] 启动 'TrainCVLauncher.py' | CUDA_VISIBLE_DEVICES='5,6,7' | LOG='/home/yeqi3/cyr/code/LaBraM/log/auto_run.log'
[2025-11-02 07:42:02] 已后台运行 pid=2356151，详见 /home/yeqi3/cyr/code/LaBraM/log/auto_run.log
[2025-11-02 07:43:01] 启动 'TrainCVLauncher.py' | CUDA_VISIBLE_DEVICES='5,6,7' | LOG='/home/yeqi3/cyr/code/LaBraM/log/auto_run.log'
[2025-11-02 07:43:01] 已后台运行 pid=2364990，详见 /home/yeqi3/cyr/code/LaBraM/log/auto_run.log
[2025-11-02 07:44:02] 启动 'TrainCVLauncher.py' | CUDA_VISIBLE_DEVICES='5,6,7' | LOG='/home/yeqi3/cyr/code/LaBraM/log/auto_run.log'
[2025-11-02 07:44:02] 已后台运行 pid=2373714，详见 /home/yeqi3/cyr/code/LaBraM/log/auto_run.log
[2025-11-02 07:45:01] 启动 'TrainCVLauncher.py' | CUDA_VISIBLE_DEVICES='5,6,7' | LOG='/home/yeqi3/cyr/code/LaBraM/log/auto_run.log'
[2025-11-02 07:45:01] 已后台运行 pid=2382175，详见 /home/yeqi3/cyr/code/LaBraM/log/auto_run.log
[2025-11-02 07:46:01] 启动 'TrainCVLauncher.py' | CUDA_VISIBLE_DEVICES='5,6,7' | LOG='/home/yeqi3/cyr/code/LaBraM/log/auto_run.log'
[2025-11-02 07:46:01] 已后台运行 pid=2391051，详见 /home/yeqi3/cyr/code/LaBraM/log/auto_run.log
[2025-11-02 07:47:02] 启动 'TrainCVLauncher.py' | CUDA_VISIBLE_DEVICES='5,6,7' | LOG='/home/yeqi3/cyr/code/LaBraM/log/auto_run.log'
[2025-11-02 07:47:02] 已后台运行 pid=2399769，详见 /home/yeqi3/cyr/code/LaBraM/log/auto_run.log
[2025-11-02 07:48:01] 启动 'TrainCVLauncher.py' | CUDA_VISIBLE_DEVICES='5,6,7' | LOG='/home/yeqi3/cyr/code/LaBraM/log/auto_run.log'
[2025-11-02 07:48:01] 已后台运行 pid=2408390，详见 /home/yeqi3/cyr/code/LaBraM/log/auto_run.log
[2025-11-02 07:49:02] 启动 'TrainCVLauncher.py' | CUDA_VISIBLE_DEVICES='5,6,7' | LOG='/home/yeqi3/cyr/code/LaBraM/log/auto_run.log'
[2025-11-02 07:49:02] 已后台运行 pid=2417339，详见 /home/yeqi3/cyr/code/LaBraM/log/auto_run.log
[2025-11-02 07:50:01] 启动 'TrainCVLauncher.py' | CUDA_VISIBLE_DEVICES='5,6,7' | LOG='/home/yeqi3/cyr/code/LaBraM/log/auto_run.log'
[2025-11-02 07:50:01] 已后台运行 pid=2426212，详见 /home/yeqi3/cyr/code/LaBraM/log/auto_run.log
[2025-11-02 07:51:01] 启动 'TrainCVLauncher.py' | CUDA_VISIBLE_DEVICES='5,6,7' | LOG='/home/yeqi3/cyr/code/LaBraM/log/auto_run.log'
[2025-11-02 07:51:01] 已后台运行 pid=2435179，详见 /home/yeqi3/cyr/code/LaBraM/log/auto_run.log
[2025-11-02 07:52:01] 启动 'TrainCVLauncher.py' | CUDA_VISIBLE_DEVICES='5,6,7' | LOG='/home/yeqi3/cyr/code/LaBraM/log/auto_run.log'
[2025-11-02 07:52:01] 已后台运行 pid=2444063，详见 /home/yeqi3/cyr/code/LaBraM/log/auto_run.log
[2025-11-02 07:53:02] 启动 'TrainCVLauncher.py' | CUDA_VISIBLE_DEVICES='5,6,7' | LOG='/home/yeqi3/cyr/code/LaBraM/log/auto_run.log'
[2025-11-02 07:53:02] 已后台运行 pid=2452746，详见 /home/yeqi3/cyr/code/LaBraM/log/auto_run.log
[2025-11-02 07:54:01] 启动 'TrainCVLauncher.py' | CUDA_VISIBLE_DEVICES='5,6,7' | LOG='/home/yeqi3/cyr/code/LaBraM/log/auto_run.log'
[2025-11-02 07:54:01] 已后台运行 pid=2461572，详见 /home/yeqi3/cyr/code/LaBraM/log/auto_run.log
[2025-11-02 07:55:02] 启动 'TrainCVLauncher.py' | CUDA_VISIBLE_DEVICES='5,6,7' | LOG='/home/yeqi3/cyr/code/LaBraM/log/auto_run.log'
[2025-11-02 07:55:02] 已后台运行 pid=2470579，详见 /home/yeqi3/cyr/code/LaBraM/log/auto_run.log
[2025-11-02 07:56:01] 启动 'TrainCVLauncher.py' | CUDA_VISIBLE_DEVICES='5,6,7' | LOG='/home/yeqi3/cyr/code/LaBraM/log/auto_run.log'
[2025-11-02 07:56:01] 已后台运行 pid=2479263，详见 /home/yeqi3/cyr/code/LaBraM/log/auto_run.log
[2025-11-02 07:57:02] 启动 'TrainCVLauncher.py' | CUDA_VISIBLE_DEVICES='5,6,7' | LOG='/home/yeqi3/cyr/code/LaBraM/log/auto_run.log'
[2025-11-02 07:57:02] 已后台运行 pid=2487978，详见 /home/yeqi3/cyr/code/LaBraM/log/auto_run.log
[2025-11-02 07:58:01] 启动 'TrainCVLauncher.py' | CUDA_VISIBLE_DEVICES='5,6,7' | LOG='/home/yeqi3/cyr/code/LaBraM/log/auto_run.log'
[2025-11-02 07:58:01] 已后台运行 pid=2496748，详见 /home/yeqi3/cyr/code/LaBraM/log/auto_run.log
[2025-11-02 07:59:01] 启动 'TrainCVLauncher.py' | CUDA_VISIBLE_DEVICES='5,6,7' | LOG='/home/yeqi3/cyr/code/LaBraM/log/auto_run.log'
[2025-11-02 07:59:01] 已后台运行 pid=2505750，详见 /home/yeqi3/cyr/code/LaBraM/log/auto_run.log
[2025-11-02 08:00:02] 启动 'TrainCVLauncher.py' | CUDA_VISIBLE_DEVICES='5,6,7' | LOG='/home/yeqi3/cyr/code/LaBraM/log/auto_run.log'
[2025-11-02 08:00:02] 已后台运行 pid=2515327，详见 /home/yeqi3/cyr/code/LaBraM/log/auto_run.log
[2025-11-02 08:01:02] 启动 'TrainCVLauncher.py' | CUDA_VISIBLE_DEVICES='5,6,7' | LOG='/home/yeqi3/cyr/code/LaBraM/log/auto_run.log'
[2025-11-02 08:01:02] 已后台运行 pid=2524373，详见 /home/yeqi3/cyr/code/LaBraM/log/auto_run.log
[2025-11-02 08:02:01] 启动 'TrainCVLauncher.py' | CUDA_VISIBLE_DEVICES='5,6,7' | LOG='/home/yeqi3/cyr/code/LaBraM/log/auto_run.log'
[2025-11-02 08:02:01] 已后台运行 pid=2533186，详见 /home/yeqi3/cyr/code/LaBraM/log/auto_run.log
[2025-11-02 08:03:01] 启动 'TrainCVLauncher.py' | CUDA_VISIBLE_DEVICES='5,6,7' | LOG='/home/yeqi3/cyr/code/LaBraM/log/auto_run.log'
[2025-11-02 08:03:01] 已后台运行 pid=2542093，详见 /home/yeqi3/cyr/code/LaBraM/log/auto_run.log
[2025-11-02 08:04:02] 启动 'TrainCVLauncher.py' | CUDA_VISIBLE_DEVICES='5,6,7' | LOG='/home/yeqi3/cyr/code/LaBraM/log/auto_run.log'
[2025-11-02 08:04:02] 已后台运行 pid=2550880，详见 /home/yeqi3/cyr/code/LaBraM/log/auto_run.log
[2025-11-02 08:05:01] 启动 'TrainCVLauncher.py' | CUDA_VISIBLE_DEVICES='5,6,7' | LOG='/home/yeqi3/cyr/code/LaBraM/log/auto_run.log'
[2025-11-02 08:05:01] 已后台运行 pid=2559677，详见 /home/yeqi3/cyr/code/LaBraM/log/auto_run.log
[2025-11-02 08:06:02] 启动 'TrainCVLauncher.py' | CUDA_VISIBLE_DEVICES='5,6,7' | LOG='/home/yeqi3/cyr/code/LaBraM/log/auto_run.log'
[2025-11-02 08:06:02] 已后台运行 pid=2568609，详见 /home/yeqi3/cyr/code/LaBraM/log/auto_run.log
[2025-11-02 08:07:01] 启动 'TrainCVLauncher.py' | CUDA_VISIBLE_DEVICES='5,6,7' | LOG='/home/yeqi3/cyr/code/LaBraM/log/auto_run.log'
[2025-11-02 08:07:01] 已后台运行 pid=2577480，详见 /home/yeqi3/cyr/code/LaBraM/log/auto_run.log
[2025-11-02 08:08:01] 启动 'TrainCVLauncher.py' | CUDA_VISIBLE_DEVICES='5,6,7' | LOG='/home/yeqi3/cyr/code/LaBraM/log/auto_run.log'
[2025-11-02 08:08:01] 已后台运行 pid=2586577，详见 /home/yeqi3/cyr/code/LaBraM/log/auto_run.log
[2025-11-02 08:09:02] 启动 'TrainCVLauncher.py' | CUDA_VISIBLE_DEVICES='5,6,7' | LOG='/home/yeqi3/cyr/code/LaBraM/log/auto_run.log'
[2025-11-02 08:09:02] 已后台运行 pid=2595489，详见 /home/yeqi3/cyr/code/LaBraM/log/auto_run.log
[2025-11-02 08:10:01] 启动 'TrainCVLauncher.py' | CUDA_VISIBLE_DEVICES='5,6,7' | LOG='/home/yeqi3/cyr/code/LaBraM/log/auto_run.log'
[2025-11-02 08:10:01] 已后台运行 pid=2604255，详见 /home/yeqi3/cyr/code/LaBraM/log/auto_run.log
[2025-11-02 08:11:02] 启动 'TrainCVLauncher.py' | CUDA_VISIBLE_DEVICES='5,6,7' | LOG='/home/yeqi3/cyr/code/LaBraM/log/auto_run.log'
[2025-11-02 08:11:02] 已后台运行 pid=2613215，详见 /home/yeqi3/cyr/code/LaBraM/log/auto_run.log
[2025-11-02 08:12:01] 启动 'TrainCVLauncher.py' | CUDA_VISIBLE_DEVICES='5,6,7' | LOG='/home/yeqi3/cyr/code/LaBraM/log/auto_run.log'
[2025-11-02 08:12:01] 已后台运行 pid=2621907，详见 /home/yeqi3/cyr/code/LaBraM/log/auto_run.log
[2025-11-02 08:13:01] 启动 'TrainCVLauncher.py' | CUDA_VISIBLE_DEVICES='5,6,7' | LOG='/home/yeqi3/cyr/code/LaBraM/log/auto_run.log'
[2025-11-02 08:13:01] 已后台运行 pid=2630505，详见 /home/yeqi3/cyr/code/LaBraM/log/auto_run.log
[2025-11-02 08:14:02] 启动 'TrainCVLauncher.py' | CUDA_VISIBLE_DEVICES='5,6,7' | LOG='/home/yeqi3/cyr/code/LaBraM/log/auto_run.log'
[2025-11-02 08:14:02] 已后台运行 pid=2639223，详见 /home/yeqi3/cyr/code/LaBraM/log/auto_run.log
[2025-11-02 08:15:01] 启动 'TrainCVLauncher.py' | CUDA_VISIBLE_DEVICES='5,6,7' | LOG='/home/yeqi3/cyr/code/LaBraM/log/auto_run.log'
[2025-11-02 08:15:01] 已后台运行 pid=2648027，详见 /home/yeqi3/cyr/code/LaBraM/log/auto_run.log
[2025-11-02 08:16:02] 启动 'TrainCVLauncher.py' | CUDA_VISIBLE_DEVICES='5,6,7' | LOG='/home/yeqi3/cyr/code/LaBraM/log/auto_run.log'
[2025-11-02 08:16:02] 已后台运行 pid=2656707，详见 /home/yeqi3/cyr/code/LaBraM/log/auto_run.log
[2025-11-02 08:17:01] 启动 'TrainCVLauncher.py' | CUDA_VISIBLE_DEVICES='5,6,7' | LOG='/home/yeqi3/cyr/code/LaBraM/log/auto_run.log'
[2025-11-02 08:17:01] 已后台运行 pid=2665240，详见 /home/yeqi3/cyr/code/LaBraM/log/auto_run.log
[2025-11-02 08:18:01] 启动 'TrainCVLauncher.py' | CUDA_VISIBLE_DEVICES='5,6,7' | LOG='/home/yeqi3/cyr/code/LaBraM/log/auto_run.log'
[2025-11-02 08:18:01] 已后台运行 pid=2674061，详见 /home/yeqi3/cyr/code/LaBraM/log/auto_run.log
[2025-11-02 08:19:02] 启动 'TrainCVLauncher.py' | CUDA_VISIBLE_DEVICES='5,6,7' | LOG='/home/yeqi3/cyr/code/LaBraM/log/auto_run.log'
[2025-11-02 08:19:02] 已后台运行 pid=2682837，详见 /home/yeqi3/cyr/code/LaBraM/log/auto_run.log
[2025-11-02 08:20:01] 启动 'TrainCVLauncher.py' | CUDA_VISIBLE_DEVICES='5,6,7' | LOG='/home/yeqi3/cyr/code/LaBraM/log/auto_run.log'
[2025-11-02 08:20:01] 已后台运行 pid=2691517，详见 /home/yeqi3/cyr/code/LaBraM/log/auto_run.log
[2025-11-02 08:21:01] 启动 'TrainCVLauncher.py' | CUDA_VISIBLE_DEVICES='5,6,7' | LOG='/home/yeqi3/cyr/code/LaBraM/log/auto_run.log'
[2025-11-02 08:21:01] 已后台运行 pid=2700416，详见 /home/yeqi3/cyr/code/LaBraM/log/auto_run.log
[2025-11-02 08:22:02] 启动 'TrainCVLauncher.py' | CUDA_VISIBLE_DEVICES='5,6,7' | LOG='/home/yeqi3/cyr/code/LaBraM/log/auto_run.log'
[2025-11-02 08:22:02] 已后台运行 pid=2708914，详见 /home/yeqi3/cyr/code/LaBraM/log/auto_run.log
[2025-11-02 08:23:01] 启动 'TrainCVLauncher.py' | CUDA_VISIBLE_DEVICES='5,6,7' | LOG='/home/yeqi3/cyr/code/LaBraM/log/auto_run.log'
[2025-11-02 08:23:01] 已后台运行 pid=2717466，详见 /home/yeqi3/cyr/code/LaBraM/log/auto_run.log
[2025-11-02 08:24:01] 启动 'TrainCVLauncher.py' | CUDA_VISIBLE_DEVICES='5,6,7' | LOG='/home/yeqi3/cyr/code/LaBraM/log/auto_run.log'
[2025-11-02 08:24:01] 已后台运行 pid=2726054，详见 /home/yeqi3/cyr/code/LaBraM/log/auto_run.log
[2025-11-02 08:25:02] 启动 'TrainCVLauncher.py' | CUDA_VISIBLE_DEVICES='5,6,7' | LOG='/home/yeqi3/cyr/code/LaBraM/log/auto_run.log'
[2025-11-02 08:25:02] 已后台运行 pid=2734869，详见 /home/yeqi3/cyr/code/LaBraM/log/auto_run.log
[2025-11-02 08:26:01] 启动 'TrainCVLauncher.py' | CUDA_VISIBLE_DEVICES='5,6,7' | LOG='/home/yeqi3/cyr/code/LaBraM/log/auto_run.log'
[2025-11-02 08:26:01] 已后台运行 pid=2743420，详见 /home/yeqi3/cyr/code/LaBraM/log/auto_run.log
[2025-11-02 08:27:02] 启动 'TrainCVLauncher.py' | CUDA_VISIBLE_DEVICES='5,6,7' | LOG='/home/yeqi3/cyr/code/LaBraM/log/auto_run.log'
[2025-11-02 08:27:02] 已后台运行 pid=2752273，详见 /home/yeqi3/cyr/code/LaBraM/log/auto_run.log
[2025-11-02 08:28:01] 启动 'TrainCVLauncher.py' | CUDA_VISIBLE_DEVICES='5,6,7' | LOG='/home/yeqi3/cyr/code/LaBraM/log/auto_run.log'
[2025-11-02 08:28:01] 已后台运行 pid=2760871，详见 /home/yeqi3/cyr/code/LaBraM/log/auto_run.log
[2025-11-02 08:29:01] 启动 'TrainCVLauncher.py' | CUDA_VISIBLE_DEVICES='5,6,7' | LOG='/home/yeqi3/cyr/code/LaBraM/log/auto_run.log'
[2025-11-02 08:29:01] 已后台运行 pid=2769707，详见 /home/yeqi3/cyr/code/LaBraM/log/auto_run.log
[2025-11-02 08:30:02] 启动 'TrainCVLauncher.py' | CUDA_VISIBLE_DEVICES='5,6,7' | LOG='/home/yeqi3/cyr/code/LaBraM/log/auto_run.log'
[2025-11-02 08:30:02] 已后台运行 pid=2778520，详见 /home/yeqi3/cyr/code/LaBraM/log/auto_run.log
[2025-11-02 08:31:01] 启动 'TrainCVLauncher.py' | CUDA_VISIBLE_DEVICES='5,6,7' | LOG='/home/yeqi3/cyr/code/LaBraM/log/auto_run.log'
[2025-11-02 08:31:01] 已后台运行 pid=2787409，详见 /home/yeqi3/cyr/code/LaBraM/log/auto_run.log
[2025-11-02 08:32:02] 启动 'TrainCVLauncher.py' | CUDA_VISIBLE_DEVICES='5,6,7' | LOG='/home/yeqi3/cyr/code/LaBraM/log/auto_run.log'
[2025-11-02 08:32:02] 已后台运行 pid=2796185，详见 /home/yeqi3/cyr/code/LaBraM/log/auto_run.log
[2025-11-02 08:33:01] 启动 'TrainCVLauncher.py' | CUDA_VISIBLE_DEVICES='5,6,7' | LOG='/home/yeqi3/cyr/code/LaBraM/log/auto_run.log'
[2025-11-02 08:33:01] 已后台运行 pid=2804861，详见 /home/yeqi3/cyr/code/LaBraM/log/auto_run.log
[2025-11-02 08:34:01] 启动 'TrainCVLauncher.py' | CUDA_VISIBLE_DEVICES='5,6,7' | LOG='/home/yeqi3/cyr/code/LaBraM/log/auto_run.log'
[2025-11-02 08:34:01] 已后台运行 pid=2813582，详见 /home/yeqi3/cyr/code/LaBraM/log/auto_run.log
[2025-11-02 08:35:02] 启动 'TrainCVLauncher.py' | CUDA_VISIBLE_DEVICES='5,6,7' | LOG='/home/yeqi3/cyr/code/LaBraM/log/auto_run.log'
[2025-11-02 08:35:02] 已后台运行 pid=2822438，详见 /home/yeqi3/cyr/code/LaBraM/log/auto_run.log
[2025-11-02 08:36:01] 启动 'TrainCVLauncher.py' | CUDA_VISIBLE_DEVICES='5,6,7' | LOG='/home/yeqi3/cyr/code/LaBraM/log/auto_run.log'
[2025-11-02 08:36:01] 已后台运行 pid=2831034，详见 /home/yeqi3/cyr/code/LaBraM/log/auto_run.log
[2025-11-02 08:37:02] 启动 'TrainCVLauncher.py' | CUDA_VISIBLE_DEVICES='5,6,7' | LOG='/home/yeqi3/cyr/code/LaBraM/log/auto_run.log'
[2025-11-02 08:37:02] 已后台运行 pid=2836095，详见 /home/yeqi3/cyr/code/LaBraM/log/auto_run.log
[2025-11-02 13:50:01] 启动 'TrainCVLauncher.py' | CUDA_VISIBLE_DEVICES='5,6,7' | LOG='/home/yeqi3/cyr/code/LaBraM/log/auto_run.log'
[2025-11-02 13:50:01] 已后台运行 pid=1909533，详见 /home/yeqi3/cyr/code/LaBraM/log/auto_run.log
[2025-11-02 13:52:02] 启动 'TrainCVLauncher.py' | CUDA_VISIBLE_DEVICES='5,6,7' | LOG='/home/yeqi3/cyr/code/LaBraM/log/auto_run.log'
[2025-11-02 13:52:02] 已后台运行 pid=1917913，详见 /home/yeqi3/cyr/code/LaBraM/log/auto_run.log
[2025-11-02 13:53:01] 启动 'TrainCVLauncher.py' | CUDA_VISIBLE_DEVICES='5,6,7' | LOG='/home/yeqi3/cyr/code/LaBraM/log/auto_run.log'
[2025-11-02 13:53:01] 已后台运行 pid=1922404，详见 /home/yeqi3/cyr/code/LaBraM/log/auto_run.log
[2025-11-02 13:54:02] 启动 'TrainCVLauncher.py' | CUDA_VISIBLE_DEVICES='5,6,7' | LOG='/home/yeqi3/cyr/code/LaBraM/log/auto_run.log'
[2025-11-02 13:54:02] 已后台运行 pid=1926248，详见 /home/yeqi3/cyr/code/LaBraM/log/auto_run.log
[2025-11-02 13:55:01] 启动 'TrainCVLauncher.py' | CUDA_VISIBLE_DEVICES='5,6,7' | LOG='/home/yeqi3/cyr/code/LaBraM/log/auto_run.log'
[2025-11-02 13:55:01] 已后台运行 pid=1929807，详见 /home/yeqi3/cyr/code/LaBraM/log/auto_run.log
[2025-11-02 13:56:01] 启动 'TrainCVLauncher.py' | CUDA_VISIBLE_DEVICES='5,6,7' | LOG='/home/yeqi3/cyr/code/LaBraM/log/auto_run.log'
[2025-11-02 13:56:01] 已后台运行 pid=1933565，详见 /home/yeqi3/cyr/code/LaBraM/log/auto_run.log
[2025-11-02 13:57:02] 启动 'TrainCVLauncher.py' | CUDA_VISIBLE_DEVICES='5,6,7' | LOG='/home/yeqi3/cyr/code/LaBraM/log/auto_run.log'
[2025-11-02 13:57:02] 已后台运行 pid=1937206，详见 /home/yeqi3/cyr/code/LaBraM/log/auto_run.log
[2025-11-02 13:58:01] 启动 'TrainCVLauncher.py' | CUDA_VISIBLE_DEVICES='5,6,7' | LOG='/home/yeqi3/cyr/code/LaBraM/log/auto_run.log'
[2025-11-02 13:58:01] 已后台运行 pid=1940805，详见 /home/yeqi3/cyr/code/LaBraM/log/auto_run.log
[2025-11-02 13:59:01] 启动 'TrainCVLauncher.py' | CUDA_VISIBLE_DEVICES='5,6,7' | LOG='/home/yeqi3/cyr/code/LaBraM/log/auto_run.log'
[2025-11-02 13:59:01] 已后台运行 pid=1944393，详见 /home/yeqi3/cyr/code/LaBraM/log/auto_run.log
[2025-11-02 14:00:02] 启动 'TrainCVLauncher.py' | CUDA_VISIBLE_DEVICES='5,6,7' | LOG='/home/yeqi3/cyr/code/LaBraM/log/auto_run.log'
[2025-11-02 14:00:02] 已后台运行 pid=1948119，详见 /home/yeqi3/cyr/code/LaBraM/log/auto_run.log
[2025-11-02 14:01:01] 启动 'TrainCVLauncher.py' | CUDA_VISIBLE_DEVICES='5,6,7' | LOG='/home/yeqi3/cyr/code/LaBraM/log/auto_run.log'
[2025-11-02 14:01:01] 已后台运行 pid=1951911，详见 /home/yeqi3/cyr/code/LaBraM/log/auto_run.log
[2025-11-02 14:02:02] 启动 'TrainCVLauncher.py' | CUDA_VISIBLE_DEVICES='5,6,7' | LOG='/home/yeqi3/cyr/code/LaBraM/log/auto_run.log'
[2025-11-02 14:02:02] 已后台运行 pid=1955486，详见 /home/yeqi3/cyr/code/LaBraM/log/auto_run.log
[2025-11-02 14:03:01] 启动 'TrainCVLauncher.py' | CUDA_VISIBLE_DEVICES='5,6,7' | LOG='/home/yeqi3/cyr/code/LaBraM/log/auto_run.log'
[2025-11-02 14:03:01] 已后台运行 pid=1959103，详见 /home/yeqi3/cyr/code/LaBraM/log/auto_run.log
[2025-11-02 14:04:01] 启动 'TrainCVLauncher.py' | CUDA_VISIBLE_DEVICES='5,6,7' | LOG='/home/yeqi3/cyr/code/LaBraM/log/auto_run.log'
[2025-11-02 14:04:01] 已后台运行 pid=1962751，详见 /home/yeqi3/cyr/code/LaBraM/log/auto_run.log
[2025-11-02 14:05:02] 启动 'TrainCVLauncher.py' | CUDA_VISIBLE_DEVICES='5,6,7' | LOG='/home/yeqi3/cyr/code/LaBraM/log/auto_run.log'
[2025-11-02 14:05:02] 已后台运行 pid=1966382，详见 /home/yeqi3/cyr/code/LaBraM/log/auto_run.log
[2025-11-02 14:06:01] 启动 'TrainCVLauncher.py' | CUDA_VISIBLE_DEVICES='5,6,7' | LOG='/home/yeqi3/cyr/code/LaBraM/log/auto_run.log'
[2025-11-02 14:06:01] 已后台运行 pid=1970342，详见 /home/yeqi3/cyr/code/LaBraM/log/auto_run.log
[2025-11-02 14:07:02] 启动 'TrainCVLauncher.py' | CUDA_VISIBLE_DEVICES='5,6,7' | LOG='/home/yeqi3/cyr/code/LaBraM/log/auto_run.log'
[2025-11-02 14:07:02] 已后台运行 pid=1974409，详见 /home/yeqi3/cyr/code/LaBraM/log/auto_run.log
[2025-11-02 14:08:01] 启动 'TrainCVLauncher.py' | CUDA_VISIBLE_DEVICES='5,6,7' | LOG='/home/yeqi3/cyr/code/LaBraM/log/auto_run.log'
[2025-11-02 14:08:01] 已后台运行 pid=1977990，详见 /home/yeqi3/cyr/code/LaBraM/log/auto_run.log
[2025-11-02 14:09:01] 启动 'TrainCVLauncher.py' | CUDA_VISIBLE_DEVICES='5,6,7' | LOG='/home/yeqi3/cyr/code/LaBraM/log/auto_run.log'
[2025-11-02 14:09:01] 已后台运行 pid=1981624，详见 /home/yeqi3/cyr/code/LaBraM/log/auto_run.log
[2025-11-02 14:10:02] 启动 'TrainCVLauncher.py' | CUDA_VISIBLE_DEVICES='5,6,7' | LOG='/home/yeqi3/cyr/code/LaBraM/log/auto_run.log'
[2025-11-02 14:10:02] 已后台运行 pid=1985364，详见 /home/yeqi3/cyr/code/LaBraM/log/auto_run.log
[2025-11-02 14:11:01] 启动 'TrainCVLauncher.py' | CUDA_VISIBLE_DEVICES='5,6,7' | LOG='/home/yeqi3/cyr/code/LaBraM/log/auto_run.log'
[2025-11-02 14:11:01] 已后台运行 pid=1989639，详见 /home/yeqi3/cyr/code/LaBraM/log/auto_run.log
[2025-11-02 14:12:01] 启动 'TrainCVLauncher.py' | CUDA_VISIBLE_DEVICES='5,6,7' | LOG='/home/yeqi3/cyr/code/LaBraM/log/auto_run.log'
[2025-11-02 14:12:01] 已后台运行 pid=1993823，详见 /home/yeqi3/cyr/code/LaBraM/log/auto_run.log
[2025-11-02 14:13:02] 启动 'TrainCVLauncher.py' | CUDA_VISIBLE_DEVICES='5,6,7' | LOG='/home/yeqi3/cyr/code/LaBraM/log/auto_run.log'
[2025-11-02 14:13:02] 已后台运行 pid=1997773，详见 /home/yeqi3/cyr/code/LaBraM/log/auto_run.log
[2025-11-02 14:14:01] 启动 'TrainCVLauncher.py' | CUDA_VISIBLE_DEVICES='5,6,7' | LOG='/home/yeqi3/cyr/code/LaBraM/log/auto_run.log'
[2025-11-02 14:14:01] 已后台运行 pid=2001946，详见 /home/yeqi3/cyr/code/LaBraM/log/auto_run.log
[2025-11-02 14:15:02] 启动 'TrainCVLauncher.py' | CUDA_VISIBLE_DEVICES='5,6,7' | LOG='/home/yeqi3/cyr/code/LaBraM/log/auto_run.log'
[2025-11-02 14:15:02] 已后台运行 pid=2006141，详见 /home/yeqi3/cyr/code/LaBraM/log/auto_run.log
[2025-11-02 14:16:01] 启动 'TrainCVLauncher.py' | CUDA_VISIBLE_DEVICES='5,6,7' | LOG='/home/yeqi3/cyr/code/LaBraM/log/auto_run.log'
[2025-11-02 14:16:01] 已后台运行 pid=2010190，详见 /home/yeqi3/cyr/code/LaBraM/log/auto_run.log
[2025-11-02 14:17:01] 启动 'TrainCVLauncher.py' | CUDA_VISIBLE_DEVICES='5,6,7' | LOG='/home/yeqi3/cyr/code/LaBraM/log/auto_run.log'
[2025-11-02 14:17:01] 已后台运行 pid=2014380，详见 /home/yeqi3/cyr/code/LaBraM/log/auto_run.log
[2025-11-02 14:18:02] 启动 'TrainCVLauncher.py' | CUDA_VISIBLE_DEVICES='5,6,7' | LOG='/home/yeqi3/cyr/code/LaBraM/log/auto_run.log'
[2025-11-02 14:18:02] 已后台运行 pid=2018608，详见 /home/yeqi3/cyr/code/LaBraM/log/auto_run.log
[2025-11-02 14:19:01] 启动 'TrainCVLauncher.py' | CUDA_VISIBLE_DEVICES='5,6,7' | LOG='/home/yeqi3/cyr/code/LaBraM/log/auto_run.log'
[2025-11-02 14:19:01] 已后台运行 pid=2022787，详见 /home/yeqi3/cyr/code/LaBraM/log/auto_run.log
[2025-11-02 14:20:01] 启动 'TrainCVLauncher.py' | CUDA_VISIBLE_DEVICES='5,6,7' | LOG='/home/yeqi3/cyr/code/LaBraM/log/auto_run.log'
[2025-11-02 14:20:01] 已后台运行 pid=2027178，详见 /home/yeqi3/cyr/code/LaBraM/log/auto_run.log
[2025-11-02 14:21:02] 启动 'TrainCVLauncher.py' | CUDA_VISIBLE_DEVICES='5,6,7' | LOG='/home/yeqi3/cyr/code/LaBraM/log/auto_run.log'
[2025-11-02 14:21:02] 已后台运行 pid=2031557，详见 /home/yeqi3/cyr/code/LaBraM/log/auto_run.log
[2025-11-02 14:22:01] 启动 'TrainCVLauncher.py' | CUDA_VISIBLE_DEVICES='5,6,7' | LOG='/home/yeqi3/cyr/code/LaBraM/log/auto_run.log'
[2025-11-02 14:22:01] 已后台运行 pid=2035696，详见 /home/yeqi3/cyr/code/LaBraM/log/auto_run.log
[2025-11-02 14:23:02] 启动 'TrainCVLauncher.py' | CUDA_VISIBLE_DEVICES='5,6,7' | LOG='/home/yeqi3/cyr/code/LaBraM/log/auto_run.log'
[2025-11-02 14:23:02] 已后台运行 pid=2039852，详见 /home/yeqi3/cyr/code/LaBraM/log/auto_run.log
[2025-11-02 14:24:01] 启动 'TrainCVLauncher.py' | CUDA_VISIBLE_DEVICES='5,6,7' | LOG='/home/yeqi3/cyr/code/LaBraM/log/auto_run.log'
[2025-11-02 14:24:01] 已后台运行 pid=2043982，详见 /home/yeqi3/cyr/code/LaBraM/log/auto_run.log
[2025-11-02 14:25:01] 启动 'TrainCVLauncher.py' | CUDA_VISIBLE_DEVICES='5,6,7' | LOG='/home/yeqi3/cyr/code/LaBraM/log/auto_run.log'
[2025-11-02 14:25:01] 已后台运行 pid=2048138，详见 /home/yeqi3/cyr/code/LaBraM/log/auto_run.log
[2025-11-02 14:26:02] 启动 'TrainCVLauncher.py' | CUDA_VISIBLE_DEVICES='5,6,7' | LOG='/home/yeqi3/cyr/code/LaBraM/log/auto_run.log'
[2025-11-02 14:26:02] 已后台运行 pid=2052226，详见 /home/yeqi3/cyr/code/LaBraM/log/auto_run.log
[2025-11-02 14:27:01] 启动 'TrainCVLauncher.py' | CUDA_VISIBLE_DEVICES='5,6,7' | LOG='/home/yeqi3/cyr/code/LaBraM/log/auto_run.log'
[2025-11-02 14:27:01] 已后台运行 pid=2056334，详见 /home/yeqi3/cyr/code/LaBraM/log/auto_run.log
[2025-11-02 14:28:02] 启动 'TrainCVLauncher.py' | CUDA_VISIBLE_DEVICES='5,6,7' | LOG='/home/yeqi3/cyr/code/LaBraM/log/auto_run.log'
[2025-11-02 14:28:02] 已后台运行 pid=2060475，详见 /home/yeqi3/cyr/code/LaBraM/log/auto_run.log
[2025-11-02 14:29:01] 启动 'TrainCVLauncher.py' | CUDA_VISIBLE_DEVICES='5,6,7' | LOG='/home/yeqi3/cyr/code/LaBraM/log/auto_run.log'
[2025-11-02 14:29:01] 已后台运行 pid=2064557，详见 /home/yeqi3/cyr/code/LaBraM/log/auto_run.log
[2025-11-02 14:30:01] 启动 'TrainCVLauncher.py' | CUDA_VISIBLE_DEVICES='5,6,7' | LOG='/home/yeqi3/cyr/code/LaBraM/log/auto_run.log'
[2025-11-02 14:30:01] 已后台运行 pid=2068778，详见 /home/yeqi3/cyr/code/LaBraM/log/auto_run.log
[2025-11-02 14:31:02] 启动 'TrainCVLauncher.py' | CUDA_VISIBLE_DEVICES='5,6,7' | LOG='/home/yeqi3/cyr/code/LaBraM/log/auto_run.log'
[2025-11-02 14:31:02] 已后台运行 pid=2073131，详见 /home/yeqi3/cyr/code/LaBraM/log/auto_run.log
[2025-11-02 14:32:01] 启动 'TrainCVLauncher.py' | CUDA_VISIBLE_DEVICES='5,6,7' | LOG='/home/yeqi3/cyr/code/LaBraM/log/auto_run.log'
[2025-11-02 14:32:01] 已后台运行 pid=2077261，详见 /home/yeqi3/cyr/code/LaBraM/log/auto_run.log
[2025-11-02 14:33:01] 启动 'TrainCVLauncher.py' | CUDA_VISIBLE_DEVICES='5,6,7' | LOG='/home/yeqi3/cyr/code/LaBraM/log/auto_run.log'
[2025-11-02 14:33:01] 已后台运行 pid=2081582，详见 /home/yeqi3/cyr/code/LaBraM/log/auto_run.log
[2025-11-02 14:34:02] 启动 'TrainCVLauncher.py' | CUDA_VISIBLE_DEVICES='5,6,7' | LOG='/home/yeqi3/cyr/code/LaBraM/log/auto_run.log'
[2025-11-02 14:34:02] 已后台运行 pid=2085644，详见 /home/yeqi3/cyr/code/LaBraM/log/auto_run.log
[2025-11-02 14:35:01] 启动 'TrainCVLauncher.py' | CUDA_VISIBLE_DEVICES='5,6,7' | LOG='/home/yeqi3/cyr/code/LaBraM/log/auto_run.log'
[2025-11-02 14:35:01] 已后台运行 pid=2089766，详见 /home/yeqi3/cyr/code/LaBraM/log/auto_run.log
[2025-11-02 14:36:01] 启动 'TrainCVLauncher.py' | CUDA_VISIBLE_DEVICES='5,6,7' | LOG='/home/yeqi3/cyr/code/LaBraM/log/auto_run.log'
[2025-11-02 14:36:01] 已后台运行 pid=2094011，详见 /home/yeqi3/cyr/code/LaBraM/log/auto_run.log
[2025-11-02 14:37:02] 启动 'TrainCVLauncher.py' | CUDA_VISIBLE_DEVICES='5,6,7' | LOG='/home/yeqi3/cyr/code/LaBraM/log/auto_run.log'
[2025-11-02 14:37:02] 已后台运行 pid=2098182，详见 /home/yeqi3/cyr/code/LaBraM/log/auto_run.log
[2025-11-02 14:38:01] 启动 'TrainCVLauncher.py' | CUDA_VISIBLE_DEVICES='5,6,7' | LOG='/home/yeqi3/cyr/code/LaBraM/log/auto_run.log'
[2025-11-02 14:38:01] 已后台运行 pid=2102221，详见 /home/yeqi3/cyr/code/LaBraM/log/auto_run.log
[2025-11-02 14:39:02] 启动 'TrainCVLauncher.py' | CUDA_VISIBLE_DEVICES='5,6,7' | LOG='/home/yeqi3/cyr/code/LaBraM/log/auto_run.log'
[2025-11-02 14:39:02] 已后台运行 pid=2106165，详见 /home/yeqi3/cyr/code/LaBraM/log/auto_run.log
[2025-11-02 14:40:01] 启动 'TrainCVLauncher.py' | CUDA_VISIBLE_DEVICES='5,6,7' | LOG='/home/yeqi3/cyr/code/LaBraM/log/auto_run.log'
[2025-11-02 14:40:01] 已后台运行 pid=2110317，详见 /home/yeqi3/cyr/code/LaBraM/log/auto_run.log
[2025-11-02 14:41:01] 启动 'TrainCVLauncher.py' | CUDA_VISIBLE_DEVICES='5,6,7' | LOG='/home/yeqi3/cyr/code/LaBraM/log/auto_run.log'
[2025-11-02 14:41:01] 已后台运行 pid=2114680，详见 /home/yeqi3/cyr/code/LaBraM/log/auto_run.log
[2025-11-02 14:42:02] 启动 'TrainCVLauncher.py' | CUDA_VISIBLE_DEVICES='5,6,7' | LOG='/home/yeqi3/cyr/code/LaBraM/log/auto_run.log'
[2025-11-02 14:42:02] 已后台运行 pid=2118817，详见 /home/yeqi3/cyr/code/LaBraM/log/auto_run.log
[2025-11-02 14:43:01] 启动 'TrainCVLauncher.py' | CUDA_VISIBLE_DEVICES='5,6,7' | LOG='/home/yeqi3/cyr/code/LaBraM/log/auto_run.log'
[2025-11-02 14:43:01] 已后台运行 pid=2122905，详见 /home/yeqi3/cyr/code/LaBraM/log/auto_run.log
[2025-11-02 14:44:02] 启动 'TrainCVLauncher.py' | CUDA_VISIBLE_DEVICES='5,6,7' | LOG='/home/yeqi3/cyr/code/LaBraM/log/auto_run.log'
[2025-11-02 14:44:02] 已后台运行 pid=2127077，详见 /home/yeqi3/cyr/code/LaBraM/log/auto_run.log
[2025-11-02 14:45:01] 启动 'TrainCVLauncher.py' | CUDA_VISIBLE_DEVICES='5,6,7' | LOG='/home/yeqi3/cyr/code/LaBraM/log/auto_run.log'
[2025-11-02 14:45:01] 已后台运行 pid=2131149，详见 /home/yeqi3/cyr/code/LaBraM/log/auto_run.log
[2025-11-02 14:46:01] 启动 'TrainCVLauncher.py' | CUDA_VISIBLE_DEVICES='5,6,7' | LOG='/home/yeqi3/cyr/code/LaBraM/log/auto_run.log'
[2025-11-02 14:46:01] 已后台运行 pid=2135532，详见 /home/yeqi3/cyr/code/LaBraM/log/auto_run.log
[2025-11-02 14:47:02] 启动 'TrainCVLauncher.py' | CUDA_VISIBLE_DEVICES='5,6,7' | LOG='/home/yeqi3/cyr/code/LaBraM/log/auto_run.log'
[2025-11-02 14:47:02] 已后台运行 pid=2139635，详见 /home/yeqi3/cyr/code/LaBraM/log/auto_run.log
[2025-11-02 14:48:01] 启动 'TrainCVLauncher.py' | CUDA_VISIBLE_DEVICES='5,6,7' | LOG='/home/yeqi3/cyr/code/LaBraM/log/auto_run.log'
[2025-11-02 14:48:01] 已后台运行 pid=2143788，详见 /home/yeqi3/cyr/code/LaBraM/log/auto_run.log
[2025-11-02 14:49:02] 启动 'TrainCVLauncher.py' | CUDA_VISIBLE_DEVICES='5,6,7' | LOG='/home/yeqi3/cyr/code/LaBraM/log/auto_run.log'
[2025-11-02 14:49:02] 已后台运行 pid=2147925，详见 /home/yeqi3/cyr/code/LaBraM/log/auto_run.log
[2025-11-02 14:50:01] 启动 'TrainCVLauncher.py' | CUDA_VISIBLE_DEVICES='5,6,7' | LOG='/home/yeqi3/cyr/code/LaBraM/log/auto_run.log'
[2025-11-02 14:50:01] 已后台运行 pid=2152116，详见 /home/yeqi3/cyr/code/LaBraM/log/auto_run.log
[2025-11-02 14:51:01] 启动 'TrainCVLauncher.py' | CUDA_VISIBLE_DEVICES='5,6,7' | LOG='/home/yeqi3/cyr/code/LaBraM/log/auto_run.log'
[2025-11-02 14:51:01] 已后台运行 pid=2156504，详见 /home/yeqi3/cyr/code/LaBraM/log/auto_run.log
[2025-11-02 14:52:02] 启动 'TrainCVLauncher.py' | CUDA_VISIBLE_DEVICES='5,6,7' | LOG='/home/yeqi3/cyr/code/LaBraM/log/auto_run.log'
[2025-11-02 14:52:02] 已后台运行 pid=2160623，详见 /home/yeqi3/cyr/code/LaBraM/log/auto_run.log
[2025-11-02 14:53:01] 启动 'TrainCVLauncher.py' | CUDA_VISIBLE_DEVICES='5,6,7' | LOG='/home/yeqi3/cyr/code/LaBraM/log/auto_run.log'
[2025-11-02 14:53:01] 已后台运行 pid=2164453，详见 /home/yeqi3/cyr/code/LaBraM/log/auto_run.log
[2025-11-02 14:54:02] 启动 'TrainCVLauncher.py' | CUDA_VISIBLE_DEVICES='5,6,7' | LOG='/home/yeqi3/cyr/code/LaBraM/log/auto_run.log'
[2025-11-02 14:54:02] 已后台运行 pid=2168586，详见 /home/yeqi3/cyr/code/LaBraM/log/auto_run.log
[2025-11-02 14:55:01] 启动 'TrainCVLauncher.py' | CUDA_VISIBLE_DEVICES='5,6,7' | LOG='/home/yeqi3/cyr/code/LaBraM/log/auto_run.log'
[2025-11-02 14:55:01] 已后台运行 pid=2172701，详见 /home/yeqi3/cyr/code/LaBraM/log/auto_run.log
[2025-11-02 14:56:01] 启动 'TrainCVLauncher.py' | CUDA_VISIBLE_DEVICES='5,6,7' | LOG='/home/yeqi3/cyr/code/LaBraM/log/auto_run.log'
[2025-11-02 14:56:01] 已后台运行 pid=2176914，详见 /home/yeqi3/cyr/code/LaBraM/log/auto_run.log
[2025-11-02 14:57:02] 启动 'TrainCVLauncher.py' | CUDA_VISIBLE_DEVICES='5,6,7' | LOG='/home/yeqi3/cyr/code/LaBraM/log/auto_run.log'
[2025-11-02 14:57:02] 已后台运行 pid=2181299，详见 /home/yeqi3/cyr/code/LaBraM/log/auto_run.log
[2025-11-02 14:58:01] 启动 'TrainCVLauncher.py' | CUDA_VISIBLE_DEVICES='5,6,7' | LOG='/home/yeqi3/cyr/code/LaBraM/log/auto_run.log'
[2025-11-02 14:58:01] 已后台运行 pid=2185677，详见 /home/yeqi3/cyr/code/LaBraM/log/auto_run.log
[2025-11-02 14:59:02] 启动 'TrainCVLauncher.py' | CUDA_VISIBLE_DEVICES='5,6,7' | LOG='/home/yeqi3/cyr/code/LaBraM/log/auto_run.log'
[2025-11-02 14:59:02] 已后台运行 pid=2190112，详见 /home/yeqi3/cyr/code/LaBraM/log/auto_run.log
[2025-11-02 15:00:01] 启动 'TrainCVLauncher.py' | CUDA_VISIBLE_DEVICES='5,6,7' | LOG='/home/yeqi3/cyr/code/LaBraM/log/auto_run.log'
[2025-11-02 15:00:01] 已后台运行 pid=2194499，详见 /home/yeqi3/cyr/code/LaBraM/log/auto_run.log
[2025-11-02 15:01:01] 启动 'TrainCVLauncher.py' | CUDA_VISIBLE_DEVICES='5,6,7' | LOG='/home/yeqi3/cyr/code/LaBraM/log/auto_run.log'
[2025-11-02 15:01:01] 已后台运行 pid=2198932，详见 /home/yeqi3/cyr/code/LaBraM/log/auto_run.log
[2025-11-02 15:02:02] 启动 'TrainCVLauncher.py' | CUDA_VISIBLE_DEVICES='5,6,7' | LOG='/home/yeqi3/cyr/code/LaBraM/log/auto_run.log'
[2025-11-02 15:02:02] 已后台运行 pid=2203321，详见 /home/yeqi3/cyr/code/LaBraM/log/auto_run.log
[2025-11-02 15:03:01] 启动 'TrainCVLauncher.py' | CUDA_VISIBLE_DEVICES='5,6,7' | LOG='/home/yeqi3/cyr/code/LaBraM/log/auto_run.log'
[2025-11-02 15:03:01] 已后台运行 pid=2207648，详见 /home/yeqi3/cyr/code/LaBraM/log/auto_run.log
[2025-11-02 15:04:01] 启动 'TrainCVLauncher.py' | CUDA_VISIBLE_DEVICES='5,6,7' | LOG='/home/yeqi3/cyr/code/LaBraM/log/auto_run.log'
[2025-11-02 15:04:01] 已后台运行 pid=2212045，详见 /home/yeqi3/cyr/code/LaBraM/log/auto_run.log
[2025-11-02 15:05:02] 启动 'TrainCVLauncher.py' | CUDA_VISIBLE_DEVICES='5,6,7' | LOG='/home/yeqi3/cyr/code/LaBraM/log/auto_run.log'
[2025-11-02 15:05:02] 已后台运行 pid=2216381，详见 /home/yeqi3/cyr/code/LaBraM/log/auto_run.log
[2025-11-02 15:06:01] 启动 'TrainCVLauncher.py' | CUDA_VISIBLE_DEVICES='5,6,7' | LOG='/home/yeqi3/cyr/code/LaBraM/log/auto_run.log'
[2025-11-02 15:06:01] 已后台运行 pid=2222503，详见 /home/yeqi3/cyr/code/LaBraM/log/auto_run.log
[2025-11-02 15:07:02] 启动 'TrainCVLauncher.py' | CUDA_VISIBLE_DEVICES='5,6,7' | LOG='/home/yeqi3/cyr/code/LaBraM/log/auto_run.log'
[2025-11-02 15:07:02] 已后台运行 pid=2227081，详见 /home/yeqi3/cyr/code/LaBraM/log/auto_run.log
[2025-11-02 15:08:01] 启动 'TrainCVLauncher.py' | CUDA_VISIBLE_DEVICES='5,6,7' | LOG='/home/yeqi3/cyr/code/LaBraM/log/auto_run.log'
[2025-11-02 15:08:01] 已后台运行 pid=2231613，详见 /home/yeqi3/cyr/code/LaBraM/log/auto_run.log
[2025-11-02 15:09:01] 启动 'TrainCVLauncher.py' | CUDA_VISIBLE_DEVICES='5,6,7' | LOG='/home/yeqi3/cyr/code/LaBraM/log/auto_run.log'
[2025-11-02 15:09:01] 已后台运行 pid=2236123，详见 /home/yeqi3/cyr/code/LaBraM/log/auto_run.log
[2025-11-02 15:10:02] 启动 'TrainCVLauncher.py' | CUDA_VISIBLE_DEVICES='5,6,7' | LOG='/home/yeqi3/cyr/code/LaBraM/log/auto_run.log'
[2025-11-02 15:10:02] 已后台运行 pid=2240724，详见 /home/yeqi3/cyr/code/LaBraM/log/auto_run.log
[2025-11-02 15:11:01] 启动 'TrainCVLauncher.py' | CUDA_VISIBLE_DEVICES='5,6,7' | LOG='/home/yeqi3/cyr/code/LaBraM/log/auto_run.log'
[2025-11-02 15:11:01] 已后台运行 pid=2245481，详见 /home/yeqi3/cyr/code/LaBraM/log/auto_run.log
[2025-11-02 15:12:02] 启动 'TrainCVLauncher.py' | CUDA_VISIBLE_DEVICES='5,6,7' | LOG='/home/yeqi3/cyr/code/LaBraM/log/auto_run.log'
[2025-11-02 15:12:02] 已后台运行 pid=2250263，详见 /home/yeqi3/cyr/code/LaBraM/log/auto_run.log
[2025-11-02 15:13:01] 启动 'TrainCVLauncher.py' | CUDA_VISIBLE_DEVICES='5,6,7' | LOG='/home/yeqi3/cyr/code/LaBraM/log/auto_run.log'
[2025-11-02 15:13:01] 已后台运行 pid=2254712，详见 /home/yeqi3/cyr/code/LaBraM/log/auto_run.log
[2025-11-02 15:14:02] 启动 'TrainCVLauncher.py' | CUDA_VISIBLE_DEVICES='5,6,7' | LOG='/home/yeqi3/cyr/code/LaBraM/log/auto_run.log'
[2025-11-02 15:14:02] 已后台运行 pid=2259190，详见 /home/yeqi3/cyr/code/LaBraM/log/auto_run.log
[2025-11-02 15:15:01] 启动 'TrainCVLauncher.py' | CUDA_VISIBLE_DEVICES='5,6,7' | LOG='/home/yeqi3/cyr/code/LaBraM/log/auto_run.log'
[2025-11-02 15:15:01] 已后台运行 pid=2263680，详见 /home/yeqi3/cyr/code/LaBraM/log/auto_run.log
[2025-11-02 15:16:01] 启动 'TrainCVLauncher.py' | CUDA_VISIBLE_DEVICES='5,6,7' | LOG='/home/yeqi3/cyr/code/LaBraM/log/auto_run.log'
[2025-11-02 15:16:01] 已后台运行 pid=2268333，详见 /home/yeqi3/cyr/code/LaBraM/log/auto_run.log
[2025-11-02 15:17:02] 启动 'TrainCVLauncher.py' | CUDA_VISIBLE_DEVICES='5,6,7' | LOG='/home/yeqi3/cyr/code/LaBraM/log/auto_run.log'
[2025-11-02 15:17:02] 已后台运行 pid=2273320，详见 /home/yeqi3/cyr/code/LaBraM/log/auto_run.log
[2025-11-02 15:18:01] 启动 'TrainCVLauncher.py' | CUDA_VISIBLE_DEVICES='5,6,7' | LOG='/home/yeqi3/cyr/code/LaBraM/log/auto_run.log'
[2025-11-02 15:18:01] 已后台运行 pid=2277754，详见 /home/yeqi3/cyr/code/LaBraM/log/auto_run.log
[2025-11-02 15:19:01] 启动 'TrainCVLauncher.py' | CUDA_VISIBLE_DEVICES='5,6,7' | LOG='/home/yeqi3/cyr/code/LaBraM/log/auto_run.log'
[2025-11-02 15:19:01] 已后台运行 pid=2282105，详见 /home/yeqi3/cyr/code/LaBraM/log/auto_run.log
[2025-11-02 15:20:02] 启动 'TrainCVLauncher.py' | CUDA_VISIBLE_DEVICES='5,6,7' | LOG='/home/yeqi3/cyr/code/LaBraM/log/auto_run.log'
[2025-11-02 15:20:02] 已后台运行 pid=2286494，详见 /home/yeqi3/cyr/code/LaBraM/log/auto_run.log
[2025-11-02 15:21:01] 启动 'TrainCVLauncher.py' | CUDA_VISIBLE_DEVICES='5,6,7' | LOG='/home/yeqi3/cyr/code/LaBraM/log/auto_run.log'
[2025-11-02 15:21:01] 已后台运行 pid=2291085，详见 /home/yeqi3/cyr/code/LaBraM/log/auto_run.log
[2025-11-02 15:22:02] 启动 'TrainCVLauncher.py' | CUDA_VISIBLE_DEVICES='5,6,7' | LOG='/home/yeqi3/cyr/code/LaBraM/log/auto_run.log'
[2025-11-02 15:22:02] 已后台运行 pid=2295501，详见 /home/yeqi3/cyr/code/LaBraM/log/auto_run.log
[2025-11-02 15:23:01] 启动 'TrainCVLauncher.py' | CUDA_VISIBLE_DEVICES='5,6,7' | LOG='/home/yeqi3/cyr/code/LaBraM/log/auto_run.log'
[2025-11-02 15:23:01] 已后台运行 pid=2299923，详见 /home/yeqi3/cyr/code/LaBraM/log/auto_run.log
[2025-11-02 15:24:02] 启动 'TrainCVLauncher.py' | CUDA_VISIBLE_DEVICES='5,6,7' | LOG='/home/yeqi3/cyr/code/LaBraM/log/auto_run.log'
[2025-11-02 15:24:02] 已后台运行 pid=2304360，详见 /home/yeqi3/cyr/code/LaBraM/log/auto_run.log
[2025-11-02 15:25:01] 启动 'TrainCVLauncher.py' | CUDA_VISIBLE_DEVICES='5,6,7' | LOG='/home/yeqi3/cyr/code/LaBraM/log/auto_run.log'
[2025-11-02 15:25:01] 已后台运行 pid=2308671，详见 /home/yeqi3/cyr/code/LaBraM/log/auto_run.log
[2025-11-02 15:26:01] 启动 'TrainCVLauncher.py' | CUDA_VISIBLE_DEVICES='5,6,7' | LOG='/home/yeqi3/cyr/code/LaBraM/log/auto_run.log'
[2025-11-02 15:26:01] 已后台运行 pid=2313031，详见 /home/yeqi3/cyr/code/LaBraM/log/auto_run.log
[2025-11-02 15:27:02] 启动 'TrainCVLauncher.py' | CUDA_VISIBLE_DEVICES='5,6,7' | LOG='/home/yeqi3/cyr/code/LaBraM/log/auto_run.log'
[2025-11-02 15:27:02] 已后台运行 pid=2317212，详见 /home/yeqi3/cyr/code/LaBraM/log/auto_run.log
[2025-11-02 15:28:01] 启动 'TrainCVLauncher.py' | CUDA_VISIBLE_DEVICES='5,6,7' | LOG='/home/yeqi3/cyr/code/LaBraM/log/auto_run.log'
[2025-11-02 15:28:01] 已后台运行 pid=2321327，详见 /home/yeqi3/cyr/code/LaBraM/log/auto_run.log
[2025-11-02 15:29:01] 启动 'TrainCVLauncher.py' | CUDA_VISIBLE_DEVICES='5,6,7' | LOG='/home/yeqi3/cyr/code/LaBraM/log/auto_run.log'
[2025-11-02 15:29:01] 已后台运行 pid=2325537，详见 /home/yeqi3/cyr/code/LaBraM/log/auto_run.log
[2025-11-02 15:30:02] 启动 'TrainCVLauncher.py' | CUDA_VISIBLE_DEVICES='5,6,7' | LOG='/home/yeqi3/cyr/code/LaBraM/log/auto_run.log'
[2025-11-02 15:30:02] 已后台运行 pid=2329700，详见 /home/yeqi3/cyr/code/LaBraM/log/auto_run.log
[2025-11-02 15:31:01] 启动 'TrainCVLauncher.py' | CUDA_VISIBLE_DEVICES='5,6,7' | LOG='/home/yeqi3/cyr/code/LaBraM/log/auto_run.log'
[2025-11-02 15:31:01] 已后台运行 pid=2334295，详见 /home/yeqi3/cyr/code/LaBraM/log/auto_run.log
[2025-11-02 15:32:02] 启动 'TrainCVLauncher.py' | CUDA_VISIBLE_DEVICES='5,6,7' | LOG='/home/yeqi3/cyr/code/LaBraM/log/auto_run.log'
[2025-11-02 15:32:02] 已后台运行 pid=2338829，详见 /home/yeqi3/cyr/code/LaBraM/log/auto_run.log
[2025-11-02 15:33:01] 启动 'TrainCVLauncher.py' | CUDA_VISIBLE_DEVICES='5,6,7' | LOG='/home/yeqi3/cyr/code/LaBraM/log/auto_run.log'
[2025-11-02 15:33:01] 已后台运行 pid=2343099，详见 /home/yeqi3/cyr/code/LaBraM/log/auto_run.log
[2025-11-02 15:34:02] 启动 'TrainCVLauncher.py' | CUDA_VISIBLE_DEVICES='5,6,7' | LOG='/home/yeqi3/cyr/code/LaBraM/log/auto_run.log'
[2025-11-02 15:34:02] 已后台运行 pid=2347318，详见 /home/yeqi3/cyr/code/LaBraM/log/auto_run.log
[2025-11-02 15:35:01] 启动 'TrainCVLauncher.py' | CUDA_VISIBLE_DEVICES='5,6,7' | LOG='/home/yeqi3/cyr/code/LaBraM/log/auto_run.log'
[2025-11-02 15:35:01] 已后台运行 pid=2351436，详见 /home/yeqi3/cyr/code/LaBraM/log/auto_run.log
[2025-11-03 00:51:01] 启动 'TrainCVLauncher.py' | CUDA_VISIBLE_DEVICES='5,6,7' | LOG='/home/yeqi3/cyr/code/LaBraM/log/auto_run.log'
[2025-11-03 00:51:01] 已后台运行 pid=140731，详见 /home/yeqi3/cyr/code/LaBraM/log/auto_run.log
[2025-11-03 00:52:02] 启动 'TrainCVLauncher.py' | CUDA_VISIBLE_DEVICES='5,6,7' | LOG='/home/yeqi3/cyr/code/LaBraM/log/auto_run.log'
[2025-11-03 00:52:02] 已后台运行 pid=144712，详见 /home/yeqi3/cyr/code/LaBraM/log/auto_run.log
[2025-11-03 00:53:01] 启动 'TrainCVLauncher.py' | CUDA_VISIBLE_DEVICES='5,6,7' | LOG='/home/yeqi3/cyr/code/LaBraM/log/auto_run.log'
[2025-11-03 00:53:01] 已后台运行 pid=148554，详见 /home/yeqi3/cyr/code/LaBraM/log/auto_run.log
[2025-11-03 00:54:02] 启动 'TrainCVLauncher.py' | CUDA_VISIBLE_DEVICES='5,6,7' | LOG='/home/yeqi3/cyr/code/LaBraM/log/auto_run.log'
[2025-11-03 00:54:02] 已后台运行 pid=152407，详见 /home/yeqi3/cyr/code/LaBraM/log/auto_run.log
[2025-11-03 00:55:01] 启动 'TrainCVLauncher.py' | CUDA_VISIBLE_DEVICES='5,6,7' | LOG='/home/yeqi3/cyr/code/LaBraM/log/auto_run.log'
[2025-11-03 00:55:01] 已后台运行 pid=156364，详见 /home/yeqi3/cyr/code/LaBraM/log/auto_run.log
[2025-11-03 00:56:01] 启动 'TrainCVLauncher.py' | CUDA_VISIBLE_DEVICES='5,6,7' | LOG='/home/yeqi3/cyr/code/LaBraM/log/auto_run.log'
[2025-11-03 00:56:01] 已后台运行 pid=160372，详见 /home/yeqi3/cyr/code/LaBraM/log/auto_run.log
[2025-11-03 00:57:02] 启动 'TrainCVLauncher.py' | CUDA_VISIBLE_DEVICES='5,6,7' | LOG='/home/yeqi3/cyr/code/LaBraM/log/auto_run.log'
[2025-11-03 00:57:02] 已后台运行 pid=164650，详见 /home/yeqi3/cyr/code/LaBraM/log/auto_run.log
[2025-11-03 00:58:01] 启动 'TrainCVLauncher.py' | CUDA_VISIBLE_DEVICES='5,6,7' | LOG='/home/yeqi3/cyr/code/LaBraM/log/auto_run.log'
[2025-11-03 00:58:01] 已后台运行 pid=168632，详见 /home/yeqi3/cyr/code/LaBraM/log/auto_run.log
[2025-11-03 00:59:02] 启动 'TrainCVLauncher.py' | CUDA_VISIBLE_DEVICES='5,6,7' | LOG='/home/yeqi3/cyr/code/LaBraM/log/auto_run.log'
[2025-11-03 00:59:02] 已后台运行 pid=172627，详见 /home/yeqi3/cyr/code/LaBraM/log/auto_run.log
[2025-11-03 01:00:01] 启动 'TrainCVLauncher.py' | CUDA_VISIBLE_DEVICES='5,6,7' | LOG='/home/yeqi3/cyr/code/LaBraM/log/auto_run.log'
[2025-11-03 01:00:01] 已后台运行 pid=176650，详见 /home/yeqi3/cyr/code/LaBraM/log/auto_run.log
[2025-11-03 01:01:01] 启动 'TrainCVLauncher.py' | CUDA_VISIBLE_DEVICES='5,6,7' | LOG='/home/yeqi3/cyr/code/LaBraM/log/auto_run.log'
[2025-11-03 01:01:01] 已后台运行 pid=180770，详见 /home/yeqi3/cyr/code/LaBraM/log/auto_run.log
[2025-11-03 01:02:02] 启动 'TrainCVLauncher.py' | CUDA_VISIBLE_DEVICES='5,6,7' | LOG='/home/yeqi3/cyr/code/LaBraM/log/auto_run.log'
[2025-11-03 01:02:02] 已后台运行 pid=185006，详见 /home/yeqi3/cyr/code/LaBraM/log/auto_run.log
[2025-11-03 01:03:01] 启动 'TrainCVLauncher.py' | CUDA_VISIBLE_DEVICES='5,6,7' | LOG='/home/yeqi3/cyr/code/LaBraM/log/auto_run.log'
[2025-11-03 01:03:01] 已后台运行 pid=188874，详见 /home/yeqi3/cyr/code/LaBraM/log/auto_run.log
[2025-11-03 01:04:02] 启动 'TrainCVLauncher.py' | CUDA_VISIBLE_DEVICES='5,6,7' | LOG='/home/yeqi3/cyr/code/LaBraM/log/auto_run.log'
[2025-11-03 01:04:02] 已后台运行 pid=192733，详见 /home/yeqi3/cyr/code/LaBraM/log/auto_run.log
[2025-11-03 01:05:01] 启动 'TrainCVLauncher.py' | CUDA_VISIBLE_DEVICES='5,6,7' | LOG='/home/yeqi3/cyr/code/LaBraM/log/auto_run.log'
[2025-11-03 01:05:01] 已后台运行 pid=196648，详见 /home/yeqi3/cyr/code/LaBraM/log/auto_run.log
[2025-11-03 01:06:01] 启动 'TrainCVLauncher.py' | CUDA_VISIBLE_DEVICES='5,6,7' | LOG='/home/yeqi3/cyr/code/LaBraM/log/auto_run.log'
[2025-11-03 01:06:01] 已后台运行 pid=200654，详见 /home/yeqi3/cyr/code/LaBraM/log/auto_run.log
[2025-11-03 01:07:02] 启动 'TrainCVLauncher.py' | CUDA_VISIBLE_DEVICES='5,6,7' | LOG='/home/yeqi3/cyr/code/LaBraM/log/auto_run.log'
[2025-11-03 01:07:02] 已后台运行 pid=204764，详见 /home/yeqi3/cyr/code/LaBraM/log/auto_run.log
[2025-11-03 01:08:01] 启动 'TrainCVLauncher.py' | CUDA_VISIBLE_DEVICES='5,6,7' | LOG='/home/yeqi3/cyr/code/LaBraM/log/auto_run.log'
[2025-11-03 01:08:01] 已后台运行 pid=208771，详见 /home/yeqi3/cyr/code/LaBraM/log/auto_run.log
[2025-11-03 01:09:02] 启动 'TrainCVLauncher.py' | CUDA_VISIBLE_DEVICES='5,6,7' | LOG='/home/yeqi3/cyr/code/LaBraM/log/auto_run.log'
[2025-11-03 01:09:02] 已后台运行 pid=212841，详见 /home/yeqi3/cyr/code/LaBraM/log/auto_run.log
[2025-11-03 01:10:01] 启动 'TrainCVLauncher.py' | CUDA_VISIBLE_DEVICES='5,6,7' | LOG='/home/yeqi3/cyr/code/LaBraM/log/auto_run.log'
[2025-11-03 01:10:01] 已后台运行 pid=217094，详见 /home/yeqi3/cyr/code/LaBraM/log/auto_run.log
[2025-11-03 01:11:01] 启动 'TrainCVLauncher.py' | CUDA_VISIBLE_DEVICES='5,6,7' | LOG='/home/yeqi3/cyr/code/LaBraM/log/auto_run.log'
[2025-11-03 01:11:01] 已后台运行 pid=221210，详见 /home/yeqi3/cyr/code/LaBraM/log/auto_run.log
[2025-11-03 01:12:02] 启动 'TrainCVLauncher.py' | CUDA_VISIBLE_DEVICES='5,6,7' | LOG='/home/yeqi3/cyr/code/LaBraM/log/auto_run.log'
[2025-11-03 01:12:02] 已后台运行 pid=225411，详见 /home/yeqi3/cyr/code/LaBraM/log/auto_run.log
[2025-11-03 01:13:01] 启动 'TrainCVLauncher.py' | CUDA_VISIBLE_DEVICES='5,6,7' | LOG='/home/yeqi3/cyr/code/LaBraM/log/auto_run.log'
[2025-11-03 01:13:01] 已后台运行 pid=229450，详见 /home/yeqi3/cyr/code/LaBraM/log/auto_run.log
[2025-11-03 01:14:02] 启动 'TrainCVLauncher.py' | CUDA_VISIBLE_DEVICES='5,6,7' | LOG='/home/yeqi3/cyr/code/LaBraM/log/auto_run.log'
[2025-11-03 01:14:02] 已后台运行 pid=233445，详见 /home/yeqi3/cyr/code/LaBraM/log/auto_run.log
[2025-11-03 01:15:01] 启动 'TrainCVLauncher.py' | CUDA_VISIBLE_DEVICES='5,6,7' | LOG='/home/yeqi3/cyr/code/LaBraM/log/auto_run.log'
[2025-11-03 01:15:01] 已后台运行 pid=237404，详见 /home/yeqi3/cyr/code/LaBraM/log/auto_run.log
[2025-11-03 01:16:01] 启动 'TrainCVLauncher.py' | CUDA_VISIBLE_DEVICES='5,6,7' | LOG='/home/yeqi3/cyr/code/LaBraM/log/auto_run.log'
[2025-11-03 01:16:01] 已后台运行 pid=241572，详见 /home/yeqi3/cyr/code/LaBraM/log/auto_run.log
[2025-11-03 01:17:02] 启动 'TrainCVLauncher.py' | CUDA_VISIBLE_DEVICES='5,6,7' | LOG='/home/yeqi3/cyr/code/LaBraM/log/auto_run.log'
[2025-11-03 01:17:02] 已后台运行 pid=245617，详见 /home/yeqi3/cyr/code/LaBraM/log/auto_run.log
[2025-11-03 01:18:01] 启动 'TrainCVLauncher.py' | CUDA_VISIBLE_DEVICES='5,6,7' | LOG='/home/yeqi3/cyr/code/LaBraM/log/auto_run.log'
[2025-11-03 01:18:01] 已后台运行 pid=249553，详见 /home/yeqi3/cyr/code/LaBraM/log/auto_run.log
[2025-11-03 01:19:01] 启动 'TrainCVLauncher.py' | CUDA_VISIBLE_DEVICES='5,6,7' | LOG='/home/yeqi3/cyr/code/LaBraM/log/auto_run.log'
[2025-11-03 01:19:01] 已后台运行 pid=253558，详见 /home/yeqi3/cyr/code/LaBraM/log/auto_run.log
[2025-11-03 01:20:02] 启动 'TrainCVLauncher.py' | CUDA_VISIBLE_DEVICES='5,6,7' | LOG='/home/yeqi3/cyr/code/LaBraM/log/auto_run.log'
[2025-11-03 01:20:02] 已后台运行 pid=257612，详见 /home/yeqi3/cyr/code/LaBraM/log/auto_run.log
[2025-11-03 01:21:01] 启动 'TrainCVLauncher.py' | CUDA_VISIBLE_DEVICES='5,6,7' | LOG='/home/yeqi3/cyr/code/LaBraM/log/auto_run.log'
[2025-11-03 01:21:01] 已后台运行 pid=261647，详见 /home/yeqi3/cyr/code/LaBraM/log/auto_run.log
[2025-11-03 01:22:02] 启动 'TrainCVLauncher.py' | CUDA_VISIBLE_DEVICES='5,6,7' | LOG='/home/yeqi3/cyr/code/LaBraM/log/auto_run.log'
[2025-11-03 01:22:02] 已后台运行 pid=265749，详见 /home/yeqi3/cyr/code/LaBraM/log/auto_run.log
[2025-11-03 01:23:01] 启动 'TrainCVLauncher.py' | CUDA_VISIBLE_DEVICES='5,6,7' | LOG='/home/yeqi3/cyr/code/LaBraM/log/auto_run.log'
[2025-11-03 01:23:01] 已后台运行 pid=269789，详见 /home/yeqi3/cyr/code/LaBraM/log/auto_run.log
[2025-11-03 01:24:01] 启动 'TrainCVLauncher.py' | CUDA_VISIBLE_DEVICES='5,6,7' | LOG='/home/yeqi3/cyr/code/LaBraM/log/auto_run.log'
[2025-11-03 01:24:01] 已后台运行 pid=273744，详见 /home/yeqi3/cyr/code/LaBraM/log/auto_run.log
[2025-11-03 01:25:02] 启动 'TrainCVLauncher.py' | CUDA_VISIBLE_DEVICES='5,6,7' | LOG='/home/yeqi3/cyr/code/LaBraM/log/auto_run.log'
[2025-11-03 01:25:02] 已后台运行 pid=277738，详见 /home/yeqi3/cyr/code/LaBraM/log/auto_run.log
[2025-11-03 01:26:01] 启动 'TrainCVLauncher.py' | CUDA_VISIBLE_DEVICES='5,6,7' | LOG='/home/yeqi3/cyr/code/LaBraM/log/auto_run.log'
[2025-11-03 01:26:01] 已后台运行 pid=281639，详见 /home/yeqi3/cyr/code/LaBraM/log/auto_run.log
[2025-11-03 01:27:02] 启动 'TrainCVLauncher.py' | CUDA_VISIBLE_DEVICES='5,6,7' | LOG='/home/yeqi3/cyr/code/LaBraM/log/auto_run.log'
[2025-11-03 01:27:02] 已后台运行 pid=285868，详见 /home/yeqi3/cyr/code/LaBraM/log/auto_run.log
[2025-11-03 01:28:01] 启动 'TrainCVLauncher.py' | CUDA_VISIBLE_DEVICES='5,6,7' | LOG='/home/yeqi3/cyr/code/LaBraM/log/auto_run.log'
[2025-11-03 01:28:01] 已后台运行 pid=289596，详见 /home/yeqi3/cyr/code/LaBraM/log/auto_run.log
[2025-11-03 01:29:01] 启动 'TrainCVLauncher.py' | CUDA_VISIBLE_DEVICES='5,6,7' | LOG='/home/yeqi3/cyr/code/LaBraM/log/auto_run.log'
[2025-11-03 01:29:01] 已后台运行 pid=293707，详见 /home/yeqi3/cyr/code/LaBraM/log/auto_run.log
[2025-11-03 01:30:02] 启动 'TrainCVLauncher.py' | CUDA_VISIBLE_DEVICES='5,6,7' | LOG='/home/yeqi3/cyr/code/LaBraM/log/auto_run.log'
[2025-11-03 01:30:02] 已后台运行 pid=297763，详见 /home/yeqi3/cyr/code/LaBraM/log/auto_run.log
[2025-11-03 01:31:01] 启动 'TrainCVLauncher.py' | CUDA_VISIBLE_DEVICES='5,6,7' | LOG='/home/yeqi3/cyr/code/LaBraM/log/auto_run.log'
[2025-11-03 01:31:01] 已后台运行 pid=301782，详见 /home/yeqi3/cyr/code/LaBraM/log/auto_run.log
[2025-11-03 01:32:01] 启动 'TrainCVLauncher.py' | CUDA_VISIBLE_DEVICES='5,6,7' | LOG='/home/yeqi3/cyr/code/LaBraM/log/auto_run.log'
[2025-11-03 01:32:01] 已后台运行 pid=305807，详见 /home/yeqi3/cyr/code/LaBraM/log/auto_run.log
[2025-11-03 01:33:02] 启动 'TrainCVLauncher.py' | CUDA_VISIBLE_DEVICES='5,6,7' | LOG='/home/yeqi3/cyr/code/LaBraM/log/auto_run.log'
[2025-11-03 01:33:02] 已后台运行 pid=309765，详见 /home/yeqi3/cyr/code/LaBraM/log/auto_run.log
[2025-11-03 01:34:01] 启动 'TrainCVLauncher.py' | CUDA_VISIBLE_DEVICES='5,6,7' | LOG='/home/yeqi3/cyr/code/LaBraM/log/auto_run.log'
[2025-11-03 01:34:01] 已后台运行 pid=313694，详见 /home/yeqi3/cyr/code/LaBraM/log/auto_run.log
[2025-11-03 01:35:02] 启动 'TrainCVLauncher.py' | CUDA_VISIBLE_DEVICES='5,6,7' | LOG='/home/yeqi3/cyr/code/LaBraM/log/auto_run.log'
[2025-11-03 01:35:02] 已后台运行 pid=317622，详见 /home/yeqi3/cyr/code/LaBraM/log/auto_run.log
[2025-11-03 01:36:01] 启动 'TrainCVLauncher.py' | CUDA_VISIBLE_DEVICES='5,6,7' | LOG='/home/yeqi3/cyr/code/LaBraM/log/auto_run.log'
[2025-11-03 01:36:01] 已后台运行 pid=321506，详见 /home/yeqi3/cyr/code/LaBraM/log/auto_run.log
[2025-11-03 01:37:01] 启动 'TrainCVLauncher.py' | CUDA_VISIBLE_DEVICES='5,6,7' | LOG='/home/yeqi3/cyr/code/LaBraM/log/auto_run.log'
[2025-11-03 01:37:01] 已后台运行 pid=325627，详见 /home/yeqi3/cyr/code/LaBraM/log/auto_run.log
[2025-11-03 01:38:02] 启动 'TrainCVLauncher.py' | CUDA_VISIBLE_DEVICES='5,6,7' | LOG='/home/yeqi3/cyr/code/LaBraM/log/auto_run.log'
[2025-11-03 01:38:02] 已后台运行 pid=329619，详见 /home/yeqi3/cyr/code/LaBraM/log/auto_run.log
[2025-11-03 01:39:01] 启动 'TrainCVLauncher.py' | CUDA_VISIBLE_DEVICES='5,6,7' | LOG='/home/yeqi3/cyr/code/LaBraM/log/auto_run.log'
[2025-11-03 01:39:01] 已后台运行 pid=333528，详见 /home/yeqi3/cyr/code/LaBraM/log/auto_run.log
[2025-11-03 01:40:02] 启动 'TrainCVLauncher.py' | CUDA_VISIBLE_DEVICES='5,6,7' | LOG='/home/yeqi3/cyr/code/LaBraM/log/auto_run.log'
[2025-11-03 01:40:02] 已后台运行 pid=337452，详见 /home/yeqi3/cyr/code/LaBraM/log/auto_run.log
[2025-11-03 01:41:02] 启动 'TrainCVLauncher.py' | CUDA_VISIBLE_DEVICES='5,6,7' | LOG='/home/yeqi3/cyr/code/LaBraM/log/auto_run.log'
[2025-11-03 01:41:02] 已后台运行 pid=341400，详见 /home/yeqi3/cyr/code/LaBraM/log/auto_run.log
[2025-11-03 01:42:01] 启动 'TrainCVLauncher.py' | CUDA_VISIBLE_DEVICES='5,6,7' | LOG='/home/yeqi3/cyr/code/LaBraM/log/auto_run.log'
[2025-11-03 01:42:01] 已后台运行 pid=345297，详见 /home/yeqi3/cyr/code/LaBraM/log/auto_run.log
[2025-11-03 01:43:02] 启动 'TrainCVLauncher.py' | CUDA_VISIBLE_DEVICES='5,6,7' | LOG='/home/yeqi3/cyr/code/LaBraM/log/auto_run.log'
[2025-11-03 01:43:02] 已后台运行 pid=349193，详见 /home/yeqi3/cyr/code/LaBraM/log/auto_run.log
[2025-11-03 01:44:01] 启动 'TrainCVLauncher.py' | CUDA_VISIBLE_DEVICES='5,6,7' | LOG='/home/yeqi3/cyr/code/LaBraM/log/auto_run.log'
[2025-11-03 01:44:01] 已后台运行 pid=352968，详见 /home/yeqi3/cyr/code/LaBraM/log/auto_run.log
[2025-11-03 01:45:01] 启动 'TrainCVLauncher.py' | CUDA_VISIBLE_DEVICES='5,6,7' | LOG='/home/yeqi3/cyr/code/LaBraM/log/auto_run.log'
[2025-11-03 01:45:01] 已后台运行 pid=356742，详见 /home/yeqi3/cyr/code/LaBraM/log/auto_run.log
[2025-11-03 01:46:02] 启动 'TrainCVLauncher.py' | CUDA_VISIBLE_DEVICES='5,6,7' | LOG='/home/yeqi3/cyr/code/LaBraM/log/auto_run.log'
[2025-11-03 01:46:02] 已后台运行 pid=360417，详见 /home/yeqi3/cyr/code/LaBraM/log/auto_run.log
[2025-11-03 01:47:01] 启动 'TrainCVLauncher.py' | CUDA_VISIBLE_DEVICES='5,6,7' | LOG='/home/yeqi3/cyr/code/LaBraM/log/auto_run.log'
[2025-11-03 01:47:01] 已后台运行 pid=364295，详见 /home/yeqi3/cyr/code/LaBraM/log/auto_run.log
[2025-11-03 01:48:02] 启动 'TrainCVLauncher.py' | CUDA_VISIBLE_DEVICES='5,6,7' | LOG='/home/yeqi3/cyr/code/LaBraM/log/auto_run.log'
[2025-11-03 01:48:02] 已后台运行 pid=368118，详见 /home/yeqi3/cyr/code/LaBraM/log/auto_run.log
[2025-11-03 01:49:01] 启动 'TrainCVLauncher.py' | CUDA_VISIBLE_DEVICES='5,6,7' | LOG='/home/yeqi3/cyr/code/LaBraM/log/auto_run.log'
[2025-11-03 01:49:01] 已后台运行 pid=371881，详见 /home/yeqi3/cyr/code/LaBraM/log/auto_run.log
[2025-11-03 01:50:01] 启动 'TrainCVLauncher.py' | CUDA_VISIBLE_DEVICES='5,6,7' | LOG='/home/yeqi3/cyr/code/LaBraM/log/auto_run.log'
[2025-11-03 01:50:01] 已后台运行 pid=375618，详见 /home/yeqi3/cyr/code/LaBraM/log/auto_run.log
[2025-11-03 01:51:02] 启动 'TrainCVLauncher.py' | CUDA_VISIBLE_DEVICES='5,6,7' | LOG='/home/yeqi3/cyr/code/LaBraM/log/auto_run.log'
[2025-11-03 01:51:02] 已后台运行 pid=379532，详见 /home/yeqi3/cyr/code/LaBraM/log/auto_run.log
[2025-11-03 01:52:01] 启动 'TrainCVLauncher.py' | CUDA_VISIBLE_DEVICES='5,6,7' | LOG='/home/yeqi3/cyr/code/LaBraM/log/auto_run.log'
[2025-11-03 01:52:01] 已后台运行 pid=383398，详见 /home/yeqi3/cyr/code/LaBraM/log/auto_run.log
[2025-11-03 01:53:02] 启动 'TrainCVLauncher.py' | CUDA_VISIBLE_DEVICES='5,6,7' | LOG='/home/yeqi3/cyr/code/LaBraM/log/auto_run.log'
[2025-11-03 01:53:02] 已后台运行 pid=387312，详见 /home/yeqi3/cyr/code/LaBraM/log/auto_run.log
[2025-11-03 01:54:01] 启动 'TrainCVLauncher.py' | CUDA_VISIBLE_DEVICES='5,6,7' | LOG='/home/yeqi3/cyr/code/LaBraM/log/auto_run.log'
[2025-11-03 01:54:01] 已后台运行 pid=391052，详见 /home/yeqi3/cyr/code/LaBraM/log/auto_run.log
[2025-11-03 01:55:01] 启动 'TrainCVLauncher.py' | CUDA_VISIBLE_DEVICES='5,6,7' | LOG='/home/yeqi3/cyr/code/LaBraM/log/auto_run.log'
[2025-11-03 01:55:01] 已后台运行 pid=394813，详见 /home/yeqi3/cyr/code/LaBraM/log/auto_run.log
[2025-11-03 01:56:02] 启动 'TrainCVLauncher.py' | CUDA_VISIBLE_DEVICES='5,6,7' | LOG='/home/yeqi3/cyr/code/LaBraM/log/auto_run.log'
[2025-11-03 01:56:02] 已后台运行 pid=398559，详见 /home/yeqi3/cyr/code/LaBraM/log/auto_run.log
[2025-11-03 01:57:01] 启动 'TrainCVLauncher.py' | CUDA_VISIBLE_DEVICES='5,6,7' | LOG='/home/yeqi3/cyr/code/LaBraM/log/auto_run.log'
[2025-11-03 01:57:01] 已后台运行 pid=402282，详见 /home/yeqi3/cyr/code/LaBraM/log/auto_run.log
[2025-11-03 01:58:01] 启动 'TrainCVLauncher.py' | CUDA_VISIBLE_DEVICES='5,6,7' | LOG='/home/yeqi3/cyr/code/LaBraM/log/auto_run.log'
[2025-11-03 01:58:01] 已后台运行 pid=406104，详见 /home/yeqi3/cyr/code/LaBraM/log/auto_run.log
[2025-11-03 01:59:02] 启动 'TrainCVLauncher.py' | CUDA_VISIBLE_DEVICES='5,6,7' | LOG='/home/yeqi3/cyr/code/LaBraM/log/auto_run.log'
[2025-11-03 01:59:02] 已后台运行 pid=409925，详见 /home/yeqi3/cyr/code/LaBraM/log/auto_run.log
[2025-11-03 02:00:01] 启动 'TrainCVLauncher.py' | CUDA_VISIBLE_DEVICES='5,6,7' | LOG='/home/yeqi3/cyr/code/LaBraM/log/auto_run.log'
[2025-11-03 02:00:01] 已后台运行 pid=413729，详见 /home/yeqi3/cyr/code/LaBraM/log/auto_run.log
[2025-11-03 02:01:02] 启动 'TrainCVLauncher.py' | CUDA_VISIBLE_DEVICES='5,6,7' | LOG='/home/yeqi3/cyr/code/LaBraM/log/auto_run.log'
[2025-11-03 02:01:02] 已后台运行 pid=417623，详见 /home/yeqi3/cyr/code/LaBraM/log/auto_run.log
[2025-11-03 02:02:01] 启动 'TrainCVLauncher.py' | CUDA_VISIBLE_DEVICES='5,6,7' | LOG='/home/yeqi3/cyr/code/LaBraM/log/auto_run.log'
[2025-11-03 02:02:01] 已后台运行 pid=421488，详见 /home/yeqi3/cyr/code/LaBraM/log/auto_run.log
[2025-11-03 02:03:01] 启动 'TrainCVLauncher.py' | CUDA_VISIBLE_DEVICES='5,6,7' | LOG='/home/yeqi3/cyr/code/LaBraM/log/auto_run.log'
[2025-11-03 02:03:01] 已后台运行 pid=425249，详见 /home/yeqi3/cyr/code/LaBraM/log/auto_run.log
[2025-11-03 02:04:02] 启动 'TrainCVLauncher.py' | CUDA_VISIBLE_DEVICES='5,6,7' | LOG='/home/yeqi3/cyr/code/LaBraM/log/auto_run.log'
[2025-11-03 02:04:02] 已后台运行 pid=429030，详见 /home/yeqi3/cyr/code/LaBraM/log/auto_run.log
[2025-11-03 02:05:01] 启动 'TrainCVLauncher.py' | CUDA_VISIBLE_DEVICES='5,6,7' | LOG='/home/yeqi3/cyr/code/LaBraM/log/auto_run.log'
[2025-11-03 02:05:01] 已后台运行 pid=432738，详见 /home/yeqi3/cyr/code/LaBraM/log/auto_run.log
[2025-11-03 02:06:02] 启动 'TrainCVLauncher.py' | CUDA_VISIBLE_DEVICES='5,6,7' | LOG='/home/yeqi3/cyr/code/LaBraM/log/auto_run.log'
[2025-11-03 02:06:02] 已后台运行 pid=436608，详见 /home/yeqi3/cyr/code/LaBraM/log/auto_run.log
[2025-11-03 02:07:01] 启动 'TrainCVLauncher.py' | CUDA_VISIBLE_DEVICES='5,6,7' | LOG='/home/yeqi3/cyr/code/LaBraM/log/auto_run.log'
[2025-11-03 02:07:01] 已后台运行 pid=440522，详见 /home/yeqi3/cyr/code/LaBraM/log/auto_run.log
[2025-11-03 02:08:01] 启动 'TrainCVLauncher.py' | CUDA_VISIBLE_DEVICES='5,6,7' | LOG='/home/yeqi3/cyr/code/LaBraM/log/auto_run.log'
[2025-11-03 02:08:01] 已后台运行 pid=444459，详见 /home/yeqi3/cyr/code/LaBraM/log/auto_run.log
[2025-11-03 02:09:02] 启动 'TrainCVLauncher.py' | CUDA_VISIBLE_DEVICES='5,6,7' | LOG='/home/yeqi3/cyr/code/LaBraM/log/auto_run.log'
[2025-11-03 02:09:02] 已后台运行 pid=448319，详见 /home/yeqi3/cyr/code/LaBraM/log/auto_run.log
[2025-11-03 02:10:01] 启动 'TrainCVLauncher.py' | CUDA_VISIBLE_DEVICES='5,6,7' | LOG='/home/yeqi3/cyr/code/LaBraM/log/auto_run.log'
[2025-11-03 02:10:01] 已后台运行 pid=452100，详见 /home/yeqi3/cyr/code/LaBraM/log/auto_run.log
[2025-11-03 02:11:01] 启动 'TrainCVLauncher.py' | CUDA_VISIBLE_DEVICES='5,6,7' | LOG='/home/yeqi3/cyr/code/LaBraM/log/auto_run.log'
[2025-11-03 02:11:01] 已后台运行 pid=455917，详见 /home/yeqi3/cyr/code/LaBraM/log/auto_run.log
[2025-11-03 02:12:02] 启动 'TrainCVLauncher.py' | CUDA_VISIBLE_DEVICES='5,6,7' | LOG='/home/yeqi3/cyr/code/LaBraM/log/auto_run.log'
[2025-11-03 02:12:02] 已后台运行 pid=459802，详见 /home/yeqi3/cyr/code/LaBraM/log/auto_run.log
[2025-11-03 02:13:01] 启动 'TrainCVLauncher.py' | CUDA_VISIBLE_DEVICES='5,6,7' | LOG='/home/yeqi3/cyr/code/LaBraM/log/auto_run.log'
[2025-11-03 02:13:01] 已后台运行 pid=463551，详见 /home/yeqi3/cyr/code/LaBraM/log/auto_run.log
[2025-11-03 02:14:02] 启动 'TrainCVLauncher.py' | CUDA_VISIBLE_DEVICES='5,6,7' | LOG='/home/yeqi3/cyr/code/LaBraM/log/auto_run.log'
[2025-11-03 02:14:02] 已后台运行 pid=467344，详见 /home/yeqi3/cyr/code/LaBraM/log/auto_run.log
[2025-11-03 02:15:01] 启动 'TrainCVLauncher.py' | CUDA_VISIBLE_DEVICES='5,6,7' | LOG='/home/yeqi3/cyr/code/LaBraM/log/auto_run.log'
[2025-11-03 02:15:01] 已后台运行 pid=471053，详见 /home/yeqi3/cyr/code/LaBraM/log/auto_run.log
[2025-11-03 02:16:01] 启动 'TrainCVLauncher.py' | CUDA_VISIBLE_DEVICES='5,6,7' | LOG='/home/yeqi3/cyr/code/LaBraM/log/auto_run.log'
[2025-11-03 02:16:01] 已后台运行 pid=474778，详见 /home/yeqi3/cyr/code/LaBraM/log/auto_run.log
[2025-11-03 02:17:02] 启动 'TrainCVLauncher.py' | CUDA_VISIBLE_DEVICES='5,6,7' | LOG='/home/yeqi3/cyr/code/LaBraM/log/auto_run.log'
[2025-11-03 02:17:02] 已后台运行 pid=478682，详见 /home/yeqi3/cyr/code/LaBraM/log/auto_run.log
[2025-11-03 02:18:01] 启动 'TrainCVLauncher.py' | CUDA_VISIBLE_DEVICES='5,6,7' | LOG='/home/yeqi3/cyr/code/LaBraM/log/auto_run.log'
[2025-11-03 02:18:01] 已后台运行 pid=482448，详见 /home/yeqi3/cyr/code/LaBraM/log/auto_run.log
[2025-11-03 02:19:02] 启动 'TrainCVLauncher.py' | CUDA_VISIBLE_DEVICES='5,6,7' | LOG='/home/yeqi3/cyr/code/LaBraM/log/auto_run.log'
[2025-11-03 02:19:02] 已后台运行 pid=486394，详见 /home/yeqi3/cyr/code/LaBraM/log/auto_run.log
[2025-11-03 02:20:01] 启动 'TrainCVLauncher.py' | CUDA_VISIBLE_DEVICES='5,6,7' | LOG='/home/yeqi3/cyr/code/LaBraM/log/auto_run.log'
[2025-11-03 02:20:01] 已后台运行 pid=490169，详见 /home/yeqi3/cyr/code/LaBraM/log/auto_run.log
[2025-11-03 02:21:01] 启动 'TrainCVLauncher.py' | CUDA_VISIBLE_DEVICES='5,6,7' | LOG='/home/yeqi3/cyr/code/LaBraM/log/auto_run.log'
[2025-11-03 02:21:01] 已后台运行 pid=494026，详见 /home/yeqi3/cyr/code/LaBraM/log/auto_run.log
[2025-11-03 02:22:02] 启动 'TrainCVLauncher.py' | CUDA_VISIBLE_DEVICES='5,6,7' | LOG='/home/yeqi3/cyr/code/LaBraM/log/auto_run.log'
[2025-11-03 02:22:02] 已后台运行 pid=497934，详见 /home/yeqi3/cyr/code/LaBraM/log/auto_run.log
[2025-11-03 02:23:01] 启动 'TrainCVLauncher.py' | CUDA_VISIBLE_DEVICES='5,6,7' | LOG='/home/yeqi3/cyr/code/LaBraM/log/auto_run.log'
[2025-11-03 02:23:01] 已后台运行 pid=501704，详见 /home/yeqi3/cyr/code/LaBraM/log/auto_run.log
[2025-11-03 02:24:02] 启动 'TrainCVLauncher.py' | CUDA_VISIBLE_DEVICES='5,6,7' | LOG='/home/yeqi3/cyr/code/LaBraM/log/auto_run.log'
[2025-11-03 02:24:02] 已后台运行 pid=505475，详见 /home/yeqi3/cyr/code/LaBraM/log/auto_run.log
[2025-11-03 02:25:01] 启动 'TrainCVLauncher.py' | CUDA_VISIBLE_DEVICES='5,6,7' | LOG='/home/yeqi3/cyr/code/LaBraM/log/auto_run.log'
[2025-11-03 02:25:01] 已后台运行 pid=509180，详见 /home/yeqi3/cyr/code/LaBraM/log/auto_run.log
[2025-11-03 02:26:01] 启动 'TrainCVLauncher.py' | CUDA_VISIBLE_DEVICES='5,6,7' | LOG='/home/yeqi3/cyr/code/LaBraM/log/auto_run.log'
[2025-11-03 02:26:01] 已后台运行 pid=512927，详见 /home/yeqi3/cyr/code/LaBraM/log/auto_run.log
[2025-11-03 02:27:02] 启动 'TrainCVLauncher.py' | CUDA_VISIBLE_DEVICES='5,6,7' | LOG='/home/yeqi3/cyr/code/LaBraM/log/auto_run.log'
[2025-11-03 02:27:02] 已后台运行 pid=516816，详见 /home/yeqi3/cyr/code/LaBraM/log/auto_run.log
[2025-11-03 02:28:01] 启动 'TrainCVLauncher.py' | CUDA_VISIBLE_DEVICES='5,6,7' | LOG='/home/yeqi3/cyr/code/LaBraM/log/auto_run.log'
[2025-11-03 02:28:01] 已后台运行 pid=520605，详见 /home/yeqi3/cyr/code/LaBraM/log/auto_run.log
[2025-11-03 02:29:02] 启动 'TrainCVLauncher.py' | CUDA_VISIBLE_DEVICES='5,6,7' | LOG='/home/yeqi3/cyr/code/LaBraM/log/auto_run.log'
[2025-11-03 02:29:02] 已后台运行 pid=524385，详见 /home/yeqi3/cyr/code/LaBraM/log/auto_run.log
[2025-11-03 02:30:01] 启动 'TrainCVLauncher.py' | CUDA_VISIBLE_DEVICES='5,6,7' | LOG='/home/yeqi3/cyr/code/LaBraM/log/auto_run.log'
[2025-11-03 02:30:01] 已后台运行 pid=528358，详见 /home/yeqi3/cyr/code/LaBraM/log/auto_run.log
[2025-11-03 02:31:01] 启动 'TrainCVLauncher.py' | CUDA_VISIBLE_DEVICES='5,6,7' | LOG='/home/yeqi3/cyr/code/LaBraM/log/auto_run.log'
[2025-11-03 02:31:01] 已后台运行 pid=532542，详见 /home/yeqi3/cyr/code/LaBraM/log/auto_run.log
[2025-11-03 02:32:02] 启动 'TrainCVLauncher.py' | CUDA_VISIBLE_DEVICES='5,6,7' | LOG='/home/yeqi3/cyr/code/LaBraM/log/auto_run.log'
[2025-11-03 02:32:02] 已后台运行 pid=536861，详见 /home/yeqi3/cyr/code/LaBraM/log/auto_run.log
[2025-11-03 02:33:01] 启动 'TrainCVLauncher.py' | CUDA_VISIBLE_DEVICES='5,6,7' | LOG='/home/yeqi3/cyr/code/LaBraM/log/auto_run.log'
[2025-11-03 02:33:01] 已后台运行 pid=540909，详见 /home/yeqi3/cyr/code/LaBraM/log/auto_run.log
[2025-11-03 02:34:01] 启动 'TrainCVLauncher.py' | CUDA_VISIBLE_DEVICES='5,6,7' | LOG='/home/yeqi3/cyr/code/LaBraM/log/auto_run.log'
[2025-11-03 02:34:01] 已后台运行 pid=544940，详见 /home/yeqi3/cyr/code/LaBraM/log/auto_run.log
[2025-11-03 02:35:02] 启动 'TrainCVLauncher.py' | CUDA_VISIBLE_DEVICES='5,6,7' | LOG='/home/yeqi3/cyr/code/LaBraM/log/auto_run.log'
[2025-11-03 02:35:02] 已后台运行 pid=548955，详见 /home/yeqi3/cyr/code/LaBraM/log/auto_run.log
[2025-11-03 02:36:01] 启动 'TrainCVLauncher.py' | CUDA_VISIBLE_DEVICES='5,6,7' | LOG='/home/yeqi3/cyr/code/LaBraM/log/auto_run.log'
[2025-11-03 02:36:01] 已后台运行 pid=552858，详见 /home/yeqi3/cyr/code/LaBraM/log/auto_run.log
[2025-11-03 02:37:02] 启动 'TrainCVLauncher.py' | CUDA_VISIBLE_DEVICES='5,6,7' | LOG='/home/yeqi3/cyr/code/LaBraM/log/auto_run.log'
[2025-11-03 02:37:02] 已后台运行 pid=557068，详见 /home/yeqi3/cyr/code/LaBraM/log/auto_run.log
[2025-11-03 02:38:01] 启动 'TrainCVLauncher.py' | CUDA_VISIBLE_DEVICES='5,6,7' | LOG='/home/yeqi3/cyr/code/LaBraM/log/auto_run.log'
[2025-11-03 02:38:01] 已后台运行 pid=561116，详见 /home/yeqi3/cyr/code/LaBraM/log/auto_run.log
[2025-11-03 02:39:01] 启动 'TrainCVLauncher.py' | CUDA_VISIBLE_DEVICES='5,6,7' | LOG='/home/yeqi3/cyr/code/LaBraM/log/auto_run.log'
[2025-11-03 02:39:01] 已后台运行 pid=565077，详见 /home/yeqi3/cyr/code/LaBraM/log/auto_run.log
[2025-11-03 02:40:02] 启动 'TrainCVLauncher.py' | CUDA_VISIBLE_DEVICES='5,6,7' | LOG='/home/yeqi3/cyr/code/LaBraM/log/auto_run.log'
[2025-11-03 02:40:02] 已后台运行 pid=569145，详见 /home/yeqi3/cyr/code/LaBraM/log/auto_run.log
[2025-11-03 02:41:01] 启动 'TrainCVLauncher.py' | CUDA_VISIBLE_DEVICES='5,6,7' | LOG='/home/yeqi3/cyr/code/LaBraM/log/auto_run.log'
[2025-11-03 02:41:01] 已后台运行 pid=573285，详见 /home/yeqi3/cyr/code/LaBraM/log/auto_run.log
[2025-11-03 02:42:02] 启动 'TrainCVLauncher.py' | CUDA_VISIBLE_DEVICES='5,6,7' | LOG='/home/yeqi3/cyr/code/LaBraM/log/auto_run.log'
[2025-11-03 02:42:02] 已后台运行 pid=577446，详见 /home/yeqi3/cyr/code/LaBraM/log/auto_run.log
[2025-11-03 02:43:01] 启动 'TrainCVLauncher.py' | CUDA_VISIBLE_DEVICES='5,6,7' | LOG='/home/yeqi3/cyr/code/LaBraM/log/auto_run.log'
[2025-11-03 02:43:01] 已后台运行 pid=581424，详见 /home/yeqi3/cyr/code/LaBraM/log/auto_run.log
[2025-11-03 02:44:01] 启动 'TrainCVLauncher.py' | CUDA_VISIBLE_DEVICES='5,6,7' | LOG='/home/yeqi3/cyr/code/LaBraM/log/auto_run.log'
[2025-11-03 02:44:01] 已后台运行 pid=585503，详见 /home/yeqi3/cyr/code/LaBraM/log/auto_run.log
[2025-11-03 02:45:02] 启动 'TrainCVLauncher.py' | CUDA_VISIBLE_DEVICES='5,6,7' | LOG='/home/yeqi3/cyr/code/LaBraM/log/auto_run.log'
[2025-11-03 02:45:02] 已后台运行 pid=589742，详见 /home/yeqi3/cyr/code/LaBraM/log/auto_run.log
[2025-11-03 02:46:01] 启动 'TrainCVLauncher.py' | CUDA_VISIBLE_DEVICES='5,6,7' | LOG='/home/yeqi3/cyr/code/LaBraM/log/auto_run.log'
[2025-11-03 02:46:01] 已后台运行 pid=593771，详见 /home/yeqi3/cyr/code/LaBraM/log/auto_run.log
[2025-11-03 02:47:02] 启动 'TrainCVLauncher.py' | CUDA_VISIBLE_DEVICES='5,6,7' | LOG='/home/yeqi3/cyr/code/LaBraM/log/auto_run.log'
[2025-11-03 02:47:02] 已后台运行 pid=597927，详见 /home/yeqi3/cyr/code/LaBraM/log/auto_run.log
[2025-11-03 02:48:01] 启动 'TrainCVLauncher.py' | CUDA_VISIBLE_DEVICES='5,6,7' | LOG='/home/yeqi3/cyr/code/LaBraM/log/auto_run.log'
[2025-11-03 02:48:01] 已后台运行 pid=601826，详见 /home/yeqi3/cyr/code/LaBraM/log/auto_run.log
[2025-11-03 02:49:01] 启动 'TrainCVLauncher.py' | CUDA_VISIBLE_DEVICES='5,6,7' | LOG='/home/yeqi3/cyr/code/LaBraM/log/auto_run.log'
[2025-11-03 02:49:01] 已后台运行 pid=605786，详见 /home/yeqi3/cyr/code/LaBraM/log/auto_run.log
[2025-11-03 02:50:02] 启动 'TrainCVLauncher.py' | CUDA_VISIBLE_DEVICES='5,6,7' | LOG='/home/yeqi3/cyr/code/LaBraM/log/auto_run.log'
[2025-11-03 02:50:02] 已后台运行 pid=609950，详见 /home/yeqi3/cyr/code/LaBraM/log/auto_run.log
[2025-11-03 02:51:01] 启动 'TrainCVLauncher.py' | CUDA_VISIBLE_DEVICES='5,6,7' | LOG='/home/yeqi3/cyr/code/LaBraM/log/auto_run.log'
[2025-11-03 02:51:01] 已后台运行 pid=614126，详见 /home/yeqi3/cyr/code/LaBraM/log/auto_run.log
[2025-11-03 02:52:01] 启动 'TrainCVLauncher.py' | CUDA_VISIBLE_DEVICES='5,6,7' | LOG='/home/yeqi3/cyr/code/LaBraM/log/auto_run.log'
[2025-11-03 02:52:01] 已后台运行 pid=618060，详见 /home/yeqi3/cyr/code/LaBraM/log/auto_run.log
[2025-11-03 02:53:02] 启动 'TrainCVLauncher.py' | CUDA_VISIBLE_DEVICES='5,6,7' | LOG='/home/yeqi3/cyr/code/LaBraM/log/auto_run.log'
[2025-11-03 02:53:02] 已后台运行 pid=621833，详见 /home/yeqi3/cyr/code/LaBraM/log/auto_run.log
[2025-11-03 02:54:01] 启动 'TrainCVLauncher.py' | CUDA_VISIBLE_DEVICES='5,6,7' | LOG='/home/yeqi3/cyr/code/LaBraM/log/auto_run.log'
[2025-11-03 02:54:01] 已后台运行 pid=625644，详见 /home/yeqi3/cyr/code/LaBraM/log/auto_run.log
[2025-11-03 02:55:02] 启动 'TrainCVLauncher.py' | CUDA_VISIBLE_DEVICES='5,6,7' | LOG='/home/yeqi3/cyr/code/LaBraM/log/auto_run.log'
[2025-11-03 02:55:02] 已后台运行 pid=629496，详见 /home/yeqi3/cyr/code/LaBraM/log/auto_run.log
[2025-11-03 02:56:01] 启动 'TrainCVLauncher.py' | CUDA_VISIBLE_DEVICES='5,6,7' | LOG='/home/yeqi3/cyr/code/LaBraM/log/auto_run.log'
[2025-11-03 02:56:01] 已后台运行 pid=633364，详见 /home/yeqi3/cyr/code/LaBraM/log/auto_run.log
[2025-11-03 02:57:01] 启动 'TrainCVLauncher.py' | CUDA_VISIBLE_DEVICES='5,6,7' | LOG='/home/yeqi3/cyr/code/LaBraM/log/auto_run.log'
[2025-11-03 02:57:01] 已后台运行 pid=637335，详见 /home/yeqi3/cyr/code/LaBraM/log/auto_run.log
[2025-11-03 02:58:02] 启动 'TrainCVLauncher.py' | CUDA_VISIBLE_DEVICES='5,6,7' | LOG='/home/yeqi3/cyr/code/LaBraM/log/auto_run.log'
[2025-11-03 02:58:02] 已后台运行 pid=641331，详见 /home/yeqi3/cyr/code/LaBraM/log/auto_run.log
[2025-11-03 02:59:01] 启动 'TrainCVLauncher.py' | CUDA_VISIBLE_DEVICES='5,6,7' | LOG='/home/yeqi3/cyr/code/LaBraM/log/auto_run.log'
[2025-11-03 02:59:01] 已后台运行 pid=645151，详见 /home/yeqi3/cyr/code/LaBraM/log/auto_run.log
[2025-11-03 03:00:01] 启动 'TrainCVLauncher.py' | CUDA_VISIBLE_DEVICES='5,6,7' | LOG='/home/yeqi3/cyr/code/LaBraM/log/auto_run.log'
[2025-11-03 03:00:02] 已后台运行 pid=649074，详见 /home/yeqi3/cyr/code/LaBraM/log/auto_run.log
[2025-11-03 03:01:02] 启动 'TrainCVLauncher.py' | CUDA_VISIBLE_DEVICES='5,6,7' | LOG='/home/yeqi3/cyr/code/LaBraM/log/auto_run.log'
[2025-11-03 03:01:02] 已后台运行 pid=652984，详见 /home/yeqi3/cyr/code/LaBraM/log/auto_run.log
[2025-11-03 03:02:01] 启动 'TrainCVLauncher.py' | CUDA_VISIBLE_DEVICES='5,6,7' | LOG='/home/yeqi3/cyr/code/LaBraM/log/auto_run.log'
[2025-11-03 03:02:01] 已后台运行 pid=656877，详见 /home/yeqi3/cyr/code/LaBraM/log/auto_run.log
[2025-11-03 03:03:02] 启动 'TrainCVLauncher.py' | CUDA_VISIBLE_DEVICES='5,6,7' | LOG='/home/yeqi3/cyr/code/LaBraM/log/auto_run.log'
[2025-11-03 03:03:02] 已后台运行 pid=660713，详见 /home/yeqi3/cyr/code/LaBraM/log/auto_run.log
[2025-11-03 03:04:01] 启动 'TrainCVLauncher.py' | CUDA_VISIBLE_DEVICES='5,6,7' | LOG='/home/yeqi3/cyr/code/LaBraM/log/auto_run.log'
[2025-11-03 03:04:01] 已后台运行 pid=664520，详见 /home/yeqi3/cyr/code/LaBraM/log/auto_run.log
[2025-11-03 03:05:01] 启动 'TrainCVLauncher.py' | CUDA_VISIBLE_DEVICES='5,6,7' | LOG='/home/yeqi3/cyr/code/LaBraM/log/auto_run.log'
[2025-11-03 03:05:01] 已后台运行 pid=668379，详见 /home/yeqi3/cyr/code/LaBraM/log/auto_run.log
[2025-11-03 03:06:02] 启动 'TrainCVLauncher.py' | CUDA_VISIBLE_DEVICES='5,6,7' | LOG='/home/yeqi3/cyr/code/LaBraM/log/auto_run.log'
[2025-11-03 03:06:02] 已后台运行 pid=672186，详见 /home/yeqi3/cyr/code/LaBraM/log/auto_run.log
[2025-11-03 03:07:01] 启动 'TrainCVLauncher.py' | CUDA_VISIBLE_DEVICES='5,6,7' | LOG='/home/yeqi3/cyr/code/LaBraM/log/auto_run.log'
[2025-11-03 03:07:01] 已后台运行 pid=676083，详见 /home/yeqi3/cyr/code/LaBraM/log/auto_run.log
[2025-11-03 03:08:02] 启动 'TrainCVLauncher.py' | CUDA_VISIBLE_DEVICES='5,6,7' | LOG='/home/yeqi3/cyr/code/LaBraM/log/auto_run.log'
[2025-11-03 03:08:02] 已后台运行 pid=679963，详见 /home/yeqi3/cyr/code/LaBraM/log/auto_run.log
[2025-11-03 03:09:01] 启动 'TrainCVLauncher.py' | CUDA_VISIBLE_DEVICES='5,6,7' | LOG='/home/yeqi3/cyr/code/LaBraM/log/auto_run.log'
[2025-11-03 03:09:01] 已后台运行 pid=683812，详见 /home/yeqi3/cyr/code/LaBraM/log/auto_run.log
[2025-11-03 03:10:01] 启动 'TrainCVLauncher.py' | CUDA_VISIBLE_DEVICES='5,6,7' | LOG='/home/yeqi3/cyr/code/LaBraM/log/auto_run.log'
[2025-11-03 03:10:01] 已后台运行 pid=687897，详见 /home/yeqi3/cyr/code/LaBraM/log/auto_run.log
[2025-11-03 03:11:02] 启动 'TrainCVLauncher.py' | CUDA_VISIBLE_DEVICES='5,6,7' | LOG='/home/yeqi3/cyr/code/LaBraM/log/auto_run.log'
[2025-11-03 03:11:02] 已后台运行 pid=691847，详见 /home/yeqi3/cyr/code/LaBraM/log/auto_run.log
[2025-11-03 03:12:01] 启动 'TrainCVLauncher.py' | CUDA_VISIBLE_DEVICES='5,6,7' | LOG='/home/yeqi3/cyr/code/LaBraM/log/auto_run.log'
[2025-11-03 03:12:01] 已后台运行 pid=695645，详见 /home/yeqi3/cyr/code/LaBraM/log/auto_run.log
[2025-11-03 03:13:01] 启动 'TrainCVLauncher.py' | CUDA_VISIBLE_DEVICES='5,6,7' | LOG='/home/yeqi3/cyr/code/LaBraM/log/auto_run.log'
[2025-11-03 03:13:01] 已后台运行 pid=699459，详见 /home/yeqi3/cyr/code/LaBraM/log/auto_run.log
[2025-11-03 03:14:02] 启动 'TrainCVLauncher.py' | CUDA_VISIBLE_DEVICES='5,6,7' | LOG='/home/yeqi3/cyr/code/LaBraM/log/auto_run.log'
[2025-11-03 03:14:02] 已后台运行 pid=703284，详见 /home/yeqi3/cyr/code/LaBraM/log/auto_run.log
[2025-11-03 03:15:01] 启动 'TrainCVLauncher.py' | CUDA_VISIBLE_DEVICES='5,6,7' | LOG='/home/yeqi3/cyr/code/LaBraM/log/auto_run.log'
[2025-11-03 03:15:01] 已后台运行 pid=707067，详见 /home/yeqi3/cyr/code/LaBraM/log/auto_run.log
[2025-11-03 03:16:02] 启动 'TrainCVLauncher.py' | CUDA_VISIBLE_DEVICES='5,6,7' | LOG='/home/yeqi3/cyr/code/LaBraM/log/auto_run.log'
[2025-11-03 03:16:02] 已后台运行 pid=711027，详见 /home/yeqi3/cyr/code/LaBraM/log/auto_run.log
[2025-11-03 03:17:01] 启动 'TrainCVLauncher.py' | CUDA_VISIBLE_DEVICES='5,6,7' | LOG='/home/yeqi3/cyr/code/LaBraM/log/auto_run.log'
[2025-11-03 03:17:01] 已后台运行 pid=715304，详见 /home/yeqi3/cyr/code/LaBraM/log/auto_run.log
[2025-11-03 03:18:01] 启动 'TrainCVLauncher.py' | CUDA_VISIBLE_DEVICES='5,6,7' | LOG='/home/yeqi3/cyr/code/LaBraM/log/auto_run.log'
[2025-11-03 03:18:01] 已后台运行 pid=719545，详见 /home/yeqi3/cyr/code/LaBraM/log/auto_run.log
[2025-11-03 03:19:02] 启动 'TrainCVLauncher.py' | CUDA_VISIBLE_DEVICES='5,6,7' | LOG='/home/yeqi3/cyr/code/LaBraM/log/auto_run.log'
[2025-11-03 03:19:02] 已后台运行 pid=723818，详见 /home/yeqi3/cyr/code/LaBraM/log/auto_run.log
[2025-11-03 03:20:01] 启动 'TrainCVLauncher.py' | CUDA_VISIBLE_DEVICES='5,6,7' | LOG='/home/yeqi3/cyr/code/LaBraM/log/auto_run.log'
[2025-11-03 03:20:01] 已后台运行 pid=728034，详见 /home/yeqi3/cyr/code/LaBraM/log/auto_run.log
[2025-11-03 03:21:02] 启动 'TrainCVLauncher.py' | CUDA_VISIBLE_DEVICES='5,6,7' | LOG='/home/yeqi3/cyr/code/LaBraM/log/auto_run.log'
[2025-11-03 03:21:02] 已后台运行 pid=732233，详见 /home/yeqi3/cyr/code/LaBraM/log/auto_run.log
[2025-11-03 03:22:01] 启动 'TrainCVLauncher.py' | CUDA_VISIBLE_DEVICES='5,6,7' | LOG='/home/yeqi3/cyr/code/LaBraM/log/auto_run.log'
[2025-11-03 03:22:01] 已后台运行 pid=736474，详见 /home/yeqi3/cyr/code/LaBraM/log/auto_run.log
[2025-11-03 03:23:01] 启动 'TrainCVLauncher.py' | CUDA_VISIBLE_DEVICES='5,6,7' | LOG='/home/yeqi3/cyr/code/LaBraM/log/auto_run.log'
[2025-11-03 03:23:01] 已后台运行 pid=740850，详见 /home/yeqi3/cyr/code/LaBraM/log/auto_run.log
[2025-11-03 03:24:02] 启动 'TrainCVLauncher.py' | CUDA_VISIBLE_DEVICES='5,6,7' | LOG='/home/yeqi3/cyr/code/LaBraM/log/auto_run.log'
[2025-11-03 03:24:02] 已后台运行 pid=745020，详见 /home/yeqi3/cyr/code/LaBraM/log/auto_run.log
[2025-11-03 03:25:01] 启动 'TrainCVLauncher.py' | CUDA_VISIBLE_DEVICES='5,6,7' | LOG='/home/yeqi3/cyr/code/LaBraM/log/auto_run.log'
[2025-11-03 03:25:01] 已后台运行 pid=749082，详见 /home/yeqi3/cyr/code/LaBraM/log/auto_run.log
[2025-11-03 03:26:02] 启动 'TrainCVLauncher.py' | CUDA_VISIBLE_DEVICES='5,6,7' | LOG='/home/yeqi3/cyr/code/LaBraM/log/auto_run.log'
[2025-11-03 03:26:02] 已后台运行 pid=753318，详见 /home/yeqi3/cyr/code/LaBraM/log/auto_run.log
[2025-11-03 03:27:01] 启动 'TrainCVLauncher.py' | CUDA_VISIBLE_DEVICES='5,6,7' | LOG='/home/yeqi3/cyr/code/LaBraM/log/auto_run.log'
[2025-11-03 03:27:01] 已后台运行 pid=757620，详见 /home/yeqi3/cyr/code/LaBraM/log/auto_run.log
[2025-11-03 03:28:01] 启动 'TrainCVLauncher.py' | CUDA_VISIBLE_DEVICES='5,6,7' | LOG='/home/yeqi3/cyr/code/LaBraM/log/auto_run.log'
[2025-11-03 03:28:01] 已后台运行 pid=761793，详见 /home/yeqi3/cyr/code/LaBraM/log/auto_run.log
[2025-11-03 03:29:02] 启动 'TrainCVLauncher.py' | CUDA_VISIBLE_DEVICES='5,6,7' | LOG='/home/yeqi3/cyr/code/LaBraM/log/auto_run.log'
[2025-11-03 03:29:02] 已后台运行 pid=765929，详见 /home/yeqi3/cyr/code/LaBraM/log/auto_run.log
[2025-11-03 03:30:01] 启动 'TrainCVLauncher.py' | CUDA_VISIBLE_DEVICES='5,6,7' | LOG='/home/yeqi3/cyr/code/LaBraM/log/auto_run.log'
[2025-11-03 03:30:01] 已后台运行 pid=770208，详见 /home/yeqi3/cyr/code/LaBraM/log/auto_run.log
[2025-11-03 03:31:01] 启动 'TrainCVLauncher.py' | CUDA_VISIBLE_DEVICES='5,6,7' | LOG='/home/yeqi3/cyr/code/LaBraM/log/auto_run.log'
[2025-11-03 03:31:01] 已后台运行 pid=774545，详见 /home/yeqi3/cyr/code/LaBraM/log/auto_run.log
[2025-11-03 03:32:02] 启动 'TrainCVLauncher.py' | CUDA_VISIBLE_DEVICES='5,6,7' | LOG='/home/yeqi3/cyr/code/LaBraM/log/auto_run.log'
[2025-11-03 03:32:02] 已后台运行 pid=778843，详见 /home/yeqi3/cyr/code/LaBraM/log/auto_run.log
[2025-11-03 03:33:01] 启动 'TrainCVLauncher.py' | CUDA_VISIBLE_DEVICES='5,6,7' | LOG='/home/yeqi3/cyr/code/LaBraM/log/auto_run.log'
[2025-11-03 03:33:01] 已后台运行 pid=783014，详见 /home/yeqi3/cyr/code/LaBraM/log/auto_run.log
[2025-11-03 03:34:02] 启动 'TrainCVLauncher.py' | CUDA_VISIBLE_DEVICES='5,6,7' | LOG='/home/yeqi3/cyr/code/LaBraM/log/auto_run.log'
[2025-11-03 03:34:02] 已后台运行 pid=787343，详见 /home/yeqi3/cyr/code/LaBraM/log/auto_run.log
[2025-11-03 03:35:01] 启动 'TrainCVLauncher.py' | CUDA_VISIBLE_DEVICES='5,6,7' | LOG='/home/yeqi3/cyr/code/LaBraM/log/auto_run.log'
[2025-11-03 03:35:01] 已后台运行 pid=791500，详见 /home/yeqi3/cyr/code/LaBraM/log/auto_run.log
[2025-11-03 03:36:01] 启动 'TrainCVLauncher.py' | CUDA_VISIBLE_DEVICES='5,6,7' | LOG='/home/yeqi3/cyr/code/LaBraM/log/auto_run.log'
[2025-11-03 03:36:01] 已后台运行 pid=795787，详见 /home/yeqi3/cyr/code/LaBraM/log/auto_run.log
[2025-11-03 03:37:02] 启动 'TrainCVLauncher.py' | CUDA_VISIBLE_DEVICES='5,6,7' | LOG='/home/yeqi3/cyr/code/LaBraM/log/auto_run.log'
[2025-11-03 03:37:02] 已后台运行 pid=799723，详见 /home/yeqi3/cyr/code/LaBraM/log/auto_run.log
[2025-11-03 03:38:01] 启动 'TrainCVLauncher.py' | CUDA_VISIBLE_DEVICES='5,6,7' | LOG='/home/yeqi3/cyr/code/LaBraM/log/auto_run.log'
[2025-11-03 03:38:01] 已后台运行 pid=803645，详见 /home/yeqi3/cyr/code/LaBraM/log/auto_run.log
[2025-11-03 03:39:02] 启动 'TrainCVLauncher.py' | CUDA_VISIBLE_DEVICES='5,6,7' | LOG='/home/yeqi3/cyr/code/LaBraM/log/auto_run.log'
[2025-11-03 03:39:02] 已后台运行 pid=807629，详见 /home/yeqi3/cyr/code/LaBraM/log/auto_run.log
[2025-11-03 03:40:01] 启动 'TrainCVLauncher.py' | CUDA_VISIBLE_DEVICES='5,6,7' | LOG='/home/yeqi3/cyr/code/LaBraM/log/auto_run.log'
[2025-11-03 03:40:01] 已后台运行 pid=811629，详见 /home/yeqi3/cyr/code/LaBraM/log/auto_run.log
[2025-11-03 03:41:01] 启动 'TrainCVLauncher.py' | CUDA_VISIBLE_DEVICES='5,6,7' | LOG='/home/yeqi3/cyr/code/LaBraM/log/auto_run.log'
[2025-11-03 03:41:01] 已后台运行 pid=815696，详见 /home/yeqi3/cyr/code/LaBraM/log/auto_run.log
[2025-11-03 03:42:02] 启动 'TrainCVLauncher.py' | CUDA_VISIBLE_DEVICES='5,6,7' | LOG='/home/yeqi3/cyr/code/LaBraM/log/auto_run.log'
[2025-11-03 03:42:02] 已后台运行 pid=819579，详见 /home/yeqi3/cyr/code/LaBraM/log/auto_run.log
[2025-11-03 03:43:01] 启动 'TrainCVLauncher.py' | CUDA_VISIBLE_DEVICES='5,6,7' | LOG='/home/yeqi3/cyr/code/LaBraM/log/auto_run.log'
[2025-11-03 03:43:01] 已后台运行 pid=823439，详见 /home/yeqi3/cyr/code/LaBraM/log/auto_run.log
[2025-11-03 03:44:01] 启动 'TrainCVLauncher.py' | CUDA_VISIBLE_DEVICES='5,6,7' | LOG='/home/yeqi3/cyr/code/LaBraM/log/auto_run.log'
[2025-11-03 03:44:01] 已后台运行 pid=827350，详见 /home/yeqi3/cyr/code/LaBraM/log/auto_run.log
[2025-11-03 03:45:02] 启动 'TrainCVLauncher.py' | CUDA_VISIBLE_DEVICES='5,6,7' | LOG='/home/yeqi3/cyr/code/LaBraM/log/auto_run.log'
[2025-11-03 03:45:02] 已后台运行 pid=831242，详见 /home/yeqi3/cyr/code/LaBraM/log/auto_run.log
[2025-11-03 03:46:01] 启动 'TrainCVLauncher.py' | CUDA_VISIBLE_DEVICES='5,6,7' | LOG='/home/yeqi3/cyr/code/LaBraM/log/auto_run.log'
[2025-11-03 03:46:01] 已后台运行 pid=835064，详见 /home/yeqi3/cyr/code/LaBraM/log/auto_run.log
[2025-11-03 03:47:02] 启动 'TrainCVLauncher.py' | CUDA_VISIBLE_DEVICES='5,6,7' | LOG='/home/yeqi3/cyr/code/LaBraM/log/auto_run.log'
[2025-11-03 03:47:02] 已后台运行 pid=839141，详见 /home/yeqi3/cyr/code/LaBraM/log/auto_run.log
[2025-11-03 03:48:01] 启动 'TrainCVLauncher.py' | CUDA_VISIBLE_DEVICES='5,6,7' | LOG='/home/yeqi3/cyr/code/LaBraM/log/auto_run.log'
[2025-11-03 03:48:01] 已后台运行 pid=843013，详见 /home/yeqi3/cyr/code/LaBraM/log/auto_run.log
[2025-11-03 03:49:01] 启动 'TrainCVLauncher.py' | CUDA_VISIBLE_DEVICES='5,6,7' | LOG='/home/yeqi3/cyr/code/LaBraM/log/auto_run.log'
[2025-11-03 03:49:01] 已后台运行 pid=846900，详见 /home/yeqi3/cyr/code/LaBraM/log/auto_run.log
[2025-11-03 03:50:02] 启动 'TrainCVLauncher.py' | CUDA_VISIBLE_DEVICES='5,6,7' | LOG='/home/yeqi3/cyr/code/LaBraM/log/auto_run.log'
[2025-11-03 03:50:02] 已后台运行 pid=850873，详见 /home/yeqi3/cyr/code/LaBraM/log/auto_run.log
[2025-11-03 03:51:01] 启动 'TrainCVLauncher.py' | CUDA_VISIBLE_DEVICES='5,6,7' | LOG='/home/yeqi3/cyr/code/LaBraM/log/auto_run.log'
[2025-11-03 03:51:01] 已后台运行 pid=854814，详见 /home/yeqi3/cyr/code/LaBraM/log/auto_run.log
[2025-11-03 03:52:02] 启动 'TrainCVLauncher.py' | CUDA_VISIBLE_DEVICES='5,6,7' | LOG='/home/yeqi3/cyr/code/LaBraM/log/auto_run.log'
[2025-11-03 03:52:02] 已后台运行 pid=858717，详见 /home/yeqi3/cyr/code/LaBraM/log/auto_run.log
[2025-11-03 03:53:01] 启动 'TrainCVLauncher.py' | CUDA_VISIBLE_DEVICES='5,6,7' | LOG='/home/yeqi3/cyr/code/LaBraM/log/auto_run.log'
[2025-11-03 03:53:01] 已后台运行 pid=862540，详见 /home/yeqi3/cyr/code/LaBraM/log/auto_run.log
[2025-11-03 03:54:01] 启动 'TrainCVLauncher.py' | CUDA_VISIBLE_DEVICES='5,6,7' | LOG='/home/yeqi3/cyr/code/LaBraM/log/auto_run.log'
[2025-11-03 03:54:01] 已后台运行 pid=866421，详见 /home/yeqi3/cyr/code/LaBraM/log/auto_run.log
[2025-11-03 03:55:02] 启动 'TrainCVLauncher.py' | CUDA_VISIBLE_DEVICES='5,6,7' | LOG='/home/yeqi3/cyr/code/LaBraM/log/auto_run.log'
[2025-11-03 03:55:02] 已后台运行 pid=870319，详见 /home/yeqi3/cyr/code/LaBraM/log/auto_run.log
[2025-11-03 03:56:01] 启动 'TrainCVLauncher.py' | CUDA_VISIBLE_DEVICES='5,6,7' | LOG='/home/yeqi3/cyr/code/LaBraM/log/auto_run.log'
[2025-11-03 03:56:01] 已后台运行 pid=874193，详见 /home/yeqi3/cyr/code/LaBraM/log/auto_run.log
[2025-11-03 03:57:02] 启动 'TrainCVLauncher.py' | CUDA_VISIBLE_DEVICES='5,6,7' | LOG='/home/yeqi3/cyr/code/LaBraM/log/auto_run.log'
[2025-11-03 03:57:02] 已后台运行 pid=878205，详见 /home/yeqi3/cyr/code/LaBraM/log/auto_run.log
[2025-11-03 03:58:01] 启动 'TrainCVLauncher.py' | CUDA_VISIBLE_DEVICES='5,6,7' | LOG='/home/yeqi3/cyr/code/LaBraM/log/auto_run.log'
[2025-11-03 03:58:01] 已后台运行 pid=882078，详见 /home/yeqi3/cyr/code/LaBraM/log/auto_run.log
[2025-11-03 03:59:01] 启动 'TrainCVLauncher.py' | CUDA_VISIBLE_DEVICES='5,6,7' | LOG='/home/yeqi3/cyr/code/LaBraM/log/auto_run.log'
[2025-11-03 03:59:01] 已后台运行 pid=885992，详见 /home/yeqi3/cyr/code/LaBraM/log/auto_run.log
[2025-11-03 04:00:02] 启动 'TrainCVLauncher.py' | CUDA_VISIBLE_DEVICES='5,6,7' | LOG='/home/yeqi3/cyr/code/LaBraM/log/auto_run.log'
[2025-11-03 04:00:02] 已后台运行 pid=890634，详见 /home/yeqi3/cyr/code/LaBraM/log/auto_run.log
[2025-11-03 04:01:01] 启动 'TrainCVLauncher.py' | CUDA_VISIBLE_DEVICES='5,6,7' | LOG='/home/yeqi3/cyr/code/LaBraM/log/auto_run.log'
[2025-11-03 04:01:01] 已后台运行 pid=894919，详见 /home/yeqi3/cyr/code/LaBraM/log/auto_run.log
[2025-11-03 04:02:01] 启动 'TrainCVLauncher.py' | CUDA_VISIBLE_DEVICES='5,6,7' | LOG='/home/yeqi3/cyr/code/LaBraM/log/auto_run.log'
[2025-11-03 04:02:01] 已后台运行 pid=898949，详见 /home/yeqi3/cyr/code/LaBraM/log/auto_run.log
[2025-11-03 04:03:02] 启动 'TrainCVLauncher.py' | CUDA_VISIBLE_DEVICES='5,6,7' | LOG='/home/yeqi3/cyr/code/LaBraM/log/auto_run.log'
[2025-11-03 04:03:02] 已后台运行 pid=902886，详见 /home/yeqi3/cyr/code/LaBraM/log/auto_run.log
[2025-11-03 04:04:01] 启动 'TrainCVLauncher.py' | CUDA_VISIBLE_DEVICES='5,6,7' | LOG='/home/yeqi3/cyr/code/LaBraM/log/auto_run.log'
[2025-11-03 04:04:01] 已后台运行 pid=906905，详见 /home/yeqi3/cyr/code/LaBraM/log/auto_run.log
[2025-11-03 04:05:01] 启动 'TrainCVLauncher.py' | CUDA_VISIBLE_DEVICES='5,6,7' | LOG='/home/yeqi3/cyr/code/LaBraM/log/auto_run.log'
[2025-11-03 04:05:01] 已后台运行 pid=910997，详见 /home/yeqi3/cyr/code/LaBraM/log/auto_run.log
[2025-11-03 04:06:02] 启动 'TrainCVLauncher.py' | CUDA_VISIBLE_DEVICES='5,6,7' | LOG='/home/yeqi3/cyr/code/LaBraM/log/auto_run.log'
[2025-11-03 04:06:02] 已后台运行 pid=914753，详见 /home/yeqi3/cyr/code/LaBraM/log/auto_run.log
[2025-11-03 04:07:01] 启动 'TrainCVLauncher.py' | CUDA_VISIBLE_DEVICES='5,6,7' | LOG='/home/yeqi3/cyr/code/LaBraM/log/auto_run.log'
[2025-11-03 04:07:01] 已后台运行 pid=918742，详见 /home/yeqi3/cyr/code/LaBraM/log/auto_run.log
[2025-11-03 04:08:02] 启动 'TrainCVLauncher.py' | CUDA_VISIBLE_DEVICES='5,6,7' | LOG='/home/yeqi3/cyr/code/LaBraM/log/auto_run.log'
[2025-11-03 04:08:02] 已后台运行 pid=922659，详见 /home/yeqi3/cyr/code/LaBraM/log/auto_run.log
[2025-11-03 04:09:01] 启动 'TrainCVLauncher.py' | CUDA_VISIBLE_DEVICES='5,6,7' | LOG='/home/yeqi3/cyr/code/LaBraM/log/auto_run.log'
[2025-11-03 04:09:01] 已后台运行 pid=926545，详见 /home/yeqi3/cyr/code/LaBraM/log/auto_run.log
[2025-11-03 04:10:01] 启动 'TrainCVLauncher.py' | CUDA_VISIBLE_DEVICES='5,6,7' | LOG='/home/yeqi3/cyr/code/LaBraM/log/auto_run.log'
[2025-11-03 04:10:01] 已后台运行 pid=930483，详见 /home/yeqi3/cyr/code/LaBraM/log/auto_run.log
[2025-11-03 04:11:02] 启动 'TrainCVLauncher.py' | CUDA_VISIBLE_DEVICES='5,6,7' | LOG='/home/yeqi3/cyr/code/LaBraM/log/auto_run.log'
[2025-11-03 04:11:02] 已后台运行 pid=934568，详见 /home/yeqi3/cyr/code/LaBraM/log/auto_run.log
[2025-11-03 04:12:01] 启动 'TrainCVLauncher.py' | CUDA_VISIBLE_DEVICES='5,6,7' | LOG='/home/yeqi3/cyr/code/LaBraM/log/auto_run.log'
[2025-11-03 04:12:01] 已后台运行 pid=938480，详见 /home/yeqi3/cyr/code/LaBraM/log/auto_run.log
[2025-11-03 04:13:01] 启动 'TrainCVLauncher.py' | CUDA_VISIBLE_DEVICES='5,6,7' | LOG='/home/yeqi3/cyr/code/LaBraM/log/auto_run.log'
[2025-11-03 04:13:01] 已后台运行 pid=942438，详见 /home/yeqi3/cyr/code/LaBraM/log/auto_run.log
[2025-11-03 04:14:02] 启动 'TrainCVLauncher.py' | CUDA_VISIBLE_DEVICES='5,6,7' | LOG='/home/yeqi3/cyr/code/LaBraM/log/auto_run.log'
[2025-11-03 04:14:02] 已后台运行 pid=946292，详见 /home/yeqi3/cyr/code/LaBraM/log/auto_run.log
[2025-11-03 04:15:01] 启动 'TrainCVLauncher.py' | CUDA_VISIBLE_DEVICES='5,6,7' | LOG='/home/yeqi3/cyr/code/LaBraM/log/auto_run.log'
[2025-11-03 04:15:01] 已后台运行 pid=950109，详见 /home/yeqi3/cyr/code/LaBraM/log/auto_run.log
[2025-11-03 04:16:02] 启动 'TrainCVLauncher.py' | CUDA_VISIBLE_DEVICES='5,6,7' | LOG='/home/yeqi3/cyr/code/LaBraM/log/auto_run.log'
[2025-11-03 04:16:02] 已后台运行 pid=953923，详见 /home/yeqi3/cyr/code/LaBraM/log/auto_run.log
[2025-11-03 04:17:01] 启动 'TrainCVLauncher.py' | CUDA_VISIBLE_DEVICES='5,6,7' | LOG='/home/yeqi3/cyr/code/LaBraM/log/auto_run.log'
[2025-11-03 04:17:01] 已后台运行 pid=957917，详见 /home/yeqi3/cyr/code/LaBraM/log/auto_run.log
[2025-11-03 04:18:01] 启动 'TrainCVLauncher.py' | CUDA_VISIBLE_DEVICES='5,6,7' | LOG='/home/yeqi3/cyr/code/LaBraM/log/auto_run.log'
[2025-11-03 04:18:01] 已后台运行 pid=961853，详见 /home/yeqi3/cyr/code/LaBraM/log/auto_run.log
[2025-11-03 04:19:02] 启动 'TrainCVLauncher.py' | CUDA_VISIBLE_DEVICES='5,6,7' | LOG='/home/yeqi3/cyr/code/LaBraM/log/auto_run.log'
[2025-11-03 04:19:02] 已后台运行 pid=965725，详见 /home/yeqi3/cyr/code/LaBraM/log/auto_run.log
[2025-11-03 04:20:01] 启动 'TrainCVLauncher.py' | CUDA_VISIBLE_DEVICES='5,6,7' | LOG='/home/yeqi3/cyr/code/LaBraM/log/auto_run.log'
[2025-11-03 04:20:01] 已后台运行 pid=969700，详见 /home/yeqi3/cyr/code/LaBraM/log/auto_run.log
[2025-11-03 04:21:02] 启动 'TrainCVLauncher.py' | CUDA_VISIBLE_DEVICES='5,6,7' | LOG='/home/yeqi3/cyr/code/LaBraM/log/auto_run.log'
[2025-11-03 04:21:02] 已后台运行 pid=973580，详见 /home/yeqi3/cyr/code/LaBraM/log/auto_run.log
[2025-11-03 04:22:01] 启动 'TrainCVLauncher.py' | CUDA_VISIBLE_DEVICES='5,6,7' | LOG='/home/yeqi3/cyr/code/LaBraM/log/auto_run.log'
[2025-11-03 04:22:01] 已后台运行 pid=977549，详见 /home/yeqi3/cyr/code/LaBraM/log/auto_run.log
[2025-11-03 04:23:01] 启动 'TrainCVLauncher.py' | CUDA_VISIBLE_DEVICES='5,6,7' | LOG='/home/yeqi3/cyr/code/LaBraM/log/auto_run.log'
[2025-11-03 04:23:01] 已后台运行 pid=981539，详见 /home/yeqi3/cyr/code/LaBraM/log/auto_run.log
[2025-11-03 04:24:01] 启动 'TrainCVLauncher.py' | CUDA_VISIBLE_DEVICES='5,6,7' | LOG='/home/yeqi3/cyr/code/LaBraM/log/auto_run.log'
[2025-11-03 04:24:01] 已后台运行 pid=984284，详见 /home/yeqi3/cyr/code/LaBraM/log/auto_run.log
[2025-11-03 04:25:02] 启动 'TrainCVLauncher.py' | CUDA_VISIBLE_DEVICES='5,6,7' | LOG='/home/yeqi3/cyr/code/LaBraM/log/auto_run.log'
[2025-11-03 04:25:02] 已后台运行 pid=986506，详见 /home/yeqi3/cyr/code/LaBraM/log/auto_run.log
[2025-11-03 04:26:01] 启动 'TrainCVLauncher.py' | CUDA_VISIBLE_DEVICES='5,6,7' | LOG='/home/yeqi3/cyr/code/LaBraM/log/auto_run.log'
[2025-11-03 04:26:01] 已后台运行 pid=988705，详见 /home/yeqi3/cyr/code/LaBraM/log/auto_run.log
[2025-11-03 04:27:02] 启动 'TrainCVLauncher.py' | CUDA_VISIBLE_DEVICES='5,6,7' | LOG='/home/yeqi3/cyr/code/LaBraM/log/auto_run.log'
[2025-11-03 04:27:02] 已后台运行 pid=991021，详见 /home/yeqi3/cyr/code/LaBraM/log/auto_run.log
[2025-11-03 04:28:01] 启动 'TrainCVLauncher.py' | CUDA_VISIBLE_DEVICES='5,6,7' | LOG='/home/yeqi3/cyr/code/LaBraM/log/auto_run.log'
[2025-11-03 04:28:01] 已后台运行 pid=993208，详见 /home/yeqi3/cyr/code/LaBraM/log/auto_run.log
[2025-11-03 04:29:02] 启动 'TrainCVLauncher.py' | CUDA_VISIBLE_DEVICES='5,6,7' | LOG='/home/yeqi3/cyr/code/LaBraM/log/auto_run.log'
[2025-11-03 04:29:02] 已后台运行 pid=995411，详见 /home/yeqi3/cyr/code/LaBraM/log/auto_run.log
[2025-11-03 04:30:01] 启动 'TrainCVLauncher.py' | CUDA_VISIBLE_DEVICES='5,6,7' | LOG='/home/yeqi3/cyr/code/LaBraM/log/auto_run.log'
[2025-11-03 04:30:01] 已后台运行 pid=997667，详见 /home/yeqi3/cyr/code/LaBraM/log/auto_run.log
[2025-11-03 04:31:02] 启动 'TrainCVLauncher.py' | CUDA_VISIBLE_DEVICES='5,6,7' | LOG='/home/yeqi3/cyr/code/LaBraM/log/auto_run.log'
[2025-11-03 04:31:02] 已后台运行 pid=999952，详见 /home/yeqi3/cyr/code/LaBraM/log/auto_run.log
[2025-11-03 04:32:01] 启动 'TrainCVLauncher.py' | CUDA_VISIBLE_DEVICES='5,6,7' | LOG='/home/yeqi3/cyr/code/LaBraM/log/auto_run.log'
[2025-11-03 04:32:01] 已后台运行 pid=1002284，详见 /home/yeqi3/cyr/code/LaBraM/log/auto_run.log
[2025-11-03 04:33:01] 启动 'TrainCVLauncher.py' | CUDA_VISIBLE_DEVICES='5,6,7' | LOG='/home/yeqi3/cyr/code/LaBraM/log/auto_run.log'
[2025-11-03 04:33:01] 已后台运行 pid=1004490，详见 /home/yeqi3/cyr/code/LaBraM/log/auto_run.log
[2025-11-03 04:34:01] 启动 'TrainCVLauncher.py' | CUDA_VISIBLE_DEVICES='5,6,7' | LOG='/home/yeqi3/cyr/code/LaBraM/log/auto_run.log'
[2025-11-03 04:34:01] 已后台运行 pid=1006706，详见 /home/yeqi3/cyr/code/LaBraM/log/auto_run.log
[2025-11-03 04:35:01] 启动 'TrainCVLauncher.py' | CUDA_VISIBLE_DEVICES='5,6,7' | LOG='/home/yeqi3/cyr/code/LaBraM/log/auto_run.log'
[2025-11-03 04:35:01] 已后台运行 pid=1008911，详见 /home/yeqi3/cyr/code/LaBraM/log/auto_run.log
[2025-11-03 04:36:02] 启动 'TrainCVLauncher.py' | CUDA_VISIBLE_DEVICES='5,6,7' | LOG='/home/yeqi3/cyr/code/LaBraM/log/auto_run.log'
[2025-11-03 04:36:02] 已后台运行 pid=1011270，详见 /home/yeqi3/cyr/code/LaBraM/log/auto_run.log
[2025-11-03 04:37:01] 启动 'TrainCVLauncher.py' | CUDA_VISIBLE_DEVICES='5,6,7' | LOG='/home/yeqi3/cyr/code/LaBraM/log/auto_run.log'
[2025-11-03 04:37:01] 已后台运行 pid=1013586，详见 /home/yeqi3/cyr/code/LaBraM/log/auto_run.log
[2025-11-03 04:38:01] 启动 'TrainCVLauncher.py' | CUDA_VISIBLE_DEVICES='5,6,7' | LOG='/home/yeqi3/cyr/code/LaBraM/log/auto_run.log'
[2025-11-03 04:38:01] 已后台运行 pid=1015783，详见 /home/yeqi3/cyr/code/LaBraM/log/auto_run.log
[2025-11-03 04:39:02] 启动 'TrainCVLauncher.py' | CUDA_VISIBLE_DEVICES='5,6,7' | LOG='/home/yeqi3/cyr/code/LaBraM/log/auto_run.log'
[2025-11-03 04:39:02] 已后台运行 pid=1017994，详见 /home/yeqi3/cyr/code/LaBraM/log/auto_run.log
[2025-11-03 04:40:01] 启动 'TrainCVLauncher.py' | CUDA_VISIBLE_DEVICES='5,6,7' | LOG='/home/yeqi3/cyr/code/LaBraM/log/auto_run.log'
[2025-11-03 04:40:01] 已后台运行 pid=1020260，详见 /home/yeqi3/cyr/code/LaBraM/log/auto_run.log
[2025-11-03 04:41:02] 启动 'TrainCVLauncher.py' | CUDA_VISIBLE_DEVICES='5,6,7' | LOG='/home/yeqi3/cyr/code/LaBraM/log/auto_run.log'
[2025-11-03 04:41:02] 已后台运行 pid=1022544，详见 /home/yeqi3/cyr/code/LaBraM/log/auto_run.log
[2025-11-03 04:42:02] 启动 'TrainCVLauncher.py' | CUDA_VISIBLE_DEVICES='5,6,7' | LOG='/home/yeqi3/cyr/code/LaBraM/log/auto_run.log'
[2025-11-03 04:42:02] 已后台运行 pid=1024849，详见 /home/yeqi3/cyr/code/LaBraM/log/auto_run.log
[2025-11-03 04:43:01] 启动 'TrainCVLauncher.py' | CUDA_VISIBLE_DEVICES='5,6,7' | LOG='/home/yeqi3/cyr/code/LaBraM/log/auto_run.log'
[2025-11-03 04:43:01] 已后台运行 pid=1027069，详见 /home/yeqi3/cyr/code/LaBraM/log/auto_run.log
[2025-11-03 04:44:01] 启动 'TrainCVLauncher.py' | CUDA_VISIBLE_DEVICES='5,6,7' | LOG='/home/yeqi3/cyr/code/LaBraM/log/auto_run.log'
[2025-11-03 04:44:01] 已后台运行 pid=1029275，详见 /home/yeqi3/cyr/code/LaBraM/log/auto_run.log
[2025-11-03 04:45:02] 启动 'TrainCVLauncher.py' | CUDA_VISIBLE_DEVICES='5,6,7' | LOG='/home/yeqi3/cyr/code/LaBraM/log/auto_run.log'
[2025-11-03 04:45:02] 已后台运行 pid=1031558，详见 /home/yeqi3/cyr/code/LaBraM/log/auto_run.log
[2025-11-03 04:46:01] 启动 'TrainCVLauncher.py' | CUDA_VISIBLE_DEVICES='5,6,7' | LOG='/home/yeqi3/cyr/code/LaBraM/log/auto_run.log'
[2025-11-03 04:46:01] 已后台运行 pid=1033698，详见 /home/yeqi3/cyr/code/LaBraM/log/auto_run.log
[2025-11-03 04:47:01] 启动 'TrainCVLauncher.py' | CUDA_VISIBLE_DEVICES='5,6,7' | LOG='/home/yeqi3/cyr/code/LaBraM/log/auto_run.log'
[2025-11-03 04:47:01] 已后台运行 pid=1036025，详见 /home/yeqi3/cyr/code/LaBraM/log/auto_run.log
[2025-11-03 04:48:02] 启动 'TrainCVLauncher.py' | CUDA_VISIBLE_DEVICES='5,6,7' | LOG='/home/yeqi3/cyr/code/LaBraM/log/auto_run.log'
[2025-11-03 04:48:02] 已后台运行 pid=1038336，详见 /home/yeqi3/cyr/code/LaBraM/log/auto_run.log
[2025-11-03 04:49:02] 启动 'TrainCVLauncher.py' | CUDA_VISIBLE_DEVICES='5,6,7' | LOG='/home/yeqi3/cyr/code/LaBraM/log/auto_run.log'
[2025-11-03 04:49:02] 已后台运行 pid=1040528，详见 /home/yeqi3/cyr/code/LaBraM/log/auto_run.log
[2025-11-03 04:50:01] 启动 'TrainCVLauncher.py' | CUDA_VISIBLE_DEVICES='5,6,7' | LOG='/home/yeqi3/cyr/code/LaBraM/log/auto_run.log'
[2025-11-03 04:50:01] 已后台运行 pid=1042802，详见 /home/yeqi3/cyr/code/LaBraM/log/auto_run.log
[2025-11-03 04:51:01] 启动 'TrainCVLauncher.py' | CUDA_VISIBLE_DEVICES='5,6,7' | LOG='/home/yeqi3/cyr/code/LaBraM/log/auto_run.log'
[2025-11-03 04:51:01] 已后台运行 pid=1045084，详见 /home/yeqi3/cyr/code/LaBraM/log/auto_run.log
[2025-11-03 04:52:02] 启动 'TrainCVLauncher.py' | CUDA_VISIBLE_DEVICES='5,6,7' | LOG='/home/yeqi3/cyr/code/LaBraM/log/auto_run.log'
[2025-11-03 04:52:02] 已后台运行 pid=1047277，详见 /home/yeqi3/cyr/code/LaBraM/log/auto_run.log
[2025-11-03 04:53:02] 启动 'TrainCVLauncher.py' | CUDA_VISIBLE_DEVICES='5,6,7' | LOG='/home/yeqi3/cyr/code/LaBraM/log/auto_run.log'
[2025-11-03 04:53:02] 已后台运行 pid=1049591，详见 /home/yeqi3/cyr/code/LaBraM/log/auto_run.log
[2025-11-03 04:54:01] 启动 'TrainCVLauncher.py' | CUDA_VISIBLE_DEVICES='5,6,7' | LOG='/home/yeqi3/cyr/code/LaBraM/log/auto_run.log'
[2025-11-03 04:54:01] 已后台运行 pid=1051802，详见 /home/yeqi3/cyr/code/LaBraM/log/auto_run.log
[2025-11-03 04:55:01] 启动 'TrainCVLauncher.py' | CUDA_VISIBLE_DEVICES='5,6,7' | LOG='/home/yeqi3/cyr/code/LaBraM/log/auto_run.log'
[2025-11-03 04:55:01] 已后台运行 pid=1054017，详见 /home/yeqi3/cyr/code/LaBraM/log/auto_run.log
[2025-11-03 04:56:01] 启动 'TrainCVLauncher.py' | CUDA_VISIBLE_DEVICES='5,6,7' | LOG='/home/yeqi3/cyr/code/LaBraM/log/auto_run.log'
[2025-11-03 04:56:01] 已后台运行 pid=1056230，详见 /home/yeqi3/cyr/code/LaBraM/log/auto_run.log
[2025-11-03 04:57:02] 启动 'TrainCVLauncher.py' | CUDA_VISIBLE_DEVICES='5,6,7' | LOG='/home/yeqi3/cyr/code/LaBraM/log/auto_run.log'
[2025-11-03 04:57:02] 已后台运行 pid=1058603，详见 /home/yeqi3/cyr/code/LaBraM/log/auto_run.log
[2025-11-03 04:58:01] 启动 'TrainCVLauncher.py' | CUDA_VISIBLE_DEVICES='5,6,7' | LOG='/home/yeqi3/cyr/code/LaBraM/log/auto_run.log'
[2025-11-03 04:58:01] 已后台运行 pid=1060922，详见 /home/yeqi3/cyr/code/LaBraM/log/auto_run.log
[2025-11-03 04:59:02] 启动 'TrainCVLauncher.py' | CUDA_VISIBLE_DEVICES='5,6,7' | LOG='/home/yeqi3/cyr/code/LaBraM/log/auto_run.log'
[2025-11-03 04:59:02] 已后台运行 pid=1063120，详见 /home/yeqi3/cyr/code/LaBraM/log/auto_run.log
[2025-11-03 05:00:01] 启动 'TrainCVLauncher.py' | CUDA_VISIBLE_DEVICES='5,6,7' | LOG='/home/yeqi3/cyr/code/LaBraM/log/auto_run.log'
[2025-11-03 05:00:01] 已后台运行 pid=1065379，详见 /home/yeqi3/cyr/code/LaBraM/log/auto_run.log
[2025-11-03 05:01:01] 启动 'TrainCVLauncher.py' | CUDA_VISIBLE_DEVICES='5,6,7' | LOG='/home/yeqi3/cyr/code/LaBraM/log/auto_run.log'
[2025-11-03 05:01:01] 已后台运行 pid=1067675，详见 /home/yeqi3/cyr/code/LaBraM/log/auto_run.log
[2025-11-03 05:02:02] 启动 'TrainCVLauncher.py' | CUDA_VISIBLE_DEVICES='5,6,7' | LOG='/home/yeqi3/cyr/code/LaBraM/log/auto_run.log'
[2025-11-03 05:02:02] 已后台运行 pid=1069864，详见 /home/yeqi3/cyr/code/LaBraM/log/auto_run.log
[2025-11-03 05:03:02] 启动 'TrainCVLauncher.py' | CUDA_VISIBLE_DEVICES='5,6,7' | LOG='/home/yeqi3/cyr/code/LaBraM/log/auto_run.log'
[2025-11-03 05:03:02] 已后台运行 pid=1072171，详见 /home/yeqi3/cyr/code/LaBraM/log/auto_run.log
[2025-11-03 05:04:01] 启动 'TrainCVLauncher.py' | CUDA_VISIBLE_DEVICES='5,6,7' | LOG='/home/yeqi3/cyr/code/LaBraM/log/auto_run.log'
[2025-11-03 05:04:01] 已后台运行 pid=1074371，详见 /home/yeqi3/cyr/code/LaBraM/log/auto_run.log
[2025-11-03 05:05:02] 启动 'TrainCVLauncher.py' | CUDA_VISIBLE_DEVICES='5,6,7' | LOG='/home/yeqi3/cyr/code/LaBraM/log/auto_run.log'
[2025-11-03 05:05:02] 已后台运行 pid=1076574，详见 /home/yeqi3/cyr/code/LaBraM/log/auto_run.log
[2025-11-03 05:06:02] 启动 'TrainCVLauncher.py' | CUDA_VISIBLE_DEVICES='5,6,7' | LOG='/home/yeqi3/cyr/code/LaBraM/log/auto_run.log'
[2025-11-03 05:06:02] 已后台运行 pid=1078766，详见 /home/yeqi3/cyr/code/LaBraM/log/auto_run.log
[2025-11-03 05:07:01] 启动 'TrainCVLauncher.py' | CUDA_VISIBLE_DEVICES='5,6,7' | LOG='/home/yeqi3/cyr/code/LaBraM/log/auto_run.log'
[2025-11-03 05:07:01] 已后台运行 pid=1080978，详见 /home/yeqi3/cyr/code/LaBraM/log/auto_run.log
[2025-11-03 05:08:01] 启动 'TrainCVLauncher.py' | CUDA_VISIBLE_DEVICES='5,6,7' | LOG='/home/yeqi3/cyr/code/LaBraM/log/auto_run.log'
[2025-11-03 05:08:01] 已后台运行 pid=1083298，详见 /home/yeqi3/cyr/code/LaBraM/log/auto_run.log
[2025-11-03 05:09:02] 启动 'TrainCVLauncher.py' | CUDA_VISIBLE_DEVICES='5,6,7' | LOG='/home/yeqi3/cyr/code/LaBraM/log/auto_run.log'
[2025-11-03 05:09:02] 已后台运行 pid=1085654，详见 /home/yeqi3/cyr/code/LaBraM/log/auto_run.log
[2025-11-03 05:10:01] 启动 'TrainCVLauncher.py' | CUDA_VISIBLE_DEVICES='5,6,7' | LOG='/home/yeqi3/cyr/code/LaBraM/log/auto_run.log'
[2025-11-03 05:10:01] 已后台运行 pid=1087919，详见 /home/yeqi3/cyr/code/LaBraM/log/auto_run.log
[2025-11-03 05:11:02] 启动 'TrainCVLauncher.py' | CUDA_VISIBLE_DEVICES='5,6,7' | LOG='/home/yeqi3/cyr/code/LaBraM/log/auto_run.log'
[2025-11-03 05:11:02] 已后台运行 pid=1090209，详见 /home/yeqi3/cyr/code/LaBraM/log/auto_run.log
[2025-11-03 05:12:02] 启动 'TrainCVLauncher.py' | CUDA_VISIBLE_DEVICES='5,6,7' | LOG='/home/yeqi3/cyr/code/LaBraM/log/auto_run.log'
[2025-11-03 05:12:02] 已后台运行 pid=1092408，详见 /home/yeqi3/cyr/code/LaBraM/log/auto_run.log
[2025-11-03 05:13:01] 启动 'TrainCVLauncher.py' | CUDA_VISIBLE_DEVICES='5,6,7' | LOG='/home/yeqi3/cyr/code/LaBraM/log/auto_run.log'
[2025-11-03 05:13:01] 已后台运行 pid=1094716，详见 /home/yeqi3/cyr/code/LaBraM/log/auto_run.log
[2025-11-03 05:14:02] 启动 'TrainCVLauncher.py' | CUDA_VISIBLE_DEVICES='5,6,7' | LOG='/home/yeqi3/cyr/code/LaBraM/log/auto_run.log'
[2025-11-03 05:14:02] 已后台运行 pid=1096919，详见 /home/yeqi3/cyr/code/LaBraM/log/auto_run.log
[2025-11-03 05:15:01] 启动 'TrainCVLauncher.py' | CUDA_VISIBLE_DEVICES='5,6,7' | LOG='/home/yeqi3/cyr/code/LaBraM/log/auto_run.log'
[2025-11-03 05:15:01] 已后台运行 pid=1099115，详见 /home/yeqi3/cyr/code/LaBraM/log/auto_run.log
[2025-11-03 05:16:02] 启动 'TrainCVLauncher.py' | CUDA_VISIBLE_DEVICES='5,6,7' | LOG='/home/yeqi3/cyr/code/LaBraM/log/auto_run.log'
[2025-11-03 05:16:02] 已后台运行 pid=1101325，详见 /home/yeqi3/cyr/code/LaBraM/log/auto_run.log
[2025-11-03 05:17:01] 启动 'TrainCVLauncher.py' | CUDA_VISIBLE_DEVICES='5,6,7' | LOG='/home/yeqi3/cyr/code/LaBraM/log/auto_run.log'
[2025-11-03 05:17:01] 已后台运行 pid=1103549，详见 /home/yeqi3/cyr/code/LaBraM/log/auto_run.log
[2025-11-03 05:18:01] 启动 'TrainCVLauncher.py' | CUDA_VISIBLE_DEVICES='5,6,7' | LOG='/home/yeqi3/cyr/code/LaBraM/log/auto_run.log'
[2025-11-03 05:18:01] 已后台运行 pid=1105874，详见 /home/yeqi3/cyr/code/LaBraM/log/auto_run.log
[2025-11-03 05:19:01] 启动 'TrainCVLauncher.py' | CUDA_VISIBLE_DEVICES='5,6,7' | LOG='/home/yeqi3/cyr/code/LaBraM/log/auto_run.log'
[2025-11-03 05:19:01] 已后台运行 pid=1108169，详见 /home/yeqi3/cyr/code/LaBraM/log/auto_run.log
[2025-11-03 05:20:01] 启动 'TrainCVLauncher.py' | CUDA_VISIBLE_DEVICES='5,6,7' | LOG='/home/yeqi3/cyr/code/LaBraM/log/auto_run.log'
[2025-11-03 05:20:01] 已后台运行 pid=1110345，详见 /home/yeqi3/cyr/code/LaBraM/log/auto_run.log
[2025-11-03 05:21:01] 启动 'TrainCVLauncher.py' | CUDA_VISIBLE_DEVICES='5,6,7' | LOG='/home/yeqi3/cyr/code/LaBraM/log/auto_run.log'
[2025-11-03 05:21:01] 已后台运行 pid=1112778，详见 /home/yeqi3/cyr/code/LaBraM/log/auto_run.log
[2025-11-03 05:22:01] 启动 'TrainCVLauncher.py' | CUDA_VISIBLE_DEVICES='5,6,7' | LOG='/home/yeqi3/cyr/code/LaBraM/log/auto_run.log'
[2025-11-03 05:22:01] 已后台运行 pid=1114977，详见 /home/yeqi3/cyr/code/LaBraM/log/auto_run.log
[2025-11-03 05:23:02] 启动 'TrainCVLauncher.py' | CUDA_VISIBLE_DEVICES='5,6,7' | LOG='/home/yeqi3/cyr/code/LaBraM/log/auto_run.log'
[2025-11-03 05:23:02] 已后台运行 pid=1117287，详见 /home/yeqi3/cyr/code/LaBraM/log/auto_run.log
[2025-11-03 05:24:01] 启动 'TrainCVLauncher.py' | CUDA_VISIBLE_DEVICES='5,6,7' | LOG='/home/yeqi3/cyr/code/LaBraM/log/auto_run.log'
[2025-11-03 05:24:01] 已后台运行 pid=1119488，详见 /home/yeqi3/cyr/code/LaBraM/log/auto_run.log
[2025-11-03 05:25:01] 启动 'TrainCVLauncher.py' | CUDA_VISIBLE_DEVICES='5,6,7' | LOG='/home/yeqi3/cyr/code/LaBraM/log/auto_run.log'
[2025-11-03 05:25:01] 已后台运行 pid=1121678，详见 /home/yeqi3/cyr/code/LaBraM/log/auto_run.log
[2025-11-03 05:26:02] 启动 'TrainCVLauncher.py' | CUDA_VISIBLE_DEVICES='5,6,7' | LOG='/home/yeqi3/cyr/code/LaBraM/log/auto_run.log'
[2025-11-03 05:26:02] 已后台运行 pid=1123878，详见 /home/yeqi3/cyr/code/LaBraM/log/auto_run.log
[2025-11-03 05:27:01] 启动 'TrainCVLauncher.py' | CUDA_VISIBLE_DEVICES='5,6,7' | LOG='/home/yeqi3/cyr/code/LaBraM/log/auto_run.log'
[2025-11-03 05:27:01] 已后台运行 pid=1126075，详见 /home/yeqi3/cyr/code/LaBraM/log/auto_run.log
[2025-11-03 05:28:02] 启动 'TrainCVLauncher.py' | CUDA_VISIBLE_DEVICES='5,6,7' | LOG='/home/yeqi3/cyr/code/LaBraM/log/auto_run.log'
[2025-11-03 05:28:02] 已后台运行 pid=1128386，详见 /home/yeqi3/cyr/code/LaBraM/log/auto_run.log
[2025-11-03 05:29:01] 启动 'TrainCVLauncher.py' | CUDA_VISIBLE_DEVICES='5,6,7' | LOG='/home/yeqi3/cyr/code/LaBraM/log/auto_run.log'
[2025-11-03 05:29:01] 已后台运行 pid=1130608，详见 /home/yeqi3/cyr/code/LaBraM/log/auto_run.log
[2025-11-03 05:30:02] 启动 'TrainCVLauncher.py' | CUDA_VISIBLE_DEVICES='5,6,7' | LOG='/home/yeqi3/cyr/code/LaBraM/log/auto_run.log'
[2025-11-03 05:30:02] 已后台运行 pid=1132889，详见 /home/yeqi3/cyr/code/LaBraM/log/auto_run.log
[2025-11-03 05:31:02] 启动 'TrainCVLauncher.py' | CUDA_VISIBLE_DEVICES='5,6,7' | LOG='/home/yeqi3/cyr/code/LaBraM/log/auto_run.log'
[2025-11-03 05:31:02] 已后台运行 pid=1135294，详见 /home/yeqi3/cyr/code/LaBraM/log/auto_run.log
[2025-11-03 05:32:01] 启动 'TrainCVLauncher.py' | CUDA_VISIBLE_DEVICES='5,6,7' | LOG='/home/yeqi3/cyr/code/LaBraM/log/auto_run.log'
[2025-11-03 05:32:01] 已后台运行 pid=1137434，详见 /home/yeqi3/cyr/code/LaBraM/log/auto_run.log
[2025-11-03 05:33:02] 启动 'TrainCVLauncher.py' | CUDA_VISIBLE_DEVICES='5,6,7' | LOG='/home/yeqi3/cyr/code/LaBraM/log/auto_run.log'
[2025-11-03 05:33:02] 已后台运行 pid=1139808，详见 /home/yeqi3/cyr/code/LaBraM/log/auto_run.log
[2025-11-03 05:34:01] 启动 'TrainCVLauncher.py' | CUDA_VISIBLE_DEVICES='5,6,7' | LOG='/home/yeqi3/cyr/code/LaBraM/log/auto_run.log'
[2025-11-03 05:34:01] 已后台运行 pid=1142009，详见 /home/yeqi3/cyr/code/LaBraM/log/auto_run.log
[2025-11-03 05:35:01] 启动 'TrainCVLauncher.py' | CUDA_VISIBLE_DEVICES='5,6,7' | LOG='/home/yeqi3/cyr/code/LaBraM/log/auto_run.log'
[2025-11-03 05:35:01] 已后台运行 pid=1144194，详见 /home/yeqi3/cyr/code/LaBraM/log/auto_run.log
[2025-11-03 05:36:02] 启动 'TrainCVLauncher.py' | CUDA_VISIBLE_DEVICES='5,6,7' | LOG='/home/yeqi3/cyr/code/LaBraM/log/auto_run.log'
[2025-11-03 05:36:02] 已后台运行 pid=1146401，详见 /home/yeqi3/cyr/code/LaBraM/log/auto_run.log
[2025-11-03 05:37:01] 启动 'TrainCVLauncher.py' | CUDA_VISIBLE_DEVICES='5,6,7' | LOG='/home/yeqi3/cyr/code/LaBraM/log/auto_run.log'
[2025-11-03 05:37:01] 已后台运行 pid=1148617，详见 /home/yeqi3/cyr/code/LaBraM/log/auto_run.log
[2025-11-03 05:38:02] 启动 'TrainCVLauncher.py' | CUDA_VISIBLE_DEVICES='5,6,7' | LOG='/home/yeqi3/cyr/code/LaBraM/log/auto_run.log'
[2025-11-03 05:38:02] 已后台运行 pid=1150923，详见 /home/yeqi3/cyr/code/LaBraM/log/auto_run.log
[2025-11-03 05:39:02] 启动 'TrainCVLauncher.py' | CUDA_VISIBLE_DEVICES='5,6,7' | LOG='/home/yeqi3/cyr/code/LaBraM/log/auto_run.log'
[2025-11-03 05:39:02] 已后台运行 pid=1153127，详见 /home/yeqi3/cyr/code/LaBraM/log/auto_run.log
[2025-11-03 05:40:01] 启动 'TrainCVLauncher.py' | CUDA_VISIBLE_DEVICES='5,6,7' | LOG='/home/yeqi3/cyr/code/LaBraM/log/auto_run.log'
[2025-11-03 05:40:01] 已后台运行 pid=1155400，详见 /home/yeqi3/cyr/code/LaBraM/log/auto_run.log
[2025-11-03 05:41:02] 启动 'TrainCVLauncher.py' | CUDA_VISIBLE_DEVICES='5,6,7' | LOG='/home/yeqi3/cyr/code/LaBraM/log/auto_run.log'
[2025-11-03 05:41:02] 已后台运行 pid=1157695，详见 /home/yeqi3/cyr/code/LaBraM/log/auto_run.log
[2025-11-03 05:42:02] 启动 'TrainCVLauncher.py' | CUDA_VISIBLE_DEVICES='5,6,7' | LOG='/home/yeqi3/cyr/code/LaBraM/log/auto_run.log'
[2025-11-03 05:42:02] 已后台运行 pid=1159896，详见 /home/yeqi3/cyr/code/LaBraM/log/auto_run.log
[2025-11-03 05:43:01] 启动 'TrainCVLauncher.py' | CUDA_VISIBLE_DEVICES='5,6,7' | LOG='/home/yeqi3/cyr/code/LaBraM/log/auto_run.log'
[2025-11-03 05:43:01] 已后台运行 pid=1162213，详见 /home/yeqi3/cyr/code/LaBraM/log/auto_run.log
[2025-11-03 05:44:02] 启动 'TrainCVLauncher.py' | CUDA_VISIBLE_DEVICES='5,6,7' | LOG='/home/yeqi3/cyr/code/LaBraM/log/auto_run.log'
[2025-11-03 05:44:02] 已后台运行 pid=1164558，详见 /home/yeqi3/cyr/code/LaBraM/log/auto_run.log
[2025-11-03 05:45:02] 启动 'TrainCVLauncher.py' | CUDA_VISIBLE_DEVICES='5,6,7' | LOG='/home/yeqi3/cyr/code/LaBraM/log/auto_run.log'
[2025-11-03 05:45:02] 已后台运行 pid=1166774，详见 /home/yeqi3/cyr/code/LaBraM/log/auto_run.log
[2025-11-03 05:46:01] 启动 'TrainCVLauncher.py' | CUDA_VISIBLE_DEVICES='5,6,7' | LOG='/home/yeqi3/cyr/code/LaBraM/log/auto_run.log'
[2025-11-03 05:46:01] 已后台运行 pid=1168984，详见 /home/yeqi3/cyr/code/LaBraM/log/auto_run.log
[2025-11-03 05:47:02] 启动 'TrainCVLauncher.py' | CUDA_VISIBLE_DEVICES='5,6,7' | LOG='/home/yeqi3/cyr/code/LaBraM/log/auto_run.log'
[2025-11-03 05:47:02] 已后台运行 pid=1171184，详见 /home/yeqi3/cyr/code/LaBraM/log/auto_run.log
[2025-11-03 05:48:02] 启动 'TrainCVLauncher.py' | CUDA_VISIBLE_DEVICES='5,6,7' | LOG='/home/yeqi3/cyr/code/LaBraM/log/auto_run.log'
[2025-11-03 05:48:02] 已后台运行 pid=1173497，详见 /home/yeqi3/cyr/code/LaBraM/log/auto_run.log
[2025-11-03 05:49:01] 启动 'TrainCVLauncher.py' | CUDA_VISIBLE_DEVICES='5,6,7' | LOG='/home/yeqi3/cyr/code/LaBraM/log/auto_run.log'
[2025-11-03 05:49:01] 已后台运行 pid=1175709，详见 /home/yeqi3/cyr/code/LaBraM/log/auto_run.log
[2025-11-03 05:50:01] 启动 'TrainCVLauncher.py' | CUDA_VISIBLE_DEVICES='5,6,7' | LOG='/home/yeqi3/cyr/code/LaBraM/log/auto_run.log'
[2025-11-03 05:50:01] 已后台运行 pid=1177976，详见 /home/yeqi3/cyr/code/LaBraM/log/auto_run.log
[2025-11-03 05:51:02] 启动 'TrainCVLauncher.py' | CUDA_VISIBLE_DEVICES='5,6,7' | LOG='/home/yeqi3/cyr/code/LaBraM/log/auto_run.log'
[2025-11-03 05:51:02] 已后台运行 pid=1180261，详见 /home/yeqi3/cyr/code/LaBraM/log/auto_run.log
[2025-11-03 05:52:01] 启动 'TrainCVLauncher.py' | CUDA_VISIBLE_DEVICES='5,6,7' | LOG='/home/yeqi3/cyr/code/LaBraM/log/auto_run.log'
[2025-11-03 05:52:01] 已后台运行 pid=1182464，详见 /home/yeqi3/cyr/code/LaBraM/log/auto_run.log
[2025-11-03 05:53:01] 启动 'TrainCVLauncher.py' | CUDA_VISIBLE_DEVICES='5,6,7' | LOG='/home/yeqi3/cyr/code/LaBraM/log/auto_run.log'
[2025-11-03 05:53:01] 已后台运行 pid=1184773，详见 /home/yeqi3/cyr/code/LaBraM/log/auto_run.log
[2025-11-03 05:54:02] 启动 'TrainCVLauncher.py' | CUDA_VISIBLE_DEVICES='5,6,7' | LOG='/home/yeqi3/cyr/code/LaBraM/log/auto_run.log'
[2025-11-03 05:54:02] 已后台运行 pid=1186978，详见 /home/yeqi3/cyr/code/LaBraM/log/auto_run.log
[2025-11-03 05:55:02] 启动 'TrainCVLauncher.py' | CUDA_VISIBLE_DEVICES='5,6,7' | LOG='/home/yeqi3/cyr/code/LaBraM/log/auto_run.log'
[2025-11-03 05:55:02] 已后台运行 pid=1189267，详见 /home/yeqi3/cyr/code/LaBraM/log/auto_run.log
[2025-11-03 05:56:01] 启动 'TrainCVLauncher.py' | CUDA_VISIBLE_DEVICES='5,6,7' | LOG='/home/yeqi3/cyr/code/LaBraM/log/auto_run.log'
[2025-11-03 05:56:01] 已后台运行 pid=1191475，详见 /home/yeqi3/cyr/code/LaBraM/log/auto_run.log
[2025-11-03 05:57:01] 启动 'TrainCVLauncher.py' | CUDA_VISIBLE_DEVICES='5,6,7' | LOG='/home/yeqi3/cyr/code/LaBraM/log/auto_run.log'
[2025-11-03 05:57:01] 已后台运行 pid=1193748，详见 /home/yeqi3/cyr/code/LaBraM/log/auto_run.log
[2025-11-03 05:58:02] 启动 'TrainCVLauncher.py' | CUDA_VISIBLE_DEVICES='5,6,7' | LOG='/home/yeqi3/cyr/code/LaBraM/log/auto_run.log'
[2025-11-03 05:58:02] 已后台运行 pid=1196063，详见 /home/yeqi3/cyr/code/LaBraM/log/auto_run.log
[2025-11-03 05:59:02] 启动 'TrainCVLauncher.py' | CUDA_VISIBLE_DEVICES='5,6,7' | LOG='/home/yeqi3/cyr/code/LaBraM/log/auto_run.log'
[2025-11-03 05:59:02] 已后台运行 pid=1198275，详见 /home/yeqi3/cyr/code/LaBraM/log/auto_run.log
[2025-11-03 06:00:01] 启动 'TrainCVLauncher.py' | CUDA_VISIBLE_DEVICES='5,6,7' | LOG='/home/yeqi3/cyr/code/LaBraM/log/auto_run.log'
[2025-11-03 06:00:01] 已后台运行 pid=1200530，详见 /home/yeqi3/cyr/code/LaBraM/log/auto_run.log
[2025-11-03 06:01:01] 启动 'TrainCVLauncher.py' | CUDA_VISIBLE_DEVICES='5,6,7' | LOG='/home/yeqi3/cyr/code/LaBraM/log/auto_run.log'
[2025-11-03 06:01:01] 已后台运行 pid=1202802，详见 /home/yeqi3/cyr/code/LaBraM/log/auto_run.log
[2025-11-03 06:02:02] 启动 'TrainCVLauncher.py' | CUDA_VISIBLE_DEVICES='5,6,7' | LOG='/home/yeqi3/cyr/code/LaBraM/log/auto_run.log'
[2025-11-03 06:02:02] 已后台运行 pid=1205030，详见 /home/yeqi3/cyr/code/LaBraM/log/auto_run.log
[2025-11-03 06:03:01] 启动 'TrainCVLauncher.py' | CUDA_VISIBLE_DEVICES='5,6,7' | LOG='/home/yeqi3/cyr/code/LaBraM/log/auto_run.log'
[2025-11-03 06:03:01] 已后台运行 pid=1207316，详见 /home/yeqi3/cyr/code/LaBraM/log/auto_run.log
[2025-11-03 06:04:01] 启动 'TrainCVLauncher.py' | CUDA_VISIBLE_DEVICES='5,6,7' | LOG='/home/yeqi3/cyr/code/LaBraM/log/auto_run.log'
[2025-11-03 06:04:01] 已后台运行 pid=1209544，详见 /home/yeqi3/cyr/code/LaBraM/log/auto_run.log
[2025-11-03 06:05:02] 启动 'TrainCVLauncher.py' | CUDA_VISIBLE_DEVICES='5,6,7' | LOG='/home/yeqi3/cyr/code/LaBraM/log/auto_run.log'
[2025-11-03 06:05:02] 已后台运行 pid=1211766，详见 /home/yeqi3/cyr/code/LaBraM/log/auto_run.log
[2025-11-03 06:06:01] 启动 'TrainCVLauncher.py' | CUDA_VISIBLE_DEVICES='5,6,7' | LOG='/home/yeqi3/cyr/code/LaBraM/log/auto_run.log'
[2025-11-03 06:06:01] 已后台运行 pid=1213972，详见 /home/yeqi3/cyr/code/LaBraM/log/auto_run.log
[2025-11-03 06:07:01] 启动 'TrainCVLauncher.py' | CUDA_VISIBLE_DEVICES='5,6,7' | LOG='/home/yeqi3/cyr/code/LaBraM/log/auto_run.log'
[2025-11-03 06:07:01] 已后台运行 pid=1216177，详见 /home/yeqi3/cyr/code/LaBraM/log/auto_run.log
[2025-11-03 06:08:01] 启动 'TrainCVLauncher.py' | CUDA_VISIBLE_DEVICES='5,6,7' | LOG='/home/yeqi3/cyr/code/LaBraM/log/auto_run.log'
[2025-11-03 06:08:01] 已后台运行 pid=1218523，详见 /home/yeqi3/cyr/code/LaBraM/log/auto_run.log
[2025-11-03 06:09:01] 启动 'TrainCVLauncher.py' | CUDA_VISIBLE_DEVICES='5,6,7' | LOG='/home/yeqi3/cyr/code/LaBraM/log/auto_run.log'
[2025-11-03 06:09:01] 已后台运行 pid=1220829，详见 /home/yeqi3/cyr/code/LaBraM/log/auto_run.log
[2025-11-03 06:10:01] 启动 'TrainCVLauncher.py' | CUDA_VISIBLE_DEVICES='5,6,7' | LOG='/home/yeqi3/cyr/code/LaBraM/log/auto_run.log'
[2025-11-03 06:10:01] 已后台运行 pid=1223080，详见 /home/yeqi3/cyr/code/LaBraM/log/auto_run.log
[2025-11-03 06:11:02] 启动 'TrainCVLauncher.py' | CUDA_VISIBLE_DEVICES='5,6,7' | LOG='/home/yeqi3/cyr/code/LaBraM/log/auto_run.log'
[2025-11-03 06:11:02] 已后台运行 pid=1225360，详见 /home/yeqi3/cyr/code/LaBraM/log/auto_run.log
[2025-11-03 06:12:02] 启动 'TrainCVLauncher.py' | CUDA_VISIBLE_DEVICES='5,6,7' | LOG='/home/yeqi3/cyr/code/LaBraM/log/auto_run.log'
[2025-11-03 06:12:02] 已后台运行 pid=1227569，详见 /home/yeqi3/cyr/code/LaBraM/log/auto_run.log
[2025-11-03 06:13:01] 启动 'TrainCVLauncher.py' | CUDA_VISIBLE_DEVICES='5,6,7' | LOG='/home/yeqi3/cyr/code/LaBraM/log/auto_run.log'
[2025-11-03 06:13:01] 已后台运行 pid=1229870，详见 /home/yeqi3/cyr/code/LaBraM/log/auto_run.log
[2025-11-03 06:14:02] 启动 'TrainCVLauncher.py' | CUDA_VISIBLE_DEVICES='5,6,7' | LOG='/home/yeqi3/cyr/code/LaBraM/log/auto_run.log'
[2025-11-03 06:14:02] 已后台运行 pid=1232073，详见 /home/yeqi3/cyr/code/LaBraM/log/auto_run.log
[2025-11-03 06:15:02] 启动 'TrainCVLauncher.py' | CUDA_VISIBLE_DEVICES='5,6,7' | LOG='/home/yeqi3/cyr/code/LaBraM/log/auto_run.log'
[2025-11-03 06:15:02] 已后台运行 pid=1234281，详见 /home/yeqi3/cyr/code/LaBraM/log/auto_run.log
[2025-11-03 06:16:01] 启动 'TrainCVLauncher.py' | CUDA_VISIBLE_DEVICES='5,6,7' | LOG='/home/yeqi3/cyr/code/LaBraM/log/auto_run.log'
[2025-11-03 06:16:01] 已后台运行 pid=1236500，详见 /home/yeqi3/cyr/code/LaBraM/log/auto_run.log
[2025-11-03 06:17:01] 启动 'TrainCVLauncher.py' | CUDA_VISIBLE_DEVICES='5,6,7' | LOG='/home/yeqi3/cyr/code/LaBraM/log/auto_run.log'
[2025-11-03 06:17:01] 已后台运行 pid=1238711，详见 /home/yeqi3/cyr/code/LaBraM/log/auto_run.log
[2025-11-03 06:18:02] 启动 'TrainCVLauncher.py' | CUDA_VISIBLE_DEVICES='5,6,7' | LOG='/home/yeqi3/cyr/code/LaBraM/log/auto_run.log'
[2025-11-03 06:18:02] 已后台运行 pid=1241124，详见 /home/yeqi3/cyr/code/LaBraM/log/auto_run.log
[2025-11-03 06:19:02] 启动 'TrainCVLauncher.py' | CUDA_VISIBLE_DEVICES='5,6,7' | LOG='/home/yeqi3/cyr/code/LaBraM/log/auto_run.log'
[2025-11-03 06:19:02] 已后台运行 pid=1243369，详见 /home/yeqi3/cyr/code/LaBraM/log/auto_run.log
[2025-11-03 06:20:01] 启动 'TrainCVLauncher.py' | CUDA_VISIBLE_DEVICES='5,6,7' | LOG='/home/yeqi3/cyr/code/LaBraM/log/auto_run.log'
[2025-11-03 06:20:01] 已后台运行 pid=1245631，详见 /home/yeqi3/cyr/code/LaBraM/log/auto_run.log
[2025-11-03 06:21:01] 启动 'TrainCVLauncher.py' | CUDA_VISIBLE_DEVICES='5,6,7' | LOG='/home/yeqi3/cyr/code/LaBraM/log/auto_run.log'
[2025-11-03 06:21:01] 已后台运行 pid=1247927，详见 /home/yeqi3/cyr/code/LaBraM/log/auto_run.log
[2025-11-03 06:22:02] 启动 'TrainCVLauncher.py' | CUDA_VISIBLE_DEVICES='5,6,7' | LOG='/home/yeqi3/cyr/code/LaBraM/log/auto_run.log'
[2025-11-03 06:22:02] 已后台运行 pid=1250121，详见 /home/yeqi3/cyr/code/LaBraM/log/auto_run.log
[2025-11-03 06:23:02] 启动 'TrainCVLauncher.py' | CUDA_VISIBLE_DEVICES='5,6,7' | LOG='/home/yeqi3/cyr/code/LaBraM/log/auto_run.log'
[2025-11-03 06:23:02] 已后台运行 pid=1252425，详见 /home/yeqi3/cyr/code/LaBraM/log/auto_run.log
[2025-11-03 06:24:01] 启动 'TrainCVLauncher.py' | CUDA_VISIBLE_DEVICES='5,6,7' | LOG='/home/yeqi3/cyr/code/LaBraM/log/auto_run.log'
[2025-11-03 06:24:01] 已后台运行 pid=1254612，详见 /home/yeqi3/cyr/code/LaBraM/log/auto_run.log
[2025-11-03 06:25:01] 启动 'TrainCVLauncher.py' | CUDA_VISIBLE_DEVICES='5,6,7' | LOG='/home/yeqi3/cyr/code/LaBraM/log/auto_run.log'
[2025-11-03 06:25:01] 已后台运行 pid=1256813，详见 /home/yeqi3/cyr/code/LaBraM/log/auto_run.log
[2025-11-03 06:26:02] 启动 'TrainCVLauncher.py' | CUDA_VISIBLE_DEVICES='5,6,7' | LOG='/home/yeqi3/cyr/code/LaBraM/log/auto_run.log'
[2025-11-03 06:26:02] 已后台运行 pid=1259017，详见 /home/yeqi3/cyr/code/LaBraM/log/auto_run.log
[2025-11-03 06:27:01] 启动 'TrainCVLauncher.py' | CUDA_VISIBLE_DEVICES='5,6,7' | LOG='/home/yeqi3/cyr/code/LaBraM/log/auto_run.log'
[2025-11-03 06:27:01] 已后台运行 pid=1261222，详见 /home/yeqi3/cyr/code/LaBraM/log/auto_run.log
[2025-11-03 06:28:01] 启动 'TrainCVLauncher.py' | CUDA_VISIBLE_DEVICES='5,6,7' | LOG='/home/yeqi3/cyr/code/LaBraM/log/auto_run.log'
[2025-11-03 06:28:01] 已后台运行 pid=1263530，详见 /home/yeqi3/cyr/code/LaBraM/log/auto_run.log
[2025-11-03 06:29:01] 启动 'TrainCVLauncher.py' | CUDA_VISIBLE_DEVICES='5,6,7' | LOG='/home/yeqi3/cyr/code/LaBraM/log/auto_run.log'
[2025-11-03 06:29:01] 已后台运行 pid=1265757，详见 /home/yeqi3/cyr/code/LaBraM/log/auto_run.log
[2025-11-03 06:30:02] 启动 'TrainCVLauncher.py' | CUDA_VISIBLE_DEVICES='5,6,7' | LOG='/home/yeqi3/cyr/code/LaBraM/log/auto_run.log'
[2025-11-03 06:30:02] 已后台运行 pid=1268163，详见 /home/yeqi3/cyr/code/LaBraM/log/auto_run.log
[2025-11-03 06:31:01] 启动 'TrainCVLauncher.py' | CUDA_VISIBLE_DEVICES='5,6,7' | LOG='/home/yeqi3/cyr/code/LaBraM/log/auto_run.log'
[2025-11-03 06:31:01] 已后台运行 pid=1270452，详见 /home/yeqi3/cyr/code/LaBraM/log/auto_run.log
[2025-11-03 06:32:01] 启动 'TrainCVLauncher.py' | CUDA_VISIBLE_DEVICES='5,6,7' | LOG='/home/yeqi3/cyr/code/LaBraM/log/auto_run.log'
[2025-11-03 06:32:01] 已后台运行 pid=1272664，详见 /home/yeqi3/cyr/code/LaBraM/log/auto_run.log
[2025-11-03 06:33:02] 启动 'TrainCVLauncher.py' | CUDA_VISIBLE_DEVICES='5,6,7' | LOG='/home/yeqi3/cyr/code/LaBraM/log/auto_run.log'
[2025-11-03 06:33:02] 已后台运行 pid=1274961，详见 /home/yeqi3/cyr/code/LaBraM/log/auto_run.log
[2025-11-03 06:34:01] 启动 'TrainCVLauncher.py' | CUDA_VISIBLE_DEVICES='5,6,7' | LOG='/home/yeqi3/cyr/code/LaBraM/log/auto_run.log'
[2025-11-03 06:34:01] 已后台运行 pid=1277159，详见 /home/yeqi3/cyr/code/LaBraM/log/auto_run.log
[2025-11-03 06:35:01] 启动 'TrainCVLauncher.py' | CUDA_VISIBLE_DEVICES='5,6,7' | LOG='/home/yeqi3/cyr/code/LaBraM/log/auto_run.log'
[2025-11-03 06:35:01] 已后台运行 pid=1279358，详见 /home/yeqi3/cyr/code/LaBraM/log/auto_run.log
[2025-11-03 06:36:02] 启动 'TrainCVLauncher.py' | CUDA_VISIBLE_DEVICES='5,6,7' | LOG='/home/yeqi3/cyr/code/LaBraM/log/auto_run.log'
[2025-11-03 06:36:02] 已后台运行 pid=1281565，详见 /home/yeqi3/cyr/code/LaBraM/log/auto_run.log
[2025-11-03 06:37:01] 启动 'TrainCVLauncher.py' | CUDA_VISIBLE_DEVICES='5,6,7' | LOG='/home/yeqi3/cyr/code/LaBraM/log/auto_run.log'
[2025-11-03 06:37:01] 已后台运行 pid=1283763，详见 /home/yeqi3/cyr/code/LaBraM/log/auto_run.log
[2025-11-03 06:38:01] 启动 'TrainCVLauncher.py' | CUDA_VISIBLE_DEVICES='5,6,7' | LOG='/home/yeqi3/cyr/code/LaBraM/log/auto_run.log'
[2025-11-03 06:38:01] 已后台运行 pid=1286075，详见 /home/yeqi3/cyr/code/LaBraM/log/auto_run.log
[2025-11-03 06:39:01] 启动 'TrainCVLauncher.py' | CUDA_VISIBLE_DEVICES='5,6,7' | LOG='/home/yeqi3/cyr/code/LaBraM/log/auto_run.log'
[2025-11-03 06:39:01] 已后台运行 pid=1288281，详见 /home/yeqi3/cyr/code/LaBraM/log/auto_run.log
[2025-11-03 06:40:01] 启动 'TrainCVLauncher.py' | CUDA_VISIBLE_DEVICES='5,6,7' | LOG='/home/yeqi3/cyr/code/LaBraM/log/auto_run.log'
[2025-11-03 06:40:01] 已后台运行 pid=1290560，详见 /home/yeqi3/cyr/code/LaBraM/log/auto_run.log
[2025-11-03 06:41:01] 启动 'TrainCVLauncher.py' | CUDA_VISIBLE_DEVICES='5,6,7' | LOG='/home/yeqi3/cyr/code/LaBraM/log/auto_run.log'
[2025-11-03 06:41:01] 已后台运行 pid=1292849，详见 /home/yeqi3/cyr/code/LaBraM/log/auto_run.log
[2025-11-03 06:42:02] 启动 'TrainCVLauncher.py' | CUDA_VISIBLE_DEVICES='5,6,7' | LOG='/home/yeqi3/cyr/code/LaBraM/log/auto_run.log'
[2025-11-03 06:42:02] 已后台运行 pid=1295198，详见 /home/yeqi3/cyr/code/LaBraM/log/auto_run.log
[2025-11-03 06:43:01] 启动 'TrainCVLauncher.py' | CUDA_VISIBLE_DEVICES='5,6,7' | LOG='/home/yeqi3/cyr/code/LaBraM/log/auto_run.log'
[2025-11-03 06:43:01] 已后台运行 pid=1297524，详见 /home/yeqi3/cyr/code/LaBraM/log/auto_run.log
[2025-11-03 06:44:01] 启动 'TrainCVLauncher.py' | CUDA_VISIBLE_DEVICES='5,6,7' | LOG='/home/yeqi3/cyr/code/LaBraM/log/auto_run.log'
[2025-11-03 06:44:01] 已后台运行 pid=1299735，详见 /home/yeqi3/cyr/code/LaBraM/log/auto_run.log
[2025-11-03 06:45:02] 启动 'TrainCVLauncher.py' | CUDA_VISIBLE_DEVICES='5,6,7' | LOG='/home/yeqi3/cyr/code/LaBraM/log/auto_run.log'
[2025-11-03 06:45:02] 已后台运行 pid=1301943，详见 /home/yeqi3/cyr/code/LaBraM/log/auto_run.log
[2025-11-03 06:46:01] 启动 'TrainCVLauncher.py' | CUDA_VISIBLE_DEVICES='5,6,7' | LOG='/home/yeqi3/cyr/code/LaBraM/log/auto_run.log'
[2025-11-03 06:46:01] 已后台运行 pid=1304132，详见 /home/yeqi3/cyr/code/LaBraM/log/auto_run.log
[2025-11-03 06:47:01] 启动 'TrainCVLauncher.py' | CUDA_VISIBLE_DEVICES='5,6,7' | LOG='/home/yeqi3/cyr/code/LaBraM/log/auto_run.log'
[2025-11-03 06:47:01] 已后台运行 pid=1306334，详见 /home/yeqi3/cyr/code/LaBraM/log/auto_run.log
[2025-11-03 06:48:02] 启动 'TrainCVLauncher.py' | CUDA_VISIBLE_DEVICES='5,6,7' | LOG='/home/yeqi3/cyr/code/LaBraM/log/auto_run.log'
[2025-11-03 06:48:02] 已后台运行 pid=1308657，详见 /home/yeqi3/cyr/code/LaBraM/log/auto_run.log
[2025-11-03 06:49:02] 启动 'TrainCVLauncher.py' | CUDA_VISIBLE_DEVICES='5,6,7' | LOG='/home/yeqi3/cyr/code/LaBraM/log/auto_run.log'
[2025-11-03 06:49:02] 已后台运行 pid=1310857，详见 /home/yeqi3/cyr/code/LaBraM/log/auto_run.log
[2025-11-03 06:50:01] 启动 'TrainCVLauncher.py' | CUDA_VISIBLE_DEVICES='5,6,7' | LOG='/home/yeqi3/cyr/code/LaBraM/log/auto_run.log'
[2025-11-03 06:50:01] 已后台运行 pid=1313120，详见 /home/yeqi3/cyr/code/LaBraM/log/auto_run.log
[2025-11-03 06:51:01] 启动 'TrainCVLauncher.py' | CUDA_VISIBLE_DEVICES='5,6,7' | LOG='/home/yeqi3/cyr/code/LaBraM/log/auto_run.log'
[2025-11-03 06:51:01] 已后台运行 pid=1315403，详见 /home/yeqi3/cyr/code/LaBraM/log/auto_run.log
[2025-11-03 06:52:01] 启动 'TrainCVLauncher.py' | CUDA_VISIBLE_DEVICES='5,6,7' | LOG='/home/yeqi3/cyr/code/LaBraM/log/auto_run.log'
[2025-11-03 06:52:01] 已后台运行 pid=1317597，详见 /home/yeqi3/cyr/code/LaBraM/log/auto_run.log
[2025-11-03 06:53:01] 启动 'TrainCVLauncher.py' | CUDA_VISIBLE_DEVICES='5,6,7' | LOG='/home/yeqi3/cyr/code/LaBraM/log/auto_run.log'
[2025-11-03 06:53:01] 已后台运行 pid=1319904，详见 /home/yeqi3/cyr/code/LaBraM/log/auto_run.log
[2025-11-03 06:54:01] 启动 'TrainCVLauncher.py' | CUDA_VISIBLE_DEVICES='5,6,7' | LOG='/home/yeqi3/cyr/code/LaBraM/log/auto_run.log'
[2025-11-03 06:54:01] 已后台运行 pid=1322099，详见 /home/yeqi3/cyr/code/LaBraM/log/auto_run.log
[2025-11-03 06:55:01] 启动 'TrainCVLauncher.py' | CUDA_VISIBLE_DEVICES='5,6,7' | LOG='/home/yeqi3/cyr/code/LaBraM/log/auto_run.log'
[2025-11-03 06:55:01] 已后台运行 pid=1324300，详见 /home/yeqi3/cyr/code/LaBraM/log/auto_run.log
[2025-11-03 06:56:01] 启动 'TrainCVLauncher.py' | CUDA_VISIBLE_DEVICES='5,6,7' | LOG='/home/yeqi3/cyr/code/LaBraM/log/auto_run.log'
[2025-11-03 06:56:01] 已后台运行 pid=1326647，详见 /home/yeqi3/cyr/code/LaBraM/log/auto_run.log
[2025-11-03 06:57:01] 启动 'TrainCVLauncher.py' | CUDA_VISIBLE_DEVICES='5,6,7' | LOG='/home/yeqi3/cyr/code/LaBraM/log/auto_run.log'
[2025-11-03 06:57:01] 已后台运行 pid=1328845，详见 /home/yeqi3/cyr/code/LaBraM/log/auto_run.log
[2025-11-03 06:58:02] 启动 'TrainCVLauncher.py' | CUDA_VISIBLE_DEVICES='5,6,7' | LOG='/home/yeqi3/cyr/code/LaBraM/log/auto_run.log'
[2025-11-03 06:58:02] 已后台运行 pid=1331165，详见 /home/yeqi3/cyr/code/LaBraM/log/auto_run.log
[2025-11-03 06:59:02] 启动 'TrainCVLauncher.py' | CUDA_VISIBLE_DEVICES='5,6,7' | LOG='/home/yeqi3/cyr/code/LaBraM/log/auto_run.log'
[2025-11-03 06:59:02] 已后台运行 pid=1333363，详见 /home/yeqi3/cyr/code/LaBraM/log/auto_run.log
[2025-11-03 07:00:01] 启动 'TrainCVLauncher.py' | CUDA_VISIBLE_DEVICES='5,6,7' | LOG='/home/yeqi3/cyr/code/LaBraM/log/auto_run.log'
[2025-11-03 07:00:01] 已后台运行 pid=1335633，详见 /home/yeqi3/cyr/code/LaBraM/log/auto_run.log
[2025-11-03 07:01:02] 启动 'TrainCVLauncher.py' | CUDA_VISIBLE_DEVICES='5,6,7' | LOG='/home/yeqi3/cyr/code/LaBraM/log/auto_run.log'
[2025-11-03 07:01:02] 已后台运行 pid=1337917，详见 /home/yeqi3/cyr/code/LaBraM/log/auto_run.log
[2025-11-03 07:02:01] 启动 'TrainCVLauncher.py' | CUDA_VISIBLE_DEVICES='5,6,7' | LOG='/home/yeqi3/cyr/code/LaBraM/log/auto_run.log'
[2025-11-03 07:02:01] 已后台运行 pid=1340119，详见 /home/yeqi3/cyr/code/LaBraM/log/auto_run.log
[2025-11-03 07:03:02] 启动 'TrainCVLauncher.py' | CUDA_VISIBLE_DEVICES='5,6,7' | LOG='/home/yeqi3/cyr/code/LaBraM/log/auto_run.log'
[2025-11-03 07:03:02] 已后台运行 pid=1342422，详见 /home/yeqi3/cyr/code/LaBraM/log/auto_run.log
[2025-11-03 07:04:02] 启动 'TrainCVLauncher.py' | CUDA_VISIBLE_DEVICES='5,6,7' | LOG='/home/yeqi3/cyr/code/LaBraM/log/auto_run.log'
[2025-11-03 07:04:02] 已后台运行 pid=1344635，详见 /home/yeqi3/cyr/code/LaBraM/log/auto_run.log
[2025-11-03 07:05:02] 启动 'TrainCVLauncher.py' | CUDA_VISIBLE_DEVICES='5,6,7' | LOG='/home/yeqi3/cyr/code/LaBraM/log/auto_run.log'
[2025-11-03 07:05:02] 已后台运行 pid=1346850，详见 /home/yeqi3/cyr/code/LaBraM/log/auto_run.log
[2025-11-03 07:06:01] 启动 'TrainCVLauncher.py' | CUDA_VISIBLE_DEVICES='5,6,7' | LOG='/home/yeqi3/cyr/code/LaBraM/log/auto_run.log'
[2025-11-03 07:06:01] 已后台运行 pid=1349061，详见 /home/yeqi3/cyr/code/LaBraM/log/auto_run.log
[2025-11-03 07:07:01] 启动 'TrainCVLauncher.py' | CUDA_VISIBLE_DEVICES='5,6,7' | LOG='/home/yeqi3/cyr/code/LaBraM/log/auto_run.log'
[2025-11-03 07:07:01] 已后台运行 pid=1351277，详见 /home/yeqi3/cyr/code/LaBraM/log/auto_run.log
[2025-11-03 07:08:02] 启动 'TrainCVLauncher.py' | CUDA_VISIBLE_DEVICES='5,6,7' | LOG='/home/yeqi3/cyr/code/LaBraM/log/auto_run.log'
[2025-11-03 07:08:02] 已后台运行 pid=1353730，详见 /home/yeqi3/cyr/code/LaBraM/log/auto_run.log
[2025-11-03 07:09:01] 启动 'TrainCVLauncher.py' | CUDA_VISIBLE_DEVICES='5,6,7' | LOG='/home/yeqi3/cyr/code/LaBraM/log/auto_run.log'
[2025-11-03 07:09:01] 已后台运行 pid=1355937，详见 /home/yeqi3/cyr/code/LaBraM/log/auto_run.log
[2025-11-03 07:10:02] 启动 'TrainCVLauncher.py' | CUDA_VISIBLE_DEVICES='5,6,7' | LOG='/home/yeqi3/cyr/code/LaBraM/log/auto_run.log'
[2025-11-03 07:10:02] 已后台运行 pid=1358215，详见 /home/yeqi3/cyr/code/LaBraM/log/auto_run.log
[2025-11-03 07:11:01] 启动 'TrainCVLauncher.py' | CUDA_VISIBLE_DEVICES='5,6,7' | LOG='/home/yeqi3/cyr/code/LaBraM/log/auto_run.log'
[2025-11-03 07:11:01] 已后台运行 pid=1360491，详见 /home/yeqi3/cyr/code/LaBraM/log/auto_run.log
[2025-11-03 07:12:02] 启动 'TrainCVLauncher.py' | CUDA_VISIBLE_DEVICES='5,6,7' | LOG='/home/yeqi3/cyr/code/LaBraM/log/auto_run.log'
[2025-11-03 07:12:02] 已后台运行 pid=1362684，详见 /home/yeqi3/cyr/code/LaBraM/log/auto_run.log
[2025-11-03 07:13:02] 启动 'TrainCVLauncher.py' | CUDA_VISIBLE_DEVICES='5,6,7' | LOG='/home/yeqi3/cyr/code/LaBraM/log/auto_run.log'
[2025-11-03 07:13:02] 已后台运行 pid=1364987，详见 /home/yeqi3/cyr/code/LaBraM/log/auto_run.log
[2025-11-03 07:14:02] 启动 'TrainCVLauncher.py' | CUDA_VISIBLE_DEVICES='5,6,7' | LOG='/home/yeqi3/cyr/code/LaBraM/log/auto_run.log'
[2025-11-03 07:14:02] 已后台运行 pid=1367188，详见 /home/yeqi3/cyr/code/LaBraM/log/auto_run.log
[2025-11-03 07:15:01] 启动 'TrainCVLauncher.py' | CUDA_VISIBLE_DEVICES='5,6,7' | LOG='/home/yeqi3/cyr/code/LaBraM/log/auto_run.log'
[2025-11-03 07:15:01] 已后台运行 pid=1369395，详见 /home/yeqi3/cyr/code/LaBraM/log/auto_run.log
[2025-11-03 07:16:02] 启动 'TrainCVLauncher.py' | CUDA_VISIBLE_DEVICES='5,6,7' | LOG='/home/yeqi3/cyr/code/LaBraM/log/auto_run.log'
[2025-11-03 07:16:02] 已后台运行 pid=1371601，详见 /home/yeqi3/cyr/code/LaBraM/log/auto_run.log
[2025-11-03 07:17:02] 启动 'TrainCVLauncher.py' | CUDA_VISIBLE_DEVICES='5,6,7' | LOG='/home/yeqi3/cyr/code/LaBraM/log/auto_run.log'
[2025-11-03 07:17:02] 已后台运行 pid=1373811，详见 /home/yeqi3/cyr/code/LaBraM/log/auto_run.log
[2025-11-03 07:18:01] 启动 'TrainCVLauncher.py' | CUDA_VISIBLE_DEVICES='5,6,7' | LOG='/home/yeqi3/cyr/code/LaBraM/log/auto_run.log'
[2025-11-03 07:18:01] 已后台运行 pid=1376112，详见 /home/yeqi3/cyr/code/LaBraM/log/auto_run.log
[2025-11-03 07:19:01] 启动 'TrainCVLauncher.py' | CUDA_VISIBLE_DEVICES='5,6,7' | LOG='/home/yeqi3/cyr/code/LaBraM/log/auto_run.log'
[2025-11-03 07:19:01] 已后台运行 pid=1378315，详见 /home/yeqi3/cyr/code/LaBraM/log/auto_run.log
[2025-11-03 07:20:02] 启动 'TrainCVLauncher.py' | CUDA_VISIBLE_DEVICES='5,6,7' | LOG='/home/yeqi3/cyr/code/LaBraM/log/auto_run.log'
[2025-11-03 07:20:02] 已后台运行 pid=1380725，详见 /home/yeqi3/cyr/code/LaBraM/log/auto_run.log
[2025-11-03 07:21:01] 启动 'TrainCVLauncher.py' | CUDA_VISIBLE_DEVICES='5,6,7' | LOG='/home/yeqi3/cyr/code/LaBraM/log/auto_run.log'
[2025-11-03 07:21:01] 已后台运行 pid=1383011，详见 /home/yeqi3/cyr/code/LaBraM/log/auto_run.log
[2025-11-03 07:22:02] 启动 'TrainCVLauncher.py' | CUDA_VISIBLE_DEVICES='5,6,7' | LOG='/home/yeqi3/cyr/code/LaBraM/log/auto_run.log'
[2025-11-03 07:22:02] 已后台运行 pid=1385226，详见 /home/yeqi3/cyr/code/LaBraM/log/auto_run.log
[2025-11-03 07:23:01] 启动 'TrainCVLauncher.py' | CUDA_VISIBLE_DEVICES='5,6,7' | LOG='/home/yeqi3/cyr/code/LaBraM/log/auto_run.log'
[2025-11-03 07:23:01] 已后台运行 pid=1387536，详见 /home/yeqi3/cyr/code/LaBraM/log/auto_run.log
[2025-11-03 07:24:02] 启动 'TrainCVLauncher.py' | CUDA_VISIBLE_DEVICES='5,6,7' | LOG='/home/yeqi3/cyr/code/LaBraM/log/auto_run.log'
[2025-11-03 07:24:02] 已后台运行 pid=1389733，详见 /home/yeqi3/cyr/code/LaBraM/log/auto_run.log
[2025-11-03 07:25:01] 启动 'TrainCVLauncher.py' | CUDA_VISIBLE_DEVICES='5,6,7' | LOG='/home/yeqi3/cyr/code/LaBraM/log/auto_run.log'
[2025-11-03 07:25:01] 已后台运行 pid=1391945，详见 /home/yeqi3/cyr/code/LaBraM/log/auto_run.log
[2025-11-03 07:26:02] 启动 'TrainCVLauncher.py' | CUDA_VISIBLE_DEVICES='5,6,7' | LOG='/home/yeqi3/cyr/code/LaBraM/log/auto_run.log'
[2025-11-03 07:26:02] 已后台运行 pid=1394161，详见 /home/yeqi3/cyr/code/LaBraM/log/auto_run.log
[2025-11-03 07:27:02] 启动 'TrainCVLauncher.py' | CUDA_VISIBLE_DEVICES='5,6,7' | LOG='/home/yeqi3/cyr/code/LaBraM/log/auto_run.log'
[2025-11-03 07:27:02] 已后台运行 pid=1396371，详见 /home/yeqi3/cyr/code/LaBraM/log/auto_run.log
[2025-11-03 07:28:02] 启动 'TrainCVLauncher.py' | CUDA_VISIBLE_DEVICES='5,6,7' | LOG='/home/yeqi3/cyr/code/LaBraM/log/auto_run.log'
[2025-11-03 07:28:02] 已后台运行 pid=1398678，详见 /home/yeqi3/cyr/code/LaBraM/log/auto_run.log
[2025-11-03 07:29:01] 启动 'TrainCVLauncher.py' | CUDA_VISIBLE_DEVICES='5,6,7' | LOG='/home/yeqi3/cyr/code/LaBraM/log/auto_run.log'
[2025-11-03 07:29:01] 已后台运行 pid=1400891，详见 /home/yeqi3/cyr/code/LaBraM/log/auto_run.log
[2025-11-03 07:30:01] 启动 'TrainCVLauncher.py' | CUDA_VISIBLE_DEVICES='5,6,7' | LOG='/home/yeqi3/cyr/code/LaBraM/log/auto_run.log'
[2025-11-03 07:30:01] 已后台运行 pid=1403171，详见 /home/yeqi3/cyr/code/LaBraM/log/auto_run.log
[2025-11-03 07:31:01] 启动 'TrainCVLauncher.py' | CUDA_VISIBLE_DEVICES='5,6,7' | LOG='/home/yeqi3/cyr/code/LaBraM/log/auto_run.log'
[2025-11-03 07:31:01] 已后台运行 pid=1405441，详见 /home/yeqi3/cyr/code/LaBraM/log/auto_run.log
[2025-11-03 07:32:02] 启动 'TrainCVLauncher.py' | CUDA_VISIBLE_DEVICES='5,6,7' | LOG='/home/yeqi3/cyr/code/LaBraM/log/auto_run.log'
[2025-11-03 07:32:02] 已后台运行 pid=1407787，详见 /home/yeqi3/cyr/code/LaBraM/log/auto_run.log
[2025-11-03 07:33:02] 启动 'TrainCVLauncher.py' | CUDA_VISIBLE_DEVICES='5,6,7' | LOG='/home/yeqi3/cyr/code/LaBraM/log/auto_run.log'
[2025-11-03 07:33:02] 已后台运行 pid=1410093，详见 /home/yeqi3/cyr/code/LaBraM/log/auto_run.log
[2025-11-03 07:34:01] 启动 'TrainCVLauncher.py' | CUDA_VISIBLE_DEVICES='5,6,7' | LOG='/home/yeqi3/cyr/code/LaBraM/log/auto_run.log'
[2025-11-03 07:34:01] 已后台运行 pid=1412298，详见 /home/yeqi3/cyr/code/LaBraM/log/auto_run.log
[2025-11-03 07:35:02] 启动 'TrainCVLauncher.py' | CUDA_VISIBLE_DEVICES='5,6,7' | LOG='/home/yeqi3/cyr/code/LaBraM/log/auto_run.log'
[2025-11-03 07:35:02] 已后台运行 pid=1414496，详见 /home/yeqi3/cyr/code/LaBraM/log/auto_run.log
[2025-11-03 07:36:01] 启动 'TrainCVLauncher.py' | CUDA_VISIBLE_DEVICES='5,6,7' | LOG='/home/yeqi3/cyr/code/LaBraM/log/auto_run.log'
[2025-11-03 07:36:01] 已后台运行 pid=1416702，详见 /home/yeqi3/cyr/code/LaBraM/log/auto_run.log
[2025-11-03 07:37:01] 启动 'TrainCVLauncher.py' | CUDA_VISIBLE_DEVICES='5,6,7' | LOG='/home/yeqi3/cyr/code/LaBraM/log/auto_run.log'
[2025-11-03 07:37:01] 已后台运行 pid=1418902，详见 /home/yeqi3/cyr/code/LaBraM/log/auto_run.log
[2025-11-03 07:38:01] 启动 'TrainCVLauncher.py' | CUDA_VISIBLE_DEVICES='5,6,7' | LOG='/home/yeqi3/cyr/code/LaBraM/log/auto_run.log'
[2025-11-03 07:38:01] 已后台运行 pid=1421210，详见 /home/yeqi3/cyr/code/LaBraM/log/auto_run.log
[2025-11-03 07:39:02] 启动 'TrainCVLauncher.py' | CUDA_VISIBLE_DEVICES='5,6,7' | LOG='/home/yeqi3/cyr/code/LaBraM/log/auto_run.log'
[2025-11-03 07:39:02] 已后台运行 pid=1423405，详见 /home/yeqi3/cyr/code/LaBraM/log/auto_run.log
[2025-11-03 07:40:01] 启动 'TrainCVLauncher.py' | CUDA_VISIBLE_DEVICES='5,6,7' | LOG='/home/yeqi3/cyr/code/LaBraM/log/auto_run.log'
[2025-11-03 07:40:01] 已后台运行 pid=1425682，详见 /home/yeqi3/cyr/code/LaBraM/log/auto_run.log
[2025-11-03 07:41:01] 启动 'TrainCVLauncher.py' | CUDA_VISIBLE_DEVICES='5,6,7' | LOG='/home/yeqi3/cyr/code/LaBraM/log/auto_run.log'
[2025-11-03 07:41:01] 已后台运行 pid=1427977，详见 /home/yeqi3/cyr/code/LaBraM/log/auto_run.log
[2025-11-03 07:42:02] 启动 'TrainCVLauncher.py' | CUDA_VISIBLE_DEVICES='5,6,7' | LOG='/home/yeqi3/cyr/code/LaBraM/log/auto_run.log'
[2025-11-03 07:42:02] 已后台运行 pid=1430275，详见 /home/yeqi3/cyr/code/LaBraM/log/auto_run.log
[2025-11-03 07:43:02] 启动 'TrainCVLauncher.py' | CUDA_VISIBLE_DEVICES='5,6,7' | LOG='/home/yeqi3/cyr/code/LaBraM/log/auto_run.log'
[2025-11-03 07:43:02] 已后台运行 pid=1432643，详见 /home/yeqi3/cyr/code/LaBraM/log/auto_run.log
[2025-11-03 07:44:01] 启动 'TrainCVLauncher.py' | CUDA_VISIBLE_DEVICES='5,6,7' | LOG='/home/yeqi3/cyr/code/LaBraM/log/auto_run.log'
[2025-11-03 07:44:01] 已后台运行 pid=1434849，详见 /home/yeqi3/cyr/code/LaBraM/log/auto_run.log
[2025-11-03 07:45:02] 启动 'TrainCVLauncher.py' | CUDA_VISIBLE_DEVICES='5,6,7' | LOG='/home/yeqi3/cyr/code/LaBraM/log/auto_run.log'
[2025-11-03 07:45:02] 已后台运行 pid=1437058，详见 /home/yeqi3/cyr/code/LaBraM/log/auto_run.log
[2025-11-03 07:46:02] 启动 'TrainCVLauncher.py' | CUDA_VISIBLE_DEVICES='5,6,7' | LOG='/home/yeqi3/cyr/code/LaBraM/log/auto_run.log'
[2025-11-03 07:46:02] 已后台运行 pid=1439251，详见 /home/yeqi3/cyr/code/LaBraM/log/auto_run.log
[2025-11-03 07:47:02] 启动 'TrainCVLauncher.py' | CUDA_VISIBLE_DEVICES='5,6,7' | LOG='/home/yeqi3/cyr/code/LaBraM/log/auto_run.log'
[2025-11-03 07:47:02] 已后台运行 pid=1441451，详见 /home/yeqi3/cyr/code/LaBraM/log/auto_run.log
[2025-11-03 07:48:01] 启动 'TrainCVLauncher.py' | CUDA_VISIBLE_DEVICES='5,6,7' | LOG='/home/yeqi3/cyr/code/LaBraM/log/auto_run.log'
[2025-11-03 07:48:01] 已后台运行 pid=1443750，详见 /home/yeqi3/cyr/code/LaBraM/log/auto_run.log
[2025-11-03 07:49:02] 启动 'TrainCVLauncher.py' | CUDA_VISIBLE_DEVICES='5,6,7' | LOG='/home/yeqi3/cyr/code/LaBraM/log/auto_run.log'
[2025-11-03 07:49:02] 已后台运行 pid=1445957，详见 /home/yeqi3/cyr/code/LaBraM/log/auto_run.log
[2025-11-03 07:50:01] 启动 'TrainCVLauncher.py' | CUDA_VISIBLE_DEVICES='5,6,7' | LOG='/home/yeqi3/cyr/code/LaBraM/log/auto_run.log'
[2025-11-03 07:50:01] 已后台运行 pid=1448230，详见 /home/yeqi3/cyr/code/LaBraM/log/auto_run.log
[2025-11-03 07:51:01] 启动 'TrainCVLauncher.py' | CUDA_VISIBLE_DEVICES='5,6,7' | LOG='/home/yeqi3/cyr/code/LaBraM/log/auto_run.log'
[2025-11-03 07:51:01] 已后台运行 pid=1450515，详见 /home/yeqi3/cyr/code/LaBraM/log/auto_run.log
[2025-11-03 07:52:02] 启动 'TrainCVLauncher.py' | CUDA_VISIBLE_DEVICES='5,6,7' | LOG='/home/yeqi3/cyr/code/LaBraM/log/auto_run.log'
[2025-11-03 07:52:02] 已后台运行 pid=1452717，详见 /home/yeqi3/cyr/code/LaBraM/log/auto_run.log
[2025-11-03 07:53:01] 启动 'TrainCVLauncher.py' | CUDA_VISIBLE_DEVICES='5,6,7' | LOG='/home/yeqi3/cyr/code/LaBraM/log/auto_run.log'
[2025-11-03 07:53:01] 已后台运行 pid=1455038，详见 /home/yeqi3/cyr/code/LaBraM/log/auto_run.log
[2025-11-03 07:54:01] 启动 'TrainCVLauncher.py' | CUDA_VISIBLE_DEVICES='5,6,7' | LOG='/home/yeqi3/cyr/code/LaBraM/log/auto_run.log'
[2025-11-03 07:54:01] 已后台运行 pid=1457243，详见 /home/yeqi3/cyr/code/LaBraM/log/auto_run.log
[2025-11-03 07:55:01] 启动 'TrainCVLauncher.py' | CUDA_VISIBLE_DEVICES='5,6,7' | LOG='/home/yeqi3/cyr/code/LaBraM/log/auto_run.log'
[2025-11-03 07:55:01] 已后台运行 pid=1459446，详见 /home/yeqi3/cyr/code/LaBraM/log/auto_run.log
[2025-11-03 07:56:02] 启动 'TrainCVLauncher.py' | CUDA_VISIBLE_DEVICES='5,6,7' | LOG='/home/yeqi3/cyr/code/LaBraM/log/auto_run.log'
[2025-11-03 07:56:02] 已后台运行 pid=1461787，详见 /home/yeqi3/cyr/code/LaBraM/log/auto_run.log
[2025-11-03 07:57:02] 启动 'TrainCVLauncher.py' | CUDA_VISIBLE_DEVICES='5,6,7' | LOG='/home/yeqi3/cyr/code/LaBraM/log/auto_run.log'
[2025-11-03 07:57:02] 已后台运行 pid=1463996，详见 /home/yeqi3/cyr/code/LaBraM/log/auto_run.log
[2025-11-03 07:58:01] 启动 'TrainCVLauncher.py' | CUDA_VISIBLE_DEVICES='5,6,7' | LOG='/home/yeqi3/cyr/code/LaBraM/log/auto_run.log'
[2025-11-03 07:58:01] 已后台运行 pid=1466312，详见 /home/yeqi3/cyr/code/LaBraM/log/auto_run.log
[2025-11-03 07:59:01] 启动 'TrainCVLauncher.py' | CUDA_VISIBLE_DEVICES='5,6,7' | LOG='/home/yeqi3/cyr/code/LaBraM/log/auto_run.log'
[2025-11-03 07:59:01] 已后台运行 pid=1468514，详见 /home/yeqi3/cyr/code/LaBraM/log/auto_run.log
[2025-11-03 08:00:02] 启动 'TrainCVLauncher.py' | CUDA_VISIBLE_DEVICES='5,6,7' | LOG='/home/yeqi3/cyr/code/LaBraM/log/auto_run.log'
[2025-11-03 08:00:02] 已后台运行 pid=1470842，详见 /home/yeqi3/cyr/code/LaBraM/log/auto_run.log
[2025-11-03 08:01:01] 启动 'TrainCVLauncher.py' | CUDA_VISIBLE_DEVICES='5,6,7' | LOG='/home/yeqi3/cyr/code/LaBraM/log/auto_run.log'
[2025-11-03 08:01:01] 已后台运行 pid=1473126，详见 /home/yeqi3/cyr/code/LaBraM/log/auto_run.log
[2025-11-03 08:02:01] 启动 'TrainCVLauncher.py' | CUDA_VISIBLE_DEVICES='5,6,7' | LOG='/home/yeqi3/cyr/code/LaBraM/log/auto_run.log'
[2025-11-03 08:02:01] 已后台运行 pid=1475314，详见 /home/yeqi3/cyr/code/LaBraM/log/auto_run.log
[2025-11-03 08:03:01] 启动 'TrainCVLauncher.py' | CUDA_VISIBLE_DEVICES='5,6,7' | LOG='/home/yeqi3/cyr/code/LaBraM/log/auto_run.log'
[2025-11-03 08:03:01] 已后台运行 pid=1477620，详见 /home/yeqi3/cyr/code/LaBraM/log/auto_run.log
[2025-11-03 08:04:01] 启动 'TrainCVLauncher.py' | CUDA_VISIBLE_DEVICES='5,6,7' | LOG='/home/yeqi3/cyr/code/LaBraM/log/auto_run.log'
[2025-11-03 08:04:01] 已后台运行 pid=1479834，详见 /home/yeqi3/cyr/code/LaBraM/log/auto_run.log
[2025-11-03 08:05:02] 启动 'TrainCVLauncher.py' | CUDA_VISIBLE_DEVICES='5,6,7' | LOG='/home/yeqi3/cyr/code/LaBraM/log/auto_run.log'
[2025-11-03 08:05:02] 已后台运行 pid=1482038，详见 /home/yeqi3/cyr/code/LaBraM/log/auto_run.log
[2025-11-03 08:06:01] 启动 'TrainCVLauncher.py' | CUDA_VISIBLE_DEVICES='5,6,7' | LOG='/home/yeqi3/cyr/code/LaBraM/log/auto_run.log'
[2025-11-03 08:06:01] 已后台运行 pid=1484240，详见 /home/yeqi3/cyr/code/LaBraM/log/auto_run.log
[2025-11-03 08:07:01] 启动 'TrainCVLauncher.py' | CUDA_VISIBLE_DEVICES='5,6,7' | LOG='/home/yeqi3/cyr/code/LaBraM/log/auto_run.log'
[2025-11-03 08:07:01] 已后台运行 pid=1486434，详见 /home/yeqi3/cyr/code/LaBraM/log/auto_run.log
[2025-11-03 08:08:01] 启动 'TrainCVLauncher.py' | CUDA_VISIBLE_DEVICES='5,6,7' | LOG='/home/yeqi3/cyr/code/LaBraM/log/auto_run.log'
[2025-11-03 08:08:01] 已后台运行 pid=1488892，详见 /home/yeqi3/cyr/code/LaBraM/log/auto_run.log
[2025-11-03 08:09:01] 启动 'TrainCVLauncher.py' | CUDA_VISIBLE_DEVICES='5,6,7' | LOG='/home/yeqi3/cyr/code/LaBraM/log/auto_run.log'
[2025-11-03 08:09:01] 已后台运行 pid=1491081，详见 /home/yeqi3/cyr/code/LaBraM/log/auto_run.log
[2025-11-03 08:10:02] 启动 'TrainCVLauncher.py' | CUDA_VISIBLE_DEVICES='5,6,7' | LOG='/home/yeqi3/cyr/code/LaBraM/log/auto_run.log'
[2025-11-03 08:10:02] 已后台运行 pid=1493348，详见 /home/yeqi3/cyr/code/LaBraM/log/auto_run.log
[2025-11-03 08:11:02] 启动 'TrainCVLauncher.py' | CUDA_VISIBLE_DEVICES='5,6,7' | LOG='/home/yeqi3/cyr/code/LaBraM/log/auto_run.log'
[2025-11-03 08:11:02] 已后台运行 pid=1495806，详见 /home/yeqi3/cyr/code/LaBraM/log/auto_run.log
[2025-11-03 08:12:01] 启动 'TrainCVLauncher.py' | CUDA_VISIBLE_DEVICES='5,6,7' | LOG='/home/yeqi3/cyr/code/LaBraM/log/auto_run.log'
[2025-11-03 08:12:01] 已后台运行 pid=1497996，详见 /home/yeqi3/cyr/code/LaBraM/log/auto_run.log
[2025-11-03 08:13:01] 启动 'TrainCVLauncher.py' | CUDA_VISIBLE_DEVICES='5,6,7' | LOG='/home/yeqi3/cyr/code/LaBraM/log/auto_run.log'
[2025-11-03 08:13:01] 已后台运行 pid=1500304，详见 /home/yeqi3/cyr/code/LaBraM/log/auto_run.log
[2025-11-03 08:14:01] 启动 'TrainCVLauncher.py' | CUDA_VISIBLE_DEVICES='5,6,7' | LOG='/home/yeqi3/cyr/code/LaBraM/log/auto_run.log'
[2025-11-03 08:14:01] 已后台运行 pid=1502508，详见 /home/yeqi3/cyr/code/LaBraM/log/auto_run.log
[2025-11-03 08:15:02] 启动 'TrainCVLauncher.py' | CUDA_VISIBLE_DEVICES='5,6,7' | LOG='/home/yeqi3/cyr/code/LaBraM/log/auto_run.log'
[2025-11-03 08:15:02] 已后台运行 pid=1504711，详见 /home/yeqi3/cyr/code/LaBraM/log/auto_run.log
[2025-11-03 08:16:02] 启动 'TrainCVLauncher.py' | CUDA_VISIBLE_DEVICES='5,6,7' | LOG='/home/yeqi3/cyr/code/LaBraM/log/auto_run.log'
[2025-11-03 08:16:02] 已后台运行 pid=1506919，详见 /home/yeqi3/cyr/code/LaBraM/log/auto_run.log
[2025-11-03 08:17:01] 启动 'TrainCVLauncher.py' | CUDA_VISIBLE_DEVICES='5,6,7' | LOG='/home/yeqi3/cyr/code/LaBraM/log/auto_run.log'
[2025-11-03 08:17:01] 已后台运行 pid=1509142，详见 /home/yeqi3/cyr/code/LaBraM/log/auto_run.log
[2025-11-03 08:18:02] 启动 'TrainCVLauncher.py' | CUDA_VISIBLE_DEVICES='5,6,7' | LOG='/home/yeqi3/cyr/code/LaBraM/log/auto_run.log'
[2025-11-03 08:18:02] 已后台运行 pid=1511475，详见 /home/yeqi3/cyr/code/LaBraM/log/auto_run.log
[2025-11-03 08:19:01] 启动 'TrainCVLauncher.py' | CUDA_VISIBLE_DEVICES='5,6,7' | LOG='/home/yeqi3/cyr/code/LaBraM/log/auto_run.log'
[2025-11-03 08:19:01] 已后台运行 pid=1513674，详见 /home/yeqi3/cyr/code/LaBraM/log/auto_run.log
[2025-11-03 08:20:02] 启动 'TrainCVLauncher.py' | CUDA_VISIBLE_DEVICES='5,6,7' | LOG='/home/yeqi3/cyr/code/LaBraM/log/auto_run.log'
[2025-11-03 08:20:02] 已后台运行 pid=1516082，详见 /home/yeqi3/cyr/code/LaBraM/log/auto_run.log
[2025-11-03 08:21:01] 启动 'TrainCVLauncher.py' | CUDA_VISIBLE_DEVICES='5,6,7' | LOG='/home/yeqi3/cyr/code/LaBraM/log/auto_run.log'
[2025-11-03 08:21:01] 已后台运行 pid=1518370，详见 /home/yeqi3/cyr/code/LaBraM/log/auto_run.log
[2025-11-03 08:22:01] 启动 'TrainCVLauncher.py' | CUDA_VISIBLE_DEVICES='5,6,7' | LOG='/home/yeqi3/cyr/code/LaBraM/log/auto_run.log'
[2025-11-03 08:22:01] 已后台运行 pid=1520566，详见 /home/yeqi3/cyr/code/LaBraM/log/auto_run.log
[2025-11-03 08:23:01] 启动 'TrainCVLauncher.py' | CUDA_VISIBLE_DEVICES='5,6,7' | LOG='/home/yeqi3/cyr/code/LaBraM/log/auto_run.log'
[2025-11-03 08:23:01] 已后台运行 pid=1522880，详见 /home/yeqi3/cyr/code/LaBraM/log/auto_run.log
[2025-11-03 08:24:02] 启动 'TrainCVLauncher.py' | CUDA_VISIBLE_DEVICES='5,6,7' | LOG='/home/yeqi3/cyr/code/LaBraM/log/auto_run.log'
[2025-11-03 08:24:02] 已后台运行 pid=1525087，详见 /home/yeqi3/cyr/code/LaBraM/log/auto_run.log
[2025-11-03 08:25:02] 启动 'TrainCVLauncher.py' | CUDA_VISIBLE_DEVICES='5,6,7' | LOG='/home/yeqi3/cyr/code/LaBraM/log/auto_run.log'
[2025-11-03 08:25:02] 已后台运行 pid=1527279，详见 /home/yeqi3/cyr/code/LaBraM/log/auto_run.log
[2025-11-03 08:26:01] 启动 'TrainCVLauncher.py' | CUDA_VISIBLE_DEVICES='5,6,7' | LOG='/home/yeqi3/cyr/code/LaBraM/log/auto_run.log'
[2025-11-03 08:26:01] 已后台运行 pid=1529475，详见 /home/yeqi3/cyr/code/LaBraM/log/auto_run.log
[2025-11-03 08:27:01] 启动 'TrainCVLauncher.py' | CUDA_VISIBLE_DEVICES='5,6,7' | LOG='/home/yeqi3/cyr/code/LaBraM/log/auto_run.log'
[2025-11-03 08:27:01] 已后台运行 pid=1531680，详见 /home/yeqi3/cyr/code/LaBraM/log/auto_run.log
[2025-11-03 08:28:02] 启动 'TrainCVLauncher.py' | CUDA_VISIBLE_DEVICES='5,6,7' | LOG='/home/yeqi3/cyr/code/LaBraM/log/auto_run.log'
[2025-11-03 08:28:02] 已后台运行 pid=1533986，详见 /home/yeqi3/cyr/code/LaBraM/log/auto_run.log
[2025-11-03 08:29:01] 启动 'TrainCVLauncher.py' | CUDA_VISIBLE_DEVICES='5,6,7' | LOG='/home/yeqi3/cyr/code/LaBraM/log/auto_run.log'
[2025-11-03 08:29:01] 已后台运行 pid=1536194，详见 /home/yeqi3/cyr/code/LaBraM/log/auto_run.log
[2025-11-03 08:30:01] 启动 'TrainCVLauncher.py' | CUDA_VISIBLE_DEVICES='5,6,7' | LOG='/home/yeqi3/cyr/code/LaBraM/log/auto_run.log'
[2025-11-03 08:30:01] 已后台运行 pid=1538457，详见 /home/yeqi3/cyr/code/LaBraM/log/auto_run.log
[2025-11-03 08:31:01] 启动 'TrainCVLauncher.py' | CUDA_VISIBLE_DEVICES='5,6,7' | LOG='/home/yeqi3/cyr/code/LaBraM/log/auto_run.log'
[2025-11-03 08:31:01] 已后台运行 pid=1540845，详见 /home/yeqi3/cyr/code/LaBraM/log/auto_run.log
[2025-11-03 08:32:01] 启动 'TrainCVLauncher.py' | CUDA_VISIBLE_DEVICES='5,6,7' | LOG='/home/yeqi3/cyr/code/LaBraM/log/auto_run.log'
[2025-11-03 08:32:01] 已后台运行 pid=1543113，详见 /home/yeqi3/cyr/code/LaBraM/log/auto_run.log
[2025-11-03 08:33:01] 启动 'TrainCVLauncher.py' | CUDA_VISIBLE_DEVICES='5,6,7' | LOG='/home/yeqi3/cyr/code/LaBraM/log/auto_run.log'
[2025-11-03 08:33:01] 已后台运行 pid=1545434，详见 /home/yeqi3/cyr/code/LaBraM/log/auto_run.log
[2025-11-03 08:34:02] 启动 'TrainCVLauncher.py' | CUDA_VISIBLE_DEVICES='5,6,7' | LOG='/home/yeqi3/cyr/code/LaBraM/log/auto_run.log'
[2025-11-03 08:34:02] 已后台运行 pid=1547639，详见 /home/yeqi3/cyr/code/LaBraM/log/auto_run.log
[2025-11-03 08:35:01] 启动 'TrainCVLauncher.py' | CUDA_VISIBLE_DEVICES='5,6,7' | LOG='/home/yeqi3/cyr/code/LaBraM/log/auto_run.log'
[2025-11-03 08:35:01] 已后台运行 pid=1549836，详见 /home/yeqi3/cyr/code/LaBraM/log/auto_run.log
[2025-11-03 08:36:02] 启动 'TrainCVLauncher.py' | CUDA_VISIBLE_DEVICES='5,6,7' | LOG='/home/yeqi3/cyr/code/LaBraM/log/auto_run.log'
[2025-11-03 08:36:02] 已后台运行 pid=1552055，详见 /home/yeqi3/cyr/code/LaBraM/log/auto_run.log
[2025-11-03 08:37:01] 启动 'TrainCVLauncher.py' | CUDA_VISIBLE_DEVICES='5,6,7' | LOG='/home/yeqi3/cyr/code/LaBraM/log/auto_run.log'
[2025-11-03 08:37:01] 已后台运行 pid=1554258，详见 /home/yeqi3/cyr/code/LaBraM/log/auto_run.log
[2025-11-03 08:38:01] 启动 'TrainCVLauncher.py' | CUDA_VISIBLE_DEVICES='5,6,7' | LOG='/home/yeqi3/cyr/code/LaBraM/log/auto_run.log'
[2025-11-03 08:38:01] 已后台运行 pid=1556572，详见 /home/yeqi3/cyr/code/LaBraM/log/auto_run.log
[2025-11-03 08:39:02] 启动 'TrainCVLauncher.py' | CUDA_VISIBLE_DEVICES='5,6,7' | LOG='/home/yeqi3/cyr/code/LaBraM/log/auto_run.log'
[2025-11-03 08:39:02] 已后台运行 pid=1558778，详见 /home/yeqi3/cyr/code/LaBraM/log/auto_run.log
[2025-11-03 08:40:01] 启动 'TrainCVLauncher.py' | CUDA_VISIBLE_DEVICES='5,6,7' | LOG='/home/yeqi3/cyr/code/LaBraM/log/auto_run.log'
[2025-11-03 08:40:01] 已后台运行 pid=1561055，详见 /home/yeqi3/cyr/code/LaBraM/log/auto_run.log
[2025-11-03 08:41:02] 启动 'TrainCVLauncher.py' | CUDA_VISIBLE_DEVICES='5,6,7' | LOG='/home/yeqi3/cyr/code/LaBraM/log/auto_run.log'
[2025-11-03 08:41:02] 已后台运行 pid=1563349，详见 /home/yeqi3/cyr/code/LaBraM/log/auto_run.log
[2025-11-03 08:42:02] 启动 'TrainCVLauncher.py' | CUDA_VISIBLE_DEVICES='5,6,7' | LOG='/home/yeqi3/cyr/code/LaBraM/log/auto_run.log'
[2025-11-03 08:42:02] 已后台运行 pid=1565685，详见 /home/yeqi3/cyr/code/LaBraM/log/auto_run.log
[2025-11-03 08:43:01] 启动 'TrainCVLauncher.py' | CUDA_VISIBLE_DEVICES='5,6,7' | LOG='/home/yeqi3/cyr/code/LaBraM/log/auto_run.log'
[2025-11-03 08:43:01] 已后台运行 pid=1567998，详见 /home/yeqi3/cyr/code/LaBraM/log/auto_run.log
[2025-11-03 08:44:01] 启动 'TrainCVLauncher.py' | CUDA_VISIBLE_DEVICES='5,6,7' | LOG='/home/yeqi3/cyr/code/LaBraM/log/auto_run.log'
[2025-11-03 08:44:01] 已后台运行 pid=1570205，详见 /home/yeqi3/cyr/code/LaBraM/log/auto_run.log
[2025-11-03 08:45:02] 启动 'TrainCVLauncher.py' | CUDA_VISIBLE_DEVICES='5,6,7' | LOG='/home/yeqi3/cyr/code/LaBraM/log/auto_run.log'
[2025-11-03 08:45:02] 已后台运行 pid=1572413，详见 /home/yeqi3/cyr/code/LaBraM/log/auto_run.log
[2025-11-03 08:46:01] 启动 'TrainCVLauncher.py' | CUDA_VISIBLE_DEVICES='5,6,7' | LOG='/home/yeqi3/cyr/code/LaBraM/log/auto_run.log'
[2025-11-03 08:46:01] 已后台运行 pid=1574609，详见 /home/yeqi3/cyr/code/LaBraM/log/auto_run.log
[2025-11-03 08:47:02] 启动 'TrainCVLauncher.py' | CUDA_VISIBLE_DEVICES='5,6,7' | LOG='/home/yeqi3/cyr/code/LaBraM/log/auto_run.log'
[2025-11-03 08:47:02] 已后台运行 pid=1576816，详见 /home/yeqi3/cyr/code/LaBraM/log/auto_run.log
[2025-11-03 08:48:01] 启动 'TrainCVLauncher.py' | CUDA_VISIBLE_DEVICES='5,6,7' | LOG='/home/yeqi3/cyr/code/LaBraM/log/auto_run.log'
[2025-11-03 08:48:01] 已后台运行 pid=1579162，详见 /home/yeqi3/cyr/code/LaBraM/log/auto_run.log
[2025-11-03 08:49:01] 启动 'TrainCVLauncher.py' | CUDA_VISIBLE_DEVICES='5,6,7' | LOG='/home/yeqi3/cyr/code/LaBraM/log/auto_run.log'
[2025-11-03 08:49:01] 已后台运行 pid=1581369，详见 /home/yeqi3/cyr/code/LaBraM/log/auto_run.log
[2025-11-03 08:50:02] 启动 'TrainCVLauncher.py' | CUDA_VISIBLE_DEVICES='5,6,7' | LOG='/home/yeqi3/cyr/code/LaBraM/log/auto_run.log'
[2025-11-03 08:50:02] 已后台运行 pid=1583645，详见 /home/yeqi3/cyr/code/LaBraM/log/auto_run.log
[2025-11-03 08:51:01] 启动 'TrainCVLauncher.py' | CUDA_VISIBLE_DEVICES='5,6,7' | LOG='/home/yeqi3/cyr/code/LaBraM/log/auto_run.log'
[2025-11-03 08:51:01] 已后台运行 pid=1585947，详见 /home/yeqi3/cyr/code/LaBraM/log/auto_run.log
[2025-11-03 08:52:01] 启动 'TrainCVLauncher.py' | CUDA_VISIBLE_DEVICES='5,6,7' | LOG='/home/yeqi3/cyr/code/LaBraM/log/auto_run.log'
[2025-11-03 08:52:01] 已后台运行 pid=1588162，详见 /home/yeqi3/cyr/code/LaBraM/log/auto_run.log
[2025-11-03 08:53:02] 启动 'TrainCVLauncher.py' | CUDA_VISIBLE_DEVICES='5,6,7' | LOG='/home/yeqi3/cyr/code/LaBraM/log/auto_run.log'
[2025-11-03 08:53:02] 已后台运行 pid=1590481，详见 /home/yeqi3/cyr/code/LaBraM/log/auto_run.log
[2025-11-03 08:54:01] 启动 'TrainCVLauncher.py' | CUDA_VISIBLE_DEVICES='5,6,7' | LOG='/home/yeqi3/cyr/code/LaBraM/log/auto_run.log'
[2025-11-03 08:54:01] 已后台运行 pid=1592754，详见 /home/yeqi3/cyr/code/LaBraM/log/auto_run.log
[2025-11-03 08:55:02] 启动 'TrainCVLauncher.py' | CUDA_VISIBLE_DEVICES='5,6,7' | LOG='/home/yeqi3/cyr/code/LaBraM/log/auto_run.log'
[2025-11-03 08:55:02] 已后台运行 pid=1595019，详见 /home/yeqi3/cyr/code/LaBraM/log/auto_run.log
[2025-11-03 08:56:01] 启动 'TrainCVLauncher.py' | CUDA_VISIBLE_DEVICES='5,6,7' | LOG='/home/yeqi3/cyr/code/LaBraM/log/auto_run.log'
[2025-11-03 08:56:01] 已后台运行 pid=1597229，详见 /home/yeqi3/cyr/code/LaBraM/log/auto_run.log
[2025-11-03 08:57:01] 启动 'TrainCVLauncher.py' | CUDA_VISIBLE_DEVICES='5,6,7' | LOG='/home/yeqi3/cyr/code/LaBraM/log/auto_run.log'
[2025-11-03 08:57:01] 已后台运行 pid=1599424，详见 /home/yeqi3/cyr/code/LaBraM/log/auto_run.log
[2025-11-03 08:58:02] 启动 'TrainCVLauncher.py' | CUDA_VISIBLE_DEVICES='5,6,7' | LOG='/home/yeqi3/cyr/code/LaBraM/log/auto_run.log'
[2025-11-03 08:58:02] 已后台运行 pid=1601732，详见 /home/yeqi3/cyr/code/LaBraM/log/auto_run.log
[2025-11-03 08:59:02] 启动 'TrainCVLauncher.py' | CUDA_VISIBLE_DEVICES='5,6,7' | LOG='/home/yeqi3/cyr/code/LaBraM/log/auto_run.log'
[2025-11-03 08:59:02] 已后台运行 pid=1603938，详见 /home/yeqi3/cyr/code/LaBraM/log/auto_run.log
[2025-11-03 09:00:01] 启动 'TrainCVLauncher.py' | CUDA_VISIBLE_DEVICES='5,6,7' | LOG='/home/yeqi3/cyr/code/LaBraM/log/auto_run.log'
[2025-11-03 09:00:01] 已后台运行 pid=1606202，详见 /home/yeqi3/cyr/code/LaBraM/log/auto_run.log
[2025-11-03 09:01:01] 启动 'TrainCVLauncher.py' | CUDA_VISIBLE_DEVICES='5,6,7' | LOG='/home/yeqi3/cyr/code/LaBraM/log/auto_run.log'
[2025-11-03 09:01:01] 已后台运行 pid=1608483，详见 /home/yeqi3/cyr/code/LaBraM/log/auto_run.log
[2025-11-03 09:02:01] 启动 'TrainCVLauncher.py' | CUDA_VISIBLE_DEVICES='5,6,7' | LOG='/home/yeqi3/cyr/code/LaBraM/log/auto_run.log'
[2025-11-03 09:02:01] 已后台运行 pid=1610688，详见 /home/yeqi3/cyr/code/LaBraM/log/auto_run.log
[2025-11-03 09:03:02] 启动 'TrainCVLauncher.py' | CUDA_VISIBLE_DEVICES='5,6,7' | LOG='/home/yeqi3/cyr/code/LaBraM/log/auto_run.log'
[2025-11-03 09:03:02] 已后台运行 pid=1612994，详见 /home/yeqi3/cyr/code/LaBraM/log/auto_run.log
[2025-11-03 09:04:01] 启动 'TrainCVLauncher.py' | CUDA_VISIBLE_DEVICES='5,6,7' | LOG='/home/yeqi3/cyr/code/LaBraM/log/auto_run.log'
[2025-11-03 09:04:01] 已后台运行 pid=1615207，详见 /home/yeqi3/cyr/code/LaBraM/log/auto_run.log
[2025-11-03 09:05:01] 启动 'TrainCVLauncher.py' | CUDA_VISIBLE_DEVICES='5,6,7' | LOG='/home/yeqi3/cyr/code/LaBraM/log/auto_run.log'
[2025-11-03 09:05:01] 已后台运行 pid=1617416，详见 /home/yeqi3/cyr/code/LaBraM/log/auto_run.log
[2025-11-03 09:06:01] 启动 'TrainCVLauncher.py' | CUDA_VISIBLE_DEVICES='5,6,7' | LOG='/home/yeqi3/cyr/code/LaBraM/log/auto_run.log'
[2025-11-03 09:06:01] 已后台运行 pid=1619695，详见 /home/yeqi3/cyr/code/LaBraM/log/auto_run.log
[2025-11-03 09:07:01] 启动 'TrainCVLauncher.py' | CUDA_VISIBLE_DEVICES='5,6,7' | LOG='/home/yeqi3/cyr/code/LaBraM/log/auto_run.log'
[2025-11-03 09:07:01] 已后台运行 pid=1621876，详见 /home/yeqi3/cyr/code/LaBraM/log/auto_run.log
[2025-11-03 09:08:01] 启动 'TrainCVLauncher.py' | CUDA_VISIBLE_DEVICES='5,6,7' | LOG='/home/yeqi3/cyr/code/LaBraM/log/auto_run.log'
[2025-11-03 09:08:01] 已后台运行 pid=1624275，详见 /home/yeqi3/cyr/code/LaBraM/log/auto_run.log
[2025-11-03 09:09:02] 启动 'TrainCVLauncher.py' | CUDA_VISIBLE_DEVICES='5,6,7' | LOG='/home/yeqi3/cyr/code/LaBraM/log/auto_run.log'
[2025-11-03 09:09:02] 已后台运行 pid=1626473，详见 /home/yeqi3/cyr/code/LaBraM/log/auto_run.log
[2025-11-03 09:10:01] 启动 'TrainCVLauncher.py' | CUDA_VISIBLE_DEVICES='5,6,7' | LOG='/home/yeqi3/cyr/code/LaBraM/log/auto_run.log'
[2025-11-03 09:10:01] 已后台运行 pid=1628745，详见 /home/yeqi3/cyr/code/LaBraM/log/auto_run.log
[2025-11-03 09:11:02] 启动 'TrainCVLauncher.py' | CUDA_VISIBLE_DEVICES='5,6,7' | LOG='/home/yeqi3/cyr/code/LaBraM/log/auto_run.log'
[2025-11-03 09:11:02] 已后台运行 pid=1631035，详见 /home/yeqi3/cyr/code/LaBraM/log/auto_run.log
[2025-11-03 09:12:02] 启动 'TrainCVLauncher.py' | CUDA_VISIBLE_DEVICES='5,6,7' | LOG='/home/yeqi3/cyr/code/LaBraM/log/auto_run.log'
[2025-11-03 09:12:02] 已后台运行 pid=1633234，详见 /home/yeqi3/cyr/code/LaBraM/log/auto_run.log
[2025-11-03 09:13:01] 启动 'TrainCVLauncher.py' | CUDA_VISIBLE_DEVICES='5,6,7' | LOG='/home/yeqi3/cyr/code/LaBraM/log/auto_run.log'
[2025-11-03 09:13:01] 已后台运行 pid=1635550，详见 /home/yeqi3/cyr/code/LaBraM/log/auto_run.log
[2025-11-03 09:14:02] 启动 'TrainCVLauncher.py' | CUDA_VISIBLE_DEVICES='5,6,7' | LOG='/home/yeqi3/cyr/code/LaBraM/log/auto_run.log'
[2025-11-03 09:14:02] 已后台运行 pid=1637752，详见 /home/yeqi3/cyr/code/LaBraM/log/auto_run.log
[2025-11-03 09:15:01] 启动 'TrainCVLauncher.py' | CUDA_VISIBLE_DEVICES='5,6,7' | LOG='/home/yeqi3/cyr/code/LaBraM/log/auto_run.log'
[2025-11-03 09:15:01] 已后台运行 pid=1639967，详见 /home/yeqi3/cyr/code/LaBraM/log/auto_run.log
[2025-11-03 09:16:02] 启动 'TrainCVLauncher.py' | CUDA_VISIBLE_DEVICES='5,6,7' | LOG='/home/yeqi3/cyr/code/LaBraM/log/auto_run.log'
[2025-11-03 09:16:02] 已后台运行 pid=1642185，详见 /home/yeqi3/cyr/code/LaBraM/log/auto_run.log
[2025-11-03 09:17:01] 启动 'TrainCVLauncher.py' | CUDA_VISIBLE_DEVICES='5,6,7' | LOG='/home/yeqi3/cyr/code/LaBraM/log/auto_run.log'
[2025-11-03 09:17:01] 已后台运行 pid=1644390，详见 /home/yeqi3/cyr/code/LaBraM/log/auto_run.log
[2025-11-03 09:18:02] 启动 'TrainCVLauncher.py' | CUDA_VISIBLE_DEVICES='5,6,7' | LOG='/home/yeqi3/cyr/code/LaBraM/log/auto_run.log'
[2025-11-03 09:18:02] 已后台运行 pid=1646848，详见 /home/yeqi3/cyr/code/LaBraM/log/auto_run.log
[2025-11-03 09:19:01] 启动 'TrainCVLauncher.py' | CUDA_VISIBLE_DEVICES='5,6,7' | LOG='/home/yeqi3/cyr/code/LaBraM/log/auto_run.log'
[2025-11-03 09:19:01] 已后台运行 pid=1649048，详见 /home/yeqi3/cyr/code/LaBraM/log/auto_run.log
[2025-11-03 09:20:01] 启动 'TrainCVLauncher.py' | CUDA_VISIBLE_DEVICES='5,6,7' | LOG='/home/yeqi3/cyr/code/LaBraM/log/auto_run.log'
[2025-11-03 09:20:01] 已后台运行 pid=1651305，详见 /home/yeqi3/cyr/code/LaBraM/log/auto_run.log
[2025-11-03 09:21:01] 启动 'TrainCVLauncher.py' | CUDA_VISIBLE_DEVICES='5,6,7' | LOG='/home/yeqi3/cyr/code/LaBraM/log/auto_run.log'
[2025-11-03 09:21:01] 已后台运行 pid=1653557，详见 /home/yeqi3/cyr/code/LaBraM/log/auto_run.log
[2025-11-03 09:22:02] 启动 'TrainCVLauncher.py' | CUDA_VISIBLE_DEVICES='5,6,7' | LOG='/home/yeqi3/cyr/code/LaBraM/log/auto_run.log'
[2025-11-03 09:22:02] 已后台运行 pid=1655777，详见 /home/yeqi3/cyr/code/LaBraM/log/auto_run.log
[2025-11-03 09:23:02] 启动 'TrainCVLauncher.py' | CUDA_VISIBLE_DEVICES='5,6,7' | LOG='/home/yeqi3/cyr/code/LaBraM/log/auto_run.log'
[2025-11-03 09:23:02] 已后台运行 pid=1658065，详见 /home/yeqi3/cyr/code/LaBraM/log/auto_run.log
[2025-11-03 09:24:01] 启动 'TrainCVLauncher.py' | CUDA_VISIBLE_DEVICES='5,6,7' | LOG='/home/yeqi3/cyr/code/LaBraM/log/auto_run.log'
[2025-11-03 09:24:01] 已后台运行 pid=1660272，详见 /home/yeqi3/cyr/code/LaBraM/log/auto_run.log
[2025-11-03 09:25:02] 启动 'TrainCVLauncher.py' | CUDA_VISIBLE_DEVICES='5,6,7' | LOG='/home/yeqi3/cyr/code/LaBraM/log/auto_run.log'
[2025-11-03 09:25:02] 已后台运行 pid=1662469，详见 /home/yeqi3/cyr/code/LaBraM/log/auto_run.log
[2025-11-03 09:26:01] 启动 'TrainCVLauncher.py' | CUDA_VISIBLE_DEVICES='5,6,7' | LOG='/home/yeqi3/cyr/code/LaBraM/log/auto_run.log'
[2025-11-03 09:26:01] 已后台运行 pid=1664674，详见 /home/yeqi3/cyr/code/LaBraM/log/auto_run.log
[2025-11-03 09:27:01] 启动 'TrainCVLauncher.py' | CUDA_VISIBLE_DEVICES='5,6,7' | LOG='/home/yeqi3/cyr/code/LaBraM/log/auto_run.log'
[2025-11-03 09:27:01] 已后台运行 pid=1666878，详见 /home/yeqi3/cyr/code/LaBraM/log/auto_run.log
[2025-11-03 09:28:02] 启动 'TrainCVLauncher.py' | CUDA_VISIBLE_DEVICES='5,6,7' | LOG='/home/yeqi3/cyr/code/LaBraM/log/auto_run.log'
[2025-11-03 09:28:02] 已后台运行 pid=1669187，详见 /home/yeqi3/cyr/code/LaBraM/log/auto_run.log
[2025-11-03 09:29:01] 启动 'TrainCVLauncher.py' | CUDA_VISIBLE_DEVICES='5,6,7' | LOG='/home/yeqi3/cyr/code/LaBraM/log/auto_run.log'
[2025-11-03 09:29:01] 已后台运行 pid=1671397，详见 /home/yeqi3/cyr/code/LaBraM/log/auto_run.log
[2025-11-03 09:30:01] 启动 'TrainCVLauncher.py' | CUDA_VISIBLE_DEVICES='5,6,7' | LOG='/home/yeqi3/cyr/code/LaBraM/log/auto_run.log'
[2025-11-03 09:30:01] 已后台运行 pid=1673669，详见 /home/yeqi3/cyr/code/LaBraM/log/auto_run.log
[2025-11-03 09:31:02] 启动 'TrainCVLauncher.py' | CUDA_VISIBLE_DEVICES='5,6,7' | LOG='/home/yeqi3/cyr/code/LaBraM/log/auto_run.log'
[2025-11-03 09:31:02] 已后台运行 pid=1676106，详见 /home/yeqi3/cyr/code/LaBraM/log/auto_run.log
[2025-11-03 09:32:01] 启动 'TrainCVLauncher.py' | CUDA_VISIBLE_DEVICES='5,6,7' | LOG='/home/yeqi3/cyr/code/LaBraM/log/auto_run.log'
[2025-11-03 09:32:01] 已后台运行 pid=1678291，详见 /home/yeqi3/cyr/code/LaBraM/log/auto_run.log
[2025-11-03 09:33:01] 启动 'TrainCVLauncher.py' | CUDA_VISIBLE_DEVICES='5,6,7' | LOG='/home/yeqi3/cyr/code/LaBraM/log/auto_run.log'
[2025-11-03 09:33:01] 已后台运行 pid=1680617，详见 /home/yeqi3/cyr/code/LaBraM/log/auto_run.log
[2025-11-03 09:34:01] 启动 'TrainCVLauncher.py' | CUDA_VISIBLE_DEVICES='5,6,7' | LOG='/home/yeqi3/cyr/code/LaBraM/log/auto_run.log'
[2025-11-03 09:34:01] 已后台运行 pid=1682819，详见 /home/yeqi3/cyr/code/LaBraM/log/auto_run.log
[2025-11-03 09:35:02] 启动 'TrainCVLauncher.py' | CUDA_VISIBLE_DEVICES='5,6,7' | LOG='/home/yeqi3/cyr/code/LaBraM/log/auto_run.log'
[2025-11-03 09:35:02] 已后台运行 pid=1685023，详见 /home/yeqi3/cyr/code/LaBraM/log/auto_run.log
[2025-11-03 09:36:02] 启动 'TrainCVLauncher.py' | CUDA_VISIBLE_DEVICES='5,6,7' | LOG='/home/yeqi3/cyr/code/LaBraM/log/auto_run.log'
[2025-11-03 09:36:02] 已后台运行 pid=1687219，详见 /home/yeqi3/cyr/code/LaBraM/log/auto_run.log
[2025-11-03 09:37:01] 启动 'TrainCVLauncher.py' | CUDA_VISIBLE_DEVICES='5,6,7' | LOG='/home/yeqi3/cyr/code/LaBraM/log/auto_run.log'
[2025-11-03 09:37:01] 已后台运行 pid=1689413，详见 /home/yeqi3/cyr/code/LaBraM/log/auto_run.log
[2025-11-03 09:38:02] 启动 'TrainCVLauncher.py' | CUDA_VISIBLE_DEVICES='5,6,7' | LOG='/home/yeqi3/cyr/code/LaBraM/log/auto_run.log'
[2025-11-03 09:38:02] 已后台运行 pid=1691723，详见 /home/yeqi3/cyr/code/LaBraM/log/auto_run.log
[2025-11-03 09:39:02] 启动 'TrainCVLauncher.py' | CUDA_VISIBLE_DEVICES='5,6,7' | LOG='/home/yeqi3/cyr/code/LaBraM/log/auto_run.log'
[2025-11-03 09:39:02] 已后台运行 pid=1693911，详见 /home/yeqi3/cyr/code/LaBraM/log/auto_run.log
[2025-11-03 09:40:01] 启动 'TrainCVLauncher.py' | CUDA_VISIBLE_DEVICES='5,6,7' | LOG='/home/yeqi3/cyr/code/LaBraM/log/auto_run.log'
[2025-11-03 09:40:01] 已后台运行 pid=1696182，详见 /home/yeqi3/cyr/code/LaBraM/log/auto_run.log
[2025-11-03 09:41:01] 启动 'TrainCVLauncher.py' | CUDA_VISIBLE_DEVICES='5,6,7' | LOG='/home/yeqi3/cyr/code/LaBraM/log/auto_run.log'
[2025-11-03 09:41:01] 已后台运行 pid=1698461，详见 /home/yeqi3/cyr/code/LaBraM/log/auto_run.log
[2025-11-03 09:42:02] 启动 'TrainCVLauncher.py' | CUDA_VISIBLE_DEVICES='5,6,7' | LOG='/home/yeqi3/cyr/code/LaBraM/log/auto_run.log'
[2025-11-03 09:42:02] 已后台运行 pid=1700672，详见 /home/yeqi3/cyr/code/LaBraM/log/auto_run.log
[2025-11-03 09:43:01] 启动 'TrainCVLauncher.py' | CUDA_VISIBLE_DEVICES='5,6,7' | LOG='/home/yeqi3/cyr/code/LaBraM/log/auto_run.log'
[2025-11-03 09:43:01] 已后台运行 pid=1702985，详见 /home/yeqi3/cyr/code/LaBraM/log/auto_run.log
[2025-11-03 09:44:01] 启动 'TrainCVLauncher.py' | CUDA_VISIBLE_DEVICES='5,6,7' | LOG='/home/yeqi3/cyr/code/LaBraM/log/auto_run.log'
[2025-11-03 09:44:01] 已后台运行 pid=1705202，详见 /home/yeqi3/cyr/code/LaBraM/log/auto_run.log
[2025-11-03 09:45:01] 启动 'TrainCVLauncher.py' | CUDA_VISIBLE_DEVICES='5,6,7' | LOG='/home/yeqi3/cyr/code/LaBraM/log/auto_run.log'
[2025-11-03 09:45:01] 已后台运行 pid=1707395，详见 /home/yeqi3/cyr/code/LaBraM/log/auto_run.log
[2025-11-03 09:46:02] 启动 'TrainCVLauncher.py' | CUDA_VISIBLE_DEVICES='5,6,7' | LOG='/home/yeqi3/cyr/code/LaBraM/log/auto_run.log'
[2025-11-03 09:46:02] 已后台运行 pid=1709740，详见 /home/yeqi3/cyr/code/LaBraM/log/auto_run.log
[2025-11-03 09:47:02] 启动 'TrainCVLauncher.py' | CUDA_VISIBLE_DEVICES='5,6,7' | LOG='/home/yeqi3/cyr/code/LaBraM/log/auto_run.log'
[2025-11-03 09:47:02] 已后台运行 pid=1711940，详见 /home/yeqi3/cyr/code/LaBraM/log/auto_run.log
[2025-11-03 09:48:01] 启动 'TrainCVLauncher.py' | CUDA_VISIBLE_DEVICES='5,6,7' | LOG='/home/yeqi3/cyr/code/LaBraM/log/auto_run.log'
[2025-11-03 09:48:01] 已后台运行 pid=1714256，详见 /home/yeqi3/cyr/code/LaBraM/log/auto_run.log
[2025-11-03 09:49:01] 启动 'TrainCVLauncher.py' | CUDA_VISIBLE_DEVICES='5,6,7' | LOG='/home/yeqi3/cyr/code/LaBraM/log/auto_run.log'
[2025-11-03 09:49:01] 已后台运行 pid=1716454，详见 /home/yeqi3/cyr/code/LaBraM/log/auto_run.log
[2025-11-03 09:50:01] 启动 'TrainCVLauncher.py' | CUDA_VISIBLE_DEVICES='5,6,7' | LOG='/home/yeqi3/cyr/code/LaBraM/log/auto_run.log'
[2025-11-03 09:50:01] 已后台运行 pid=1718722，详见 /home/yeqi3/cyr/code/LaBraM/log/auto_run.log
[2025-11-03 09:51:02] 启动 'TrainCVLauncher.py' | CUDA_VISIBLE_DEVICES='5,6,7' | LOG='/home/yeqi3/cyr/code/LaBraM/log/auto_run.log'
[2025-11-03 09:51:02] 已后台运行 pid=1721006，详见 /home/yeqi3/cyr/code/LaBraM/log/auto_run.log
[2025-11-03 09:52:01] 启动 'TrainCVLauncher.py' | CUDA_VISIBLE_DEVICES='5,6,7' | LOG='/home/yeqi3/cyr/code/LaBraM/log/auto_run.log'
[2025-11-03 09:52:01] 已后台运行 pid=1723217，详见 /home/yeqi3/cyr/code/LaBraM/log/auto_run.log
[2025-11-03 09:53:02] 启动 'TrainCVLauncher.py' | CUDA_VISIBLE_DEVICES='5,6,7' | LOG='/home/yeqi3/cyr/code/LaBraM/log/auto_run.log'
[2025-11-03 09:53:02] 已后台运行 pid=1725538，详见 /home/yeqi3/cyr/code/LaBraM/log/auto_run.log
[2025-11-03 09:54:02] 启动 'TrainCVLauncher.py' | CUDA_VISIBLE_DEVICES='5,6,7' | LOG='/home/yeqi3/cyr/code/LaBraM/log/auto_run.log'
[2025-11-03 09:54:02] 已后台运行 pid=1727741，详见 /home/yeqi3/cyr/code/LaBraM/log/auto_run.log
[2025-11-03 09:55:01] 启动 'TrainCVLauncher.py' | CUDA_VISIBLE_DEVICES='5,6,7' | LOG='/home/yeqi3/cyr/code/LaBraM/log/auto_run.log'
[2025-11-03 09:55:01] 已后台运行 pid=1729945，详见 /home/yeqi3/cyr/code/LaBraM/log/auto_run.log
[2025-11-03 09:56:01] 启动 'TrainCVLauncher.py' | CUDA_VISIBLE_DEVICES='5,6,7' | LOG='/home/yeqi3/cyr/code/LaBraM/log/auto_run.log'
[2025-11-03 09:56:01] 已后台运行 pid=1732169，详见 /home/yeqi3/cyr/code/LaBraM/log/auto_run.log
[2025-11-03 09:57:02] 启动 'TrainCVLauncher.py' | CUDA_VISIBLE_DEVICES='5,6,7' | LOG='/home/yeqi3/cyr/code/LaBraM/log/auto_run.log'
[2025-11-03 09:57:02] 已后台运行 pid=1734467，详见 /home/yeqi3/cyr/code/LaBraM/log/auto_run.log
[2025-11-03 09:58:01] 启动 'TrainCVLauncher.py' | CUDA_VISIBLE_DEVICES='5,6,7' | LOG='/home/yeqi3/cyr/code/LaBraM/log/auto_run.log'
[2025-11-03 09:58:01] 已后台运行 pid=1736775，详见 /home/yeqi3/cyr/code/LaBraM/log/auto_run.log
[2025-11-03 09:59:02] 启动 'TrainCVLauncher.py' | CUDA_VISIBLE_DEVICES='5,6,7' | LOG='/home/yeqi3/cyr/code/LaBraM/log/auto_run.log'
[2025-11-03 09:59:02] 已后台运行 pid=1739044，详见 /home/yeqi3/cyr/code/LaBraM/log/auto_run.log
[2025-11-03 10:00:02] 启动 'TrainCVLauncher.py' | CUDA_VISIBLE_DEVICES='5,6,7' | LOG='/home/yeqi3/cyr/code/LaBraM/log/auto_run.log'
[2025-11-03 10:00:02] 已后台运行 pid=1741309，详见 /home/yeqi3/cyr/code/LaBraM/log/auto_run.log
[2025-11-03 10:01:01] 启动 'TrainCVLauncher.py' | CUDA_VISIBLE_DEVICES='5,6,7' | LOG='/home/yeqi3/cyr/code/LaBraM/log/auto_run.log'
[2025-11-03 10:01:01] 已后台运行 pid=1743596，详见 /home/yeqi3/cyr/code/LaBraM/log/auto_run.log
[2025-11-03 10:02:02] 启动 'TrainCVLauncher.py' | CUDA_VISIBLE_DEVICES='5,6,7' | LOG='/home/yeqi3/cyr/code/LaBraM/log/auto_run.log'
[2025-11-03 10:02:02] 已后台运行 pid=1745790，详见 /home/yeqi3/cyr/code/LaBraM/log/auto_run.log
[2025-11-03 10:03:01] 启动 'TrainCVLauncher.py' | CUDA_VISIBLE_DEVICES='5,6,7' | LOG='/home/yeqi3/cyr/code/LaBraM/log/auto_run.log'
[2025-11-03 10:03:01] 已后台运行 pid=1748095，详见 /home/yeqi3/cyr/code/LaBraM/log/auto_run.log
[2025-11-03 10:04:01] 启动 'TrainCVLauncher.py' | CUDA_VISIBLE_DEVICES='5,6,7' | LOG='/home/yeqi3/cyr/code/LaBraM/log/auto_run.log'
[2025-11-03 10:04:01] 已后台运行 pid=1750293，详见 /home/yeqi3/cyr/code/LaBraM/log/auto_run.log
[2025-11-03 10:05:02] 启动 'TrainCVLauncher.py' | CUDA_VISIBLE_DEVICES='5,6,7' | LOG='/home/yeqi3/cyr/code/LaBraM/log/auto_run.log'
[2025-11-03 10:05:02] 已后台运行 pid=1752491，详见 /home/yeqi3/cyr/code/LaBraM/log/auto_run.log
[2025-11-03 10:06:01] 启动 'TrainCVLauncher.py' | CUDA_VISIBLE_DEVICES='5,6,7' | LOG='/home/yeqi3/cyr/code/LaBraM/log/auto_run.log'
[2025-11-03 10:06:01] 已后台运行 pid=1754679，详见 /home/yeqi3/cyr/code/LaBraM/log/auto_run.log
[2025-11-03 10:07:02] 启动 'TrainCVLauncher.py' | CUDA_VISIBLE_DEVICES='5,6,7' | LOG='/home/yeqi3/cyr/code/LaBraM/log/auto_run.log'
[2025-11-03 10:07:02] 已后台运行 pid=1756878，详见 /home/yeqi3/cyr/code/LaBraM/log/auto_run.log
[2025-11-03 10:08:02] 启动 'TrainCVLauncher.py' | CUDA_VISIBLE_DEVICES='5,6,7' | LOG='/home/yeqi3/cyr/code/LaBraM/log/auto_run.log'
[2025-11-03 10:08:02] 已后台运行 pid=1759183，详见 /home/yeqi3/cyr/code/LaBraM/log/auto_run.log
[2025-11-03 10:09:01] 启动 'TrainCVLauncher.py' | CUDA_VISIBLE_DEVICES='5,6,7' | LOG='/home/yeqi3/cyr/code/LaBraM/log/auto_run.log'
[2025-11-03 10:09:01] 已后台运行 pid=1761388，详见 /home/yeqi3/cyr/code/LaBraM/log/auto_run.log
[2025-11-03 10:10:01] 启动 'TrainCVLauncher.py' | CUDA_VISIBLE_DEVICES='5,6,7' | LOG='/home/yeqi3/cyr/code/LaBraM/log/auto_run.log'
[2025-11-03 10:10:01] 已后台运行 pid=1763669，详见 /home/yeqi3/cyr/code/LaBraM/log/auto_run.log
[2025-11-03 10:11:02] 启动 'TrainCVLauncher.py' | CUDA_VISIBLE_DEVICES='5,6,7' | LOG='/home/yeqi3/cyr/code/LaBraM/log/auto_run.log'
[2025-11-03 10:11:02] 已后台运行 pid=1766104，详见 /home/yeqi3/cyr/code/LaBraM/log/auto_run.log
[2025-11-03 10:12:02] 启动 'TrainCVLauncher.py' | CUDA_VISIBLE_DEVICES='5,6,7' | LOG='/home/yeqi3/cyr/code/LaBraM/log/auto_run.log'
[2025-11-03 10:12:02] 已后台运行 pid=1768305，详见 /home/yeqi3/cyr/code/LaBraM/log/auto_run.log
[2025-11-03 10:13:01] 启动 'TrainCVLauncher.py' | CUDA_VISIBLE_DEVICES='5,6,7' | LOG='/home/yeqi3/cyr/code/LaBraM/log/auto_run.log'
[2025-11-03 10:13:01] 已后台运行 pid=1770604，详见 /home/yeqi3/cyr/code/LaBraM/log/auto_run.log
[2025-11-03 10:14:02] 启动 'TrainCVLauncher.py' | CUDA_VISIBLE_DEVICES='5,6,7' | LOG='/home/yeqi3/cyr/code/LaBraM/log/auto_run.log'
[2025-11-03 10:14:02] 已后台运行 pid=1772803，详见 /home/yeqi3/cyr/code/LaBraM/log/auto_run.log
[2025-11-03 10:15:02] 启动 'TrainCVLauncher.py' | CUDA_VISIBLE_DEVICES='5,6,7' | LOG='/home/yeqi3/cyr/code/LaBraM/log/auto_run.log'
[2025-11-03 10:15:02] 已后台运行 pid=1775006，详见 /home/yeqi3/cyr/code/LaBraM/log/auto_run.log
[2025-11-03 10:16:01] 启动 'TrainCVLauncher.py' | CUDA_VISIBLE_DEVICES='5,6,7' | LOG='/home/yeqi3/cyr/code/LaBraM/log/auto_run.log'
[2025-11-03 10:16:01] 已后台运行 pid=1777196，详见 /home/yeqi3/cyr/code/LaBraM/log/auto_run.log
[2025-11-03 10:17:02] 启动 'TrainCVLauncher.py' | CUDA_VISIBLE_DEVICES='5,6,7' | LOG='/home/yeqi3/cyr/code/LaBraM/log/auto_run.log'
[2025-11-03 10:17:02] 已后台运行 pid=1779408，详见 /home/yeqi3/cyr/code/LaBraM/log/auto_run.log
[2025-11-03 10:18:02] 启动 'TrainCVLauncher.py' | CUDA_VISIBLE_DEVICES='5,6,7' | LOG='/home/yeqi3/cyr/code/LaBraM/log/auto_run.log'
[2025-11-03 10:18:02] 已后台运行 pid=1781709，详见 /home/yeqi3/cyr/code/LaBraM/log/auto_run.log
[2025-11-03 10:19:01] 启动 'TrainCVLauncher.py' | CUDA_VISIBLE_DEVICES='5,6,7' | LOG='/home/yeqi3/cyr/code/LaBraM/log/auto_run.log'
[2025-11-03 10:19:01] 已后台运行 pid=1783922，详见 /home/yeqi3/cyr/code/LaBraM/log/auto_run.log
[2025-11-03 10:20:01] 启动 'TrainCVLauncher.py' | CUDA_VISIBLE_DEVICES='5,6,7' | LOG='/home/yeqi3/cyr/code/LaBraM/log/auto_run.log'
[2025-11-03 10:20:01] 已后台运行 pid=1786199，详见 /home/yeqi3/cyr/code/LaBraM/log/auto_run.log
[2025-11-03 10:21:02] 启动 'TrainCVLauncher.py' | CUDA_VISIBLE_DEVICES='5,6,7' | LOG='/home/yeqi3/cyr/code/LaBraM/log/auto_run.log'
[2025-11-03 10:21:02] 已后台运行 pid=1788623，详见 /home/yeqi3/cyr/code/LaBraM/log/auto_run.log
[2025-11-03 10:22:02] 启动 'TrainCVLauncher.py' | CUDA_VISIBLE_DEVICES='5,6,7' | LOG='/home/yeqi3/cyr/code/LaBraM/log/auto_run.log'
[2025-11-03 10:22:02] 已后台运行 pid=1790855，详见 /home/yeqi3/cyr/code/LaBraM/log/auto_run.log
[2025-11-03 10:23:01] 启动 'TrainCVLauncher.py' | CUDA_VISIBLE_DEVICES='5,6,7' | LOG='/home/yeqi3/cyr/code/LaBraM/log/auto_run.log'
[2025-11-03 10:23:01] 已后台运行 pid=1793175，详见 /home/yeqi3/cyr/code/LaBraM/log/auto_run.log
[2025-11-03 10:24:02] 启动 'TrainCVLauncher.py' | CUDA_VISIBLE_DEVICES='5,6,7' | LOG='/home/yeqi3/cyr/code/LaBraM/log/auto_run.log'
[2025-11-03 10:24:02] 已后台运行 pid=1795377，详见 /home/yeqi3/cyr/code/LaBraM/log/auto_run.log
[2025-11-03 10:25:02] 启动 'TrainCVLauncher.py' | CUDA_VISIBLE_DEVICES='5,6,7' | LOG='/home/yeqi3/cyr/code/LaBraM/log/auto_run.log'
[2025-11-03 10:25:02] 已后台运行 pid=1797580，详见 /home/yeqi3/cyr/code/LaBraM/log/auto_run.log
[2025-11-03 10:26:01] 启动 'TrainCVLauncher.py' | CUDA_VISIBLE_DEVICES='5,6,7' | LOG='/home/yeqi3/cyr/code/LaBraM/log/auto_run.log'
[2025-11-03 10:26:01] 已后台运行 pid=1800503，详见 /home/yeqi3/cyr/code/LaBraM/log/auto_run.log
[2025-11-03 10:27:02] 启动 'TrainCVLauncher.py' | CUDA_VISIBLE_DEVICES='5,6,7' | LOG='/home/yeqi3/cyr/code/LaBraM/log/auto_run.log'
[2025-11-03 10:27:02] 已后台运行 pid=1803207，详见 /home/yeqi3/cyr/code/LaBraM/log/auto_run.log
[2025-11-03 10:28:02] 启动 'TrainCVLauncher.py' | CUDA_VISIBLE_DEVICES='5,6,7' | LOG='/home/yeqi3/cyr/code/LaBraM/log/auto_run.log'
[2025-11-03 10:28:02] 已后台运行 pid=1805526，详见 /home/yeqi3/cyr/code/LaBraM/log/auto_run.log
[2025-11-03 10:29:01] 启动 'TrainCVLauncher.py' | CUDA_VISIBLE_DEVICES='5,6,7' | LOG='/home/yeqi3/cyr/code/LaBraM/log/auto_run.log'
[2025-11-03 10:29:01] 已后台运行 pid=1807790，详见 /home/yeqi3/cyr/code/LaBraM/log/auto_run.log
[2025-11-03 10:30:02] 启动 'TrainCVLauncher.py' | CUDA_VISIBLE_DEVICES='5,6,7' | LOG='/home/yeqi3/cyr/code/LaBraM/log/auto_run.log'
[2025-11-03 10:30:02] 已后台运行 pid=1810262，详见 /home/yeqi3/cyr/code/LaBraM/log/auto_run.log
[2025-11-03 10:31:02] 启动 'TrainCVLauncher.py' | CUDA_VISIBLE_DEVICES='5,6,7' | LOG='/home/yeqi3/cyr/code/LaBraM/log/auto_run.log'
[2025-11-03 10:31:02] 已后台运行 pid=1812755，详见 /home/yeqi3/cyr/code/LaBraM/log/auto_run.log
[2025-11-03 10:53:09] 启动 'TrainMultiDatasetKFoldLauncher.py' | CUDA_VISIBLE_DEVICES='5,6,7' | LOG='/home/yeqi3/cyr/code/LaBraM/log/auto_run.log'
[2025-11-03 10:53:09] 已后台运行 pid=1875957，详见 /home/yeqi3/cyr/code/LaBraM/log/auto_run.log
[2025-11-03 11:00:01] 启动 'TrainMultiDatasetKFoldLauncher.py' | CUDA_VISIBLE_DEVICES='5,6,7' | LOG='/home/yeqi3/cyr/code/LaBraM/log/20251103_1100.log'
[2025-11-03 11:00:01] 已后台运行 pid=1904978，详见 /home/yeqi3/cyr/code/LaBraM/log/20251103_1100.log
[2025-11-03 11:04:48] 启动 'TrainMultiDatasetKFoldLauncher.py' | CUDA_VISIBLE_DEVICES='5,6,7' | LOG='/home/yeqi3/cyr/code/LaBraM/log/20251103_1104.log'
[2025-11-03 11:04:48] 已后台运行 pid=1926240，详见 /home/yeqi3/cyr/code/LaBraM/log/20251103_1104.log
[2025-11-03 11:13:31] 启动 'TrainMultiDatasetKFoldLauncher.py' | CUDA_VISIBLE_DEVICES='5,6,7' | LOG='/home/yeqi3/cyr/code/LaBraM/log/20251103_1113.log'
[2025-11-03 11:13:31] 已后台运行 pid=1961438，详见 /home/yeqi3/cyr/code/LaBraM/log/20251103_1113.log
[2025-11-03 11:17:12] 启动 'TrainMultiDatasetKFoldLauncher.py' | CUDA_VISIBLE_DEVICES='5,6,7' | LOG='/home/yeqi3/cyr/code/LaBraM/log/20251103_1117.log'
[2025-11-03 11:17:12] 已后台运行 pid=1982913，详见 /home/yeqi3/cyr/code/LaBraM/log/20251103_1117.log
[2025-11-03 11:56:13] 启动 'TrainMultiDatasetKFoldLauncher.py' | CUDA_VISIBLE_DEVICES='5,6,7' | LOG='/home/yeqi3/cyr/code/LaBraM/log/20251103_1156.log'
[2025-11-03 11:56:13] 已后台运行 pid=2165124，详见 /home/yeqi3/cyr/code/LaBraM/log/20251103_1156.log
[2025-11-03 12:30:02] 启动 'TrainMultiDatasetKFoldLauncher.py' | CUDA_VISIBLE_DEVICES='5,6,7' | LOG='/home/yeqi3/cyr/code/LaBraM/log/20251103_1230.log'
[2025-11-03 12:30:02] 已后台运行 pid=2321990，详见 /home/yeqi3/cyr/code/LaBraM/log/20251103_1230.log
[2025-11-03 12:45:01] 启动 'TrainMultiDatasetKFoldLauncher.py' | CUDA_VISIBLE_DEVICES='5,6,7' | LOG='/home/yeqi3/cyr/code/LaBraM/log/20251103_1245.log'
[2025-11-03 12:45:01] 已后台运行 pid=2390739，详见 /home/yeqi3/cyr/code/LaBraM/log/20251103_1245.log
[2025-11-03 12:57:02] 启动 'TrainMultiDatasetKFoldLauncher.py' | CUDA_VISIBLE_DEVICES='5,6,7' | LOG='/home/yeqi3/cyr/code/LaBraM/log/20251103_1257.log'
[2025-11-03 12:57:02] 已后台运行 pid=2443694，详见 /home/yeqi3/cyr/code/LaBraM/log/20251103_1257.log
[2025-11-03 13:05:01] 启动 'TrainMultiDatasetKFoldLauncher.py' | CUDA_VISIBLE_DEVICES='5,6,7' | LOG='/home/yeqi3/cyr/code/LaBraM/log/20251103_1305.log'
[2025-11-03 13:05:01] 已后台运行 pid=2476498，详见 /home/yeqi3/cyr/code/LaBraM/log/20251103_1305.log
[2025-11-03 13:17:02] 启动 'TrainMultiDatasetKFoldLauncher.py' | CUDA_VISIBLE_DEVICES='5,6,7' | LOG='/home/yeqi3/cyr/code/LaBraM/log/20251103_1317.log'
[2025-11-03 13:17:02] 已后台运行 pid=2529220，详见 /home/yeqi3/cyr/code/LaBraM/log/20251103_1317.log
[2025-11-03 13:29:01] 启动 'TrainMultiDatasetKFoldLauncher.py' | CUDA_VISIBLE_DEVICES='5,6,7' | LOG='/home/yeqi3/cyr/code/LaBraM/log/20251103_1329.log'
[2025-11-03 13:29:01] 已后台运行 pid=2581983，详见 /home/yeqi3/cyr/code/LaBraM/log/20251103_1329.log
[2025-11-03 13:41:01] 启动 'TrainMultiDatasetKFoldLauncher.py' | CUDA_VISIBLE_DEVICES='5,6,7' | LOG='/home/yeqi3/cyr/code/LaBraM/log/20251103_1341.log'
[2025-11-03 13:41:01] 已后台运行 pid=2635033，详见 /home/yeqi3/cyr/code/LaBraM/log/20251103_1341.log
[2025-11-03 13:53:01] 启动 'TrainMultiDatasetKFoldLauncher.py' | CUDA_VISIBLE_DEVICES='5,6,7' | LOG='/home/yeqi3/cyr/code/LaBraM/log/20251103_1353.log'
[2025-11-03 13:53:01] 已后台运行 pid=2687978，详见 /home/yeqi3/cyr/code/LaBraM/log/20251103_1353.log
[2025-11-03 14:05:02] 启动 'TrainMultiDatasetKFoldLauncher.py' | CUDA_VISIBLE_DEVICES='5,6,7' | LOG='/home/yeqi3/cyr/code/LaBraM/log/20251103_1405.log'
[2025-11-03 14:05:02] 已后台运行 pid=2741247，详见 /home/yeqi3/cyr/code/LaBraM/log/20251103_1405.log
[2025-11-03 14:06:01] 启动 'TrainMultiDatasetKFoldLauncher.py' | CUDA_VISIBLE_DEVICES='5,6,7' | LOG='/home/yeqi3/cyr/code/LaBraM/log/20251103_1406.log'
[2025-11-03 14:06:01] 已后台运行 pid=2744930，详见 /home/yeqi3/cyr/code/LaBraM/log/20251103_1406.log
[2025-11-03 14:07:01] 启动 'TrainMultiDatasetKFoldLauncher.py' | CUDA_VISIBLE_DEVICES='5,6,7' | LOG='/home/yeqi3/cyr/code/LaBraM/log/20251103_1407.log'
[2025-11-03 14:07:01] 已后台运行 pid=2748657，详见 /home/yeqi3/cyr/code/LaBraM/log/20251103_1407.log
[2025-11-03 14:08:02] 启动 'TrainMultiDatasetKFoldLauncher.py' | CUDA_VISIBLE_DEVICES='5,6,7' | LOG='/home/yeqi3/cyr/code/LaBraM/log/20251103_1408.log'
[2025-11-03 14:08:02] 已后台运行 pid=2752422，详见 /home/yeqi3/cyr/code/LaBraM/log/20251103_1408.log
[2025-11-03 14:09:01] 启动 'TrainMultiDatasetKFoldLauncher.py' | CUDA_VISIBLE_DEVICES='5,6,7' | LOG='/home/yeqi3/cyr/code/LaBraM/log/20251103_1409.log'
[2025-11-03 14:09:01] 已后台运行 pid=2756261，详见 /home/yeqi3/cyr/code/LaBraM/log/20251103_1409.log
[2025-11-03 14:10:01] 启动 'TrainMultiDatasetKFoldLauncher.py' | CUDA_VISIBLE_DEVICES='5,6,7' | LOG='/home/yeqi3/cyr/code/LaBraM/log/20251103_1410.log'
[2025-11-03 14:10:01] 已后台运行 pid=2759962，详见 /home/yeqi3/cyr/code/LaBraM/log/20251103_1410.log
[2025-11-03 14:11:02] 启动 'TrainMultiDatasetKFoldLauncher.py' | CUDA_VISIBLE_DEVICES='5,6,7' | LOG='/home/yeqi3/cyr/code/LaBraM/log/20251103_1411.log'
[2025-11-03 14:11:02] 已后台运行 pid=2763779，详见 /home/yeqi3/cyr/code/LaBraM/log/20251103_1411.log
[2025-11-03 14:12:01] 启动 'TrainMultiDatasetKFoldLauncher.py' | CUDA_VISIBLE_DEVICES='5,6,7' | LOG='/home/yeqi3/cyr/code/LaBraM/log/20251103_1412.log'
[2025-11-03 14:12:01] 已后台运行 pid=2767393，详见 /home/yeqi3/cyr/code/LaBraM/log/20251103_1412.log
[2025-11-03 14:13:02] 启动 'TrainMultiDatasetKFoldLauncher.py' | CUDA_VISIBLE_DEVICES='5,6,7' | LOG='/home/yeqi3/cyr/code/LaBraM/log/20251103_1413.log'
[2025-11-03 14:13:02] 已后台运行 pid=2771013，详见 /home/yeqi3/cyr/code/LaBraM/log/20251103_1413.log
[2025-11-03 14:14:01] 启动 'TrainMultiDatasetKFoldLauncher.py' | CUDA_VISIBLE_DEVICES='5,6,7' | LOG='/home/yeqi3/cyr/code/LaBraM/log/20251103_1414.log'
[2025-11-03 14:14:01] 已后台运行 pid=2774730，详见 /home/yeqi3/cyr/code/LaBraM/log/20251103_1414.log
[2025-11-03 14:15:01] 启动 'TrainMultiDatasetKFoldLauncher.py' | CUDA_VISIBLE_DEVICES='5,6,7' | LOG='/home/yeqi3/cyr/code/LaBraM/log/20251103_1415.log'
[2025-11-03 14:15:01] 已后台运行 pid=2778298，详见 /home/yeqi3/cyr/code/LaBraM/log/20251103_1415.log
[2025-11-03 14:16:02] 启动 'TrainMultiDatasetKFoldLauncher.py' | CUDA_VISIBLE_DEVICES='5,6,7' | LOG='/home/yeqi3/cyr/code/LaBraM/log/20251103_1416.log'
[2025-11-03 14:16:02] 已后台运行 pid=2781960，详见 /home/yeqi3/cyr/code/LaBraM/log/20251103_1416.log
[2025-11-03 14:17:01] 启动 'TrainMultiDatasetKFoldLauncher.py' | CUDA_VISIBLE_DEVICES='5,6,7' | LOG='/home/yeqi3/cyr/code/LaBraM/log/20251103_1417.log'
[2025-11-03 14:17:01] 已后台运行 pid=2785599，详见 /home/yeqi3/cyr/code/LaBraM/log/20251103_1417.log
[2025-11-03 14:18:02] 启动 'TrainMultiDatasetKFoldLauncher.py' | CUDA_VISIBLE_DEVICES='5,6,7' | LOG='/home/yeqi3/cyr/code/LaBraM/log/20251103_1418.log'
[2025-11-03 14:18:02] 已后台运行 pid=2789212，详见 /home/yeqi3/cyr/code/LaBraM/log/20251103_1418.log
[2025-11-03 14:19:01] 启动 'TrainMultiDatasetKFoldLauncher.py' | CUDA_VISIBLE_DEVICES='5,6,7' | LOG='/home/yeqi3/cyr/code/LaBraM/log/20251103_1419.log'
[2025-11-03 14:19:01] 已后台运行 pid=2792947，详见 /home/yeqi3/cyr/code/LaBraM/log/20251103_1419.log
[2025-11-03 14:20:01] 启动 'TrainMultiDatasetKFoldLauncher.py' | CUDA_VISIBLE_DEVICES='5,6,7' | LOG='/home/yeqi3/cyr/code/LaBraM/log/20251103_1420.log'
[2025-11-03 14:20:01] 已后台运行 pid=2796827，详见 /home/yeqi3/cyr/code/LaBraM/log/20251103_1420.log
[2025-11-03 14:21:01] 启动 'TrainMultiDatasetKFoldLauncher.py' | CUDA_VISIBLE_DEVICES='5,6,7' | LOG='/home/yeqi3/cyr/code/LaBraM/log/20251103_1421.log'
[2025-11-03 14:21:01] 已后台运行 pid=2800513，详见 /home/yeqi3/cyr/code/LaBraM/log/20251103_1421.log
[2025-11-03 14:22:01] 启动 'TrainMultiDatasetKFoldLauncher.py' | CUDA_VISIBLE_DEVICES='5,6,7' | LOG='/home/yeqi3/cyr/code/LaBraM/log/20251103_1422.log'
[2025-11-03 14:22:01] 已后台运行 pid=2804187，详见 /home/yeqi3/cyr/code/LaBraM/log/20251103_1422.log
[2025-11-03 14:23:02] 启动 'TrainMultiDatasetKFoldLauncher.py' | CUDA_VISIBLE_DEVICES='5,6,7' | LOG='/home/yeqi3/cyr/code/LaBraM/log/20251103_1423.log'
[2025-11-03 14:23:02] 已后台运行 pid=2807848，详见 /home/yeqi3/cyr/code/LaBraM/log/20251103_1423.log
[2025-11-03 14:24:01] 启动 'TrainMultiDatasetKFoldLauncher.py' | CUDA_VISIBLE_DEVICES='5,6,7' | LOG='/home/yeqi3/cyr/code/LaBraM/log/20251103_1424.log'
[2025-11-03 14:24:01] 已后台运行 pid=2811572，详见 /home/yeqi3/cyr/code/LaBraM/log/20251103_1424.log
[2025-11-03 14:25:02] 启动 'TrainMultiDatasetKFoldLauncher.py' | CUDA_VISIBLE_DEVICES='5,6,7' | LOG='/home/yeqi3/cyr/code/LaBraM/log/20251103_1425.log'
[2025-11-03 14:25:02] 已后台运行 pid=2815253，详见 /home/yeqi3/cyr/code/LaBraM/log/20251103_1425.log
[2025-11-03 14:26:01] 启动 'TrainMultiDatasetKFoldLauncher.py' | CUDA_VISIBLE_DEVICES='5,6,7' | LOG='/home/yeqi3/cyr/code/LaBraM/log/20251103_1426.log'
[2025-11-03 14:26:01] 已后台运行 pid=2818891，详见 /home/yeqi3/cyr/code/LaBraM/log/20251103_1426.log
[2025-11-03 14:27:01] 启动 'TrainMultiDatasetKFoldLauncher.py' | CUDA_VISIBLE_DEVICES='5,6,7' | LOG='/home/yeqi3/cyr/code/LaBraM/log/20251103_1427.log'
[2025-11-03 14:27:01] 已后台运行 pid=2822478，详见 /home/yeqi3/cyr/code/LaBraM/log/20251103_1427.log
[2025-11-03 14:28:02] 启动 'TrainMultiDatasetKFoldLauncher.py' | CUDA_VISIBLE_DEVICES='5,6,7' | LOG='/home/yeqi3/cyr/code/LaBraM/log/20251103_1428.log'
[2025-11-03 14:28:02] 已后台运行 pid=2826140，详见 /home/yeqi3/cyr/code/LaBraM/log/20251103_1428.log
[2025-11-03 14:29:01] 启动 'TrainMultiDatasetKFoldLauncher.py' | CUDA_VISIBLE_DEVICES='5,6,7' | LOG='/home/yeqi3/cyr/code/LaBraM/log/20251103_1429.log'
[2025-11-03 14:29:01] 已后台运行 pid=2829866，详见 /home/yeqi3/cyr/code/LaBraM/log/20251103_1429.log
[2025-11-03 14:30:02] 启动 'TrainMultiDatasetKFoldLauncher.py' | CUDA_VISIBLE_DEVICES='5,6,7' | LOG='/home/yeqi3/cyr/code/LaBraM/log/20251103_1430.log'
[2025-11-03 14:30:02] 已后台运行 pid=2833510，详见 /home/yeqi3/cyr/code/LaBraM/log/20251103_1430.log
[2025-11-03 14:31:01] 启动 'TrainMultiDatasetKFoldLauncher.py' | CUDA_VISIBLE_DEVICES='5,6,7' | LOG='/home/yeqi3/cyr/code/LaBraM/log/20251103_1431.log'
[2025-11-03 14:31:01] 已后台运行 pid=2837241，详见 /home/yeqi3/cyr/code/LaBraM/log/20251103_1431.log
[2025-11-03 14:32:01] 启动 'TrainMultiDatasetKFoldLauncher.py' | CUDA_VISIBLE_DEVICES='5,6,7' | LOG='/home/yeqi3/cyr/code/LaBraM/log/20251103_1432.log'
[2025-11-03 14:32:01] 已后台运行 pid=2840888，详见 /home/yeqi3/cyr/code/LaBraM/log/20251103_1432.log
[2025-11-03 14:33:02] 启动 'TrainMultiDatasetKFoldLauncher.py' | CUDA_VISIBLE_DEVICES='5,6,7' | LOG='/home/yeqi3/cyr/code/LaBraM/log/20251103_1433.log'
[2025-11-03 14:33:02] 已后台运行 pid=2844661，详见 /home/yeqi3/cyr/code/LaBraM/log/20251103_1433.log
[2025-11-03 14:34:01] 启动 'TrainMultiDatasetKFoldLauncher.py' | CUDA_VISIBLE_DEVICES='5,6,7' | LOG='/home/yeqi3/cyr/code/LaBraM/log/20251103_1434.log'
[2025-11-03 14:34:01] 已后台运行 pid=2848325，详见 /home/yeqi3/cyr/code/LaBraM/log/20251103_1434.log
[2025-11-03 14:35:02] 启动 'TrainMultiDatasetKFoldLauncher.py' | CUDA_VISIBLE_DEVICES='5,6,7' | LOG='/home/yeqi3/cyr/code/LaBraM/log/20251103_1435.log'
[2025-11-03 14:35:02] 已后台运行 pid=2852029，详见 /home/yeqi3/cyr/code/LaBraM/log/20251103_1435.log
[2025-11-03 14:36:01] 启动 'TrainMultiDatasetKFoldLauncher.py' | CUDA_VISIBLE_DEVICES='5,6,7' | LOG='/home/yeqi3/cyr/code/LaBraM/log/20251103_1436.log'
[2025-11-03 14:36:01] 已后台运行 pid=2855641，详见 /home/yeqi3/cyr/code/LaBraM/log/20251103_1436.log
[2025-11-03 14:37:01] 启动 'TrainMultiDatasetKFoldLauncher.py' | CUDA_VISIBLE_DEVICES='5,6,7' | LOG='/home/yeqi3/cyr/code/LaBraM/log/20251103_1437.log'
[2025-11-03 14:37:01] 已后台运行 pid=2859340，详见 /home/yeqi3/cyr/code/LaBraM/log/20251103_1437.log
[2025-11-03 14:38:02] 启动 'TrainMultiDatasetKFoldLauncher.py' | CUDA_VISIBLE_DEVICES='5,6,7' | LOG='/home/yeqi3/cyr/code/LaBraM/log/20251103_1438.log'
[2025-11-03 14:38:02] 已后台运行 pid=2863027，详见 /home/yeqi3/cyr/code/LaBraM/log/20251103_1438.log
[2025-11-03 14:39:01] 启动 'TrainMultiDatasetKFoldLauncher.py' | CUDA_VISIBLE_DEVICES='5,6,7' | LOG='/home/yeqi3/cyr/code/LaBraM/log/20251103_1439.log'
[2025-11-03 14:39:01] 已后台运行 pid=2866625，详见 /home/yeqi3/cyr/code/LaBraM/log/20251103_1439.log
[2025-11-03 14:40:02] 启动 'TrainMultiDatasetKFoldLauncher.py' | CUDA_VISIBLE_DEVICES='5,6,7' | LOG='/home/yeqi3/cyr/code/LaBraM/log/20251103_1440.log'
[2025-11-03 14:40:02] 已后台运行 pid=2870339，详见 /home/yeqi3/cyr/code/LaBraM/log/20251103_1440.log
[2025-11-03 14:41:01] 启动 'TrainMultiDatasetKFoldLauncher.py' | CUDA_VISIBLE_DEVICES='5,6,7' | LOG='/home/yeqi3/cyr/code/LaBraM/log/20251103_1441.log'
[2025-11-03 14:41:01] 已后台运行 pid=2874078，详见 /home/yeqi3/cyr/code/LaBraM/log/20251103_1441.log
[2025-11-03 14:42:01] 启动 'TrainMultiDatasetKFoldLauncher.py' | CUDA_VISIBLE_DEVICES='5,6,7' | LOG='/home/yeqi3/cyr/code/LaBraM/log/20251103_1442.log'
[2025-11-03 14:42:01] 已后台运行 pid=2877706，详见 /home/yeqi3/cyr/code/LaBraM/log/20251103_1442.log
[2025-11-03 14:43:02] 启动 'TrainMultiDatasetKFoldLauncher.py' | CUDA_VISIBLE_DEVICES='5,6,7' | LOG='/home/yeqi3/cyr/code/LaBraM/log/20251103_1443.log'
[2025-11-03 14:43:02] 已后台运行 pid=2881379，详见 /home/yeqi3/cyr/code/LaBraM/log/20251103_1443.log
[2025-11-03 14:44:01] 启动 'TrainMultiDatasetKFoldLauncher.py' | CUDA_VISIBLE_DEVICES='5,6,7' | LOG='/home/yeqi3/cyr/code/LaBraM/log/20251103_1444.log'
[2025-11-03 14:44:01] 已后台运行 pid=2885157，详见 /home/yeqi3/cyr/code/LaBraM/log/20251103_1444.log
[2025-11-03 14:45:02] 启动 'TrainMultiDatasetKFoldLauncher.py' | CUDA_VISIBLE_DEVICES='5,6,7' | LOG='/home/yeqi3/cyr/code/LaBraM/log/20251103_1445.log'
[2025-11-03 14:45:02] 已后台运行 pid=2888796，详见 /home/yeqi3/cyr/code/LaBraM/log/20251103_1445.log
[2025-11-03 14:46:01] 启动 'TrainMultiDatasetKFoldLauncher.py' | CUDA_VISIBLE_DEVICES='5,6,7' | LOG='/home/yeqi3/cyr/code/LaBraM/log/20251103_1446.log'
[2025-11-03 14:46:01] 已后台运行 pid=2892430，详见 /home/yeqi3/cyr/code/LaBraM/log/20251103_1446.log
[2025-11-03 14:55:02] 启动 'TrainMultiDatasetKFoldLauncher.py' | CUDA_VISIBLE_DEVICES='5,6,7' | LOG='/home/yeqi3/cyr/code/LaBraM/log/20251103_1455.log'
[2025-11-03 14:55:02] 已后台运行 pid=2925548，详见 /home/yeqi3/cyr/code/LaBraM/log/20251103_1455.log
[2025-11-03 15:16:51] 启动 'TrainMultiDatasetKFoldLauncher.py' | CUDA_VISIBLE_DEVICES='5,6,7' | LOG='/home/yeqi3/cyr/code/LaBraM/log/20251103_1516.log'
[2025-11-03 15:16:51] 已后台运行 pid=3023494，详见 /home/yeqi3/cyr/code/LaBraM/log/20251103_1516.log
[2025-11-03 15:45:35] 启动 'TrainMultiDatasetKFoldLauncher.py' | CUDA_VISIBLE_DEVICES='5,6,7' | LOG='/home/yeqi3/cyr/code/LaBraM/log/20251103_1545.log'
[2025-11-03 15:45:35] 已后台运行 pid=3149442，详见 /home/yeqi3/cyr/code/LaBraM/log/20251103_1545.log
[2025-11-03 15:45:59] 启动 'TrainMultiDatasetKFoldLauncher.py' | CUDA_VISIBLE_DEVICES='5,6,7' | LOG='/home/yeqi3/cyr/code/LaBraM/log/20251103_1545.log'
[2025-11-03 15:45:59] 已后台运行 pid=3152115，详见 /home/yeqi3/cyr/code/LaBraM/log/20251103_1545.log
[2025-11-03 15:46:35] 启动 'TrainMultiDatasetKFoldLauncher.py' | CUDA_VISIBLE_DEVICES='5,6,7' | LOG='/home/yeqi3/cyr/code/LaBraM/log/20251103_1546.log'
[2025-11-03 15:46:35] 已后台运行 pid=3155544，详见 /home/yeqi3/cyr/code/LaBraM/log/20251103_1546.log
[2025-11-03 15:46:43] 启动 'TrainMultiDatasetKFoldLauncher.py' | CUDA_VISIBLE_DEVICES='5,6,7' | LOG='/home/yeqi3/cyr/code/LaBraM/log/20251103_1546.log'
[2025-11-03 15:46:43] 已后台运行 pid=3156200，详见 /home/yeqi3/cyr/code/LaBraM/log/20251103_1546.log
[2025-11-03 15:50:30] 启动 'TrainMultiDatasetKFoldLauncher.py' | CUDA_VISIBLE_DEVICES='5,6,7' | LOG='/home/yeqi3/cyr/code/LaBraM/log/20251103_1550.log'
[2025-11-03 15:50:30] 已后台运行 pid=3173627，详见 /home/yeqi3/cyr/code/LaBraM/log/20251103_1550.log
[2025-11-03 16:10:05] 启动 'TrainMultiDatasetKFoldLauncher.py' | CUDA_VISIBLE_DEVICES='5,6,7' | LOG='/home/yeqi3/cyr/code/LaBraM/log/20251103_1610.log'
[2025-11-03 16:10:05] 已后台运行 pid=3259472，详见 /home/yeqi3/cyr/code/LaBraM/log/20251103_1610.log
[2025-11-03 16:28:31] 启动 'TrainMultiDatasetKFoldLauncher.py' | CUDA_VISIBLE_DEVICES='5,6,7' | LOG='/home/yeqi3/cyr/code/LaBraM/log/20251103_1628.log'
[2025-11-03 16:28:31] 已后台运行 pid=3338901，详见 /home/yeqi3/cyr/code/LaBraM/log/20251103_1628.log
[2025-11-03 16:43:51] 启动 'TrainMultiDatasetKFoldLauncher.py' | CUDA_VISIBLE_DEVICES='5,6,7' | LOG='/home/yeqi3/cyr/code/LaBraM/log/20251103_1643.log'
[2025-11-03 16:43:51] 已后台运行 pid=3406008，详见 /home/yeqi3/cyr/code/LaBraM/log/20251103_1643.log
[2025-11-03 17:04:18] 启动 'TrainMultiDatasetKFoldLauncher.py' | CUDA_VISIBLE_DEVICES='5,6,7' | LOG='/home/yeqi3/cyr/code/LaBraM/log/20251103_1704.log'
[2025-11-03 17:04:18] 已后台运行 pid=3489729，详见 /home/yeqi3/cyr/code/LaBraM/log/20251103_1704.log
[2025-11-03 17:06:21] 启动 'TrainMultiDatasetKFoldLauncher.py' | CUDA_VISIBLE_DEVICES='5,6,7' | LOG='/home/yeqi3/cyr/code/LaBraM/log/20251103_1706.log'
[2025-11-03 17:06:21] 已后台运行 pid=3497572，详见 /home/yeqi3/cyr/code/LaBraM/log/20251103_1706.log
[2025-11-03 17:07:19] 启动 'TrainMultiDatasetKFoldLauncher.py' | CUDA_VISIBLE_DEVICES='5,6,7' | LOG='/home/yeqi3/cyr/code/LaBraM/log/20251103_1707.log'
[2025-11-03 17:07:19] 已后台运行 pid=3501343，详见 /home/yeqi3/cyr/code/LaBraM/log/20251103_1707.log
[2025-11-03 18:38:51] 启动 'TrainMultiDatasetKFoldLauncher.py' | CUDA_VISIBLE_DEVICES='5,6,7' | LOG='/home/yeqi3/cyr/code/LaBraM/log/20251103_1838.log'
[2025-11-03 18:38:51] 已后台运行 pid=3892391，详见 /home/yeqi3/cyr/code/LaBraM/log/20251103_1838.log
[2025-11-03 19:00:02] 启动 'TrainMultiDatasetKFoldLauncher.py' | CUDA_VISIBLE_DEVICES='5,6,7' | LOG='/home/yeqi3/cyr/code/LaBraM/log/20251103_1900.log'
[2025-11-03 19:00:02] 已后台运行 pid=3986246，详见 /home/yeqi3/cyr/code/LaBraM/log/20251103_1900.log
[2025-11-03 19:01:12] 启动 'TrainMultiDatasetKFoldLauncher.py' | CUDA_VISIBLE_DEVICES='5,6,7' | LOG='/home/yeqi3/cyr/code/LaBraM/log/20251103_1901.log'
[2025-11-03 19:01:12] 已后台运行 pid=3993494，详见 /home/yeqi3/cyr/code/LaBraM/log/20251103_1901.log
[2025-11-03 19:32:04] 启动 'TrainMultiDatasetKFoldLauncher.py' | CUDA_VISIBLE_DEVICES='5,6,7' | LOG='/home/yeqi3/cyr/code/LaBraM/log/20251103_1932.log'
[2025-11-03 19:32:04] 已后台运行 pid=4123641，详见 /home/yeqi3/cyr/code/LaBraM/log/20251103_1932.log
[2025-11-03 19:34:27] 启动 'TrainMultiDatasetKFoldLauncher.py' | CUDA_VISIBLE_DEVICES='5,6,7' | LOG='/home/yeqi3/cyr/code/LaBraM/log/20251103_1934.log'
[2025-11-03 19:34:27] 已后台运行 pid=4132632，详见 /home/yeqi3/cyr/code/LaBraM/log/20251103_1934.log
[2025-11-03 23:00:01] 启动 'TrainMultiDatasetKFoldLauncher.py' | CUDA_VISIBLE_DEVICES='5,6,7' | LOG='/home/yeqi3/cyr/code/LaBraM/log/20251103_2300.log'
[2025-11-03 23:00:01] 已后台运行 pid=889523，详见 /home/yeqi3/cyr/code/LaBraM/log/20251103_2300.log
[2025-11-03 23:39:01] 启动 'TrainMultiDatasetKFoldLauncher.py' | CUDA_VISIBLE_DEVICES='5,6,7' | LOG='/home/yeqi3/cyr/code/LaBraM/log/20251103_2339.log'
[2025-11-03 23:39:01] 已后台运行 pid=1039660，详见 /home/yeqi3/cyr/code/LaBraM/log/20251103_2339.log
