
========== Launch ==========
[DATASET ] read
[DATAROOT] /usr/data/yeqi3/labram_fold/read
[OUTPUT  ] /usr/data/yeqi3/LaBraM_log/multids/cv/read
[LOG     ] /usr/data/yeqi3/LaBraM_log/multids/log/read
/home/yeqi3/anaconda3/envs/cyr/bin/torchrun --nproc_per_node=3 /home/yeqi3/cyr/code/LaBraM/run_class_finetuning.py --dataset MATH_KFOLD --data_root /usr/data/yeqi3/labram_fold/read --kfold_num 5 --nb_classes 1 --model labram_base_patch200_200 --input_size 200 --batch_size 48 --epochs 50 --lr 0.0005 --warmup_epochs 5 --layer_decay 0.9 --drop_path 0.1 --update_freq 1 --save_ckpt_freq 9999 --num_workers 4 --seed 42 --output_dir /usr/data/yeqi3/LaBraM_log/multids/cv/read --log_dir /usr/data/yeqi3/LaBraM_log/multids/log/read --disable_rel_pos_bias --abs_pos_emb --disable_qkv_bias --finetune /home/yeqi3/cyr/code/LaBraM/checkpoints/labram-base.pth
============================

========== Running fold 0 / 5 ==================== Running fold 0 / 5 ==========

========== Running fold 0 / 5 ==========
| distributed init (rank 0): env://, gpu 0
[W1103 11:17:18.959181851 CUDAAllocatorConfig.h:28] Warning: expandable_segments not supported on this platform (function operator())
| distributed init (rank 1): env://, gpu 1
[W1103 11:17:18.005852653 CUDAAllocatorConfig.h:28] Warning: expandable_segments not supported on this platform (function operator())
| distributed init (rank 2): env://, gpu 2
[W1103 11:17:18.093254501 CUDAAllocatorConfig.h:28] Warning: expandable_segments not supported on this platform (function operator())
[rank0]:[W1103 11:17:18.313228794 ProcessGroupNCCL.cpp:4115] [PG ID 0 PG GUID 0 Rank 0]  using GPU 0 to perform barrier as devices used by this process are currently unknown. This can potentially cause a hang if this rank to GPU mapping is incorrect.Specify device_ids in barrier() to force use of a particular device,or call init_process_group() with a device_id.
[rank1]:[W1103 11:17:18.334061450 ProcessGroupNCCL.cpp:4115] [PG ID 0 PG GUID 0 Rank 1]  using GPU 1 to perform barrier as devices used by this process are currently unknown. This can potentially cause a hang if this rank to GPU mapping is incorrect.Specify device_ids in barrier() to force use of a particular device,or call init_process_group() with a device_id.
[rank2]:[W1103 11:17:18.341940231 ProcessGroupNCCL.cpp:4115] [PG ID 0 PG GUID 0 Rank 2]  using GPU 2 to perform barrier as devices used by this process are currently unknown. This can potentially cause a hang if this rank to GPU mapping is incorrect.Specify device_ids in barrier() to force use of a particular device,or call init_process_group() with a device_id.
Namespace(batch_size=48, epochs=50, update_freq=1, save_ckpt_freq=9999, robust_test=None, model='labram_base_patch200_200', qkv_bias=False, rel_pos_bias=False, abs_pos_emb=True, layer_scale_init_value=0.1, input_size=200, drop=0.0, attn_drop_rate=0.0, drop_path=0.1, disable_eval_during_finetuning=False, model_ema=False, model_ema_decay=0.9999, model_ema_force_cpu=False, opt='adamw', opt_eps=1e-08, opt_betas=None, clip_grad=None, momentum=0.9, weight_decay=0.05, weight_decay_end=None, lr=0.0005, layer_decay=0.9, warmup_lr=1e-06, min_lr=1e-06, warmup_epochs=5, warmup_steps=-1, smoothing=0.1, reprob=0.25, remode='pixel', recount=1, resplit=False, finetune='/home/yeqi3/cyr/code/LaBraM/checkpoints/labram-base.pth', model_key='model|module', model_prefix='', model_filter_name='gzp', init_scale=0.001, use_mean_pooling=True, disable_weight_decay_on_rel_pos_bias=False, nb_classes=1, output_dir='/usr/data/yeqi3/LaBraM_log/multids/cv/read/fold_0', log_dir='/usr/data/yeqi3/LaBraM_log/multids/log/read/fold_0', device='cuda', seed=42, resume='', auto_resume=True, save_ckpt=True, start_epoch=0, eval=False, dist_eval=False, num_workers=4, pin_mem=True, world_size=3, local_rank=-1, dist_on_itp=False, dist_url='env://', enable_deepspeed=False, dataset='MATH_KFOLD', data_root='/usr/data/yeqi3/labram_fold/read', kfold_num=5, fold_index=0, rank=0, gpu=0, distributed=True, dist_backend='nccl')
Sampler_train = <torch.utils.data.distributed.DistributedSampler object at 0x7f52b498e470>
Patch size = 200
Load ckpt from /home/yeqi3/cyr/code/LaBraM/checkpoints/labram-base.pth
Load state_dict by model_key = model
Weights of NeuralTransformer not initialized from pretrained model: ['fc_norm.weight', 'fc_norm.bias', 'head.weight', 'head.bias']
Weights from pretrained model not used in NeuralTransformer: ['mask_token', 'lm_head.weight', 'lm_head.bias', 'norm.weight', 'norm.bias']
Model = NeuralTransformer(
  (patch_embed): TemporalConv(
    (conv1): Conv2d(1, 8, kernel_size=(1, 15), stride=(1, 8), padding=(0, 7))
    (gelu1): GELU(approximate='none')
    (norm1): GroupNorm(4, 8, eps=1e-05, affine=True)
    (conv2): Conv2d(8, 8, kernel_size=(1, 3), stride=(1, 1), padding=(0, 1))
    (gelu2): GELU(approximate='none')
    (norm2): GroupNorm(4, 8, eps=1e-05, affine=True)
    (conv3): Conv2d(8, 8, kernel_size=(1, 3), stride=(1, 1), padding=(0, 1))
    (norm3): GroupNorm(4, 8, eps=1e-05, affine=True)
    (gelu3): GELU(approximate='none')
  )
  (pos_drop): Dropout(p=0.0, inplace=False)
  (blocks): ModuleList(
    (0): Block(
      (norm1): LayerNorm((200,), eps=1e-06, elementwise_affine=True)
      (attn): Attention(
        (qkv): Linear(in_features=200, out_features=600, bias=False)
        (q_norm): LayerNorm((20,), eps=1e-06, elementwise_affine=True)
        (k_norm): LayerNorm((20,), eps=1e-06, elementwise_affine=True)
        (attn_drop): Dropout(p=0.0, inplace=False)
        (proj): Linear(in_features=200, out_features=200, bias=True)
        (proj_drop): Dropout(p=0.0, inplace=False)
      )
      (drop_path): Identity()
      (norm2): LayerNorm((200,), eps=1e-06, elementwise_affine=True)
      (mlp): Mlp(
        (fc1): Linear(in_features=200, out_features=800, bias=True)
        (act): GELU(approximate='none')
        (fc2): Linear(in_features=800, out_features=200, bias=True)
        (drop): Dropout(p=0.0, inplace=False)
      )
    )
    (1): Block(
      (norm1): LayerNorm((200,), eps=1e-06, elementwise_affine=True)
      (attn): Attention(
        (qkv): Linear(in_features=200, out_features=600, bias=False)
        (q_norm): LayerNorm((20,), eps=1e-06, elementwise_affine=True)
        (k_norm): LayerNorm((20,), eps=1e-06, elementwise_affine=True)
        (attn_drop): Dropout(p=0.0, inplace=False)
        (proj): Linear(in_features=200, out_features=200, bias=True)
        (proj_drop): Dropout(p=0.0, inplace=False)
      )
      (drop_path): DropPath(p=0.00909090880304575)
      (norm2): LayerNorm((200,), eps=1e-06, elementwise_affine=True)
      (mlp): Mlp(
        (fc1): Linear(in_features=200, out_features=800, bias=True)
        (act): GELU(approximate='none')
        (fc2): Linear(in_features=800, out_features=200, bias=True)
        (drop): Dropout(p=0.0, inplace=False)
      )
    )
    (2): Block(
      (norm1): LayerNorm((200,), eps=1e-06, elementwise_affine=True)
      (attn): Attention(
        (qkv): Linear(in_features=200, out_features=600, bias=False)
        (q_norm): LayerNorm((20,), eps=1e-06, elementwise_affine=True)
        (k_norm): LayerNorm((20,), eps=1e-06, elementwise_affine=True)
        (attn_drop): Dropout(p=0.0, inplace=False)
        (proj): Linear(in_features=200, out_features=200, bias=True)
        (proj_drop): Dropout(p=0.0, inplace=False)
      )
      (drop_path): DropPath(p=0.0181818176060915)
      (norm2): LayerNorm((200,), eps=1e-06, elementwise_affine=True)
      (mlp): Mlp(
        (fc1): Linear(in_features=200, out_features=800, bias=True)
        (act): GELU(approximate='none')
        (fc2): Linear(in_features=800, out_features=200, bias=True)
        (drop): Dropout(p=0.0, inplace=False)
      )
    )
    (3): Block(
      (norm1): LayerNorm((200,), eps=1e-06, elementwise_affine=True)
      (attn): Attention(
        (qkv): Linear(in_features=200, out_features=600, bias=False)
        (q_norm): LayerNorm((20,), eps=1e-06, elementwise_affine=True)
        (k_norm): LayerNorm((20,), eps=1e-06, elementwise_affine=True)
        (attn_drop): Dropout(p=0.0, inplace=False)
        (proj): Linear(in_features=200, out_features=200, bias=True)
        (proj_drop): Dropout(p=0.0, inplace=False)
      )
      (drop_path): DropPath(p=0.027272727340459824)
      (norm2): LayerNorm((200,), eps=1e-06, elementwise_affine=True)
      (mlp): Mlp(
        (fc1): Linear(in_features=200, out_features=800, bias=True)
        (act): GELU(approximate='none')
        (fc2): Linear(in_features=800, out_features=200, bias=True)
        (drop): Dropout(p=0.0, inplace=False)
      )
    )
    (4): Block(
      (norm1): LayerNorm((200,), eps=1e-06, elementwise_affine=True)
      (attn): Attention(
        (qkv): Linear(in_features=200, out_features=600, bias=False)
        (q_norm): LayerNorm((20,), eps=1e-06, elementwise_affine=True)
        (k_norm): LayerNorm((20,), eps=1e-06, elementwise_affine=True)
        (attn_drop): Dropout(p=0.0, inplace=False)
        (proj): Linear(in_features=200, out_features=200, bias=True)
        (proj_drop): Dropout(p=0.0, inplace=False)
      )
      (drop_path): DropPath(p=0.036363635212183)
      (norm2): LayerNorm((200,), eps=1e-06, elementwise_affine=True)
      (mlp): Mlp(
        (fc1): Linear(in_features=200, out_features=800, bias=True)
        (act): GELU(approximate='none')
        (fc2): Linear(in_features=800, out_features=200, bias=True)
        (drop): Dropout(p=0.0, inplace=False)
      )
    )
    (5): Block(
      (norm1): LayerNorm((200,), eps=1e-06, elementwise_affine=True)
      (attn): Attention(
        (qkv): Linear(in_features=200, out_features=600, bias=False)
        (q_norm): LayerNorm((20,), eps=1e-06, elementwise_affine=True)
        (k_norm): LayerNorm((20,), eps=1e-06, elementwise_affine=True)
        (attn_drop): Dropout(p=0.0, inplace=False)
        (proj): Linear(in_features=200, out_features=200, bias=True)
        (proj_drop): Dropout(p=0.0, inplace=False)
      )
      (drop_path): DropPath(p=0.045454543083906174)
      (norm2): LayerNorm((200,), eps=1e-06, elementwise_affine=True)
      (mlp): Mlp(
        (fc1): Linear(in_features=200, out_features=800, bias=True)
        (act): GELU(approximate='none')
        (fc2): Linear(in_features=800, out_features=200, bias=True)
        (drop): Dropout(p=0.0, inplace=False)
      )
    )
    (6): Block(
      (norm1): LayerNorm((200,), eps=1e-06, elementwise_affine=True)
      (attn): Attention(
        (qkv): Linear(in_features=200, out_features=600, bias=False)
        (q_norm): LayerNorm((20,), eps=1e-06, elementwise_affine=True)
        (k_norm): LayerNorm((20,), eps=1e-06, elementwise_affine=True)
        (attn_drop): Dropout(p=0.0, inplace=False)
        (proj): Linear(in_features=200, out_features=200, bias=True)
        (proj_drop): Dropout(p=0.0, inplace=False)
      )
      (drop_path): DropPath(p=0.054545458406209946)
      (norm2): LayerNorm((200,), eps=1e-06, elementwise_affine=True)
      (mlp): Mlp(
        (fc1): Linear(in_features=200, out_features=800, bias=True)
        (act): GELU(approximate='none')
        (fc2): Linear(in_features=800, out_features=200, bias=True)
        (drop): Dropout(p=0.0, inplace=False)
      )
    )
    (7): Block(
      (norm1): LayerNorm((200,), eps=1e-06, elementwise_affine=True)
      (attn): Attention(
        (qkv): Linear(in_features=200, out_features=600, bias=False)
        (q_norm): LayerNorm((20,), eps=1e-06, elementwise_affine=True)
        (k_norm): LayerNorm((20,), eps=1e-06, elementwise_affine=True)
        (attn_drop): Dropout(p=0.0, inplace=False)
        (proj): Linear(in_features=200, out_features=200, bias=True)
        (proj_drop): Dropout(p=0.0, inplace=False)
      )
      (drop_path): DropPath(p=0.06363636255264282)
      (norm2): LayerNorm((200,), eps=1e-06, elementwise_affine=True)
      (mlp): Mlp(
        (fc1): Linear(in_features=200, out_features=800, bias=True)
        (act): GELU(approximate='none')
        (fc2): Linear(in_features=800, out_features=200, bias=True)
        (drop): Dropout(p=0.0, inplace=False)
      )
    )
    (8): Block(
      (norm1): LayerNorm((200,), eps=1e-06, elementwise_affine=True)
      (attn): Attention(
        (qkv): Linear(in_features=200, out_features=600, bias=False)
        (q_norm): LayerNorm((20,), eps=1e-06, elementwise_affine=True)
        (k_norm): LayerNorm((20,), eps=1e-06, elementwise_affine=True)
        (attn_drop): Dropout(p=0.0, inplace=False)
        (proj): Linear(in_features=200, out_features=200, bias=True)
        (proj_drop): Dropout(p=0.0, inplace=False)
      )
      (drop_path): DropPath(p=0.0727272778749466)
      (norm2): LayerNorm((200,), eps=1e-06, elementwise_affine=True)
      (mlp): Mlp(
        (fc1): Linear(in_features=200, out_features=800, bias=True)
        (act): GELU(approximate='none')
        (fc2): Linear(in_features=800, out_features=200, bias=True)
        (drop): Dropout(p=0.0, inplace=False)
      )
    )
    (9): Block(
      (norm1): LayerNorm((200,), eps=1e-06, elementwise_affine=True)
      (attn): Attention(
        (qkv): Linear(in_features=200, out_features=600, bias=False)
        (q_norm): LayerNorm((20,), eps=1e-06, elementwise_affine=True)
        (k_norm): LayerNorm((20,), eps=1e-06, elementwise_affine=True)
        (attn_drop): Dropout(p=0.0, inplace=False)
        (proj): Linear(in_features=200, out_features=200, bias=True)
        (proj_drop): Dropout(p=0.0, inplace=False)
      )
      (drop_path): DropPath(p=0.08181818574666977)
      (norm2): LayerNorm((200,), eps=1e-06, elementwise_affine=True)
      (mlp): Mlp(
        (fc1): Linear(in_features=200, out_features=800, bias=True)
        (act): GELU(approximate='none')
        (fc2): Linear(in_features=800, out_features=200, bias=True)
        (drop): Dropout(p=0.0, inplace=False)
      )
    )
    (10): Block(
      (norm1): LayerNorm((200,), eps=1e-06, elementwise_affine=True)
      (attn): Attention(
        (qkv): Linear(in_features=200, out_features=600, bias=False)
        (q_norm): LayerNorm((20,), eps=1e-06, elementwise_affine=True)
        (k_norm): LayerNorm((20,), eps=1e-06, elementwise_affine=True)
        (attn_drop): Dropout(p=0.0, inplace=False)
        (proj): Linear(in_features=200, out_features=200, bias=True)
        (proj_drop): Dropout(p=0.0, inplace=False)
      )
      (drop_path): DropPath(p=0.09090909361839294)
      (norm2): LayerNorm((200,), eps=1e-06, elementwise_affine=True)
      (mlp): Mlp(
        (fc1): Linear(in_features=200, out_features=800, bias=True)
        (act): GELU(approximate='none')
        (fc2): Linear(in_features=800, out_features=200, bias=True)
        (drop): Dropout(p=0.0, inplace=False)
      )
    )
    (11): Block(
      (norm1): LayerNorm((200,), eps=1e-06, elementwise_affine=True)
      (attn): Attention(
        (qkv): Linear(in_features=200, out_features=600, bias=False)
        (q_norm): LayerNorm((20,), eps=1e-06, elementwise_affine=True)
        (k_norm): LayerNorm((20,), eps=1e-06, elementwise_affine=True)
        (attn_drop): Dropout(p=0.0, inplace=False)
        (proj): Linear(in_features=200, out_features=200, bias=True)
        (proj_drop): Dropout(p=0.0, inplace=False)
      )
      (drop_path): DropPath(p=0.10000000149011612)
      (norm2): LayerNorm((200,), eps=1e-06, elementwise_affine=True)
      (mlp): Mlp(
        (fc1): Linear(in_features=200, out_features=800, bias=True)
        (act): GELU(approximate='none')
        (fc2): Linear(in_features=800, out_features=200, bias=True)
        (drop): Dropout(p=0.0, inplace=False)
      )
    )
  )
  (norm): Identity()
  (fc_norm): LayerNorm((200,), eps=1e-06, elementwise_affine=True)
  (head): Linear(in_features=200, out_features=1, bias=True)
)
number of params: 5820137
LR = 0.00050000
Batch size = 144
Update frequent = 1
Number of training examples = 5222
Number of training training per epoch = 36
Assigned values = [0.2541865828329001, 0.2824295364810001, 0.31381059609000006, 0.3486784401000001, 0.3874204890000001, 0.4304672100000001, 0.4782969000000001, 0.531441, 0.5904900000000001, 0.6561, 0.7290000000000001, 0.81, 0.9, 1.0]
Skip weight decay name marked in model: {'time_embed', 'cls_token', 'pos_embed'}
Optimizer config: {'lr': 0.0005, 'weight_decay': 0.0, 'eps': 1e-08}
Use step level LR scheduler!
Set warmup steps = 180
Set warmup steps = 0
Max WD = 0.0500000, Min WD = 0.0500000
criterion = BCEWithLogitsLoss()
Auto resume checkpoint: /usr/data/yeqi3/LaBraM_log/multids/cv/read/fold_0/checkpoint.pth
Resume checkpoint /usr/data/yeqi3/LaBraM_log/multids/cv/read/fold_0/checkpoint.pth
Resume checkpoint at epoch 0
With optim & sched!
Start training for 50 epochs
[rank2]:[W1103 11:17:19.631797727 reducer.cpp:1400] Warning: find_unused_parameters=True was specified in DDP constructor, but did not find any unused parameters in the forward pass. This flag results in an extra traversal of the autograd graph every iteration,  which can adversely affect performance. If your model indeed never has any unused parameters in the forward pass, consider turning this flag off. Note that this warning may be a false positive if your model has flow control causing later iterations to have unused parameters. (function operator())
[rank1]:[W1103 11:17:19.643892432 reducer.cpp:1400] Warning: find_unused_parameters=True was specified in DDP constructor, but did not find any unused parameters in the forward pass. This flag results in an extra traversal of the autograd graph every iteration,  which can adversely affect performance. If your model indeed never has any unused parameters in the forward pass, consider turning this flag off. Note that this warning may be a false positive if your model has flow control causing later iterations to have unused parameters. (function operator())
[rank0]:[W1103 11:17:19.647655432 reducer.cpp:1400] Warning: find_unused_parameters=True was specified in DDP constructor, but did not find any unused parameters in the forward pass. This flag results in an extra traversal of the autograd graph every iteration,  which can adversely affect performance. If your model indeed never has any unused parameters in the forward pass, consider turning this flag off. Note that this warning may be a false positive if your model has flow control causing later iterations to have unused parameters. (function operator())
Epoch: [1]  [ 0/37]  eta: 0:01:01  lr: 0.000101  min_lr: 0.000026  loss: 0.6974 (0.6974)  class_acc: 0.4792 (0.4792)  loss_scale: 16384.0000 (16384.0000)  weight_decay: 0.0500 (0.0500)  grad_norm: 0.2371 (0.2371)  time: 1.6536  data: 0.2217  max mem: 18664
Epoch: [1]  [10/37]  eta: 0:00:09  lr: 0.000128  min_lr: 0.000033  loss: 0.6926 (0.6880)  class_acc: 0.5208 (0.5473)  loss_scale: 16384.0000 (16384.0000)  weight_decay: 0.0500 (0.0500)  grad_norm: 0.5588 (0.5679)  time: 0.3597  data: 0.0203  max mem: 18664
Epoch: [1]  [20/37]  eta: 0:00:04  lr: 0.000156  min_lr: 0.000040  loss: 0.6861 (0.6871)  class_acc: 0.5625 (0.5536)  loss_scale: 16384.0000 (16384.0000)  weight_decay: 0.0500 (0.0500)  grad_norm: 0.6654 (0.6243)  time: 0.2257  data: 0.0001  max mem: 18664
Epoch: [1]  [30/37]  eta: 0:00:01  lr: 0.000184  min_lr: 0.000047  loss: 0.6861 (0.6879)  class_acc: 0.5625 (0.5511)  loss_scale: 16384.0000 (16384.0000)  weight_decay: 0.0500 (0.0500)  grad_norm: 0.5134 (0.5964)  time: 0.2210  data: 0.0001  max mem: 18664
Epoch: [1]  [36/37]  eta: 0:00:00  lr: 0.000198  min_lr: 0.000050  loss: 0.6821 (0.6860)  class_acc: 0.5833 (0.5596)  loss_scale: 16384.0000 (16384.0000)  weight_decay: 0.0500 (0.0500)  grad_norm: 0.4884 (0.5708)  time: 0.2098  data: 0.0001  max mem: 18664
Epoch: [1] Total time: 0:00:09 (0.2577 s / it)
Averaged stats: lr: 0.000198  min_lr: 0.000050  loss: 0.6821 (0.6875)  class_acc: 0.5833 (0.5546)  loss_scale: 16384.0000 (16384.0000)  weight_decay: 0.0500 (0.0500)  grad_norm: 0.4884 (0.5708)
Val:  [ 0/25]  eta: 0:00:26  loss: 0.6911 (0.6911)  accuracy: 0.5417 (0.5417)  balanced_accuracy: 0.5000 (0.5000)  time: 1.0750  data: 0.2380  max mem: 18664
Val:  [10/25]  eta: 0:00:03  loss: 0.6914 (0.6938)  accuracy: 0.5417 (0.5328)  balanced_accuracy: 0.5000 (0.5000)  time: 0.2041  data: 0.0218  max mem: 18664
Val:  [20/25]  eta: 0:00:00  loss: 0.6913 (0.6881)  accuracy: 0.5417 (0.5529)  balanced_accuracy: 0.5000 (0.5000)  time: 0.1081  data: 0.0001  max mem: 18664
Val:  [24/25]  eta: 0:00:00  loss: 0.6913 (0.6886)  accuracy: 0.5417 (0.5483)  balanced_accuracy: 0.5000 (0.5000)  time: 0.0978  data: 0.0001  max mem: 18664
Val: Total time: 0:00:03 (0.1464 s / it)
* loss 0.689
Accuracy of the network on the 1751 val EEG: 0.55%
Test:  [ 0/25]  eta: 0:00:07  loss: 0.6953 (0.6953)  accuracy: 0.5278 (0.5278)  balanced_accuracy: 0.5000 (0.5000)  time: 0.3121  data: 0.2044  max mem: 18664
Test:  [10/25]  eta: 0:00:01  loss: 0.6875 (0.6888)  accuracy: 0.5556 (0.5505)  balanced_accuracy: 0.5000 (0.5000)  time: 0.1174  data: 0.0188  max mem: 18664
Test:  [20/25]  eta: 0:00:00  loss: 0.6875 (0.6889)  accuracy: 0.5417 (0.5503)  balanced_accuracy: 0.5000 (0.5000)  time: 0.0978  data: 0.0002  max mem: 18664
Test:  [24/25]  eta: 0:00:00  loss: 0.6873 (0.6893)  accuracy: 0.5556 (0.5471)  balanced_accuracy: 0.5000 (0.5000)  time: 0.0980  data: 0.0001  max mem: 18664
Test: Total time: 0:00:02 (0.1087 s / it)
* loss 0.689
Accuracy of the network on the 1762 test EEG: 0.55%
Max accuracy val: 0.55%, max accuracy test: 0.55%
Epoch: [2]  [ 0/37]  eta: 0:00:21  lr: 0.000201  min_lr: 0.000051  loss: 0.6800 (0.6800)  class_acc: 0.5833 (0.5833)  loss_scale: 16384.0000 (16384.0000)  weight_decay: 0.0500 (0.0500)  grad_norm: 0.5560 (0.5560)  time: 0.5757  data: 0.1834  max mem: 18664
Epoch: [2]  [10/37]  eta: 0:00:06  lr: 0.000229  min_lr: 0.000058  loss: 0.6847 (0.6871)  class_acc: 0.5625 (0.5530)  loss_scale: 16384.0000 (16384.0000)  weight_decay: 0.0500 (0.0500)  grad_norm: 0.4484 (0.4990)  time: 0.2531  data: 0.0169  max mem: 18664
Epoch: [2]  [20/37]  eta: 0:00:04  lr: 0.000257  min_lr: 0.000065  loss: 0.6857 (0.6871)  class_acc: 0.5625 (0.5546)  loss_scale: 16384.0000 (16384.0000)  weight_decay: 0.0500 (0.0500)  grad_norm: 0.3970 (0.5288)  time: 0.2208  data: 0.0002  max mem: 18664
Epoch: [2]  [30/37]  eta: 0:00:01  lr: 0.000285  min_lr: 0.000072  loss: 0.6857 (0.6866)  class_acc: 0.5625 (0.5551)  loss_scale: 16384.0000 (16384.0000)  weight_decay: 0.0500 (0.0500)  grad_norm: 0.5527 (0.7585)  time: 0.2207  data: 0.0002  max mem: 18664
Epoch: [2]  [36/37]  eta: 0:00:00  lr: 0.000299  min_lr: 0.000076  loss: 0.6872 (0.6866)  class_acc: 0.5625 (0.5590)  loss_scale: 16384.0000 (16384.0000)  weight_decay: 0.0500 (0.0500)  grad_norm: 0.6501 (0.7418)  time: 0.2095  data: 0.0001  max mem: 18664
Epoch: [2] Total time: 0:00:08 (0.2265 s / it)
Averaged stats: lr: 0.000299  min_lr: 0.000076  loss: 0.6872 (0.6871)  class_acc: 0.5625 (0.5546)  loss_scale: 16384.0000 (16384.0000)  weight_decay: 0.0500 (0.0500)  grad_norm: 0.6501 (0.7418)
Val:  [ 0/25]  eta: 0:00:07  loss: 0.6889 (0.6889)  accuracy: 0.5417 (0.5417)  balanced_accuracy: 0.5000 (0.5000)  time: 0.3116  data: 0.2109  max mem: 18664
Val:  [10/25]  eta: 0:00:01  loss: 0.6900 (0.6907)  accuracy: 0.5417 (0.5328)  balanced_accuracy: 0.5000 (0.5000)  time: 0.1178  data: 0.0194  max mem: 18664
Val:  [20/25]  eta: 0:00:00  loss: 0.6900 (0.6883)  accuracy: 0.5417 (0.5529)  balanced_accuracy: 0.5000 (0.5000)  time: 0.0984  data: 0.0002  max mem: 18664
Val:  [24/25]  eta: 0:00:00  loss: 0.6894 (0.6885)  accuracy: 0.5417 (0.5483)  balanced_accuracy: 0.5000 (0.5000)  time: 0.0949  data: 0.0002  max mem: 18664
Val: Total time: 0:00:02 (0.1069 s / it)
* loss 0.688
Accuracy of the network on the 1751 val EEG: 0.55%
Test:  [ 0/25]  eta: 0:00:07  loss: 0.6910 (0.6910)  accuracy: 0.5278 (0.5278)  balanced_accuracy: 0.5000 (0.5000)  time: 0.3123  data: 0.2104  max mem: 18664
Test:  [10/25]  eta: 0:00:01  loss: 0.6881 (0.6883)  accuracy: 0.5556 (0.5505)  balanced_accuracy: 0.5000 (0.5000)  time: 0.1183  data: 0.0193  max mem: 18664
Test:  [20/25]  eta: 0:00:00  loss: 0.6882 (0.6884)  accuracy: 0.5417 (0.5503)  balanced_accuracy: 0.5000 (0.5000)  time: 0.0991  data: 0.0002  max mem: 18664
Test:  [24/25]  eta: 0:00:00  loss: 0.6878 (0.6886)  accuracy: 0.5556 (0.5471)  balanced_accuracy: 0.5000 (0.5000)  time: 0.0965  data: 0.0002  max mem: 18664
Test: Total time: 0:00:02 (0.1079 s / it)
* loss 0.689
Accuracy of the network on the 1762 test EEG: 0.55%
Max accuracy val: 0.55%, max accuracy test: 0.55%
Epoch: [3]  [ 0/37]  eta: 0:00:15  lr: 0.000302  min_lr: 0.000077  loss: 0.6937 (0.6937)  class_acc: 0.5000 (0.5000)  loss_scale: 16384.0000 (16384.0000)  weight_decay: 0.0500 (0.0500)  grad_norm: 0.2473 (0.2473)  time: 0.4143  data: 0.1861  max mem: 18664
Epoch: [3]  [10/37]  eta: 0:00:06  lr: 0.000330  min_lr: 0.000084  loss: 0.6903 (0.6899)  class_acc: 0.5417 (0.5398)  loss_scale: 16384.0000 (16384.0000)  weight_decay: 0.0500 (0.0500)  grad_norm: 0.4652 (0.6356)  time: 0.2491  data: 0.0171  max mem: 18664
Epoch: [3]  [20/37]  eta: 0:00:04  lr: 0.000358  min_lr: 0.000091  loss: 0.6860 (0.6908)  class_acc: 0.5417 (0.5357)  loss_scale: 16384.0000 (16384.0000)  weight_decay: 0.0500 (0.0500)  grad_norm: 0.7214 (0.8847)  time: 0.2267  data: 0.0002  max mem: 18664
Epoch: [3]  [30/37]  eta: 0:00:01  lr: 0.000385  min_lr: 0.000098  loss: 0.6911 (0.6918)  class_acc: 0.5208 (0.5289)  loss_scale: 16384.0000 (16384.0000)  weight_decay: 0.0500 (0.0500)  grad_norm: 0.7070 (0.8052)  time: 0.2207  data: 0.0002  max mem: 18664
Epoch: [3]  [36/37]  eta: 0:00:00  lr: 0.000399  min_lr: 0.000102  loss: 0.6911 (0.6924)  class_acc: 0.5417 (0.5295)  loss_scale: 16384.0000 (16384.0000)  weight_decay: 0.0500 (0.0500)  grad_norm: 0.6703 (0.7753)  time: 0.2095  data: 0.0001  max mem: 18664
Epoch: [3] Total time: 0:00:08 (0.2254 s / it)
Averaged stats: lr: 0.000399  min_lr: 0.000102  loss: 0.6911 (0.6889)  class_acc: 0.5417 (0.5469)  loss_scale: 16384.0000 (16384.0000)  weight_decay: 0.0500 (0.0500)  grad_norm: 0.6703 (0.7753)
Val:  [ 0/25]  eta: 0:00:08  loss: 0.6931 (0.6931)  accuracy: 0.5417 (0.5417)  balanced_accuracy: 0.5000 (0.5000)  time: 0.3235  data: 0.2221  max mem: 18664
Val:  [10/25]  eta: 0:00:01  loss: 0.6931 (0.6960)  accuracy: 0.5417 (0.5328)  balanced_accuracy: 0.5000 (0.5000)  time: 0.1191  data: 0.0204  max mem: 18664
Val:  [20/25]  eta: 0:00:00  loss: 0.6931 (0.6893)  accuracy: 0.5417 (0.5529)  balanced_accuracy: 0.5000 (0.5000)  time: 0.0983  data: 0.0002  max mem: 18664
Val:  [24/25]  eta: 0:00:00  loss: 0.6930 (0.6899)  accuracy: 0.5417 (0.5483)  balanced_accuracy: 0.5000 (0.5000)  time: 0.0949  data: 0.0002  max mem: 18664
Val: Total time: 0:00:02 (0.1069 s / it)
* loss 0.690
Accuracy of the network on the 1751 val EEG: 0.55%
Test:  [ 0/25]  eta: 0:00:08  loss: 0.6977 (0.6977)  accuracy: 0.5278 (0.5278)  balanced_accuracy: 0.5000 (0.5000)  time: 0.3268  data: 0.2224  max mem: 18664
Test:  [10/25]  eta: 0:00:01  loss: 0.6885 (0.6901)  accuracy: 0.5556 (0.5505)  balanced_accuracy: 0.5000 (0.5000)  time: 0.1190  data: 0.0204  max mem: 18664
Test:  [20/25]  eta: 0:00:00  loss: 0.6885 (0.6902)  accuracy: 0.5417 (0.5503)  balanced_accuracy: 0.5000 (0.5000)  time: 0.0981  data: 0.0002  max mem: 18664
Test:  [24/25]  eta: 0:00:00  loss: 0.6884 (0.6908)  accuracy: 0.5556 (0.5471)  balanced_accuracy: 0.5000 (0.5000)  time: 0.0954  data: 0.0002  max mem: 18664
Test: Total time: 0:00:02 (0.1076 s / it)
* loss 0.691
Accuracy of the network on the 1762 test EEG: 0.55%
Max accuracy val: 0.55%, max accuracy test: 0.55%
Epoch: [4]  [ 0/37]  eta: 0:00:15  lr: 0.000402  min_lr: 0.000102  loss: 0.6584 (0.6584)  class_acc: 0.6458 (0.6458)  loss_scale: 16384.0000 (16384.0000)  weight_decay: 0.0500 (0.0500)  grad_norm: 0.8406 (0.8406)  time: 0.4145  data: 0.1888  max mem: 18664
Epoch: [4]  [10/37]  eta: 0:00:06  lr: 0.000430  min_lr: 0.000109  loss: 0.6932 (0.6870)  class_acc: 0.5417 (0.5682)  loss_scale: 16384.0000 (16384.0000)  weight_decay: 0.0500 (0.0500)  grad_norm: 0.7057 (0.6709)  time: 0.2380  data: 0.0173  max mem: 18664
Epoch: [4]  [20/37]  eta: 0:00:03  lr: 0.000458  min_lr: 0.000116  loss: 0.6932 (0.6866)  class_acc: 0.5208 (0.5635)  loss_scale: 16384.0000 (16384.0000)  weight_decay: 0.0500 (0.0500)  grad_norm: 0.4571 (0.5471)  time: 0.2204  data: 0.0002  max mem: 18664
Epoch: [4]  [30/37]  eta: 0:00:01  lr: 0.000486  min_lr: 0.000124  loss: 0.6936 (0.6886)  class_acc: 0.5208 (0.5551)  loss_scale: 16384.0000 (16384.0000)  weight_decay: 0.0500 (0.0500)  grad_norm: 0.4571 (0.6395)  time: 0.2206  data: 0.0002  max mem: 18664
Epoch: [4]  [36/37]  eta: 0:00:00  lr: 0.000500  min_lr: 0.000127  loss: 0.6923 (0.6886)  class_acc: 0.5208 (0.5550)  loss_scale: 16384.0000 (16384.0000)  weight_decay: 0.0500 (0.0500)  grad_norm: 0.4590 (0.6318)  time: 0.2095  data: 0.0001  max mem: 18664
Epoch: [4] Total time: 0:00:08 (0.2218 s / it)
Averaged stats: lr: 0.000500  min_lr: 0.000127  loss: 0.6923 (0.6883)  class_acc: 0.5208 (0.5530)  loss_scale: 16384.0000 (16384.0000)  weight_decay: 0.0500 (0.0500)  grad_norm: 0.4590 (0.6318)
Val:  [ 0/25]  eta: 0:00:08  loss: 0.6911 (0.6911)  accuracy: 0.5417 (0.5417)  balanced_accuracy: 0.5000 (0.5000)  time: 0.3294  data: 0.2282  max mem: 18664
Val:  [10/25]  eta: 0:00:01  loss: 0.6913 (0.6917)  accuracy: 0.5417 (0.5328)  balanced_accuracy: 0.5000 (0.5000)  time: 0.1191  data: 0.0209  max mem: 18664
Val:  [20/25]  eta: 0:00:00  loss: 0.6912 (0.6906)  accuracy: 0.5417 (0.5529)  balanced_accuracy: 0.5000 (0.5000)  time: 0.0979  data: 0.0002  max mem: 18664
Val:  [24/25]  eta: 0:00:00  loss: 0.6911 (0.6907)  accuracy: 0.5417 (0.5483)  balanced_accuracy: 0.5000 (0.5000)  time: 0.0946  data: 0.0001  max mem: 18664
Val: Total time: 0:00:02 (0.1069 s / it)
* loss 0.691
Accuracy of the network on the 1751 val EEG: 0.55%
Test:  [ 0/25]  eta: 0:00:07  loss: 0.6919 (0.6919)  accuracy: 0.5278 (0.5278)  balanced_accuracy: 0.5000 (0.5000)  time: 0.3161  data: 0.2139  max mem: 18664
Test:  [10/25]  eta: 0:00:01  loss: 0.6905 (0.6907)  accuracy: 0.5556 (0.5505)  balanced_accuracy: 0.5000 (0.5000)  time: 0.1179  data: 0.0196  max mem: 18664
Test:  [20/25]  eta: 0:00:00  loss: 0.6905 (0.6907)  accuracy: 0.5417 (0.5503)  balanced_accuracy: 0.5000 (0.5000)  time: 0.0982  data: 0.0002  max mem: 18664
Test:  [24/25]  eta: 0:00:00  loss: 0.6904 (0.6908)  accuracy: 0.5556 (0.5471)  balanced_accuracy: 0.5000 (0.5000)  time: 0.0955  data: 0.0001  max mem: 18664
Test: Total time: 0:00:02 (0.1084 s / it)
* loss 0.691
Accuracy of the network on the 1762 test EEG: 0.55%
Max accuracy val: 0.55%, max accuracy test: 0.55%
Epoch: [5]  [ 0/37]  eta: 0:00:15  lr: 0.000500  min_lr: 0.000127  loss: 0.6905 (0.6905)  class_acc: 0.5625 (0.5625)  loss_scale: 16384.0000 (16384.0000)  weight_decay: 0.0500 (0.0500)  grad_norm: 0.5849 (0.5849)  time: 0.4118  data: 0.1840  max mem: 18664
Epoch: [5]  [10/37]  eta: 0:00:06  lr: 0.000500  min_lr: 0.000127  loss: 0.6866 (0.6849)  class_acc: 0.5833 (0.5720)  loss_scale: 16384.0000 (16384.0000)  weight_decay: 0.0500 (0.0500)  grad_norm: 0.6381 (0.6291)  time: 0.2380  data: 0.0168  max mem: 18664
Epoch: [5]  [20/37]  eta: 0:00:03  lr: 0.000500  min_lr: 0.000127  loss: 0.6856 (0.6888)  class_acc: 0.5625 (0.5526)  loss_scale: 16384.0000 (16384.0000)  weight_decay: 0.0500 (0.0500)  grad_norm: 0.6150 (0.6098)  time: 0.2206  data: 0.0001  max mem: 18664
Epoch: [5]  [30/37]  eta: 0:00:01  lr: 0.000500  min_lr: 0.000127  loss: 0.6900 (0.6893)  class_acc: 0.5417 (0.5524)  loss_scale: 16384.0000 (16384.0000)  weight_decay: 0.0500 (0.0500)  grad_norm: 0.5139 (0.6257)  time: 0.2207  data: 0.0002  max mem: 18664
Epoch: [5]  [36/37]  eta: 0:00:00  lr: 0.000499  min_lr: 0.000127  loss: 0.6900 (0.6889)  class_acc: 0.5417 (0.5538)  loss_scale: 16384.0000 (16384.0000)  weight_decay: 0.0500 (0.0500)  grad_norm: 0.2403 (0.5861)  time: 0.2096  data: 0.0002  max mem: 18664
Epoch: [5] Total time: 0:00:08 (0.2220 s / it)
Averaged stats: lr: 0.000499  min_lr: 0.000127  loss: 0.6900 (0.6897)  class_acc: 0.5417 (0.5529)  loss_scale: 16384.0000 (16384.0000)  weight_decay: 0.0500 (0.0500)  grad_norm: 0.2403 (0.5861)
Val:  [ 0/25]  eta: 0:00:08  loss: 0.6900 (0.6900)  accuracy: 0.5417 (0.5417)  balanced_accuracy: 0.5000 (0.5000)  time: 0.3311  data: 0.2304  max mem: 18664
Val:  [10/25]  eta: 0:00:01  loss: 0.6902 (0.6921)  accuracy: 0.5417 (0.5328)  balanced_accuracy: 0.5000 (0.5000)  time: 0.1193  data: 0.0211  max mem: 18664
Val:  [20/25]  eta: 0:00:00  loss: 0.6900 (0.6875)  accuracy: 0.5417 (0.5529)  balanced_accuracy: 0.5000 (0.5000)  time: 0.0981  data: 0.0002  max mem: 18664
Val:  [24/25]  eta: 0:00:00  loss: 0.6900 (0.6879)  accuracy: 0.5417 (0.5483)  balanced_accuracy: 0.5000 (0.5000)  time: 0.0948  data: 0.0002  max mem: 18664
Val: Total time: 0:00:02 (0.1071 s / it)
* loss 0.688
Accuracy of the network on the 1751 val EEG: 0.55%
Test:  [ 0/25]  eta: 0:00:07  loss: 0.6933 (0.6933)  accuracy: 0.5278 (0.5278)  balanced_accuracy: 0.5000 (0.5000)  time: 0.3180  data: 0.2161  max mem: 18664
Test:  [10/25]  eta: 0:00:01  loss: 0.6868 (0.6880)  accuracy: 0.5556 (0.5505)  balanced_accuracy: 0.5000 (0.5000)  time: 0.1181  data: 0.0198  max mem: 18664
Test:  [20/25]  eta: 0:00:00  loss: 0.6870 (0.6880)  accuracy: 0.5417 (0.5503)  balanced_accuracy: 0.5000 (0.5000)  time: 0.0981  data: 0.0002  max mem: 18664
Test:  [24/25]  eta: 0:00:00  loss: 0.6868 (0.6884)  accuracy: 0.5556 (0.5471)  balanced_accuracy: 0.5000 (0.5000)  time: 0.0954  data: 0.0001  max mem: 18664
Test: Total time: 0:00:02 (0.1084 s / it)
* loss 0.688
Accuracy of the network on the 1762 test EEG: 0.55%
Max accuracy val: 0.55%, max accuracy test: 0.55%
Epoch: [6]  [ 0/37]  eta: 0:00:15  lr: 0.000499  min_lr: 0.000127  loss: 0.6757 (0.6757)  class_acc: 0.6042 (0.6042)  loss_scale: 16384.0000 (16384.0000)  weight_decay: 0.0500 (0.0500)  grad_norm: 0.3782 (0.3782)  time: 0.4118  data: 0.1798  max mem: 18664
Epoch: [6]  [10/37]  eta: 0:00:06  lr: 0.000499  min_lr: 0.000127  loss: 0.6848 (0.6820)  class_acc: 0.5625 (0.5758)  loss_scale: 16384.0000 (16384.0000)  weight_decay: 0.0500 (0.0500)  grad_norm: 0.2988 (0.4372)  time: 0.2378  data: 0.0164  max mem: 18664
Epoch: [6]  [20/37]  eta: 0:00:03  lr: 0.000499  min_lr: 0.000127  loss: 0.6740 (0.6780)  class_acc: 0.6042 (0.5942)  loss_scale: 16384.0000 (16384.0000)  weight_decay: 0.0500 (0.0500)  grad_norm: 0.2988 (0.4374)  time: 0.2206  data: 0.0001  max mem: 18664
Epoch: [6]  [30/37]  eta: 0:00:01  lr: 0.000498  min_lr: 0.000127  loss: 0.6743 (0.6804)  class_acc: 0.6042 (0.5793)  loss_scale: 16384.0000 (16384.0000)  weight_decay: 0.0500 (0.0500)  grad_norm: 0.5029 (0.6034)  time: 0.2206  data: 0.0001  max mem: 18664
Epoch: [6]  [36/37]  eta: 0:00:00  lr: 0.000498  min_lr: 0.000126  loss: 0.6806 (0.6820)  class_acc: 0.5833 (0.5735)  loss_scale: 16384.0000 (16384.0000)  weight_decay: 0.0500 (0.0500)  grad_norm: 0.5193 (0.5612)  time: 0.2093  data: 0.0001  max mem: 18664
Epoch: [6] Total time: 0:00:08 (0.2217 s / it)
Averaged stats: lr: 0.000498  min_lr: 0.000126  loss: 0.6806 (0.6870)  class_acc: 0.5833 (0.5530)  loss_scale: 16384.0000 (16384.0000)  weight_decay: 0.0500 (0.0500)  grad_norm: 0.5193 (0.5612)
Val:  [ 0/25]  eta: 0:00:08  loss: 0.6906 (0.6906)  accuracy: 0.5417 (0.5417)  balanced_accuracy: 0.5000 (0.5000)  time: 0.3340  data: 0.2310  max mem: 18664
Val:  [10/25]  eta: 0:00:01  loss: 0.6906 (0.6928)  accuracy: 0.5417 (0.5328)  balanced_accuracy: 0.5000 (0.5000)  time: 0.1196  data: 0.0212  max mem: 18664
Val:  [20/25]  eta: 0:00:00  loss: 0.6906 (0.6877)  accuracy: 0.5417 (0.5529)  balanced_accuracy: 0.5000 (0.5000)  time: 0.0981  data: 0.0002  max mem: 18664
Val:  [24/25]  eta: 0:00:00  loss: 0.6906 (0.6882)  accuracy: 0.5417 (0.5483)  balanced_accuracy: 0.5000 (0.5000)  time: 0.0947  data: 0.0001  max mem: 18664
Val: Total time: 0:00:02 (0.1076 s / it)
* loss 0.688
Accuracy of the network on the 1751 val EEG: 0.55%
Test:  [ 0/25]  eta: 0:00:07  loss: 0.6941 (0.6941)  accuracy: 0.5278 (0.5278)  balanced_accuracy: 0.5000 (0.5000)  time: 0.3188  data: 0.2139  max mem: 18664
Test:  [10/25]  eta: 0:00:01  loss: 0.6871 (0.6883)  accuracy: 0.5556 (0.5505)  balanced_accuracy: 0.5000 (0.5000)  time: 0.1183  data: 0.0196  max mem: 18664
Test:  [20/25]  eta: 0:00:00  loss: 0.6871 (0.6884)  accuracy: 0.5417 (0.5503)  balanced_accuracy: 0.5000 (0.5000)  time: 0.0981  data: 0.0002  max mem: 18664
Test:  [24/25]  eta: 0:00:00  loss: 0.6870 (0.6888)  accuracy: 0.5556 (0.5471)  balanced_accuracy: 0.5000 (0.5000)  time: 0.0955  data: 0.0001  max mem: 18664
Test: Total time: 0:00:02 (0.1075 s / it)
* loss 0.689
Accuracy of the network on the 1762 test EEG: 0.55%
Max accuracy val: 0.55%, max accuracy test: 0.55%
Epoch: [7]  [ 0/37]  eta: 0:00:14  lr: 0.000498  min_lr: 0.000126  loss: 0.6902 (0.6902)  class_acc: 0.5417 (0.5417)  loss_scale: 16384.0000 (16384.0000)  weight_decay: 0.0500 (0.0500)  grad_norm: 0.1200 (0.1200)  time: 0.4046  data: 0.1786  max mem: 18664
Epoch: [7]  [10/37]  eta: 0:00:06  lr: 0.000497  min_lr: 0.000126  loss: 0.6860 (0.6836)  class_acc: 0.5625 (0.5701)  loss_scale: 16384.0000 (16384.0000)  weight_decay: 0.0500 (0.0500)  grad_norm: 0.3651 (0.3989)  time: 0.2385  data: 0.0164  max mem: 18664
Epoch: [7]  [20/37]  eta: 0:00:03  lr: 0.000496  min_lr: 0.000126  loss: 0.6856 (0.6845)  class_acc: 0.5625 (0.5685)  loss_scale: 16384.0000 (16384.0000)  weight_decay: 0.0500 (0.0500)  grad_norm: 0.4567 (0.4801)  time: 0.2214  data: 0.0002  max mem: 18664
Epoch: [7]  [30/37]  eta: 0:00:01  lr: 0.000495  min_lr: 0.000126  loss: 0.6856 (0.6863)  class_acc: 0.5625 (0.5625)  loss_scale: 16384.0000 (16384.0000)  weight_decay: 0.0500 (0.0500)  grad_norm: 0.5170 (0.5415)  time: 0.2206  data: 0.0001  max mem: 18664
Epoch: [7]  [36/37]  eta: 0:00:00  lr: 0.000495  min_lr: 0.000126  loss: 0.6856 (0.6850)  class_acc: 0.5625 (0.5666)  loss_scale: 16384.0000 (16384.0000)  weight_decay: 0.0500 (0.0500)  grad_norm: 0.5405 (0.5475)  time: 0.2093  data: 0.0001  max mem: 18664
Epoch: [7] Total time: 0:00:08 (0.2217 s / it)
Averaged stats: lr: 0.000495  min_lr: 0.000126  loss: 0.6856 (0.6877)  class_acc: 0.5625 (0.5544)  loss_scale: 16384.0000 (16384.0000)  weight_decay: 0.0500 (0.0500)  grad_norm: 0.5405 (0.5475)
Val:  [ 0/25]  eta: 0:00:09  loss: 0.6908 (0.6908)  accuracy: 0.5417 (0.5417)  balanced_accuracy: 0.5000 (0.5000)  time: 0.3701  data: 0.2681  max mem: 18664
Val:  [10/25]  eta: 0:00:01  loss: 0.6908 (0.6931)  accuracy: 0.5417 (0.5328)  balanced_accuracy: 0.5000 (0.5000)  time: 0.1229  data: 0.0245  max mem: 18664
Val:  [20/25]  eta: 0:00:00  loss: 0.6908 (0.6878)  accuracy: 0.5417 (0.5529)  balanced_accuracy: 0.5000 (0.5000)  time: 0.0981  data: 0.0002  max mem: 18664
Val:  [24/25]  eta: 0:00:00  loss: 0.6908 (0.6883)  accuracy: 0.5417 (0.5483)  balanced_accuracy: 0.5000 (0.5000)  time: 0.0947  data: 0.0002  max mem: 18664
Val: Total time: 0:00:02 (0.1089 s / it)
* loss 0.688
Accuracy of the network on the 1751 val EEG: 0.55%
Test:  [ 0/25]  eta: 0:00:08  loss: 0.6944 (0.6944)  accuracy: 0.5278 (0.5278)  balanced_accuracy: 0.5000 (0.5000)  time: 0.3244  data: 0.2184  max mem: 18664
Test:  [10/25]  eta: 0:00:01  loss: 0.6871 (0.6884)  accuracy: 0.5556 (0.5505)  balanced_accuracy: 0.5000 (0.5000)  time: 0.1189  data: 0.0201  max mem: 18664
Test:  [20/25]  eta: 0:00:00  loss: 0.6872 (0.6885)  accuracy: 0.5417 (0.5503)  balanced_accuracy: 0.5000 (0.5000)  time: 0.0985  data: 0.0002  max mem: 18664
Test:  [24/25]  eta: 0:00:00  loss: 0.6871 (0.6889)  accuracy: 0.5556 (0.5471)  balanced_accuracy: 0.5000 (0.5000)  time: 0.0959  data: 0.0002  max mem: 18664
Test: Total time: 0:00:02 (0.1091 s / it)
* loss 0.689
Accuracy of the network on the 1762 test EEG: 0.55%
Max accuracy val: 0.55%, max accuracy test: 0.55%
Epoch: [8]  [ 0/37]  eta: 0:00:15  lr: 0.000495  min_lr: 0.000126  loss: 0.6899 (0.6899)  class_acc: 0.5417 (0.5417)  loss_scale: 16384.0000 (16384.0000)  weight_decay: 0.0500 (0.0500)  grad_norm: 0.1505 (0.1505)  time: 0.4254  data: 0.2002  max mem: 18664
Epoch: [8]  [10/37]  eta: 0:00:06  lr: 0.000493  min_lr: 0.000125  loss: 0.6901 (0.6890)  class_acc: 0.5417 (0.5473)  loss_scale: 16384.0000 (16384.0000)  weight_decay: 0.0500 (0.0500)  grad_norm: 0.2998 (0.3148)  time: 0.2394  data: 0.0184  max mem: 18664
Epoch: [8]  [20/37]  eta: 0:00:03  lr: 0.000492  min_lr: 0.000125  loss: 0.6901 (0.6900)  class_acc: 0.5417 (0.5417)  loss_scale: 16384.0000 (16384.0000)  weight_decay: 0.0500 (0.0500)  grad_norm: 0.2998 (0.4453)  time: 0.2206  data: 0.0002  max mem: 18664
Epoch: [8]  [30/37]  eta: 0:00:01  lr: 0.000491  min_lr: 0.000125  loss: 0.6884 (0.6883)  class_acc: 0.5417 (0.5524)  loss_scale: 16384.0000 (16384.0000)  weight_decay: 0.0500 (0.0500)  grad_norm: 0.3773 (0.4937)  time: 0.2206  data: 0.0001  max mem: 18664
Epoch: [8]  [36/37]  eta: 0:00:00  lr: 0.000490  min_lr: 0.000125  loss: 0.6886 (0.6882)  class_acc: 0.5417 (0.5521)  loss_scale: 16384.0000 (16384.0000)  weight_decay: 0.0500 (0.0500)  grad_norm: 0.3722 (0.4882)  time: 0.2095  data: 0.0001  max mem: 18664
Epoch: [8] Total time: 0:00:08 (0.2226 s / it)
Averaged stats: lr: 0.000490  min_lr: 0.000125  loss: 0.6886 (0.6875)  class_acc: 0.5417 (0.5530)  loss_scale: 16384.0000 (16384.0000)  weight_decay: 0.0500 (0.0500)  grad_norm: 0.3722 (0.4882)
Val:  [ 0/25]  eta: 0:00:08  loss: 0.6909 (0.6909)  accuracy: 0.5417 (0.5417)  balanced_accuracy: 0.5000 (0.5000)  time: 0.3360  data: 0.2339  max mem: 18664
Val:  [10/25]  eta: 0:00:01  loss: 0.6912 (0.6935)  accuracy: 0.5417 (0.5328)  balanced_accuracy: 0.5000 (0.5000)  time: 0.1198  data: 0.0214  max mem: 18664
Val:  [20/25]  eta: 0:00:00  loss: 0.6911 (0.6879)  accuracy: 0.5417 (0.5529)  balanced_accuracy: 0.5000 (0.5000)  time: 0.0980  data: 0.0002  max mem: 18664
Val:  [24/25]  eta: 0:00:00  loss: 0.6911 (0.6884)  accuracy: 0.5417 (0.5483)  balanced_accuracy: 0.5000 (0.5000)  time: 0.0946  data: 0.0001  max mem: 18664
Val: Total time: 0:00:02 (0.1075 s / it)
* loss 0.688
Accuracy of the network on the 1751 val EEG: 0.55%
Test:  [ 0/25]  eta: 0:00:07  loss: 0.6948 (0.6948)  accuracy: 0.5278 (0.5278)  balanced_accuracy: 0.5000 (0.5000)  time: 0.3177  data: 0.2146  max mem: 18664
Test:  [10/25]  eta: 0:00:01  loss: 0.6873 (0.6885)  accuracy: 0.5556 (0.5505)  balanced_accuracy: 0.5000 (0.5000)  time: 0.1181  data: 0.0197  max mem: 18664
Test:  [20/25]  eta: 0:00:00  loss: 0.6873 (0.6885)  accuracy: 0.5417 (0.5503)  balanced_accuracy: 0.5000 (0.5000)  time: 0.0980  data: 0.0002  max mem: 18664
Test:  [24/25]  eta: 0:00:00  loss: 0.6869 (0.6890)  accuracy: 0.5556 (0.5471)  balanced_accuracy: 0.5000 (0.5000)  time: 0.0953  data: 0.0001  max mem: 18664
Test: Total time: 0:00:02 (0.1066 s / it)
* loss 0.689
Accuracy of the network on the 1762 test EEG: 0.55%
Max accuracy val: 0.55%, max accuracy test: 0.55%
Epoch: [9]  [ 0/37]  eta: 0:00:16  lr: 0.000490  min_lr: 0.000125  loss: 0.6868 (0.6868)  class_acc: 0.5625 (0.5625)  loss_scale: 16384.0000 (16384.0000)  weight_decay: 0.0500 (0.0500)  grad_norm: 0.0682 (0.0682)  time: 0.4341  data: 0.2038  max mem: 18664
Epoch: [9]  [10/37]  eta: 0:00:06  lr: 0.000489  min_lr: 0.000124  loss: 0.6977 (0.6991)  class_acc: 0.5208 (0.5133)  loss_scale: 16384.0000 (16384.0000)  weight_decay: 0.0500 (0.0500)  grad_norm: 0.4597 (0.5560)  time: 0.2398  data: 0.0186  max mem: 18664
Epoch: [9]  [20/37]  eta: 0:00:03  lr: 0.000487  min_lr: 0.000124  loss: 0.6936 (0.6964)  class_acc: 0.5208 (0.5159)  loss_scale: 16384.0000 (16384.0000)  weight_decay: 0.0500 (0.0500)  grad_norm: 0.4597 (0.9077)  time: 0.2205  data: 0.0001  max mem: 18664
Epoch: [9]  [30/37]  eta: 0:00:01  lr: 0.000486  min_lr: 0.000124  loss: 0.6911 (0.6930)  class_acc: 0.5208 (0.5289)  loss_scale: 16384.0000 (16384.0000)  weight_decay: 0.0500 (0.0500)  grad_norm: 0.3663 (0.8116)  time: 0.2206  data: 0.0001  max mem: 18664
Epoch: [9]  [36/37]  eta: 0:00:00  lr: 0.000485  min_lr: 0.000123  loss: 0.6902 (0.6928)  class_acc: 0.5417 (0.5307)  loss_scale: 16384.0000 (16384.0000)  weight_decay: 0.0500 (0.0500)  grad_norm: 0.3750 (0.7639)  time: 0.2095  data: 0.0001  max mem: 18664
Epoch: [9] Total time: 0:00:08 (0.2220 s / it)
Averaged stats: lr: 0.000485  min_lr: 0.000123  loss: 0.6902 (0.6875)  class_acc: 0.5417 (0.5529)  loss_scale: 16384.0000 (16384.0000)  weight_decay: 0.0500 (0.0500)  grad_norm: 0.3750 (0.7639)
Val:  [ 0/25]  eta: 0:00:07  loss: 0.6912 (0.6912)  accuracy: 0.5417 (0.5417)  balanced_accuracy: 0.5000 (0.5000)  time: 0.3064  data: 0.2054  max mem: 18664
Val:  [10/25]  eta: 0:00:01  loss: 0.6918 (0.6941)  accuracy: 0.5417 (0.5328)  balanced_accuracy: 0.5000 (0.5000)  time: 0.1170  data: 0.0188  max mem: 18664
Val:  [20/25]  eta: 0:00:00  loss: 0.6915 (0.6881)  accuracy: 0.5417 (0.5529)  balanced_accuracy: 0.5000 (0.5000)  time: 0.0980  data: 0.0002  max mem: 18664
Val:  [24/25]  eta: 0:00:00  loss: 0.6914 (0.6886)  accuracy: 0.5417 (0.5483)  balanced_accuracy: 0.5000 (0.5000)  time: 0.0946  data: 0.0001  max mem: 18664
Val: Total time: 0:00:02 (0.1059 s / it)
* loss 0.689
Accuracy of the network on the 1751 val EEG: 0.55%
Test:  [ 0/25]  eta: 0:00:07  loss: 0.6954 (0.6954)  accuracy: 0.5278 (0.5278)  balanced_accuracy: 0.5000 (0.5000)  time: 0.3179  data: 0.2166  max mem: 18664
Test:  [10/25]  eta: 0:00:01  loss: 0.6875 (0.6887)  accuracy: 0.5556 (0.5505)  balanced_accuracy: 0.5000 (0.5000)  time: 0.1181  data: 0.0198  max mem: 18664
Test:  [20/25]  eta: 0:00:00  loss: 0.6877 (0.6887)  accuracy: 0.5417 (0.5503)  balanced_accuracy: 0.5000 (0.5000)  time: 0.0982  data: 0.0002  max mem: 18664
Test:  [24/25]  eta: 0:00:00  loss: 0.6869 (0.6892)  accuracy: 0.5556 (0.5471)  balanced_accuracy: 0.5000 (0.5000)  time: 0.0955  data: 0.0001  max mem: 18664
Test: Total time: 0:00:02 (0.1076 s / it)
* loss 0.689
Accuracy of the network on the 1762 test EEG: 0.55%
Max accuracy val: 0.55%, max accuracy test: 0.55%
Epoch: [10]  [ 0/37]  eta: 0:00:15  lr: 0.000485  min_lr: 0.000123  loss: 0.6903 (0.6903)  class_acc: 0.5417 (0.5417)  loss_scale: 16384.0000 (16384.0000)  weight_decay: 0.0500 (0.0500)  grad_norm: 0.1188 (0.1188)  time: 0.4175  data: 0.1925  max mem: 18664
Epoch: [10]  [10/37]  eta: 0:00:06  lr: 0.000483  min_lr: 0.000123  loss: 0.6783 (0.6814)  class_acc: 0.5833 (0.5720)  loss_scale: 16384.0000 (16384.0000)  weight_decay: 0.0500 (0.0500)  grad_norm: 0.2475 (0.4194)  time: 0.2383  data: 0.0176  max mem: 18664
Epoch: [10]  [20/37]  eta: 0:00:03  lr: 0.000481  min_lr: 0.000122  loss: 0.6767 (0.6774)  class_acc: 0.5833 (0.5903)  loss_scale: 16384.0000 (16384.0000)  weight_decay: 0.0500 (0.0500)  grad_norm: 0.4485 (0.5431)  time: 0.2203  data: 0.0001  max mem: 18664
NaN or Inf found in input tensor.
Epoch: [10]  [30/37]  eta: 0:00:01  lr: 0.000480  min_lr: 0.000122  loss: 0.6792 (0.6831)  class_acc: 0.5625 (0.5659)  loss_scale: 16384.0000 (14798.4516)  weight_decay: 0.0500 (0.0500)  grad_norm: 1.8788 (inf)  time: 0.2200  data: 0.0001  max mem: 18664
Epoch: [10]  [36/37]  eta: 0:00:00  lr: 0.000479  min_lr: 0.000122  loss: 0.6792 (0.6826)  class_acc: 0.5625 (0.5706)  loss_scale: 8192.0000 (13880.8889)  weight_decay: 0.0500 (0.0500)  grad_norm: 2.2939 (inf)  time: 0.2090  data: 0.0001  max mem: 18664
Epoch: [10] Total time: 0:00:08 (0.2216 s / it)
Averaged stats: lr: 0.000479  min_lr: 0.000122  loss: 0.6792 (0.6845)  class_acc: 0.5625 (0.5606)  loss_scale: 8192.0000 (13880.8889)  weight_decay: 0.0500 (0.0500)  grad_norm: 2.2939 (inf)
Val:  [ 0/25]  eta: 0:00:08  loss: 0.6899 (0.6899)  accuracy: 0.5417 (0.5417)  balanced_accuracy: 0.5000 (0.5000)  time: 0.3350  data: 0.2338  max mem: 18664
Val:  [10/25]  eta: 0:00:01  loss: 0.6901 (0.6919)  accuracy: 0.5417 (0.5328)  balanced_accuracy: 0.5000 (0.5000)  time: 0.1197  data: 0.0214  max mem: 18664
Val:  [20/25]  eta: 0:00:00  loss: 0.6899 (0.6874)  accuracy: 0.5417 (0.5529)  balanced_accuracy: 0.5000 (0.5000)  time: 0.0980  data: 0.0002  max mem: 18664
Val:  [24/25]  eta: 0:00:00  loss: 0.6899 (0.6878)  accuracy: 0.5417 (0.5483)  balanced_accuracy: 0.5000 (0.5000)  time: 0.0949  data: 0.0002  max mem: 18664
Val: Total time: 0:00:02 (0.1070 s / it)
* loss 0.688
Accuracy of the network on the 1751 val EEG: 0.55%
Test:  [ 0/25]  eta: 0:00:08  loss: 0.6930 (0.6930)  accuracy: 0.5278 (0.5278)  balanced_accuracy: 0.5000 (0.5000)  time: 0.3475  data: 0.2464  max mem: 18664
Test:  [10/25]  eta: 0:00:01  loss: 0.6868 (0.6878)  accuracy: 0.5556 (0.5505)  balanced_accuracy: 0.5000 (0.5000)  time: 0.1208  data: 0.0226  max mem: 18664
Test:  [20/25]  eta: 0:00:00  loss: 0.6869 (0.6879)  accuracy: 0.5417 (0.5503)  balanced_accuracy: 0.5000 (0.5000)  time: 0.0980  data: 0.0002  max mem: 18664
Test:  [24/25]  eta: 0:00:00  loss: 0.6868 (0.6883)  accuracy: 0.5556 (0.5471)  balanced_accuracy: 0.5000 (0.5000)  time: 0.0953  data: 0.0001  max mem: 18664
Test: Total time: 0:00:02 (0.1078 s / it)
* loss 0.688
Accuracy of the network on the 1762 test EEG: 0.55%
Max accuracy val: 0.55%, max accuracy test: 0.55%
Epoch: [11]  [ 0/37]  eta: 0:00:15  lr: 0.000478  min_lr: 0.000122  loss: 0.6922 (0.6922)  class_acc: 0.5417 (0.5417)  loss_scale: 8192.0000 (8192.0000)  weight_decay: 0.0500 (0.0500)  grad_norm: 0.4900 (0.4900)  time: 0.4218  data: 0.1954  max mem: 18664
Epoch: [11]  [10/37]  eta: 0:00:06  lr: 0.000476  min_lr: 0.000121  loss: 0.6879 (0.6873)  class_acc: 0.5417 (0.5568)  loss_scale: 8192.0000 (8192.0000)  weight_decay: 0.0500 (0.0500)  grad_norm: 0.5679 (0.5825)  time: 0.2390  data: 0.0179  max mem: 18664
Epoch: [11]  [20/37]  eta: 0:00:03  lr: 0.000474  min_lr: 0.000121  loss: 0.6855 (0.6923)  class_acc: 0.5417 (0.5456)  loss_scale: 8192.0000 (8192.0000)  weight_decay: 0.0500 (0.0500)  grad_norm: 0.5741 (0.6406)  time: 0.2208  data: 0.0002  max mem: 18664
Epoch: [11]  [30/37]  eta: 0:00:01  lr: 0.000472  min_lr: 0.000120  loss: 0.6850 (0.6888)  class_acc: 0.5625 (0.5578)  loss_scale: 8192.0000 (8192.0000)  weight_decay: 0.0500 (0.0500)  grad_norm: 0.6932 (0.6741)  time: 0.2205  data: 0.0002  max mem: 18664
Epoch: [11]  [36/37]  eta: 0:00:00  lr: 0.000471  min_lr: 0.000120  loss: 0.6880 (0.6894)  class_acc: 0.5417 (0.5556)  loss_scale: 8192.0000 (8192.0000)  weight_decay: 0.0500 (0.0500)  grad_norm: 0.7840 (0.7312)  time: 0.2093  data: 0.0001  max mem: 18664
Epoch: [11] Total time: 0:00:08 (0.2223 s / it)
Averaged stats: lr: 0.000471  min_lr: 0.000120  loss: 0.6880 (0.6908)  class_acc: 0.5417 (0.5525)  loss_scale: 8192.0000 (8192.0000)  weight_decay: 0.0500 (0.0500)  grad_norm: 0.7840 (0.7312)
Val:  [ 0/25]  eta: 0:00:08  loss: 0.6915 (0.6915)  accuracy: 0.5417 (0.5417)  balanced_accuracy: 0.5000 (0.5000)  time: 0.3536  data: 0.2525  max mem: 18664
Val:  [10/25]  eta: 0:00:01  loss: 0.6916 (0.6941)  accuracy: 0.5417 (0.5328)  balanced_accuracy: 0.5000 (0.5000)  time: 0.1234  data: 0.0231  max mem: 18664
Val:  [20/25]  eta: 0:00:00  loss: 0.6915 (0.6883)  accuracy: 0.5417 (0.5529)  balanced_accuracy: 0.5000 (0.5000)  time: 0.0991  data: 0.0001  max mem: 18664
Val:  [24/25]  eta: 0:00:00  loss: 0.6915 (0.6888)  accuracy: 0.5417 (0.5483)  balanced_accuracy: 0.5000 (0.5000)  time: 0.0952  data: 0.0001  max mem: 18664
Val: Total time: 0:00:02 (0.1090 s / it)
* loss 0.689
Accuracy of the network on the 1751 val EEG: 0.55%
Test:  [ 0/25]  eta: 0:00:08  loss: 0.6955 (0.6955)  accuracy: 0.5278 (0.5278)  balanced_accuracy: 0.5000 (0.5000)  time: 0.3265  data: 0.2246  max mem: 18664
Test:  [10/25]  eta: 0:00:01  loss: 0.6875 (0.6890)  accuracy: 0.5556 (0.5505)  balanced_accuracy: 0.5000 (0.5000)  time: 0.1188  data: 0.0206  max mem: 18664
Test:  [20/25]  eta: 0:00:00  loss: 0.6875 (0.6890)  accuracy: 0.5417 (0.5503)  balanced_accuracy: 0.5000 (0.5000)  time: 0.0980  data: 0.0002  max mem: 18664
Test:  [24/25]  eta: 0:00:00  loss: 0.6875 (0.6895)  accuracy: 0.5556 (0.5471)  balanced_accuracy: 0.5000 (0.5000)  time: 0.0953  data: 0.0001  max mem: 18664
Test: Total time: 0:00:02 (0.1076 s / it)
* loss 0.690
Accuracy of the network on the 1762 test EEG: 0.55%
Max accuracy val: 0.55%, max accuracy test: 0.55%
Epoch: [12]  [ 0/37]  eta: 0:00:15  lr: 0.000471  min_lr: 0.000120  loss: 0.6855 (0.6855)  class_acc: 0.5625 (0.5625)  loss_scale: 8192.0000 (8192.0000)  weight_decay: 0.0500 (0.0500)  grad_norm: 0.0990 (0.0990)  time: 0.4075  data: 0.1821  max mem: 18664
Epoch: [12]  [10/37]  eta: 0:00:06  lr: 0.000468  min_lr: 0.000119  loss: 0.6911 (0.6943)  class_acc: 0.5417 (0.5208)  loss_scale: 8192.0000 (8192.0000)  weight_decay: 0.0500 (0.0500)  grad_norm: 0.5265 (0.6486)  time: 0.2377  data: 0.0167  max mem: 18664
Epoch: [12]  [20/37]  eta: 0:00:03  lr: 0.000466  min_lr: 0.000118  loss: 0.6911 (0.6936)  class_acc: 0.5208 (0.5238)  loss_scale: 8192.0000 (8192.0000)  weight_decay: 0.0500 (0.0500)  grad_norm: 0.4244 (0.5142)  time: 0.2206  data: 0.0001  max mem: 18664
Epoch: [12]  [30/37]  eta: 0:00:01  lr: 0.000464  min_lr: 0.000118  loss: 0.6886 (0.6897)  class_acc: 0.5417 (0.5430)  loss_scale: 8192.0000 (8192.0000)  weight_decay: 0.0500 (0.0500)  grad_norm: 0.3118 (0.5212)  time: 0.2204  data: 0.0001  max mem: 18664
Epoch: [12]  [36/37]  eta: 0:00:00  lr: 0.000462  min_lr: 0.000118  loss: 0.6886 (0.6893)  class_acc: 0.5417 (0.5457)  loss_scale: 8192.0000 (8192.0000)  weight_decay: 0.0500 (0.0500)  grad_norm: 0.4177 (0.5131)  time: 0.2093  data: 0.0001  max mem: 18664
Epoch: [12] Total time: 0:00:08 (0.2218 s / it)
Averaged stats: lr: 0.000462  min_lr: 0.000118  loss: 0.6886 (0.6883)  class_acc: 0.5417 (0.5542)  loss_scale: 8192.0000 (8192.0000)  weight_decay: 0.0500 (0.0500)  grad_norm: 0.4177 (0.5131)
Val:  [ 0/25]  eta: 0:00:08  loss: 0.6904 (0.6904)  accuracy: 0.5417 (0.5417)  balanced_accuracy: 0.5000 (0.5000)  time: 0.3279  data: 0.2260  max mem: 18664
Val:  [10/25]  eta: 0:00:01  loss: 0.6904 (0.6926)  accuracy: 0.5417 (0.5328)  balanced_accuracy: 0.5000 (0.5000)  time: 0.1189  data: 0.0207  max mem: 18664
Val:  [20/25]  eta: 0:00:00  loss: 0.6904 (0.6877)  accuracy: 0.5417 (0.5529)  balanced_accuracy: 0.5000 (0.5000)  time: 0.0980  data: 0.0002  max mem: 18664
Val:  [24/25]  eta: 0:00:00  loss: 0.6904 (0.6881)  accuracy: 0.5417 (0.5483)  balanced_accuracy: 0.5000 (0.5000)  time: 0.0946  data: 0.0001  max mem: 18664
Val: Total time: 0:00:02 (0.1074 s / it)
* loss 0.688
Accuracy of the network on the 1751 val EEG: 0.55%
Test:  [ 0/25]  eta: 0:00:08  loss: 0.6938 (0.6938)  accuracy: 0.5278 (0.5278)  balanced_accuracy: 0.5000 (0.5000)  time: 0.3239  data: 0.2221  max mem: 18664
Test:  [10/25]  eta: 0:00:01  loss: 0.6870 (0.6883)  accuracy: 0.5556 (0.5505)  balanced_accuracy: 0.5000 (0.5000)  time: 0.1187  data: 0.0203  max mem: 18664
Test:  [20/25]  eta: 0:00:00  loss: 0.6870 (0.6883)  accuracy: 0.5417 (0.5503)  balanced_accuracy: 0.5000 (0.5000)  time: 0.0980  data: 0.0002  max mem: 18664
Test:  [24/25]  eta: 0:00:00  loss: 0.6870 (0.6887)  accuracy: 0.5556 (0.5471)  balanced_accuracy: 0.5000 (0.5000)  time: 0.0952  data: 0.0001  max mem: 18664
Test: Total time: 0:00:02 (0.1069 s / it)
* loss 0.689
Accuracy of the network on the 1762 test EEG: 0.55%
Max accuracy val: 0.55%, max accuracy test: 0.55%
Epoch: [13]  [ 0/37]  eta: 0:00:16  lr: 0.000462  min_lr: 0.000117  loss: 0.6597 (0.6597)  class_acc: 0.6667 (0.6667)  loss_scale: 8192.0000 (8192.0000)  weight_decay: 0.0500 (0.0500)  grad_norm: 0.6116 (0.6116)  time: 0.4349  data: 0.2103  max mem: 18664
Epoch: [13]  [10/37]  eta: 0:00:06  lr: 0.000459  min_lr: 0.000117  loss: 0.6723 (0.6777)  class_acc: 0.6250 (0.5985)  loss_scale: 8192.0000 (8192.0000)  weight_decay: 0.0500 (0.0500)  grad_norm: 0.3624 (0.3415)  time: 0.2401  data: 0.0192  max mem: 18664
Epoch: [13]  [20/37]  eta: 0:00:03  lr: 0.000457  min_lr: 0.000116  loss: 0.6754 (0.6794)  class_acc: 0.6042 (0.5913)  loss_scale: 8192.0000 (8192.0000)  weight_decay: 0.0500 (0.0500)  grad_norm: 0.2405 (0.3431)  time: 0.2206  data: 0.0001  max mem: 18664
Epoch: [13]  [30/37]  eta: 0:00:01  lr: 0.000454  min_lr: 0.000115  loss: 0.6847 (0.6823)  class_acc: 0.5625 (0.5780)  loss_scale: 8192.0000 (8192.0000)  weight_decay: 0.0500 (0.0500)  grad_norm: 0.3406 (0.4114)  time: 0.2204  data: 0.0001  max mem: 18664
Epoch: [13]  [36/37]  eta: 0:00:00  lr: 0.000453  min_lr: 0.000115  loss: 0.6898 (0.6843)  class_acc: 0.5417 (0.5694)  loss_scale: 8192.0000 (8192.0000)  weight_decay: 0.0500 (0.0500)  grad_norm: 0.4179 (0.4377)  time: 0.2093  data: 0.0001  max mem: 18664
Epoch: [13] Total time: 0:00:08 (0.2231 s / it)
Averaged stats: lr: 0.000453  min_lr: 0.000115  loss: 0.6898 (0.6876)  class_acc: 0.5417 (0.5530)  loss_scale: 8192.0000 (8192.0000)  weight_decay: 0.0500 (0.0500)  grad_norm: 0.4179 (0.4377)
Val:  [ 0/25]  eta: 0:00:08  loss: 0.6897 (0.6897)  accuracy: 0.5417 (0.5417)  balanced_accuracy: 0.5000 (0.5000)  time: 0.3300  data: 0.2297  max mem: 18664
Val:  [10/25]  eta: 0:00:01  loss: 0.6897 (0.6912)  accuracy: 0.5417 (0.5328)  balanced_accuracy: 0.5000 (0.5000)  time: 0.1192  data: 0.0210  max mem: 18664
Val:  [20/25]  eta: 0:00:00  loss: 0.6897 (0.6877)  accuracy: 0.5417 (0.5529)  balanced_accuracy: 0.5000 (0.5000)  time: 0.0980  data: 0.0002  max mem: 18664
Val:  [24/25]  eta: 0:00:00  loss: 0.6897 (0.6880)  accuracy: 0.5417 (0.5483)  balanced_accuracy: 0.5000 (0.5000)  time: 0.0946  data: 0.0001  max mem: 18664
Val: Total time: 0:00:02 (0.1075 s / it)
* loss 0.688
Accuracy of the network on the 1751 val EEG: 0.55%
Test:  [ 0/25]  eta: 0:00:08  loss: 0.6921 (0.6921)  accuracy: 0.5278 (0.5278)  balanced_accuracy: 0.5000 (0.5000)  time: 0.3321  data: 0.2306  max mem: 18664
Test:  [10/25]  eta: 0:00:01  loss: 0.6873 (0.6881)  accuracy: 0.5556 (0.5505)  balanced_accuracy: 0.5000 (0.5000)  time: 0.1194  data: 0.0211  max mem: 18664
Test:  [20/25]  eta: 0:00:00  loss: 0.6873 (0.6882)  accuracy: 0.5417 (0.5503)  balanced_accuracy: 0.5000 (0.5000)  time: 0.0980  data: 0.0002  max mem: 18664
Test:  [24/25]  eta: 0:00:00  loss: 0.6872 (0.6885)  accuracy: 0.5556 (0.5471)  balanced_accuracy: 0.5000 (0.5000)  time: 0.0953  data: 0.0001  max mem: 18664
Test: Total time: 0:00:02 (0.1078 s / it)
* loss 0.688
Accuracy of the network on the 1762 test EEG: 0.55%
Max accuracy val: 0.55%, max accuracy test: 0.55%
Epoch: [14]  [ 0/37]  eta: 0:00:15  lr: 0.000452  min_lr: 0.000115  loss: 0.6990 (0.6990)  class_acc: 0.4792 (0.4792)  loss_scale: 8192.0000 (8192.0000)  weight_decay: 0.0500 (0.0500)  grad_norm: 0.5634 (0.5634)  time: 0.4176  data: 0.1926  max mem: 18664
Epoch: [14]  [10/37]  eta: 0:00:06  lr: 0.000449  min_lr: 0.000114  loss: 0.6844 (0.6876)  class_acc: 0.5625 (0.5568)  loss_scale: 8192.0000 (8192.0000)  weight_decay: 0.0500 (0.0500)  grad_norm: 0.6438 (0.6070)  time: 0.2382  data: 0.0176  max mem: 18664
Epoch: [14]  [20/37]  eta: 0:00:03  lr: 0.000447  min_lr: 0.000113  loss: 0.6866 (0.6908)  class_acc: 0.5625 (0.5407)  loss_scale: 8192.0000 (8192.0000)  weight_decay: 0.0500 (0.0500)  grad_norm: 0.5617 (0.5665)  time: 0.2205  data: 0.0001  max mem: 18664
Epoch: [14]  [30/37]  eta: 0:00:01  lr: 0.000443  min_lr: 0.000113  loss: 0.6866 (0.6895)  class_acc: 0.5625 (0.5491)  loss_scale: 8192.0000 (8192.0000)  weight_decay: 0.0500 (0.0500)  grad_norm: 0.4828 (0.5948)  time: 0.2206  data: 0.0001  max mem: 18664
Epoch: [14]  [36/37]  eta: 0:00:00  lr: 0.000442  min_lr: 0.000112  loss: 0.6866 (0.6889)  class_acc: 0.5417 (0.5509)  loss_scale: 8192.0000 (8192.0000)  weight_decay: 0.0500 (0.0500)  grad_norm: 0.4411 (0.5599)  time: 0.2094  data: 0.0001  max mem: 18664
Epoch: [14] Total time: 0:00:08 (0.2220 s / it)
Averaged stats: lr: 0.000442  min_lr: 0.000112  loss: 0.6866 (0.6889)  class_acc: 0.5417 (0.5529)  loss_scale: 8192.0000 (8192.0000)  weight_decay: 0.0500 (0.0500)  grad_norm: 0.4411 (0.5599)
Val:  [ 0/25]  eta: 0:00:08  loss: 0.6901 (0.6901)  accuracy: 0.5417 (0.5417)  balanced_accuracy: 0.5000 (0.5000)  time: 0.3549  data: 0.2537  max mem: 18664
Val:  [10/25]  eta: 0:00:01  loss: 0.6901 (0.6921)  accuracy: 0.5417 (0.5328)  balanced_accuracy: 0.5000 (0.5000)  time: 0.1222  data: 0.0232  max mem: 18664
Val:  [20/25]  eta: 0:00:00  loss: 0.6901 (0.6876)  accuracy: 0.5417 (0.5529)  balanced_accuracy: 0.5000 (0.5000)  time: 0.0986  data: 0.0002  max mem: 18664
Val:  [24/25]  eta: 0:00:00  loss: 0.6901 (0.6880)  accuracy: 0.5417 (0.5483)  balanced_accuracy: 0.5000 (0.5000)  time: 0.0953  data: 0.0001  max mem: 18664
Val: Total time: 0:00:02 (0.1086 s / it)
* loss 0.688
Accuracy of the network on the 1751 val EEG: 0.55%
Test:  [ 0/25]  eta: 0:00:09  loss: 0.6932 (0.6932)  accuracy: 0.5278 (0.5278)  balanced_accuracy: 0.5000 (0.5000)  time: 0.3748  data: 0.2735  max mem: 18664
Test:  [10/25]  eta: 0:00:01  loss: 0.6870 (0.6881)  accuracy: 0.5556 (0.5505)  balanced_accuracy: 0.5000 (0.5000)  time: 0.1232  data: 0.0250  max mem: 18664
Test:  [20/25]  eta: 0:00:00  loss: 0.6870 (0.6882)  accuracy: 0.5417 (0.5503)  balanced_accuracy: 0.5000 (0.5000)  time: 0.0981  data: 0.0002  max mem: 18664
Test:  [24/25]  eta: 0:00:00  loss: 0.6870 (0.6885)  accuracy: 0.5556 (0.5471)  balanced_accuracy: 0.5000 (0.5000)  time: 0.0954  data: 0.0001  max mem: 18664
Test: Total time: 0:00:02 (0.1100 s / it)
* loss 0.689
Accuracy of the network on the 1762 test EEG: 0.55%
Max accuracy val: 0.55%, max accuracy test: 0.55%
Epoch: [15]  [ 0/37]  eta: 0:00:15  lr: 0.000442  min_lr: 0.000112  loss: 0.6621 (0.6621)  class_acc: 0.6667 (0.6667)  loss_scale: 8192.0000 (8192.0000)  weight_decay: 0.0500 (0.0500)  grad_norm: 0.1119 (0.1119)  time: 0.4061  data: 0.1816  max mem: 18664
Epoch: [15]  [10/37]  eta: 0:00:06  lr: 0.000438  min_lr: 0.000111  loss: 0.6800 (0.6891)  class_acc: 0.5833 (0.5473)  loss_scale: 8192.0000 (8192.0000)  weight_decay: 0.0500 (0.0500)  grad_norm: 0.1985 (0.3222)  time: 0.2372  data: 0.0166  max mem: 18664
Epoch: [15]  [20/37]  eta: 0:00:03  lr: 0.000435  min_lr: 0.000111  loss: 0.6800 (0.6863)  class_acc: 0.5625 (0.5585)  loss_scale: 8192.0000 (8192.0000)  weight_decay: 0.0500 (0.0500)  grad_norm: 0.2788 (0.3487)  time: 0.2205  data: 0.0001  max mem: 18664
Epoch: [15]  [30/37]  eta: 0:00:01  lr: 0.000432  min_lr: 0.000110  loss: 0.6807 (0.6858)  class_acc: 0.5625 (0.5625)  loss_scale: 8192.0000 (8192.0000)  weight_decay: 0.0500 (0.0500)  grad_norm: 0.3636 (0.3977)  time: 0.2206  data: 0.0001  max mem: 18664
Epoch: [15]  [36/37]  eta: 0:00:00  lr: 0.000430  min_lr: 0.000109  loss: 0.6851 (0.6872)  class_acc: 0.5417 (0.5544)  loss_scale: 8192.0000 (8192.0000)  weight_decay: 0.0500 (0.0500)  grad_norm: 0.3406 (0.3789)  time: 0.2093  data: 0.0001  max mem: 18664
Epoch: [15] Total time: 0:00:08 (0.2213 s / it)
Averaged stats: lr: 0.000430  min_lr: 0.000109  loss: 0.6851 (0.6876)  class_acc: 0.5417 (0.5532)  loss_scale: 8192.0000 (8192.0000)  weight_decay: 0.0500 (0.0500)  grad_norm: 0.3406 (0.3789)
Val:  [ 0/25]  eta: 0:00:08  loss: 0.6897 (0.6897)  accuracy: 0.5417 (0.5417)  balanced_accuracy: 0.5000 (0.5000)  time: 0.3313  data: 0.2300  max mem: 18664
Val:  [10/25]  eta: 0:00:01  loss: 0.6897 (0.6912)  accuracy: 0.5417 (0.5328)  balanced_accuracy: 0.5000 (0.5000)  time: 0.1193  data: 0.0211  max mem: 18664
Val:  [20/25]  eta: 0:00:00  loss: 0.6897 (0.6877)  accuracy: 0.5417 (0.5529)  balanced_accuracy: 0.5000 (0.5000)  time: 0.0980  data: 0.0002  max mem: 18664
Val:  [24/25]  eta: 0:00:00  loss: 0.6897 (0.6881)  accuracy: 0.5417 (0.5483)  balanced_accuracy: 0.5000 (0.5000)  time: 0.0946  data: 0.0001  max mem: 18664
Val: Total time: 0:00:02 (0.1071 s / it)
* loss 0.688
Accuracy of the network on the 1751 val EEG: 0.55%
Test:  [ 0/25]  eta: 0:00:08  loss: 0.6920 (0.6920)  accuracy: 0.5278 (0.5278)  balanced_accuracy: 0.5000 (0.5000)  time: 0.3387  data: 0.2342  max mem: 18664
Test:  [10/25]  eta: 0:00:01  loss: 0.6873 (0.6881)  accuracy: 0.5556 (0.5505)  balanced_accuracy: 0.5000 (0.5000)  time: 0.1210  data: 0.0215  max mem: 18664
Test:  [20/25]  eta: 0:00:00  loss: 0.6873 (0.6882)  accuracy: 0.5417 (0.5503)  balanced_accuracy: 0.5000 (0.5000)  time: 0.0990  data: 0.0002  max mem: 18664
Test:  [24/25]  eta: 0:00:00  loss: 0.6873 (0.6885)  accuracy: 0.5556 (0.5471)  balanced_accuracy: 0.5000 (0.5000)  time: 0.0961  data: 0.0002  max mem: 18664
Test: Total time: 0:00:02 (0.1091 s / it)
* loss 0.688
Accuracy of the network on the 1762 test EEG: 0.55%
Max accuracy val: 0.55%, max accuracy test: 0.55%
Epoch: [16]  [ 0/37]  eta: 0:00:15  lr: 0.000430  min_lr: 0.000109  loss: 0.6711 (0.6711)  class_acc: 0.6458 (0.6458)  loss_scale: 8192.0000 (8192.0000)  weight_decay: 0.0500 (0.0500)  grad_norm: 0.8632 (0.8632)  time: 0.4240  data: 0.1970  max mem: 18664
Epoch: [16]  [10/37]  eta: 0:00:06  lr: 0.000427  min_lr: 0.000108  loss: 0.6821 (0.6796)  class_acc: 0.5833 (0.5966)  loss_scale: 8192.0000 (8192.0000)  weight_decay: 0.0500 (0.0500)  grad_norm: 0.4074 (0.5182)  time: 0.2390  data: 0.0180  max mem: 18664
Epoch: [16]  [20/37]  eta: 0:00:03  lr: 0.000423  min_lr: 0.000108  loss: 0.6855 (0.6862)  class_acc: 0.5417 (0.5615)  loss_scale: 8192.0000 (8192.0000)  weight_decay: 0.0500 (0.0500)  grad_norm: 0.3045 (0.4196)  time: 0.2205  data: 0.0001  max mem: 18664
Epoch: [16]  [30/37]  eta: 0:00:01  lr: 0.000420  min_lr: 0.000107  loss: 0.6932 (0.6878)  class_acc: 0.5208 (0.5544)  loss_scale: 8192.0000 (8192.0000)  weight_decay: 0.0500 (0.0500)  grad_norm: 0.4143 (0.4745)  time: 0.2205  data: 0.0001  max mem: 18664
Epoch: [16]  [36/37]  eta: 0:00:00  lr: 0.000418  min_lr: 0.000106  loss: 0.6862 (0.6869)  class_acc: 0.5417 (0.5579)  loss_scale: 8192.0000 (8192.0000)  weight_decay: 0.0500 (0.0500)  grad_norm: 0.4228 (0.4514)  time: 0.2092  data: 0.0001  max mem: 18664
Epoch: [16] Total time: 0:00:08 (0.2217 s / it)
Averaged stats: lr: 0.000418  min_lr: 0.000106  loss: 0.6862 (0.6879)  class_acc: 0.5417 (0.5527)  loss_scale: 8192.0000 (8192.0000)  weight_decay: 0.0500 (0.0500)  grad_norm: 0.4228 (0.4514)
Val:  [ 0/25]  eta: 0:00:08  loss: 0.6899 (0.6899)  accuracy: 0.5417 (0.5417)  balanced_accuracy: 0.5000 (0.5000)  time: 0.3369  data: 0.2358  max mem: 18664
Val:  [10/25]  eta: 0:00:01  loss: 0.6900 (0.6918)  accuracy: 0.5417 (0.5328)  balanced_accuracy: 0.5000 (0.5000)  time: 0.1198  data: 0.0216  max mem: 18664
Val:  [20/25]  eta: 0:00:00  loss: 0.6899 (0.6875)  accuracy: 0.5417 (0.5529)  balanced_accuracy: 0.5000 (0.5000)  time: 0.0980  data: 0.0002  max mem: 18664
Val:  [24/25]  eta: 0:00:00  loss: 0.6899 (0.6879)  accuracy: 0.5417 (0.5483)  balanced_accuracy: 0.5000 (0.5000)  time: 0.0947  data: 0.0001  max mem: 18664
Val: Total time: 0:00:02 (0.1069 s / it)
* loss 0.688
Accuracy of the network on the 1751 val EEG: 0.55%
Test:  [ 0/25]  eta: 0:00:08  loss: 0.6929 (0.6929)  accuracy: 0.5278 (0.5278)  balanced_accuracy: 0.5000 (0.5000)  time: 0.3212  data: 0.2199  max mem: 18664
Test:  [10/25]  eta: 0:00:01  loss: 0.6870 (0.6880)  accuracy: 0.5556 (0.5505)  balanced_accuracy: 0.5000 (0.5000)  time: 0.1184  data: 0.0201  max mem: 18664
Test:  [20/25]  eta: 0:00:00  loss: 0.6870 (0.6881)  accuracy: 0.5417 (0.5503)  balanced_accuracy: 0.5000 (0.5000)  time: 0.0980  data: 0.0002  max mem: 18664
Test:  [24/25]  eta: 0:00:00  loss: 0.6869 (0.6884)  accuracy: 0.5556 (0.5471)  balanced_accuracy: 0.5000 (0.5000)  time: 0.0954  data: 0.0002  max mem: 18664
Test: Total time: 0:00:02 (0.1072 s / it)
* loss 0.688
Accuracy of the network on the 1762 test EEG: 0.55%
Max accuracy val: 0.55%, max accuracy test: 0.55%
Epoch: [17]  [ 0/37]  eta: 0:00:16  lr: 0.000417  min_lr: 0.000106  loss: 0.6899 (0.6899)  class_acc: 0.5417 (0.5417)  loss_scale: 8192.0000 (8192.0000)  weight_decay: 0.0500 (0.0500)  grad_norm: 1.5023 (1.5023)  time: 0.4390  data: 0.2122  max mem: 18664
Epoch: [17]  [10/37]  eta: 0:00:06  lr: 0.000414  min_lr: 0.000105  loss: 0.6898 (0.6878)  class_acc: 0.5417 (0.5530)  loss_scale: 8192.0000 (8192.0000)  weight_decay: 0.0500 (0.0500)  grad_norm: 0.4530 (0.4995)  time: 0.2408  data: 0.0194  max mem: 18664
Epoch: [17]  [20/37]  eta: 0:00:03  lr: 0.000410  min_lr: 0.000104  loss: 0.6895 (0.6887)  class_acc: 0.5417 (0.5496)  loss_scale: 8192.0000 (8192.0000)  weight_decay: 0.0500 (0.0500)  grad_norm: 0.4615 (0.5753)  time: 0.2207  data: 0.0001  max mem: 18664
Epoch: [17]  [30/37]  eta: 0:00:01  lr: 0.000406  min_lr: 0.000103  loss: 0.6897 (0.6887)  class_acc: 0.5417 (0.5491)  loss_scale: 8192.0000 (8192.0000)  weight_decay: 0.0500 (0.0500)  grad_norm: 0.4615 (0.5490)  time: 0.2202  data: 0.0001  max mem: 18664
Epoch: [17]  [36/37]  eta: 0:00:00  lr: 0.000404  min_lr: 0.000103  loss: 0.6897 (0.6886)  class_acc: 0.5417 (0.5492)  loss_scale: 8192.0000 (8192.0000)  weight_decay: 0.0500 (0.0500)  grad_norm: 0.3228 (0.5300)  time: 0.2092  data: 0.0001  max mem: 18664
Epoch: [17] Total time: 0:00:08 (0.2224 s / it)
Averaged stats: lr: 0.000404  min_lr: 0.000103  loss: 0.6897 (0.6878)  class_acc: 0.5417 (0.5530)  loss_scale: 8192.0000 (8192.0000)  weight_decay: 0.0500 (0.0500)  grad_norm: 0.3228 (0.5300)
Val:  [ 0/25]  eta: 0:00:07  loss: 0.6898 (0.6898)  accuracy: 0.5417 (0.5417)  balanced_accuracy: 0.5000 (0.5000)  time: 0.3192  data: 0.2189  max mem: 18664
Val:  [10/25]  eta: 0:00:01  loss: 0.6899 (0.6917)  accuracy: 0.5417 (0.5328)  balanced_accuracy: 0.5000 (0.5000)  time: 0.1182  data: 0.0201  max mem: 18664
Val:  [20/25]  eta: 0:00:00  loss: 0.6899 (0.6875)  accuracy: 0.5417 (0.5529)  balanced_accuracy: 0.5000 (0.5000)  time: 0.0979  data: 0.0002  max mem: 18664
Val:  [24/25]  eta: 0:00:00  loss: 0.6899 (0.6879)  accuracy: 0.5417 (0.5483)  balanced_accuracy: 0.5000 (0.5000)  time: 0.0945  data: 0.0001  max mem: 18664
Val: Total time: 0:00:02 (0.1063 s / it)
* loss 0.688
Accuracy of the network on the 1751 val EEG: 0.55%
Test:  [ 0/25]  eta: 0:00:07  loss: 0.6928 (0.6928)  accuracy: 0.5278 (0.5278)  balanced_accuracy: 0.5000 (0.5000)  time: 0.3145  data: 0.2130  max mem: 18664
Test:  [10/25]  eta: 0:00:01  loss: 0.6870 (0.6880)  accuracy: 0.5556 (0.5505)  balanced_accuracy: 0.5000 (0.5000)  time: 0.1178  data: 0.0195  max mem: 18664
Test:  [20/25]  eta: 0:00:00  loss: 0.6870 (0.6881)  accuracy: 0.5417 (0.5503)  balanced_accuracy: 0.5000 (0.5000)  time: 0.0979  data: 0.0002  max mem: 18664
Test:  [24/25]  eta: 0:00:00  loss: 0.6869 (0.6884)  accuracy: 0.5556 (0.5471)  balanced_accuracy: 0.5000 (0.5000)  time: 0.0952  data: 0.0001  max mem: 18664
Test: Total time: 0:00:02 (0.1077 s / it)
* loss 0.688
Accuracy of the network on the 1762 test EEG: 0.55%
Max accuracy val: 0.55%, max accuracy test: 0.55%
Epoch: [18]  [ 0/37]  eta: 0:00:15  lr: 0.000404  min_lr: 0.000103  loss: 0.6592 (0.6592)  class_acc: 0.6875 (0.6875)  loss_scale: 8192.0000 (8192.0000)  weight_decay: 0.0500 (0.0500)  grad_norm: 0.3425 (0.3425)  time: 0.4242  data: 0.1961  max mem: 18664
Epoch: [18]  [10/37]  eta: 0:00:06  lr: 0.000400  min_lr: 0.000102  loss: 0.6894 (0.6880)  class_acc: 0.5417 (0.5511)  loss_scale: 8192.0000 (8192.0000)  weight_decay: 0.0500 (0.0500)  grad_norm: 0.3425 (0.3326)  time: 0.2394  data: 0.0179  max mem: 18664
Epoch: [18]  [20/37]  eta: 0:00:03  lr: 0.000396  min_lr: 0.000101  loss: 0.6957 (0.6906)  class_acc: 0.5000 (0.5407)  loss_scale: 8192.0000 (8192.0000)  weight_decay: 0.0500 (0.0500)  grad_norm: 0.3952 (0.4216)  time: 0.2208  data: 0.0001  max mem: 18664
Epoch: [18]  [30/37]  eta: 0:00:01  lr: 0.000392  min_lr: 0.000100  loss: 0.6812 (0.6878)  class_acc: 0.5625 (0.5517)  loss_scale: 8192.0000 (8192.0000)  weight_decay: 0.0500 (0.0500)  grad_norm: 0.3212 (0.4074)  time: 0.2204  data: 0.0001  max mem: 18664
Epoch: [18]  [36/37]  eta: 0:00:00  lr: 0.000390  min_lr: 0.000099  loss: 0.6812 (0.6872)  class_acc: 0.5625 (0.5550)  loss_scale: 8192.0000 (8192.0000)  weight_decay: 0.0500 (0.0500)  grad_norm: 0.3099 (0.4046)  time: 0.2093  data: 0.0001  max mem: 18664
Epoch: [18] Total time: 0:00:08 (0.2217 s / it)
Averaged stats: lr: 0.000390  min_lr: 0.000099  loss: 0.6812 (0.6874)  class_acc: 0.5625 (0.5529)  loss_scale: 8192.0000 (8192.0000)  weight_decay: 0.0500 (0.0500)  grad_norm: 0.3099 (0.4046)
Val:  [ 0/25]  eta: 0:00:08  loss: 0.6896 (0.6896)  accuracy: 0.5417 (0.5417)  balanced_accuracy: 0.5000 (0.5000)  time: 0.3302  data: 0.2294  max mem: 18664
Val:  [10/25]  eta: 0:00:01  loss: 0.6897 (0.6912)  accuracy: 0.5417 (0.5328)  balanced_accuracy: 0.5000 (0.5000)  time: 0.1193  data: 0.0210  max mem: 18664
Val:  [20/25]  eta: 0:00:00  loss: 0.6897 (0.6876)  accuracy: 0.5417 (0.5529)  balanced_accuracy: 0.5000 (0.5000)  time: 0.0980  data: 0.0002  max mem: 18664
Val:  [24/25]  eta: 0:00:00  loss: 0.6896 (0.6879)  accuracy: 0.5417 (0.5483)  balanced_accuracy: 0.5000 (0.5000)  time: 0.0946  data: 0.0001  max mem: 18664
Val: Total time: 0:00:02 (0.1070 s / it)
* loss 0.688
Accuracy of the network on the 1751 val EEG: 0.55%
Test:  [ 0/25]  eta: 0:00:08  loss: 0.6921 (0.6921)  accuracy: 0.5278 (0.5278)  balanced_accuracy: 0.5000 (0.5000)  time: 0.3243  data: 0.2221  max mem: 18664
Test:  [10/25]  eta: 0:00:01  loss: 0.6871 (0.6880)  accuracy: 0.5556 (0.5505)  balanced_accuracy: 0.5000 (0.5000)  time: 0.1188  data: 0.0203  max mem: 18664
Test:  [20/25]  eta: 0:00:00  loss: 0.6872 (0.6880)  accuracy: 0.5417 (0.5503)  balanced_accuracy: 0.5000 (0.5000)  time: 0.0981  data: 0.0002  max mem: 18664
Test:  [24/25]  eta: 0:00:00  loss: 0.6871 (0.6883)  accuracy: 0.5556 (0.5471)  balanced_accuracy: 0.5000 (0.5000)  time: 0.0955  data: 0.0001  max mem: 18664
Test: Total time: 0:00:02 (0.1080 s / it)
* loss 0.688
Accuracy of the network on the 1762 test EEG: 0.55%
Max accuracy val: 0.55%, max accuracy test: 0.55%
Epoch: [19]  [ 0/37]  eta: 0:00:15  lr: 0.000390  min_lr: 0.000099  loss: 0.6746 (0.6746)  class_acc: 0.6250 (0.6250)  loss_scale: 8192.0000 (8192.0000)  weight_decay: 0.0500 (0.0500)  grad_norm: 0.5531 (0.5531)  time: 0.4079  data: 0.1821  max mem: 18664
Epoch: [19]  [10/37]  eta: 0:00:06  lr: 0.000386  min_lr: 0.000098  loss: 0.6932 (0.6886)  class_acc: 0.5208 (0.5511)  loss_scale: 8192.0000 (8192.0000)  weight_decay: 0.0500 (0.0500)  grad_norm: 0.4244 (0.4799)  time: 0.2375  data: 0.0166  max mem: 18664
Epoch: [19]  [20/37]  eta: 0:00:03  lr: 0.000382  min_lr: 0.000097  loss: 0.6901 (0.6876)  class_acc: 0.5417 (0.5546)  loss_scale: 8192.0000 (8192.0000)  weight_decay: 0.0500 (0.0500)  grad_norm: 0.4879 (0.5917)  time: 0.2204  data: 0.0002  max mem: 18664
Epoch: [19]  [30/37]  eta: 0:00:01  lr: 0.000378  min_lr: 0.000096  loss: 0.6781 (0.6846)  class_acc: 0.5833 (0.5665)  loss_scale: 8192.0000 (8192.0000)  weight_decay: 0.0500 (0.0500)  grad_norm: 0.6853 (0.5504)  time: 0.2205  data: 0.0002  max mem: 18664
Epoch: [19]  [36/37]  eta: 0:00:00  lr: 0.000376  min_lr: 0.000095  loss: 0.6781 (0.6858)  class_acc: 0.5625 (0.5613)  loss_scale: 8192.0000 (8192.0000)  weight_decay: 0.0500 (0.0500)  grad_norm: 0.4937 (0.5714)  time: 0.2094  data: 0.0001  max mem: 18664
Epoch: [19] Total time: 0:00:08 (0.2215 s / it)
Averaged stats: lr: 0.000376  min_lr: 0.000095  loss: 0.6781 (0.6879)  class_acc: 0.5625 (0.5527)  loss_scale: 8192.0000 (8192.0000)  weight_decay: 0.0500 (0.0500)  grad_norm: 0.4937 (0.5714)
Val:  [ 0/25]  eta: 0:00:08  loss: 0.6896 (0.6896)  accuracy: 0.5417 (0.5417)  balanced_accuracy: 0.5000 (0.5000)  time: 0.3300  data: 0.2289  max mem: 18664
Val:  [10/25]  eta: 0:00:01  loss: 0.6902 (0.6919)  accuracy: 0.5417 (0.5328)  balanced_accuracy: 0.5000 (0.5000)  time: 0.1194  data: 0.0210  max mem: 18664
Val:  [20/25]  eta: 0:00:00  loss: 0.6900 (0.6871)  accuracy: 0.5417 (0.5529)  balanced_accuracy: 0.5000 (0.5000)  time: 0.0981  data: 0.0002  max mem: 18664
Val:  [24/25]  eta: 0:00:00  loss: 0.6899 (0.6876)  accuracy: 0.5417 (0.5483)  balanced_accuracy: 0.5000 (0.5000)  time: 0.0949  data: 0.0001  max mem: 18664
Val: Total time: 0:00:02 (0.1073 s / it)
* loss 0.688
Accuracy of the network on the 1751 val EEG: 0.55%
Test:  [ 0/25]  eta: 0:00:08  loss: 0.6929 (0.6929)  accuracy: 0.5278 (0.5278)  balanced_accuracy: 0.5000 (0.5000)  time: 0.3408  data: 0.2376  max mem: 18664
Test:  [10/25]  eta: 0:00:01  loss: 0.6867 (0.6875)  accuracy: 0.5556 (0.5505)  balanced_accuracy: 0.5000 (0.5000)  time: 0.1203  data: 0.0218  max mem: 18664
Test:  [20/25]  eta: 0:00:00  loss: 0.6868 (0.6876)  accuracy: 0.5417 (0.5503)  balanced_accuracy: 0.5000 (0.5000)  time: 0.0983  data: 0.0002  max mem: 18664
Test:  [24/25]  eta: 0:00:00  loss: 0.6862 (0.6879)  accuracy: 0.5556 (0.5471)  balanced_accuracy: 0.5000 (0.5000)  time: 0.0957  data: 0.0002  max mem: 18664
Test: Total time: 0:00:02 (0.1085 s / it)
* loss 0.688
Accuracy of the network on the 1762 test EEG: 0.55%
Max accuracy val: 0.55%, max accuracy test: 0.55%
Epoch: [20]  [ 0/37]  eta: 0:00:15  lr: 0.000375  min_lr: 0.000095  loss: 0.6903 (0.6903)  class_acc: 0.5417 (0.5417)  loss_scale: 8192.0000 (8192.0000)  weight_decay: 0.0500 (0.0500)  grad_norm: 0.2644 (0.2644)  time: 0.4300  data: 0.2008  max mem: 18664
Epoch: [20]  [10/37]  eta: 0:00:06  lr: 0.000371  min_lr: 0.000094  loss: 0.6903 (0.6895)  class_acc: 0.5208 (0.5189)  loss_scale: 8192.0000 (8192.0000)  weight_decay: 0.0500 (0.0500)  grad_norm: 0.6305 (0.7597)  time: 0.2396  data: 0.0184  max mem: 18664
Epoch: [20]  [20/37]  eta: 0:00:03  lr: 0.000367  min_lr: 0.000093  loss: 0.6883 (0.6878)  class_acc: 0.5417 (0.5387)  loss_scale: 8192.0000 (8192.0000)  weight_decay: 0.0500 (0.0500)  grad_norm: 0.6174 (0.6717)  time: 0.2206  data: 0.0002  max mem: 18664
Epoch: [20]  [30/37]  eta: 0:00:01  lr: 0.000362  min_lr: 0.000092  loss: 0.6798 (0.6866)  class_acc: 0.5833 (0.5484)  loss_scale: 8192.0000 (8192.0000)  weight_decay: 0.0500 (0.0500)  grad_norm: 0.4997 (0.6159)  time: 0.2206  data: 0.0002  max mem: 18664
Epoch: [20]  [36/37]  eta: 0:00:00  lr: 0.000360  min_lr: 0.000092  loss: 0.6860 (0.6882)  class_acc: 0.5417 (0.5422)  loss_scale: 8192.0000 (8192.0000)  weight_decay: 0.0500 (0.0500)  grad_norm: 0.5585 (0.6283)  time: 0.2095  data: 0.0002  max mem: 18664
Epoch: [20] Total time: 0:00:08 (0.2228 s / it)
Averaged stats: lr: 0.000360  min_lr: 0.000092  loss: 0.6860 (0.6876)  class_acc: 0.5417 (0.5509)  loss_scale: 8192.0000 (8192.0000)  weight_decay: 0.0500 (0.0500)  grad_norm: 0.5585 (0.6283)
Val:  [ 0/25]  eta: 0:00:08  loss: 0.6903 (0.6903)  accuracy: 0.5417 (0.5417)  balanced_accuracy: 0.5000 (0.5000)  time: 0.3309  data: 0.2269  max mem: 18664
Val:  [10/25]  eta: 0:00:01  loss: 0.6903 (0.6923)  accuracy: 0.5417 (0.5328)  balanced_accuracy: 0.5000 (0.5000)  time: 0.1193  data: 0.0208  max mem: 18664
Val:  [20/25]  eta: 0:00:00  loss: 0.6902 (0.6876)  accuracy: 0.5417 (0.5529)  balanced_accuracy: 0.5000 (0.5000)  time: 0.0980  data: 0.0002  max mem: 18664
Val:  [24/25]  eta: 0:00:00  loss: 0.6902 (0.6880)  accuracy: 0.5417 (0.5483)  balanced_accuracy: 0.5000 (0.5000)  time: 0.0946  data: 0.0001  max mem: 18664
Val: Total time: 0:00:02 (0.1082 s / it)
* loss 0.688
Accuracy of the network on the 1751 val EEG: 0.55%
Test:  [ 0/25]  eta: 0:00:08  loss: 0.6935 (0.6935)  accuracy: 0.5278 (0.5278)  balanced_accuracy: 0.5000 (0.5000)  time: 0.3430  data: 0.2423  max mem: 18664
Test:  [10/25]  eta: 0:00:01  loss: 0.6870 (0.6882)  accuracy: 0.5556 (0.5505)  balanced_accuracy: 0.5000 (0.5000)  time: 0.1204  data: 0.0222  max mem: 18664
Test:  [20/25]  eta: 0:00:00  loss: 0.6870 (0.6882)  accuracy: 0.5417 (0.5503)  balanced_accuracy: 0.5000 (0.5000)  time: 0.0980  data: 0.0002  max mem: 18664
Test:  [24/25]  eta: 0:00:00  loss: 0.6870 (0.6886)  accuracy: 0.5556 (0.5471)  balanced_accuracy: 0.5000 (0.5000)  time: 0.0955  data: 0.0001  max mem: 18664
Test: Total time: 0:00:02 (0.1085 s / it)
* loss 0.689
Accuracy of the network on the 1762 test EEG: 0.55%
Max accuracy val: 0.55%, max accuracy test: 0.55%
Epoch: [21]  [ 0/37]  eta: 0:00:15  lr: 0.000360  min_lr: 0.000091  loss: 0.6846 (0.6846)  class_acc: 0.5625 (0.5625)  loss_scale: 8192.0000 (8192.0000)  weight_decay: 0.0500 (0.0500)  grad_norm: 0.1460 (0.1460)  time: 0.4119  data: 0.1867  max mem: 18664
Epoch: [21]  [10/37]  eta: 0:00:06  lr: 0.000356  min_lr: 0.000090  loss: 0.6937 (0.6929)  class_acc: 0.5208 (0.5284)  loss_scale: 8192.0000 (8192.0000)  weight_decay: 0.0500 (0.0500)  grad_norm: 0.5281 (0.4660)  time: 0.2381  data: 0.0171  max mem: 18664
Epoch: [21]  [20/37]  eta: 0:00:03  lr: 0.000351  min_lr: 0.000089  loss: 0.6864 (0.6896)  class_acc: 0.5417 (0.5446)  loss_scale: 8192.0000 (8192.0000)  weight_decay: 0.0500 (0.0500)  grad_norm: 0.3483 (0.3888)  time: 0.2207  data: 0.0001  max mem: 18664
Epoch: [21]  [30/37]  eta: 0:00:01  lr: 0.000347  min_lr: 0.000088  loss: 0.6864 (0.6917)  class_acc: 0.5625 (0.5336)  loss_scale: 8192.0000 (8192.0000)  weight_decay: 0.0500 (0.0500)  grad_norm: 0.2685 (0.3856)  time: 0.2205  data: 0.0001  max mem: 18664
Epoch: [21]  [36/37]  eta: 0:00:00  lr: 0.000344  min_lr: 0.000088  loss: 0.6908 (0.6916)  class_acc: 0.5417 (0.5336)  loss_scale: 8192.0000 (8192.0000)  weight_decay: 0.0500 (0.0500)  grad_norm: 0.2888 (0.4007)  time: 0.2094  data: 0.0001  max mem: 18664
Epoch: [21] Total time: 0:00:08 (0.2217 s / it)
Averaged stats: lr: 0.000344  min_lr: 0.000088  loss: 0.6908 (0.6877)  class_acc: 0.5417 (0.5523)  loss_scale: 8192.0000 (8192.0000)  weight_decay: 0.0500 (0.0500)  grad_norm: 0.2888 (0.4007)
Val:  [ 0/25]  eta: 0:00:07  loss: 0.6899 (0.6899)  accuracy: 0.5417 (0.5417)  balanced_accuracy: 0.5000 (0.5000)  time: 0.3171  data: 0.2160  max mem: 18664
Val:  [10/25]  eta: 0:00:01  loss: 0.6899 (0.6916)  accuracy: 0.5417 (0.5328)  balanced_accuracy: 0.5000 (0.5000)  time: 0.1179  data: 0.0198  max mem: 18664
Val:  [20/25]  eta: 0:00:00  loss: 0.6898 (0.6875)  accuracy: 0.5417 (0.5529)  balanced_accuracy: 0.5000 (0.5000)  time: 0.0979  data: 0.0001  max mem: 18664
Val:  [24/25]  eta: 0:00:00  loss: 0.6898 (0.6879)  accuracy: 0.5417 (0.5483)  balanced_accuracy: 0.5000 (0.5000)  time: 0.0945  data: 0.0001  max mem: 18664
Val: Total time: 0:00:02 (0.1062 s / it)
* loss 0.688
Accuracy of the network on the 1751 val EEG: 0.55%
Test:  [ 0/25]  eta: 0:00:08  loss: 0.6927 (0.6927)  accuracy: 0.5278 (0.5278)  balanced_accuracy: 0.5000 (0.5000)  time: 0.3237  data: 0.2227  max mem: 18664
Test:  [10/25]  eta: 0:00:01  loss: 0.6870 (0.6880)  accuracy: 0.5556 (0.5505)  balanced_accuracy: 0.5000 (0.5000)  time: 0.1187  data: 0.0204  max mem: 18664
Test:  [20/25]  eta: 0:00:00  loss: 0.6870 (0.6881)  accuracy: 0.5417 (0.5503)  balanced_accuracy: 0.5000 (0.5000)  time: 0.0980  data: 0.0002  max mem: 18664
Test:  [24/25]  eta: 0:00:00  loss: 0.6870 (0.6884)  accuracy: 0.5556 (0.5471)  balanced_accuracy: 0.5000 (0.5000)  time: 0.0953  data: 0.0001  max mem: 18664
Test: Total time: 0:00:02 (0.1082 s / it)
* loss 0.688
Accuracy of the network on the 1762 test EEG: 0.55%
Max accuracy val: 0.55%, max accuracy test: 0.55%
Epoch: [22]  [ 0/37]  eta: 0:00:15  lr: 0.000344  min_lr: 0.000087  loss: 0.6985 (0.6985)  class_acc: 0.5000 (0.5000)  loss_scale: 8192.0000 (8192.0000)  weight_decay: 0.0500 (0.0500)  grad_norm: 0.5573 (0.5573)  time: 0.4067  data: 0.1810  max mem: 18664
Epoch: [22]  [10/37]  eta: 0:00:06  lr: 0.000339  min_lr: 0.000086  loss: 0.6946 (0.6907)  class_acc: 0.5208 (0.5379)  loss_scale: 8192.0000 (8192.0000)  weight_decay: 0.0500 (0.0500)  grad_norm: 0.4215 (0.4757)  time: 0.2372  data: 0.0166  max mem: 18664
Epoch: [22]  [20/37]  eta: 0:00:03  lr: 0.000335  min_lr: 0.000085  loss: 0.6949 (0.6941)  class_acc: 0.5208 (0.5288)  loss_scale: 8192.0000 (8192.0000)  weight_decay: 0.0500 (0.0500)  grad_norm: 0.3435 (0.4585)  time: 0.2203  data: 0.0001  max mem: 18664
Epoch: [22]  [30/37]  eta: 0:00:01  lr: 0.000330  min_lr: 0.000084  loss: 0.6951 (0.6916)  class_acc: 0.5208 (0.5383)  loss_scale: 8192.0000 (8192.0000)  weight_decay: 0.0500 (0.0500)  grad_norm: 0.4289 (0.4926)  time: 0.2204  data: 0.0002  max mem: 18664
Epoch: [22]  [36/37]  eta: 0:00:00  lr: 0.000328  min_lr: 0.000083  loss: 0.6951 (0.6922)  class_acc: 0.5208 (0.5353)  loss_scale: 8192.0000 (8192.0000)  weight_decay: 0.0500 (0.0500)  grad_norm: 0.2750 (0.4499)  time: 0.2093  data: 0.0001  max mem: 18664
Epoch: [22] Total time: 0:00:08 (0.2217 s / it)
Averaged stats: lr: 0.000328  min_lr: 0.000083  loss: 0.6951 (0.6879)  class_acc: 0.5208 (0.5529)  loss_scale: 8192.0000 (8192.0000)  weight_decay: 0.0500 (0.0500)  grad_norm: 0.2750 (0.4499)
Val:  [ 0/25]  eta: 0:00:09  loss: 0.6898 (0.6898)  accuracy: 0.5417 (0.5417)  balanced_accuracy: 0.5000 (0.5000)  time: 0.3719  data: 0.2673  max mem: 18664
Val:  [10/25]  eta: 0:00:01  loss: 0.6898 (0.6915)  accuracy: 0.5417 (0.5328)  balanced_accuracy: 0.5000 (0.5000)  time: 0.1230  data: 0.0244  max mem: 18664
Val:  [20/25]  eta: 0:00:00  loss: 0.6898 (0.6875)  accuracy: 0.5417 (0.5529)  balanced_accuracy: 0.5000 (0.5000)  time: 0.0979  data: 0.0001  max mem: 18664
Val:  [24/25]  eta: 0:00:00  loss: 0.6897 (0.6879)  accuracy: 0.5417 (0.5483)  balanced_accuracy: 0.5000 (0.5000)  time: 0.0945  data: 0.0001  max mem: 18664
Val: Total time: 0:00:02 (0.1083 s / it)
* loss 0.688
Accuracy of the network on the 1751 val EEG: 0.55%
Test:  [ 0/25]  eta: 0:00:08  loss: 0.6925 (0.6925)  accuracy: 0.5278 (0.5278)  balanced_accuracy: 0.5000 (0.5000)  time: 0.3284  data: 0.2268  max mem: 18664
Test:  [10/25]  eta: 0:00:01  loss: 0.6870 (0.6880)  accuracy: 0.5556 (0.5505)  balanced_accuracy: 0.5000 (0.5000)  time: 0.1191  data: 0.0208  max mem: 18664
Test:  [20/25]  eta: 0:00:00  loss: 0.6870 (0.6881)  accuracy: 0.5417 (0.5503)  balanced_accuracy: 0.5000 (0.5000)  time: 0.0980  data: 0.0002  max mem: 18664
Test:  [24/25]  eta: 0:00:00  loss: 0.6870 (0.6884)  accuracy: 0.5556 (0.5471)  balanced_accuracy: 0.5000 (0.5000)  time: 0.0954  data: 0.0002  max mem: 18664
Test: Total time: 0:00:02 (0.1078 s / it)
* loss 0.688
Accuracy of the network on the 1762 test EEG: 0.55%
Max accuracy val: 0.55%, max accuracy test: 0.55%
Epoch: [23]  [ 0/37]  eta: 0:00:15  lr: 0.000328  min_lr: 0.000083  loss: 0.6899 (0.6899)  class_acc: 0.5417 (0.5417)  loss_scale: 8192.0000 (8192.0000)  weight_decay: 0.0500 (0.0500)  grad_norm: 0.1647 (0.1647)  time: 0.4085  data: 0.1850  max mem: 18664
Epoch: [23]  [10/37]  eta: 0:00:06  lr: 0.000323  min_lr: 0.000082  loss: 0.6820 (0.6837)  class_acc: 0.5833 (0.5739)  loss_scale: 8192.0000 (8192.0000)  weight_decay: 0.0500 (0.0500)  grad_norm: 0.4893 (0.5306)  time: 0.2379  data: 0.0169  max mem: 18664
Epoch: [23]  [20/37]  eta: 0:00:03  lr: 0.000318  min_lr: 0.000081  loss: 0.6895 (0.6888)  class_acc: 0.5417 (0.5476)  loss_scale: 8192.0000 (8192.0000)  weight_decay: 0.0500 (0.0500)  grad_norm: 0.4552 (0.5575)  time: 0.2205  data: 0.0001  max mem: 18664
Epoch: [23]  [30/37]  eta: 0:00:01  lr: 0.000314  min_lr: 0.000080  loss: 0.6899 (0.6883)  class_acc: 0.5417 (0.5504)  loss_scale: 8192.0000 (8192.0000)  weight_decay: 0.0500 (0.0500)  grad_norm: 0.4758 (0.5567)  time: 0.2204  data: 0.0002  max mem: 18664
Epoch: [23]  [36/37]  eta: 0:00:00  lr: 0.000311  min_lr: 0.000079  loss: 0.6849 (0.6865)  class_acc: 0.5417 (0.5602)  loss_scale: 8192.0000 (8192.0000)  weight_decay: 0.0500 (0.0500)  grad_norm: 0.4991 (0.5717)  time: 0.2095  data: 0.0002  max mem: 18664
Epoch: [23] Total time: 0:00:08 (0.2216 s / it)
Averaged stats: lr: 0.000311  min_lr: 0.000079  loss: 0.6849 (0.6879)  class_acc: 0.5417 (0.5532)  loss_scale: 8192.0000 (8192.0000)  weight_decay: 0.0500 (0.0500)  grad_norm: 0.4991 (0.5717)
Val:  [ 0/25]  eta: 0:00:08  loss: 0.6900 (0.6900)  accuracy: 0.5417 (0.5417)  balanced_accuracy: 0.5000 (0.5000)  time: 0.3479  data: 0.2460  max mem: 18664
Val:  [10/25]  eta: 0:00:01  loss: 0.6900 (0.6919)  accuracy: 0.5417 (0.5328)  balanced_accuracy: 0.5000 (0.5000)  time: 0.1207  data: 0.0225  max mem: 18664
Val:  [20/25]  eta: 0:00:00  loss: 0.6899 (0.6875)  accuracy: 0.5417 (0.5529)  balanced_accuracy: 0.5000 (0.5000)  time: 0.0980  data: 0.0001  max mem: 18664
Val:  [24/25]  eta: 0:00:00  loss: 0.6898 (0.6879)  accuracy: 0.5417 (0.5483)  balanced_accuracy: 0.5000 (0.5000)  time: 0.0947  data: 0.0001  max mem: 18664
Val: Total time: 0:00:02 (0.1077 s / it)
* loss 0.688
Accuracy of the network on the 1751 val EEG: 0.55%
Test:  [ 0/25]  eta: 0:00:08  loss: 0.6930 (0.6930)  accuracy: 0.5278 (0.5278)  balanced_accuracy: 0.5000 (0.5000)  time: 0.3315  data: 0.2294  max mem: 18664
Test:  [10/25]  eta: 0:00:01  loss: 0.6869 (0.6880)  accuracy: 0.5556 (0.5505)  balanced_accuracy: 0.5000 (0.5000)  time: 0.1193  data: 0.0210  max mem: 18664
Test:  [20/25]  eta: 0:00:00  loss: 0.6869 (0.6881)  accuracy: 0.5417 (0.5503)  balanced_accuracy: 0.5000 (0.5000)  time: 0.0980  data: 0.0002  max mem: 18664
Test:  [24/25]  eta: 0:00:00  loss: 0.6869 (0.6884)  accuracy: 0.5556 (0.5471)  balanced_accuracy: 0.5000 (0.5000)  time: 0.0954  data: 0.0001  max mem: 18664
Test: Total time: 0:00:02 (0.1088 s / it)
* loss 0.688
Accuracy of the network on the 1762 test EEG: 0.55%
Max accuracy val: 0.55%, max accuracy test: 0.55%
Epoch: [24]  [ 0/37]  eta: 0:00:16  lr: 0.000311  min_lr: 0.000079  loss: 0.6853 (0.6853)  class_acc: 0.5625 (0.5625)  loss_scale: 8192.0000 (8192.0000)  weight_decay: 0.0500 (0.0500)  grad_norm: 0.4280 (0.4280)  time: 0.4332  data: 0.2088  max mem: 18664
Epoch: [24]  [10/37]  eta: 0:00:06  lr: 0.000306  min_lr: 0.000078  loss: 0.6853 (0.6871)  class_acc: 0.5625 (0.5549)  loss_scale: 8192.0000 (8192.0000)  weight_decay: 0.0500 (0.0500)  grad_norm: 0.2176 (0.3891)  time: 0.2402  data: 0.0191  max mem: 18664
Epoch: [24]  [20/37]  eta: 0:00:03  lr: 0.000301  min_lr: 0.000077  loss: 0.6945 (0.6929)  class_acc: 0.5000 (0.5278)  loss_scale: 8192.0000 (8192.0000)  weight_decay: 0.0500 (0.0500)  grad_norm: 0.2575 (0.3711)  time: 0.2209  data: 0.0001  max mem: 18664
Epoch: [24]  [30/37]  eta: 0:00:01  lr: 0.000297  min_lr: 0.000075  loss: 0.6939 (0.6915)  class_acc: 0.5208 (0.5343)  loss_scale: 8192.0000 (8192.0000)  weight_decay: 0.0500 (0.0500)  grad_norm: 0.3426 (0.3922)  time: 0.2214  data: 0.0001  max mem: 18664
Epoch: [24]  [36/37]  eta: 0:00:00  lr: 0.000294  min_lr: 0.000075  loss: 0.6895 (0.6903)  class_acc: 0.5417 (0.5399)  loss_scale: 8192.0000 (8192.0000)  weight_decay: 0.0500 (0.0500)  grad_norm: 0.3697 (0.4252)  time: 0.2102  data: 0.0001  max mem: 18664
Epoch: [24] Total time: 0:00:08 (0.2226 s / it)
Averaged stats: lr: 0.000294  min_lr: 0.000075  loss: 0.6895 (0.6876)  class_acc: 0.5417 (0.5540)  loss_scale: 8192.0000 (8192.0000)  weight_decay: 0.0500 (0.0500)  grad_norm: 0.3697 (0.4252)
Val:  [ 0/25]  eta: 0:00:08  loss: 0.6900 (0.6900)  accuracy: 0.5417 (0.5417)  balanced_accuracy: 0.5000 (0.5000)  time: 0.3563  data: 0.2554  max mem: 18664
Val:  [10/25]  eta: 0:00:01  loss: 0.6900 (0.6920)  accuracy: 0.5417 (0.5328)  balanced_accuracy: 0.5000 (0.5000)  time: 0.1218  data: 0.0234  max mem: 18664
Val:  [20/25]  eta: 0:00:00  loss: 0.6900 (0.6875)  accuracy: 0.5417 (0.5529)  balanced_accuracy: 0.5000 (0.5000)  time: 0.0981  data: 0.0001  max mem: 18664
Val:  [24/25]  eta: 0:00:00  loss: 0.6900 (0.6879)  accuracy: 0.5417 (0.5483)  balanced_accuracy: 0.5000 (0.5000)  time: 0.0946  data: 0.0001  max mem: 18664
Val: Total time: 0:00:02 (0.1082 s / it)
* loss 0.688
Accuracy of the network on the 1751 val EEG: 0.55%
Test:  [ 0/25]  eta: 0:00:09  loss: 0.6931 (0.6931)  accuracy: 0.5278 (0.5278)  balanced_accuracy: 0.5000 (0.5000)  time: 0.3732  data: 0.2712  max mem: 18664
Test:  [10/25]  eta: 0:00:01  loss: 0.6869 (0.6880)  accuracy: 0.5556 (0.5505)  balanced_accuracy: 0.5000 (0.5000)  time: 0.1232  data: 0.0248  max mem: 18664
Test:  [20/25]  eta: 0:00:00  loss: 0.6869 (0.6881)  accuracy: 0.5417 (0.5503)  balanced_accuracy: 0.5000 (0.5000)  time: 0.0981  data: 0.0002  max mem: 18664
Test:  [24/25]  eta: 0:00:00  loss: 0.6869 (0.6885)  accuracy: 0.5556 (0.5471)  balanced_accuracy: 0.5000 (0.5000)  time: 0.0954  data: 0.0001  max mem: 18664
Test: Total time: 0:00:02 (0.1095 s / it)
* loss 0.688
Accuracy of the network on the 1762 test EEG: 0.55%
Max accuracy val: 0.55%, max accuracy test: 0.55%
Epoch: [25]  [ 0/37]  eta: 0:00:14  lr: 0.000294  min_lr: 0.000075  loss: 0.7036 (0.7036)  class_acc: 0.4792 (0.4792)  loss_scale: 8192.0000 (8192.0000)  weight_decay: 0.0500 (0.0500)  grad_norm: 0.2111 (0.2111)  time: 0.4038  data: 0.1793  max mem: 18664
Epoch: [25]  [10/37]  eta: 0:00:06  lr: 0.000289  min_lr: 0.000073  loss: 0.6952 (0.6869)  class_acc: 0.5208 (0.5549)  loss_scale: 8192.0000 (8192.0000)  weight_decay: 0.0500 (0.0500)  grad_norm: 0.2394 (0.3610)  time: 0.2373  data: 0.0164  max mem: 18664
Epoch: [25]  [20/37]  eta: 0:00:03  lr: 0.000284  min_lr: 0.000072  loss: 0.6795 (0.6841)  class_acc: 0.5625 (0.5655)  loss_scale: 8192.0000 (8192.0000)  weight_decay: 0.0500 (0.0500)  grad_norm: 0.2394 (0.4503)  time: 0.2209  data: 0.0001  max mem: 18664
Epoch: [25]  [30/37]  eta: 0:00:01  lr: 0.000279  min_lr: 0.000071  loss: 0.6762 (0.6826)  class_acc: 0.5833 (0.5719)  loss_scale: 8192.0000 (8192.0000)  weight_decay: 0.0500 (0.0500)  grad_norm: 0.4030 (0.4983)  time: 0.2209  data: 0.0001  max mem: 18664
Epoch: [25]  [36/37]  eta: 0:00:00  lr: 0.000277  min_lr: 0.000070  loss: 0.6777 (0.6827)  class_acc: 0.6042 (0.5723)  loss_scale: 8192.0000 (8192.0000)  weight_decay: 0.0500 (0.0500)  grad_norm: 0.3349 (0.4842)  time: 0.2096  data: 0.0001  max mem: 18664
Epoch: [25] Total time: 0:00:08 (0.2220 s / it)
Averaged stats: lr: 0.000277  min_lr: 0.000070  loss: 0.6777 (0.6879)  class_acc: 0.6042 (0.5527)  loss_scale: 8192.0000 (8192.0000)  weight_decay: 0.0500 (0.0500)  grad_norm: 0.3349 (0.4842)
Val:  [ 0/25]  eta: 0:00:08  loss: 0.6897 (0.6897)  accuracy: 0.5417 (0.5417)  balanced_accuracy: 0.5000 (0.5000)  time: 0.3299  data: 0.2282  max mem: 18664
Val:  [10/25]  eta: 0:00:01  loss: 0.6897 (0.6913)  accuracy: 0.5417 (0.5328)  balanced_accuracy: 0.5000 (0.5000)  time: 0.1193  data: 0.0209  max mem: 18664
Val:  [20/25]  eta: 0:00:00  loss: 0.6897 (0.6875)  accuracy: 0.5417 (0.5529)  balanced_accuracy: 0.5000 (0.5000)  time: 0.0981  data: 0.0002  max mem: 18664
Val:  [24/25]  eta: 0:00:00  loss: 0.6895 (0.6878)  accuracy: 0.5417 (0.5483)  balanced_accuracy: 0.5000 (0.5000)  time: 0.0947  data: 0.0002  max mem: 18664
Val: Total time: 0:00:02 (0.1068 s / it)
* loss 0.688
Accuracy of the network on the 1751 val EEG: 0.55%
Test:  [ 0/25]  eta: 0:00:08  loss: 0.6923 (0.6923)  accuracy: 0.5278 (0.5278)  balanced_accuracy: 0.5000 (0.5000)  time: 0.3324  data: 0.2311  max mem: 18664
Test:  [10/25]  eta: 0:00:01  loss: 0.6870 (0.6879)  accuracy: 0.5556 (0.5505)  balanced_accuracy: 0.5000 (0.5000)  time: 0.1194  data: 0.0212  max mem: 18664
Test:  [20/25]  eta: 0:00:00  loss: 0.6870 (0.6880)  accuracy: 0.5417 (0.5503)  balanced_accuracy: 0.5000 (0.5000)  time: 0.0980  data: 0.0002  max mem: 18664
Test:  [24/25]  eta: 0:00:00  loss: 0.6870 (0.6883)  accuracy: 0.5556 (0.5471)  balanced_accuracy: 0.5000 (0.5000)  time: 0.0953  data: 0.0001  max mem: 18664
Test: Total time: 0:00:02 (0.1076 s / it)
* loss 0.688
Accuracy of the network on the 1762 test EEG: 0.55%
Max accuracy val: 0.55%, max accuracy test: 0.55%
Epoch: [26]  [ 0/37]  eta: 0:00:15  lr: 0.000277  min_lr: 0.000070  loss: 0.6894 (0.6894)  class_acc: 0.5417 (0.5417)  loss_scale: 8192.0000 (8192.0000)  weight_decay: 0.0500 (0.0500)  grad_norm: 0.3562 (0.3562)  time: 0.4308  data: 0.2055  max mem: 18664
Epoch: [26]  [10/37]  eta: 0:00:06  lr: 0.000272  min_lr: 0.000069  loss: 0.6865 (0.6866)  class_acc: 0.5625 (0.5587)  loss_scale: 8192.0000 (8192.0000)  weight_decay: 0.0500 (0.0500)  grad_norm: 0.3530 (0.4396)  time: 0.2397  data: 0.0188  max mem: 18664
Epoch: [26]  [20/37]  eta: 0:00:03  lr: 0.000267  min_lr: 0.000068  loss: 0.6899 (0.6906)  class_acc: 0.5208 (0.5367)  loss_scale: 8192.0000 (8192.0000)  weight_decay: 0.0500 (0.0500)  grad_norm: 0.4130 (0.4968)  time: 0.2207  data: 0.0001  max mem: 18664
Epoch: [26]  [30/37]  eta: 0:00:01  lr: 0.000262  min_lr: 0.000067  loss: 0.6897 (0.6895)  class_acc: 0.5417 (0.5423)  loss_scale: 8192.0000 (8192.0000)  weight_decay: 0.0500 (0.0500)  grad_norm: 0.4883 (0.5093)  time: 0.2205  data: 0.0002  max mem: 18664
Epoch: [26]  [36/37]  eta: 0:00:00  lr: 0.000260  min_lr: 0.000066  loss: 0.6887 (0.6887)  class_acc: 0.5417 (0.5469)  loss_scale: 8192.0000 (8192.0000)  weight_decay: 0.0500 (0.0500)  grad_norm: 0.6127 (0.5338)  time: 0.2091  data: 0.0002  max mem: 18664
Epoch: [26] Total time: 0:00:08 (0.2222 s / it)
Averaged stats: lr: 0.000260  min_lr: 0.000066  loss: 0.6887 (0.6875)  class_acc: 0.5417 (0.5534)  loss_scale: 8192.0000 (8192.0000)  weight_decay: 0.0500 (0.0500)  grad_norm: 0.6127 (0.5338)
Val:  [ 0/25]  eta: 0:00:08  loss: 0.6899 (0.6899)  accuracy: 0.5417 (0.5417)  balanced_accuracy: 0.5000 (0.5000)  time: 0.3294  data: 0.2265  max mem: 18664
Val:  [10/25]  eta: 0:00:01  loss: 0.6899 (0.6917)  accuracy: 0.5417 (0.5328)  balanced_accuracy: 0.5000 (0.5000)  time: 0.1192  data: 0.0207  max mem: 18664
Val:  [20/25]  eta: 0:00:00  loss: 0.6898 (0.6873)  accuracy: 0.5417 (0.5529)  balanced_accuracy: 0.5000 (0.5000)  time: 0.0980  data: 0.0001  max mem: 18664
Val:  [24/25]  eta: 0:00:00  loss: 0.6896 (0.6877)  accuracy: 0.5417 (0.5483)  balanced_accuracy: 0.5000 (0.5000)  time: 0.0946  data: 0.0001  max mem: 18664
Val: Total time: 0:00:02 (0.1073 s / it)
* loss 0.688
Accuracy of the network on the 1751 val EEG: 0.55%
Test:  [ 0/25]  eta: 0:00:08  loss: 0.6928 (0.6928)  accuracy: 0.5278 (0.5278)  balanced_accuracy: 0.5000 (0.5000)  time: 0.3355  data: 0.2323  max mem: 18664
Test:  [10/25]  eta: 0:00:01  loss: 0.6868 (0.6877)  accuracy: 0.5556 (0.5505)  balanced_accuracy: 0.5000 (0.5000)  time: 0.1198  data: 0.0213  max mem: 18664
Test:  [20/25]  eta: 0:00:00  loss: 0.6868 (0.6878)  accuracy: 0.5417 (0.5503)  balanced_accuracy: 0.5000 (0.5000)  time: 0.0980  data: 0.0002  max mem: 18664
Test:  [24/25]  eta: 0:00:00  loss: 0.6867 (0.6882)  accuracy: 0.5556 (0.5471)  balanced_accuracy: 0.5000 (0.5000)  time: 0.0953  data: 0.0001  max mem: 18664
Test: Total time: 0:00:02 (0.1085 s / it)
* loss 0.688
Accuracy of the network on the 1762 test EEG: 0.55%
Max accuracy val: 0.55%, max accuracy test: 0.55%
Epoch: [27]  [ 0/37]  eta: 0:00:15  lr: 0.000259  min_lr: 0.000066  loss: 0.6766 (0.6766)  class_acc: 0.6042 (0.6042)  loss_scale: 8192.0000 (8192.0000)  weight_decay: 0.0500 (0.0500)  grad_norm: 0.1337 (0.1337)  time: 0.4070  data: 0.1818  max mem: 18664
Epoch: [27]  [10/37]  eta: 0:00:06  lr: 0.000254  min_lr: 0.000065  loss: 0.7001 (0.6904)  class_acc: 0.5000 (0.5398)  loss_scale: 8192.0000 (8192.0000)  weight_decay: 0.0500 (0.0500)  grad_norm: 0.3945 (0.4630)  time: 0.2375  data: 0.0166  max mem: 18664
Epoch: [27]  [20/37]  eta: 0:00:03  lr: 0.000250  min_lr: 0.000063  loss: 0.6946 (0.6931)  class_acc: 0.5208 (0.5288)  loss_scale: 8192.0000 (8192.0000)  weight_decay: 0.0500 (0.0500)  grad_norm: 0.5459 (0.5530)  time: 0.2207  data: 0.0001  max mem: 18664
Epoch: [27]  [30/37]  eta: 0:00:01  lr: 0.000245  min_lr: 0.000062  loss: 0.6900 (0.6902)  class_acc: 0.5417 (0.5417)  loss_scale: 8192.0000 (8192.0000)  weight_decay: 0.0500 (0.0500)  grad_norm: 0.5868 (0.5498)  time: 0.2207  data: 0.0001  max mem: 18664
Epoch: [27]  [36/37]  eta: 0:00:00  lr: 0.000242  min_lr: 0.000062  loss: 0.6798 (0.6888)  class_acc: 0.5833 (0.5475)  loss_scale: 8192.0000 (8192.0000)  weight_decay: 0.0500 (0.0500)  grad_norm: 0.4663 (0.5565)  time: 0.2093  data: 0.0001  max mem: 18664
Epoch: [27] Total time: 0:00:08 (0.2217 s / it)
Averaged stats: lr: 0.000242  min_lr: 0.000062  loss: 0.6798 (0.6873)  class_acc: 0.5833 (0.5530)  loss_scale: 8192.0000 (8192.0000)  weight_decay: 0.0500 (0.0500)  grad_norm: 0.4663 (0.5565)
Val:  [ 0/25]  eta: 0:00:08  loss: 0.6895 (0.6895)  accuracy: 0.5417 (0.5417)  balanced_accuracy: 0.5000 (0.5000)  time: 0.3253  data: 0.2245  max mem: 18664
Val:  [10/25]  eta: 0:00:01  loss: 0.6895 (0.6910)  accuracy: 0.5417 (0.5328)  balanced_accuracy: 0.5000 (0.5000)  time: 0.1188  data: 0.0206  max mem: 18664
Val:  [20/25]  eta: 0:00:00  loss: 0.6892 (0.6862)  accuracy: 0.5417 (0.5529)  balanced_accuracy: 0.5000 (0.5000)  time: 0.0980  data: 0.0002  max mem: 18664
Val:  [24/25]  eta: 0:00:00  loss: 0.6882 (0.6867)  accuracy: 0.5417 (0.5483)  balanced_accuracy: 0.5000 (0.5000)  time: 0.0946  data: 0.0001  max mem: 18664
Val: Total time: 0:00:02 (0.1073 s / it)
* loss 0.687
Accuracy of the network on the 1751 val EEG: 0.55%
Test:  [ 0/25]  eta: 0:00:08  loss: 0.6916 (0.6916)  accuracy: 0.5278 (0.5278)  balanced_accuracy: 0.5000 (0.5000)  time: 0.3203  data: 0.2184  max mem: 18664
Test:  [10/25]  eta: 0:00:01  loss: 0.6861 (0.6861)  accuracy: 0.5556 (0.5505)  balanced_accuracy: 0.5000 (0.5000)  time: 0.1183  data: 0.0200  max mem: 18664
Test:  [20/25]  eta: 0:00:00  loss: 0.6861 (0.6865)  accuracy: 0.5417 (0.5503)  balanced_accuracy: 0.5000 (0.5000)  time: 0.0982  data: 0.0002  max mem: 18664
Test:  [24/25]  eta: 0:00:00  loss: 0.6854 (0.6869)  accuracy: 0.5556 (0.5471)  balanced_accuracy: 0.5000 (0.5000)  time: 0.0956  data: 0.0001  max mem: 18664
Test: Total time: 0:00:02 (0.1074 s / it)
* loss 0.687
Accuracy of the network on the 1762 test EEG: 0.55%
Max accuracy val: 0.55%, max accuracy test: 0.55%
Epoch: [28]  [ 0/37]  eta: 0:00:14  lr: 0.000242  min_lr: 0.000061  loss: 0.7122 (0.7122)  class_acc: 0.4375 (0.4375)  loss_scale: 8192.0000 (8192.0000)  weight_decay: 0.0500 (0.0500)  grad_norm: 0.6859 (0.6859)  time: 0.4003  data: 0.1756  max mem: 18664
Epoch: [28]  [10/37]  eta: 0:00:06  lr: 0.000237  min_lr: 0.000060  loss: 0.6808 (0.6835)  class_acc: 0.5625 (0.5606)  loss_scale: 8192.0000 (8192.0000)  weight_decay: 0.0500 (0.0500)  grad_norm: 0.5899 (0.7319)  time: 0.2377  data: 0.0162  max mem: 18664
Epoch: [28]  [20/37]  eta: 0:00:03  lr: 0.000232  min_lr: 0.000059  loss: 0.6789 (0.6824)  class_acc: 0.5625 (0.5675)  loss_scale: 8192.0000 (8192.0000)  weight_decay: 0.0500 (0.0500)  grad_norm: 0.4608 (0.6383)  time: 0.2211  data: 0.0002  max mem: 18664
Epoch: [28]  [30/37]  eta: 0:00:01  lr: 0.000227  min_lr: 0.000058  loss: 0.6812 (0.6834)  class_acc: 0.5625 (0.5638)  loss_scale: 8192.0000 (8192.0000)  weight_decay: 0.0500 (0.0500)  grad_norm: 0.4656 (0.6663)  time: 0.2209  data: 0.0001  max mem: 18664
Epoch: [28]  [36/37]  eta: 0:00:00  lr: 0.000225  min_lr: 0.000057  loss: 0.6834 (0.6844)  class_acc: 0.5417 (0.5573)  loss_scale: 8192.0000 (8192.0000)  weight_decay: 0.0500 (0.0500)  grad_norm: 0.8298 (0.8814)  time: 0.2099  data: 0.0001  max mem: 18664
Epoch: [28] Total time: 0:00:08 (0.2220 s / it)
Averaged stats: lr: 0.000225  min_lr: 0.000057  loss: 0.6834 (0.6860)  class_acc: 0.5417 (0.5565)  loss_scale: 8192.0000 (8192.0000)  weight_decay: 0.0500 (0.0500)  grad_norm: 0.8298 (0.8814)
Val:  [ 0/25]  eta: 0:00:09  loss: 0.6865 (0.6865)  accuracy: 0.5556 (0.5556)  balanced_accuracy: 0.5175 (0.5175)  time: 0.3758  data: 0.2748  max mem: 18664
Val:  [10/25]  eta: 0:00:01  loss: 0.6876 (0.6869)  accuracy: 0.5417 (0.5442)  balanced_accuracy: 0.5135 (0.5133)  time: 0.1233  data: 0.0251  max mem: 18664
Val:  [20/25]  eta: 0:00:00  loss: 0.6829 (0.6801)  accuracy: 0.5417 (0.5708)  balanced_accuracy: 0.5200 (0.5206)  time: 0.0980  data: 0.0002  max mem: 18664
Val:  [24/25]  eta: 0:00:00  loss: 0.6790 (0.6807)  accuracy: 0.5417 (0.5665)  balanced_accuracy: 0.5147 (0.5211)  time: 0.0946  data: 0.0001  max mem: 18664
Val: Total time: 0:00:02 (0.1087 s / it)
* loss 0.681
Accuracy of the network on the 1751 val EEG: 0.57%
Test:  [ 0/25]  eta: 0:00:08  loss: 0.6868 (0.6868)  accuracy: 0.5556 (0.5556)  balanced_accuracy: 0.5310 (0.5310)  time: 0.3587  data: 0.2566  max mem: 18664
Test:  [10/25]  eta: 0:00:01  loss: 0.6826 (0.6788)  accuracy: 0.5694 (0.5745)  balanced_accuracy: 0.5310 (0.5292)  time: 0.1217  data: 0.0235  max mem: 18664
Test:  [20/25]  eta: 0:00:00  loss: 0.6820 (0.6798)  accuracy: 0.5694 (0.5741)  balanced_accuracy: 0.5310 (0.5289)  time: 0.0979  data: 0.0002  max mem: 18664
Test:  [24/25]  eta: 0:00:00  loss: 0.6783 (0.6807)  accuracy: 0.5694 (0.5687)  balanced_accuracy: 0.5310 (0.5262)  time: 0.0954  data: 0.0001  max mem: 18664
Test: Total time: 0:00:02 (0.1088 s / it)
* loss 0.681
Accuracy of the network on the 1762 test EEG: 0.57%
Max accuracy val: 0.57%, max accuracy test: 0.57%
Epoch: [29]  [ 0/37]  eta: 0:00:15  lr: 0.000224  min_lr: 0.000057  loss: 0.7133 (0.7133)  class_acc: 0.4583 (0.4583)  loss_scale: 8192.0000 (8192.0000)  weight_decay: 0.0500 (0.0500)  grad_norm: 0.7300 (0.7300)  time: 0.4264  data: 0.2022  max mem: 18664
Epoch: [29]  [10/37]  eta: 0:00:06  lr: 0.000220  min_lr: 0.000056  loss: 0.6651 (0.6712)  class_acc: 0.6250 (0.6023)  loss_scale: 8192.0000 (8192.0000)  weight_decay: 0.0500 (0.0500)  grad_norm: 2.0264 (1.9237)  time: 0.2396  data: 0.0185  max mem: 18664
Epoch: [29]  [20/37]  eta: 0:00:03  lr: 0.000215  min_lr: 0.000055  loss: 0.6651 (0.6721)  class_acc: 0.6250 (0.5913)  loss_scale: 8192.0000 (8192.0000)  weight_decay: 0.0500 (0.0500)  grad_norm: 2.8203 (3.2410)  time: 0.2207  data: 0.0001  max mem: 18664
Epoch: [29]  [30/37]  eta: 0:00:01  lr: 0.000210  min_lr: 0.000053  loss: 0.6671 (0.6712)  class_acc: 0.5625 (0.5914)  loss_scale: 8192.0000 (8192.0000)  weight_decay: 0.0500 (0.0500)  grad_norm: 3.7954 (3.5038)  time: 0.2208  data: 0.0001  max mem: 18664
Epoch: [29]  [36/37]  eta: 0:00:00  lr: 0.000208  min_lr: 0.000053  loss: 0.6751 (0.6714)  class_acc: 0.5625 (0.5914)  loss_scale: 8192.0000 (8192.0000)  weight_decay: 0.0500 (0.0500)  grad_norm: 3.7691 (3.6943)  time: 0.2098  data: 0.0001  max mem: 18664
Epoch: [29] Total time: 0:00:08 (0.2233 s / it)
Averaged stats: lr: 0.000208  min_lr: 0.000053  loss: 0.6751 (0.6710)  class_acc: 0.5625 (0.6009)  loss_scale: 8192.0000 (8192.0000)  weight_decay: 0.0500 (0.0500)  grad_norm: 3.7691 (3.6943)
Val:  [ 0/25]  eta: 0:00:08  loss: 0.6765 (0.6765)  accuracy: 0.5694 (0.5694)  balanced_accuracy: 0.5699 (0.5699)  time: 0.3513  data: 0.2468  max mem: 18664
Val:  [10/25]  eta: 0:00:01  loss: 0.6765 (0.6778)  accuracy: 0.5833 (0.5783)  balanced_accuracy: 0.5699 (0.5713)  time: 0.1216  data: 0.0226  max mem: 18664
Val:  [20/25]  eta: 0:00:00  loss: 0.6716 (0.6705)  accuracy: 0.5833 (0.6052)  balanced_accuracy: 0.5839 (0.5970)  time: 0.0982  data: 0.0001  max mem: 18664
Val:  [24/25]  eta: 0:00:00  loss: 0.6730 (0.6714)  accuracy: 0.5833 (0.6037)  balanced_accuracy: 0.5900 (0.5964)  time: 0.0949  data: 0.0001  max mem: 18664
Val: Total time: 0:00:02 (0.1083 s / it)
* loss 0.671
Accuracy of the network on the 1751 val EEG: 0.60%
Test:  [ 0/25]  eta: 0:00:08  loss: 0.6782 (0.6782)  accuracy: 0.5694 (0.5694)  balanced_accuracy: 0.5627 (0.5627)  time: 0.3389  data: 0.2374  max mem: 18664
Test:  [10/25]  eta: 0:00:01  loss: 0.6673 (0.6651)  accuracy: 0.6250 (0.6237)  balanced_accuracy: 0.6243 (0.6206)  time: 0.1201  data: 0.0218  max mem: 18664
Test:  [20/25]  eta: 0:00:00  loss: 0.6610 (0.6641)  accuracy: 0.6250 (0.6250)  balanced_accuracy: 0.6235 (0.6192)  time: 0.0980  data: 0.0002  max mem: 18664
Test:  [24/25]  eta: 0:00:00  loss: 0.6551 (0.6622)  accuracy: 0.6471 (0.6300)  balanced_accuracy: 0.6264 (0.6240)  time: 0.0954  data: 0.0001  max mem: 18664
Test: Total time: 0:00:02 (0.1076 s / it)
* loss 0.662
Accuracy of the network on the 1762 test EEG: 0.63%
Max accuracy val: 0.60%, max accuracy test: 0.63%
Epoch: [30]  [ 0/37]  eta: 0:00:15  lr: 0.000207  min_lr: 0.000053  loss: 0.6394 (0.6394)  class_acc: 0.6667 (0.6667)  loss_scale: 8192.0000 (8192.0000)  weight_decay: 0.0500 (0.0500)  grad_norm: 3.6301 (3.6301)  time: 0.4181  data: 0.1937  max mem: 18664
Epoch: [30]  [10/37]  eta: 0:00:06  lr: 0.000202  min_lr: 0.000051  loss: 0.6681 (0.6677)  class_acc: 0.6250 (0.6023)  loss_scale: 8192.0000 (8192.0000)  weight_decay: 0.0500 (0.0500)  grad_norm: 3.6902 (4.8986)  time: 0.2385  data: 0.0177  max mem: 18664
Epoch: [30]  [20/37]  eta: 0:00:03  lr: 0.000198  min_lr: 0.000050  loss: 0.6629 (0.6639)  class_acc: 0.6250 (0.6121)  loss_scale: 8192.0000 (8192.0000)  weight_decay: 0.0500 (0.0500)  grad_norm: 3.8411 (4.3503)  time: 0.2207  data: 0.0001  max mem: 18664
Epoch: [30]  [30/37]  eta: 0:00:01  lr: 0.000193  min_lr: 0.000049  loss: 0.6405 (0.6607)  class_acc: 0.6250 (0.6142)  loss_scale: 8192.0000 (8192.0000)  weight_decay: 0.0500 (0.0500)  grad_norm: 4.1139 (4.4740)  time: 0.2205  data: 0.0001  max mem: 18664
Epoch: [30]  [36/37]  eta: 0:00:00  lr: 0.000191  min_lr: 0.000048  loss: 0.6370 (0.6588)  class_acc: 0.6458 (0.6181)  loss_scale: 8192.0000 (8192.0000)  weight_decay: 0.0500 (0.0500)  grad_norm: 2.9528 (4.3086)  time: 0.2093  data: 0.0001  max mem: 18664
Epoch: [30] Total time: 0:00:08 (0.2225 s / it)
Averaged stats: lr: 0.000191  min_lr: 0.000048  loss: 0.6370 (0.6584)  class_acc: 0.6458 (0.6213)  loss_scale: 8192.0000 (8192.0000)  weight_decay: 0.0500 (0.0500)  grad_norm: 2.9528 (4.3086)
Val:  [ 0/25]  eta: 0:00:08  loss: 0.6712 (0.6712)  accuracy: 0.5833 (0.5833)  balanced_accuracy: 0.5758 (0.5758)  time: 0.3454  data: 0.2415  max mem: 18664
Val:  [10/25]  eta: 0:00:01  loss: 0.6712 (0.6732)  accuracy: 0.5972 (0.5884)  balanced_accuracy: 0.5875 (0.5754)  time: 0.1206  data: 0.0221  max mem: 18664
Val:  [20/25]  eta: 0:00:00  loss: 0.6591 (0.6570)  accuracy: 0.6111 (0.6164)  balanced_accuracy: 0.5972 (0.5945)  time: 0.0980  data: 0.0002  max mem: 18664
Val:  [24/25]  eta: 0:00:00  loss: 0.6545 (0.6571)  accuracy: 0.6111 (0.6139)  balanced_accuracy: 0.5972 (0.5945)  time: 0.0947  data: 0.0001  max mem: 18664
Val: Total time: 0:00:02 (0.1074 s / it)
* loss 0.657
Accuracy of the network on the 1751 val EEG: 0.61%
Test:  [ 0/25]  eta: 0:00:08  loss: 0.6886 (0.6886)  accuracy: 0.5556 (0.5556)  balanced_accuracy: 0.5464 (0.5464)  time: 0.3277  data: 0.2242  max mem: 18664
Test:  [10/25]  eta: 0:00:01  loss: 0.6430 (0.6402)  accuracy: 0.6667 (0.6604)  balanced_accuracy: 0.6625 (0.6477)  time: 0.1190  data: 0.0205  max mem: 18664
Test:  [20/25]  eta: 0:00:00  loss: 0.6356 (0.6380)  accuracy: 0.6667 (0.6614)  balanced_accuracy: 0.6625 (0.6457)  time: 0.0980  data: 0.0001  max mem: 18664
Test:  [24/25]  eta: 0:00:00  loss: 0.6258 (0.6385)  accuracy: 0.6806 (0.6566)  balanced_accuracy: 0.6656 (0.6418)  time: 0.0953  data: 0.0001  max mem: 18664
Test: Total time: 0:00:02 (0.1074 s / it)
* loss 0.639
Accuracy of the network on the 1762 test EEG: 0.66%
Max accuracy val: 0.61%, max accuracy test: 0.66%
Epoch: [31]  [ 0/37]  eta: 0:00:15  lr: 0.000190  min_lr: 0.000048  loss: 0.6075 (0.6075)  class_acc: 0.7292 (0.7292)  loss_scale: 8192.0000 (8192.0000)  weight_decay: 0.0500 (0.0500)  grad_norm: 3.8183 (3.8183)  time: 0.4160  data: 0.1920  max mem: 18664
Epoch: [31]  [10/37]  eta: 0:00:06  lr: 0.000185  min_lr: 0.000047  loss: 0.6386 (0.6407)  class_acc: 0.6458 (0.6420)  loss_scale: 8192.0000 (8192.0000)  weight_decay: 0.0500 (0.0500)  grad_norm: 3.8183 (4.0619)  time: 0.2381  data: 0.0176  max mem: 18664
NaN or Inf found in input tensor.
Epoch: [31]  [20/37]  eta: 0:00:03  lr: 0.000181  min_lr: 0.000046  loss: 0.6386 (0.6388)  class_acc: 0.6458 (0.6429)  loss_scale: 8192.0000 (7021.7143)  weight_decay: 0.0500 (0.0500)  grad_norm: 4.4035 (inf)  time: 0.2205  data: 0.0001  max mem: 18664
Epoch: [31]  [30/37]  eta: 0:00:01  lr: 0.000176  min_lr: 0.000045  loss: 0.6365 (0.6431)  class_acc: 0.6667 (0.6465)  loss_scale: 4096.0000 (6077.9355)  weight_decay: 0.0500 (0.0500)  grad_norm: 6.5263 (inf)  time: 0.2206  data: 0.0001  max mem: 18664
Epoch: [31]  [36/37]  eta: 0:00:00  lr: 0.000174  min_lr: 0.000044  loss: 0.6284 (0.6463)  class_acc: 0.6875 (0.6424)  loss_scale: 4096.0000 (5802.6667)  weight_decay: 0.0500 (0.0500)  grad_norm: 5.3817 (inf)  time: 0.2094  data: 0.0001  max mem: 18664
Epoch: [31] Total time: 0:00:08 (0.2220 s / it)
Averaged stats: lr: 0.000174  min_lr: 0.000044  loss: 0.6284 (0.6499)  class_acc: 0.6875 (0.6343)  loss_scale: 4096.0000 (5802.6667)  weight_decay: 0.0500 (0.0500)  grad_norm: 5.3817 (inf)
Val:  [ 0/25]  eta: 0:00:08  loss: 0.6610 (0.6610)  accuracy: 0.6389 (0.6389)  balanced_accuracy: 0.6084 (0.6084)  time: 0.3386  data: 0.2383  max mem: 18664
Val:  [10/25]  eta: 0:00:01  loss: 0.6837 (0.6821)  accuracy: 0.5972 (0.5922)  balanced_accuracy: 0.5676 (0.5663)  time: 0.1200  data: 0.0219  max mem: 18664
Val:  [20/25]  eta: 0:00:00  loss: 0.6673 (0.6669)  accuracy: 0.6111 (0.6138)  balanced_accuracy: 0.5653 (0.5717)  time: 0.0979  data: 0.0002  max mem: 18664
Val:  [24/25]  eta: 0:00:00  loss: 0.6673 (0.6683)  accuracy: 0.6111 (0.6099)  balanced_accuracy: 0.5600 (0.5719)  time: 0.0945  data: 0.0001  max mem: 18664
Val: Total time: 0:00:02 (0.1071 s / it)
* loss 0.668
Accuracy of the network on the 1751 val EEG: 0.61%
Test:  [ 0/25]  eta: 0:00:07  loss: 0.6778 (0.6778)  accuracy: 0.6111 (0.6111)  balanced_accuracy: 0.5898 (0.5898)  time: 0.3190  data: 0.2184  max mem: 18664
Test:  [10/25]  eta: 0:00:01  loss: 0.6764 (0.6608)  accuracy: 0.6111 (0.6149)  balanced_accuracy: 0.5685 (0.5784)  time: 0.1181  data: 0.0200  max mem: 18664
Test:  [20/25]  eta: 0:00:00  loss: 0.6625 (0.6637)  accuracy: 0.6111 (0.6104)  balanced_accuracy: 0.5685 (0.5734)  time: 0.0979  data: 0.0001  max mem: 18664
Test:  [24/25]  eta: 0:00:00  loss: 0.6593 (0.6665)  accuracy: 0.6111 (0.6022)  balanced_accuracy: 0.5687 (0.5673)  time: 0.0952  data: 0.0001  max mem: 18664
Test: Total time: 0:00:02 (0.1070 s / it)
* loss 0.666
Accuracy of the network on the 1762 test EEG: 0.60%
Max accuracy val: 0.61%, max accuracy test: 0.66%
Epoch: [32]  [ 0/37]  eta: 0:00:15  lr: 0.000173  min_lr: 0.000044  loss: 0.6446 (0.6446)  class_acc: 0.6667 (0.6667)  loss_scale: 4096.0000 (4096.0000)  weight_decay: 0.0500 (0.0500)  grad_norm: 10.4249 (10.4249)  time: 0.4173  data: 0.1914  max mem: 18664
Epoch: [32]  [10/37]  eta: 0:00:06  lr: 0.000169  min_lr: 0.000043  loss: 0.6706 (0.6683)  class_acc: 0.6042 (0.5852)  loss_scale: 4096.0000 (4096.0000)  weight_decay: 0.0500 (0.0500)  grad_norm: 6.8603 (6.9885)  time: 0.2386  data: 0.0175  max mem: 18664
Epoch: [32]  [20/37]  eta: 0:00:03  lr: 0.000164  min_lr: 0.000042  loss: 0.6562 (0.6579)  class_acc: 0.6042 (0.6081)  loss_scale: 4096.0000 (4096.0000)  weight_decay: 0.0500 (0.0500)  grad_norm: 3.3869 (5.2163)  time: 0.2206  data: 0.0001  max mem: 18664
Epoch: [32]  [30/37]  eta: 0:00:01  lr: 0.000160  min_lr: 0.000041  loss: 0.6400 (0.6526)  class_acc: 0.6458 (0.6216)  loss_scale: 4096.0000 (4096.0000)  weight_decay: 0.0500 (0.0500)  grad_norm: 3.0229 (4.6502)  time: 0.2208  data: 0.0001  max mem: 18664
Epoch: [32]  [36/37]  eta: 0:00:00  lr: 0.000157  min_lr: 0.000040  loss: 0.6400 (0.6531)  class_acc: 0.6250 (0.6227)  loss_scale: 4096.0000 (4096.0000)  weight_decay: 0.0500 (0.0500)  grad_norm: 3.0229 (4.9180)  time: 0.2096  data: 0.0001  max mem: 18664
Epoch: [32] Total time: 0:00:08 (0.2222 s / it)
Averaged stats: lr: 0.000157  min_lr: 0.000040  loss: 0.6400 (0.6432)  class_acc: 0.6250 (0.6414)  loss_scale: 4096.0000 (4096.0000)  weight_decay: 0.0500 (0.0500)  grad_norm: 3.0229 (4.9180)
Val:  [ 0/25]  eta: 0:00:08  loss: 0.6563 (0.6563)  accuracy: 0.6389 (0.6389)  balanced_accuracy: 0.6317 (0.6317)  time: 0.3346  data: 0.2315  max mem: 18664
Val:  [10/25]  eta: 0:00:01  loss: 0.6661 (0.6673)  accuracy: 0.6250 (0.6187)  balanced_accuracy: 0.6138 (0.6049)  time: 0.1198  data: 0.0212  max mem: 18664
Val:  [20/25]  eta: 0:00:00  loss: 0.6583 (0.6480)  accuracy: 0.6250 (0.6396)  balanced_accuracy: 0.6138 (0.6169)  time: 0.0984  data: 0.0001  max mem: 18664
Val:  [24/25]  eta: 0:00:00  loss: 0.6450 (0.6459)  accuracy: 0.6389 (0.6379)  balanced_accuracy: 0.6111 (0.6178)  time: 0.0950  data: 0.0001  max mem: 18664
Val: Total time: 0:00:02 (0.1081 s / it)
* loss 0.646
Accuracy of the network on the 1751 val EEG: 0.64%
Test:  [ 0/25]  eta: 0:00:08  loss: 0.6868 (0.6868)  accuracy: 0.5694 (0.5694)  balanced_accuracy: 0.5596 (0.5596)  time: 0.3251  data: 0.2235  max mem: 18664
Test:  [10/25]  eta: 0:00:01  loss: 0.6274 (0.6298)  accuracy: 0.6528 (0.6528)  balanced_accuracy: 0.6476 (0.6379)  time: 0.1187  data: 0.0205  max mem: 18664
Test:  [20/25]  eta: 0:00:00  loss: 0.6230 (0.6295)  accuracy: 0.6667 (0.6594)  balanced_accuracy: 0.6573 (0.6424)  time: 0.0980  data: 0.0002  max mem: 18664
Test:  [24/25]  eta: 0:00:00  loss: 0.6059 (0.6299)  accuracy: 0.6806 (0.6561)  balanced_accuracy: 0.6632 (0.6402)  time: 0.0954  data: 0.0001  max mem: 18664
Test: Total time: 0:00:02 (0.1074 s / it)
* loss 0.630
Accuracy of the network on the 1762 test EEG: 0.66%
Max accuracy val: 0.64%, max accuracy test: 0.66%
Epoch: [33]  [ 0/37]  eta: 0:00:15  lr: 0.000157  min_lr: 0.000040  loss: 0.6099 (0.6099)  class_acc: 0.6667 (0.6667)  loss_scale: 4096.0000 (4096.0000)  weight_decay: 0.0500 (0.0500)  grad_norm: 1.9169 (1.9169)  time: 0.4135  data: 0.1889  max mem: 18664
Epoch: [33]  [10/37]  eta: 0:00:06  lr: 0.000153  min_lr: 0.000039  loss: 0.6346 (0.6275)  class_acc: 0.6458 (0.6686)  loss_scale: 4096.0000 (4096.0000)  weight_decay: 0.0500 (0.0500)  grad_norm: 3.6023 (4.1336)  time: 0.2380  data: 0.0173  max mem: 18664
Epoch: [33]  [20/37]  eta: 0:00:03  lr: 0.000148  min_lr: 0.000038  loss: 0.6346 (0.6275)  class_acc: 0.6667 (0.6667)  loss_scale: 4096.0000 (4096.0000)  weight_decay: 0.0500 (0.0500)  grad_norm: 3.7692 (4.7903)  time: 0.2205  data: 0.0001  max mem: 18664
Epoch: [33]  [30/37]  eta: 0:00:01  lr: 0.000144  min_lr: 0.000037  loss: 0.6294 (0.6278)  class_acc: 0.6667 (0.6673)  loss_scale: 4096.0000 (4096.0000)  weight_decay: 0.0500 (0.0500)  grad_norm: 3.7793 (4.8007)  time: 0.2205  data: 0.0001  max mem: 18664
Epoch: [33]  [36/37]  eta: 0:00:00  lr: 0.000142  min_lr: 0.000036  loss: 0.6164 (0.6253)  class_acc: 0.6667 (0.6690)  loss_scale: 4096.0000 (4096.0000)  weight_decay: 0.0500 (0.0500)  grad_norm: 4.2141 (4.7129)  time: 0.2094  data: 0.0001  max mem: 18664
Epoch: [33] Total time: 0:00:08 (0.2222 s / it)
Averaged stats: lr: 0.000142  min_lr: 0.000036  loss: 0.6164 (0.6298)  class_acc: 0.6667 (0.6624)  loss_scale: 4096.0000 (4096.0000)  weight_decay: 0.0500 (0.0500)  grad_norm: 4.2141 (4.7129)
Val:  [ 0/25]  eta: 0:00:08  loss: 0.6420 (0.6420)  accuracy: 0.6250 (0.6250)  balanced_accuracy: 0.6119 (0.6119)  time: 0.3369  data: 0.2357  max mem: 18664
Val:  [10/25]  eta: 0:00:01  loss: 0.6637 (0.6628)  accuracy: 0.6250 (0.6250)  balanced_accuracy: 0.6119 (0.6085)  time: 0.1199  data: 0.0216  max mem: 18664
Val:  [20/25]  eta: 0:00:00  loss: 0.6476 (0.6421)  accuracy: 0.6389 (0.6481)  balanced_accuracy: 0.6131 (0.6210)  time: 0.0981  data: 0.0002  max mem: 18664
Val:  [24/25]  eta: 0:00:00  loss: 0.6476 (0.6430)  accuracy: 0.6528 (0.6419)  balanced_accuracy: 0.6072 (0.6175)  time: 0.0947  data: 0.0001  max mem: 18664
Val: Total time: 0:00:02 (0.1071 s / it)
* loss 0.643
Accuracy of the network on the 1751 val EEG: 0.64%
Test:  [ 0/25]  eta: 0:00:08  loss: 0.6940 (0.6940)  accuracy: 0.5694 (0.5694)  balanced_accuracy: 0.5565 (0.5565)  time: 0.3259  data: 0.2239  max mem: 18664
Test:  [10/25]  eta: 0:00:01  loss: 0.6327 (0.6253)  accuracy: 0.6528 (0.6591)  balanced_accuracy: 0.6381 (0.6392)  time: 0.1188  data: 0.0205  max mem: 18664
Test:  [20/25]  eta: 0:00:00  loss: 0.6074 (0.6257)  accuracy: 0.6667 (0.6667)  balanced_accuracy: 0.6467 (0.6450)  time: 0.0979  data: 0.0001  max mem: 18664
Test:  [24/25]  eta: 0:00:00  loss: 0.6073 (0.6276)  accuracy: 0.6667 (0.6595)  balanced_accuracy: 0.6381 (0.6391)  time: 0.0953  data: 0.0001  max mem: 18664
Test: Total time: 0:00:02 (0.1075 s / it)
* loss 0.628
Accuracy of the network on the 1762 test EEG: 0.66%
Max accuracy val: 0.64%, max accuracy test: 0.66%
Epoch: [34]  [ 0/37]  eta: 0:00:15  lr: 0.000141  min_lr: 0.000036  loss: 0.5388 (0.5388)  class_acc: 0.7500 (0.7500)  loss_scale: 4096.0000 (4096.0000)  weight_decay: 0.0500 (0.0500)  grad_norm: 3.5131 (3.5131)  time: 0.4132  data: 0.1872  max mem: 18664
Epoch: [34]  [10/37]  eta: 0:00:06  lr: 0.000137  min_lr: 0.000035  loss: 0.6060 (0.6100)  class_acc: 0.6875 (0.6837)  loss_scale: 4096.0000 (4096.0000)  weight_decay: 0.0500 (0.0500)  grad_norm: 4.0375 (4.4192)  time: 0.2381  data: 0.0171  max mem: 18664
Epoch: [34]  [20/37]  eta: 0:00:03  lr: 0.000133  min_lr: 0.000034  loss: 0.6072 (0.6136)  class_acc: 0.6875 (0.6815)  loss_scale: 4096.0000 (4096.0000)  weight_decay: 0.0500 (0.0500)  grad_norm: 4.0375 (5.0074)  time: 0.2207  data: 0.0001  max mem: 18664
Epoch: [34]  [30/37]  eta: 0:00:01  lr: 0.000128  min_lr: 0.000033  loss: 0.6373 (0.6182)  class_acc: 0.6458 (0.6767)  loss_scale: 4096.0000 (4096.0000)  weight_decay: 0.0500 (0.0500)  grad_norm: 4.7072 (5.1675)  time: 0.2206  data: 0.0001  max mem: 18664
Epoch: [34]  [36/37]  eta: 0:00:00  lr: 0.000126  min_lr: 0.000032  loss: 0.6373 (0.6197)  class_acc: 0.6458 (0.6765)  loss_scale: 4096.0000 (4096.0000)  weight_decay: 0.0500 (0.0500)  grad_norm: 4.7072 (5.1218)  time: 0.2094  data: 0.0001  max mem: 18664
Epoch: [34] Total time: 0:00:08 (0.2221 s / it)
Averaged stats: lr: 0.000126  min_lr: 0.000032  loss: 0.6373 (0.6198)  class_acc: 0.6458 (0.6723)  loss_scale: 4096.0000 (4096.0000)  weight_decay: 0.0500 (0.0500)  grad_norm: 4.7072 (5.1218)
Val:  [ 0/25]  eta: 0:00:08  loss: 0.6445 (0.6445)  accuracy: 0.6528 (0.6528)  balanced_accuracy: 0.6399 (0.6399)  time: 0.3367  data: 0.2325  max mem: 18664
Val:  [10/25]  eta: 0:00:01  loss: 0.6608 (0.6572)  accuracy: 0.6250 (0.6199)  balanced_accuracy: 0.6030 (0.6013)  time: 0.1197  data: 0.0213  max mem: 18664
Val:  [20/25]  eta: 0:00:00  loss: 0.6412 (0.6386)  accuracy: 0.6250 (0.6429)  balanced_accuracy: 0.6030 (0.6158)  time: 0.0979  data: 0.0001  max mem: 18664
Val:  [24/25]  eta: 0:00:00  loss: 0.6397 (0.6390)  accuracy: 0.6389 (0.6396)  balanced_accuracy: 0.6072 (0.6148)  time: 0.0946  data: 0.0001  max mem: 18664
Val: Total time: 0:00:02 (0.1068 s / it)
* loss 0.639
Accuracy of the network on the 1751 val EEG: 0.64%
Test:  [ 0/25]  eta: 0:00:08  loss: 0.6742 (0.6742)  accuracy: 0.5694 (0.5694)  balanced_accuracy: 0.5550 (0.5550)  time: 0.3473  data: 0.2456  max mem: 18664
Test:  [10/25]  eta: 0:00:01  loss: 0.6207 (0.6239)  accuracy: 0.6528 (0.6616)  balanced_accuracy: 0.6326 (0.6426)  time: 0.1207  data: 0.0225  max mem: 18664
Test:  [20/25]  eta: 0:00:00  loss: 0.6126 (0.6238)  accuracy: 0.6806 (0.6693)  balanced_accuracy: 0.6609 (0.6480)  time: 0.0979  data: 0.0001  max mem: 18664
Test:  [24/25]  eta: 0:00:00  loss: 0.6087 (0.6248)  accuracy: 0.6806 (0.6617)  balanced_accuracy: 0.6656 (0.6418)  time: 0.0953  data: 0.0001  max mem: 18664
Test: Total time: 0:00:02 (0.1079 s / it)
* loss 0.625
Accuracy of the network on the 1762 test EEG: 0.66%
Max accuracy val: 0.64%, max accuracy test: 0.66%
Epoch: [35]  [ 0/37]  eta: 0:00:15  lr: 0.000126  min_lr: 0.000032  loss: 0.5963 (0.5963)  class_acc: 0.6458 (0.6458)  loss_scale: 4096.0000 (4096.0000)  weight_decay: 0.0500 (0.0500)  grad_norm: 4.5674 (4.5674)  time: 0.4224  data: 0.1980  max mem: 18664
Epoch: [35]  [10/37]  eta: 0:00:06  lr: 0.000122  min_lr: 0.000031  loss: 0.5953 (0.5844)  class_acc: 0.7083 (0.7008)  loss_scale: 4096.0000 (4096.0000)  weight_decay: 0.0500 (0.0500)  grad_norm: 5.3830 (6.1967)  time: 0.2387  data: 0.0181  max mem: 18664
Epoch: [35]  [20/37]  eta: 0:00:03  lr: 0.000117  min_lr: 0.000030  loss: 0.5901 (0.5907)  class_acc: 0.7083 (0.7004)  loss_scale: 4096.0000 (4096.0000)  weight_decay: 0.0500 (0.0500)  grad_norm: 5.7371 (6.2089)  time: 0.2206  data: 0.0001  max mem: 18664
Epoch: [35]  [30/37]  eta: 0:00:01  lr: 0.000113  min_lr: 0.000029  loss: 0.5901 (0.5988)  class_acc: 0.6875 (0.6949)  loss_scale: 4096.0000 (4096.0000)  weight_decay: 0.0500 (0.0500)  grad_norm: 6.1746 (6.7842)  time: 0.2205  data: 0.0001  max mem: 18664
Epoch: [35]  [36/37]  eta: 0:00:00  lr: 0.000111  min_lr: 0.000028  loss: 0.6057 (0.6015)  class_acc: 0.6667 (0.6892)  loss_scale: 4096.0000 (4096.0000)  weight_decay: 0.0500 (0.0500)  grad_norm: 6.9209 (6.8312)  time: 0.2093  data: 0.0001  max mem: 18664
Epoch: [35] Total time: 0:00:08 (0.2222 s / it)
Averaged stats: lr: 0.000111  min_lr: 0.000028  loss: 0.6057 (0.6078)  class_acc: 0.6667 (0.6834)  loss_scale: 4096.0000 (4096.0000)  weight_decay: 0.0500 (0.0500)  grad_norm: 6.9209 (6.8312)
Val:  [ 0/25]  eta: 0:00:10  loss: 0.6586 (0.6586)  accuracy: 0.6528 (0.6528)  balanced_accuracy: 0.6445 (0.6445)  time: 0.4072  data: 0.3061  max mem: 18664
Val:  [10/25]  eta: 0:00:01  loss: 0.6586 (0.6563)  accuracy: 0.6389 (0.6275)  balanced_accuracy: 0.6142 (0.6152)  time: 0.1263  data: 0.0280  max mem: 18664
Val:  [20/25]  eta: 0:00:00  loss: 0.6465 (0.6420)  accuracy: 0.6389 (0.6455)  balanced_accuracy: 0.6214 (0.6264)  time: 0.0980  data: 0.0002  max mem: 18664
Val:  [24/25]  eta: 0:00:00  loss: 0.6424 (0.6417)  accuracy: 0.6389 (0.6425)  balanced_accuracy: 0.6250 (0.6254)  time: 0.0946  data: 0.0001  max mem: 18664
Val: Total time: 0:00:02 (0.1096 s / it)
* loss 0.642
Accuracy of the network on the 1751 val EEG: 0.64%
Test:  [ 0/25]  eta: 0:00:08  loss: 0.6670 (0.6670)  accuracy: 0.5556 (0.5556)  balanced_accuracy: 0.5464 (0.5464)  time: 0.3236  data: 0.2219  max mem: 18664
Test:  [10/25]  eta: 0:00:01  loss: 0.6280 (0.6264)  accuracy: 0.6944 (0.6717)  balanced_accuracy: 0.6903 (0.6617)  time: 0.1186  data: 0.0203  max mem: 18664
Test:  [20/25]  eta: 0:00:00  loss: 0.6174 (0.6270)  accuracy: 0.6944 (0.6739)  balanced_accuracy: 0.6702 (0.6604)  time: 0.0981  data: 0.0002  max mem: 18664
Test:  [24/25]  eta: 0:00:00  loss: 0.6092 (0.6266)  accuracy: 0.6944 (0.6720)  balanced_accuracy: 0.6741 (0.6593)  time: 0.0955  data: 0.0001  max mem: 18664
Test: Total time: 0:00:02 (0.1071 s / it)
* loss 0.627
Accuracy of the network on the 1762 test EEG: 0.67%
Max accuracy val: 0.64%, max accuracy test: 0.67%
Epoch: [36]  [ 0/37]  eta: 0:00:14  lr: 0.000111  min_lr: 0.000028  loss: 0.6021 (0.6021)  class_acc: 0.6875 (0.6875)  loss_scale: 4096.0000 (4096.0000)  weight_decay: 0.0500 (0.0500)  grad_norm: 3.6603 (3.6603)  time: 0.4018  data: 0.1773  max mem: 18664
Epoch: [36]  [10/37]  eta: 0:00:06  lr: 0.000107  min_lr: 0.000027  loss: 0.6041 (0.6062)  class_acc: 0.6875 (0.6875)  loss_scale: 4096.0000 (4096.0000)  weight_decay: 0.0500 (0.0500)  grad_norm: 5.6197 (5.8862)  time: 0.2370  data: 0.0162  max mem: 18664
Epoch: [36]  [20/37]  eta: 0:00:03  lr: 0.000103  min_lr: 0.000026  loss: 0.6072 (0.6176)  class_acc: 0.6667 (0.6825)  loss_scale: 4096.0000 (4096.0000)  weight_decay: 0.0500 (0.0500)  grad_norm: 5.9141 (7.0798)  time: 0.2205  data: 0.0001  max mem: 18664
NaN or Inf found in input tensor.
NaN or Inf found in input tensor.
Epoch: [36]  [30/37]  eta: 0:00:01  lr: 0.000099  min_lr: 0.000025  loss: 0.6005 (0.6031)  class_acc: 0.6875 (0.6929)  loss_scale: 4096.0000 (3798.7097)  weight_decay: 0.0500 (0.0500)  grad_norm: 9.8784 (inf)  time: 0.2198  data: 0.0001  max mem: 18664
Epoch: [36]  [36/37]  eta: 0:00:00  lr: 0.000097  min_lr: 0.000025  loss: 0.6005 (0.6020)  class_acc: 0.6875 (0.6939)  loss_scale: 4096.0000 (3413.3333)  weight_decay: 0.0500 (0.0500)  grad_norm: 12.2463 (inf)  time: 0.2090  data: 0.0001  max mem: 18664
Epoch: [36] Total time: 0:00:08 (0.2213 s / it)
Averaged stats: lr: 0.000097  min_lr: 0.000025  loss: 0.6005 (0.5979)  class_acc: 0.6875 (0.6993)  loss_scale: 4096.0000 (3413.3333)  weight_decay: 0.0500 (0.0500)  grad_norm: 12.2463 (inf)
Val:  [ 0/25]  eta: 0:00:07  loss: 0.6741 (0.6741)  accuracy: 0.6389 (0.6389)  balanced_accuracy: 0.6364 (0.6364)  time: 0.3191  data: 0.2183  max mem: 18664
Val:  [10/25]  eta: 0:00:01  loss: 0.6741 (0.6643)  accuracy: 0.6250 (0.6212)  balanced_accuracy: 0.6166 (0.6106)  time: 0.1183  data: 0.0200  max mem: 18664
Val:  [20/25]  eta: 0:00:00  loss: 0.6551 (0.6482)  accuracy: 0.6389 (0.6481)  balanced_accuracy: 0.6300 (0.6326)  time: 0.0980  data: 0.0002  max mem: 18664
Val:  [24/25]  eta: 0:00:00  loss: 0.6403 (0.6470)  accuracy: 0.6389 (0.6448)  balanced_accuracy: 0.6344 (0.6311)  time: 0.0946  data: 0.0001  max mem: 18664
Val: Total time: 0:00:02 (0.1067 s / it)
* loss 0.647
Accuracy of the network on the 1751 val EEG: 0.64%
Test:  [ 0/25]  eta: 0:00:09  loss: 0.7021 (0.7021)  accuracy: 0.5694 (0.5694)  balanced_accuracy: 0.5611 (0.5611)  time: 0.3625  data: 0.2571  max mem: 18664
Test:  [10/25]  eta: 0:00:01  loss: 0.6108 (0.6236)  accuracy: 0.6944 (0.6742)  balanced_accuracy: 0.6727 (0.6646)  time: 0.1222  data: 0.0235  max mem: 18664
Test:  [20/25]  eta: 0:00:00  loss: 0.6110 (0.6262)  accuracy: 0.6806 (0.6700)  balanced_accuracy: 0.6610 (0.6575)  time: 0.0980  data: 0.0001  max mem: 18664
Test:  [24/25]  eta: 0:00:00  loss: 0.6108 (0.6251)  accuracy: 0.6944 (0.6703)  balanced_accuracy: 0.6830 (0.6584)  time: 0.0953  data: 0.0001  max mem: 18664
Test: Total time: 0:00:02 (0.1085 s / it)
* loss 0.625
Accuracy of the network on the 1762 test EEG: 0.67%
Max accuracy val: 0.64%, max accuracy test: 0.67%
Epoch: [37]  [ 0/37]  eta: 0:00:15  lr: 0.000097  min_lr: 0.000025  loss: 0.5965 (0.5965)  class_acc: 0.6875 (0.6875)  loss_scale: 1024.0000 (1024.0000)  weight_decay: 0.0500 (0.0500)  grad_norm: 5.9653 (5.9653)  time: 0.4193  data: 0.1938  max mem: 18664
Epoch: [37]  [10/37]  eta: 0:00:06  lr: 0.000093  min_lr: 0.000024  loss: 0.6039 (0.5836)  class_acc: 0.6875 (0.7045)  loss_scale: 1024.0000 (1024.0000)  weight_decay: 0.0500 (0.0500)  grad_norm: 7.0387 (7.1683)  time: 0.2387  data: 0.0177  max mem: 18664
Epoch: [37]  [20/37]  eta: 0:00:03  lr: 0.000089  min_lr: 0.000023  loss: 0.5982 (0.5843)  class_acc: 0.6875 (0.7113)  loss_scale: 1024.0000 (1024.0000)  weight_decay: 0.0500 (0.0500)  grad_norm: 7.2468 (7.7764)  time: 0.2208  data: 0.0001  max mem: 18664
Epoch: [37]  [30/37]  eta: 0:00:01  lr: 0.000086  min_lr: 0.000022  loss: 0.5751 (0.5824)  class_acc: 0.7292 (0.7124)  loss_scale: 1024.0000 (1024.0000)  weight_decay: 0.0500 (0.0500)  grad_norm: 8.1748 (8.9195)  time: 0.2210  data: 0.0001  max mem: 18664
Epoch: [37]  [36/37]  eta: 0:00:00  lr: 0.000084  min_lr: 0.000021  loss: 0.5751 (0.5818)  class_acc: 0.7083 (0.7124)  loss_scale: 1024.0000 (1024.0000)  weight_decay: 0.0500 (0.0500)  grad_norm: 8.6262 (9.2576)  time: 0.2100  data: 0.0001  max mem: 18664
Epoch: [37] Total time: 0:00:08 (0.2225 s / it)
Averaged stats: lr: 0.000084  min_lr: 0.000021  loss: 0.5751 (0.5872)  class_acc: 0.7083 (0.7072)  loss_scale: 1024.0000 (1024.0000)  weight_decay: 0.0500 (0.0500)  grad_norm: 8.6262 (9.2576)
Val:  [ 0/25]  eta: 0:00:08  loss: 0.6531 (0.6531)  accuracy: 0.6528 (0.6528)  balanced_accuracy: 0.6399 (0.6399)  time: 0.3521  data: 0.2509  max mem: 18664
Val:  [10/25]  eta: 0:00:01  loss: 0.6748 (0.6742)  accuracy: 0.6111 (0.6124)  balanced_accuracy: 0.5828 (0.5948)  time: 0.1212  data: 0.0230  max mem: 18664
Val:  [20/25]  eta: 0:00:00  loss: 0.6477 (0.6512)  accuracy: 0.6389 (0.6422)  balanced_accuracy: 0.6087 (0.6167)  time: 0.0983  data: 0.0002  max mem: 18664
Val:  [24/25]  eta: 0:00:00  loss: 0.6395 (0.6510)  accuracy: 0.6389 (0.6391)  balanced_accuracy: 0.6156 (0.6160)  time: 0.0950  data: 0.0002  max mem: 18664
Val: Total time: 0:00:02 (0.1087 s / it)
* loss 0.651
Accuracy of the network on the 1751 val EEG: 0.64%
Test:  [ 0/25]  eta: 0:00:08  loss: 0.6974 (0.6974)  accuracy: 0.5694 (0.5694)  balanced_accuracy: 0.5580 (0.5580)  time: 0.3255  data: 0.2236  max mem: 18664
Test:  [10/25]  eta: 0:00:01  loss: 0.6410 (0.6204)  accuracy: 0.6806 (0.6717)  balanced_accuracy: 0.6609 (0.6543)  time: 0.1188  data: 0.0205  max mem: 18664
Test:  [20/25]  eta: 0:00:00  loss: 0.6120 (0.6248)  accuracy: 0.6806 (0.6733)  balanced_accuracy: 0.6643 (0.6533)  time: 0.0981  data: 0.0002  max mem: 18664
Test:  [24/25]  eta: 0:00:00  loss: 0.5994 (0.6248)  accuracy: 0.6806 (0.6680)  balanced_accuracy: 0.6643 (0.6493)  time: 0.0956  data: 0.0001  max mem: 18664
Test: Total time: 0:00:02 (0.1079 s / it)
* loss 0.625
Accuracy of the network on the 1762 test EEG: 0.67%
Max accuracy val: 0.64%, max accuracy test: 0.67%
Epoch: [38]  [ 0/37]  eta: 0:00:14  lr: 0.000084  min_lr: 0.000021  loss: 0.5854 (0.5854)  class_acc: 0.7292 (0.7292)  loss_scale: 1024.0000 (1024.0000)  weight_decay: 0.0500 (0.0500)  grad_norm: 5.0551 (5.0551)  time: 0.4050  data: 0.1801  max mem: 18664
Epoch: [38]  [10/37]  eta: 0:00:06  lr: 0.000080  min_lr: 0.000020  loss: 0.5854 (0.5887)  class_acc: 0.6875 (0.6970)  loss_scale: 1024.0000 (1024.0000)  weight_decay: 0.0500 (0.0500)  grad_norm: 10.8215 (11.4400)  time: 0.2377  data: 0.0165  max mem: 18664
Epoch: [38]  [20/37]  eta: 0:00:03  lr: 0.000076  min_lr: 0.000019  loss: 0.5654 (0.5820)  class_acc: 0.6875 (0.7133)  loss_scale: 1024.0000 (1024.0000)  weight_decay: 0.0500 (0.0500)  grad_norm: 9.8512 (11.1994)  time: 0.2208  data: 0.0001  max mem: 18664
Epoch: [38]  [30/37]  eta: 0:00:01  lr: 0.000073  min_lr: 0.000019  loss: 0.5681 (0.5875)  class_acc: 0.6875 (0.7077)  loss_scale: 1024.0000 (1024.0000)  weight_decay: 0.0500 (0.0500)  grad_norm: 11.2851 (11.8879)  time: 0.2209  data: 0.0001  max mem: 18664
Epoch: [38]  [36/37]  eta: 0:00:00  lr: 0.000071  min_lr: 0.000018  loss: 0.5681 (0.5855)  class_acc: 0.7292 (0.7095)  loss_scale: 1024.0000 (1024.0000)  weight_decay: 0.0500 (0.0500)  grad_norm: 11.2851 (11.8301)  time: 0.2098  data: 0.0001  max mem: 18664
Epoch: [38] Total time: 0:00:08 (0.2221 s / it)
Averaged stats: lr: 0.000071  min_lr: 0.000018  loss: 0.5681 (0.5753)  class_acc: 0.7292 (0.7203)  loss_scale: 1024.0000 (1024.0000)  weight_decay: 0.0500 (0.0500)  grad_norm: 11.2851 (11.8301)
Val:  [ 0/25]  eta: 0:00:08  loss: 0.6903 (0.6903)  accuracy: 0.6528 (0.6528)  balanced_accuracy: 0.6469 (0.6469)  time: 0.3425  data: 0.2399  max mem: 18664
Val:  [10/25]  eta: 0:00:01  loss: 0.6803 (0.6667)  accuracy: 0.6250 (0.6326)  balanced_accuracy: 0.6139 (0.6202)  time: 0.1204  data: 0.0220  max mem: 18664
Val:  [20/25]  eta: 0:00:00  loss: 0.6483 (0.6485)  accuracy: 0.6528 (0.6528)  balanced_accuracy: 0.6146 (0.6346)  time: 0.0980  data: 0.0002  max mem: 18664
Val:  [24/25]  eta: 0:00:00  loss: 0.6447 (0.6494)  accuracy: 0.6528 (0.6476)  balanced_accuracy: 0.6188 (0.6311)  time: 0.0947  data: 0.0002  max mem: 18664
Val: Total time: 0:00:02 (0.1073 s / it)
* loss 0.649
Accuracy of the network on the 1751 val EEG: 0.65%
Test:  [ 0/25]  eta: 0:00:08  loss: 0.7267 (0.7267)  accuracy: 0.5417 (0.5417)  balanced_accuracy: 0.5317 (0.5317)  time: 0.3471  data: 0.2449  max mem: 18664
Test:  [10/25]  eta: 0:00:01  loss: 0.6420 (0.6284)  accuracy: 0.6528 (0.6654)  balanced_accuracy: 0.6483 (0.6502)  time: 0.1208  data: 0.0224  max mem: 18664
Test:  [20/25]  eta: 0:00:00  loss: 0.6093 (0.6255)  accuracy: 0.6806 (0.6753)  balanced_accuracy: 0.6632 (0.6592)  time: 0.0981  data: 0.0002  max mem: 18664
Test:  [24/25]  eta: 0:00:00  loss: 0.6027 (0.6256)  accuracy: 0.6944 (0.6714)  balanced_accuracy: 0.6719 (0.6562)  time: 0.0954  data: 0.0001  max mem: 18664
Test: Total time: 0:00:02 (0.1082 s / it)
* loss 0.626
Accuracy of the network on the 1762 test EEG: 0.67%
Max accuracy val: 0.65%, max accuracy test: 0.67%
Epoch: [39]  [ 0/37]  eta: 0:00:14  lr: 0.000071  min_lr: 0.000018  loss: 0.5119 (0.5119)  class_acc: 0.7917 (0.7917)  loss_scale: 1024.0000 (1024.0000)  weight_decay: 0.0500 (0.0500)  grad_norm: 9.3443 (9.3443)  time: 0.3971  data: 0.1718  max mem: 18664
Epoch: [39]  [10/37]  eta: 0:00:06  lr: 0.000068  min_lr: 0.000017  loss: 0.5650 (0.5545)  class_acc: 0.7083 (0.7348)  loss_scale: 1024.0000 (1024.0000)  weight_decay: 0.0500 (0.0500)  grad_norm: 9.3443 (9.2836)  time: 0.2367  data: 0.0158  max mem: 18664
Epoch: [39]  [20/37]  eta: 0:00:03  lr: 0.000064  min_lr: 0.000016  loss: 0.5566 (0.5458)  class_acc: 0.7500 (0.7440)  loss_scale: 1024.0000 (1024.0000)  weight_decay: 0.0500 (0.0500)  grad_norm: 8.6888 (9.7551)  time: 0.2208  data: 0.0002  max mem: 18664
Epoch: [39]  [30/37]  eta: 0:00:01  lr: 0.000061  min_lr: 0.000016  loss: 0.5350 (0.5426)  class_acc: 0.7500 (0.7513)  loss_scale: 1024.0000 (1024.0000)  weight_decay: 0.0500 (0.0500)  grad_norm: 9.6404 (10.6497)  time: 0.2207  data: 0.0001  max mem: 18664
Epoch: [39]  [36/37]  eta: 0:00:00  lr: 0.000060  min_lr: 0.000015  loss: 0.5355 (0.5442)  class_acc: 0.7500 (0.7477)  loss_scale: 1024.0000 (1024.0000)  weight_decay: 0.0500 (0.0500)  grad_norm: 10.7878 (11.0224)  time: 0.2095  data: 0.0001  max mem: 18664
Epoch: [39] Total time: 0:00:08 (0.2214 s / it)
Averaged stats: lr: 0.000060  min_lr: 0.000015  loss: 0.5355 (0.5531)  class_acc: 0.7500 (0.7338)  loss_scale: 1024.0000 (1024.0000)  weight_decay: 0.0500 (0.0500)  grad_norm: 10.7878 (11.0224)
Val:  [ 0/25]  eta: 0:00:08  loss: 0.6852 (0.6852)  accuracy: 0.6528 (0.6528)  balanced_accuracy: 0.6445 (0.6445)  time: 0.3355  data: 0.2346  max mem: 18664
Val:  [10/25]  eta: 0:00:01  loss: 0.6852 (0.6740)  accuracy: 0.6389 (0.6237)  balanced_accuracy: 0.6200 (0.6107)  time: 0.1198  data: 0.0215  max mem: 18664
Val:  [20/25]  eta: 0:00:00  loss: 0.6516 (0.6570)  accuracy: 0.6528 (0.6442)  balanced_accuracy: 0.6200 (0.6258)  time: 0.0980  data: 0.0002  max mem: 18664
Val:  [24/25]  eta: 0:00:00  loss: 0.6339 (0.6557)  accuracy: 0.6528 (0.6408)  balanced_accuracy: 0.6255 (0.6242)  time: 0.0947  data: 0.0001  max mem: 18664
Val: Total time: 0:00:02 (0.1068 s / it)
* loss 0.656
Accuracy of the network on the 1751 val EEG: 0.64%
Test:  [ 0/25]  eta: 0:00:08  loss: 0.7127 (0.7127)  accuracy: 0.6111 (0.6111)  balanced_accuracy: 0.6006 (0.6006)  time: 0.3339  data: 0.2326  max mem: 18664
Test:  [10/25]  eta: 0:00:01  loss: 0.6311 (0.6231)  accuracy: 0.6667 (0.6831)  balanced_accuracy: 0.6633 (0.6709)  time: 0.1195  data: 0.0213  max mem: 18664
Test:  [20/25]  eta: 0:00:00  loss: 0.6310 (0.6351)  accuracy: 0.6667 (0.6693)  balanced_accuracy: 0.6438 (0.6542)  time: 0.0980  data: 0.0002  max mem: 18664
Test:  [24/25]  eta: 0:00:00  loss: 0.6264 (0.6316)  accuracy: 0.6806 (0.6697)  balanced_accuracy: 0.6643 (0.6552)  time: 0.0953  data: 0.0001  max mem: 18664
Test: Total time: 0:00:02 (0.1076 s / it)
* loss 0.632
Accuracy of the network on the 1762 test EEG: 0.67%
Max accuracy val: 0.65%, max accuracy test: 0.67%
Epoch: [40]  [ 0/37]  eta: 0:00:15  lr: 0.000059  min_lr: 0.000015  loss: 0.5131 (0.5131)  class_acc: 0.7708 (0.7708)  loss_scale: 1024.0000 (1024.0000)  weight_decay: 0.0500 (0.0500)  grad_norm: 11.2836 (11.2836)  time: 0.4060  data: 0.1805  max mem: 18664
Epoch: [40]  [10/37]  eta: 0:00:06  lr: 0.000056  min_lr: 0.000014  loss: 0.5165 (0.5244)  class_acc: 0.7500 (0.7519)  loss_scale: 1024.0000 (1024.0000)  weight_decay: 0.0500 (0.0500)  grad_norm: 13.4098 (14.1618)  time: 0.2372  data: 0.0165  max mem: 18664
Epoch: [40]  [20/37]  eta: 0:00:03  lr: 0.000053  min_lr: 0.000014  loss: 0.5239 (0.5296)  class_acc: 0.7500 (0.7540)  loss_scale: 1024.0000 (1024.0000)  weight_decay: 0.0500 (0.0500)  grad_norm: 13.6359 (14.9514)  time: 0.2204  data: 0.0001  max mem: 18664
Epoch: [40]  [30/37]  eta: 0:00:01  lr: 0.000050  min_lr: 0.000013  loss: 0.5399 (0.5405)  class_acc: 0.7292 (0.7473)  loss_scale: 1024.0000 (1024.0000)  weight_decay: 0.0500 (0.0500)  grad_norm: 13.7823 (14.8896)  time: 0.2204  data: 0.0001  max mem: 18664
Epoch: [40]  [36/37]  eta: 0:00:00  lr: 0.000049  min_lr: 0.000012  loss: 0.5716 (0.5465)  class_acc: 0.7083 (0.7367)  loss_scale: 1024.0000 (1024.0000)  weight_decay: 0.0500 (0.0500)  grad_norm: 15.3588 (14.8741)  time: 0.2092  data: 0.0001  max mem: 18664
Epoch: [40] Total time: 0:00:08 (0.2215 s / it)
Averaged stats: lr: 0.000049  min_lr: 0.000012  loss: 0.5716 (0.5352)  class_acc: 0.7083 (0.7514)  loss_scale: 1024.0000 (1024.0000)  weight_decay: 0.0500 (0.0500)  grad_norm: 15.3588 (14.8741)
Val:  [ 0/25]  eta: 0:00:08  loss: 0.7349 (0.7349)  accuracy: 0.5972 (0.5972)  balanced_accuracy: 0.5862 (0.5862)  time: 0.3309  data: 0.2299  max mem: 18664
Val:  [10/25]  eta: 0:00:01  loss: 0.6882 (0.6804)  accuracy: 0.6250 (0.6174)  balanced_accuracy: 0.5991 (0.6037)  time: 0.1192  data: 0.0211  max mem: 18664
Val:  [20/25]  eta: 0:00:00  loss: 0.6461 (0.6587)  accuracy: 0.6389 (0.6429)  balanced_accuracy: 0.6156 (0.6222)  time: 0.0979  data: 0.0002  max mem: 18664
Val:  [24/25]  eta: 0:00:00  loss: 0.6461 (0.6592)  accuracy: 0.6389 (0.6408)  balanced_accuracy: 0.6156 (0.6220)  time: 0.0945  data: 0.0001  max mem: 18664
Val: Total time: 0:00:02 (0.1074 s / it)
* loss 0.659
Accuracy of the network on the 1751 val EEG: 0.64%
Test:  [ 0/25]  eta: 0:00:08  loss: 0.7710 (0.7710)  accuracy: 0.5833 (0.5833)  balanced_accuracy: 0.5712 (0.5712)  time: 0.3278  data: 0.2228  max mem: 18664
Test:  [10/25]  eta: 0:00:01  loss: 0.6305 (0.6372)  accuracy: 0.6667 (0.6692)  balanced_accuracy: 0.6526 (0.6547)  time: 0.1189  data: 0.0204  max mem: 18664
Test:  [20/25]  eta: 0:00:00  loss: 0.6258 (0.6358)  accuracy: 0.6806 (0.6713)  balanced_accuracy: 0.6526 (0.6541)  time: 0.0979  data: 0.0001  max mem: 18664
Test:  [24/25]  eta: 0:00:00  loss: 0.6016 (0.6363)  accuracy: 0.6806 (0.6691)  balanced_accuracy: 0.6643 (0.6530)  time: 0.0953  data: 0.0001  max mem: 18664
Test: Total time: 0:00:02 (0.1080 s / it)
* loss 0.636
Accuracy of the network on the 1762 test EEG: 0.67%
Max accuracy val: 0.65%, max accuracy test: 0.67%
Epoch: [41]  [ 0/37]  eta: 0:00:16  lr: 0.000049  min_lr: 0.000012  loss: 0.6288 (0.6288)  class_acc: 0.6875 (0.6875)  loss_scale: 1024.0000 (1024.0000)  weight_decay: 0.0500 (0.0500)  grad_norm: 13.9829 (13.9829)  time: 0.4377  data: 0.2123  max mem: 18664
Epoch: [41]  [10/37]  eta: 0:00:06  lr: 0.000046  min_lr: 0.000012  loss: 0.5216 (0.5324)  class_acc: 0.7500 (0.7652)  loss_scale: 1024.0000 (1024.0000)  weight_decay: 0.0500 (0.0500)  grad_norm: 12.0598 (13.3494)  time: 0.2401  data: 0.0194  max mem: 18664
Epoch: [41]  [20/37]  eta: 0:00:03  lr: 0.000043  min_lr: 0.000011  loss: 0.5049 (0.5053)  class_acc: 0.7708 (0.7778)  loss_scale: 1024.0000 (1024.0000)  weight_decay: 0.0500 (0.0500)  grad_norm: 12.8174 (14.6992)  time: 0.2203  data: 0.0001  max mem: 18664
NaN or Inf found in input tensor.
Epoch: [41]  [30/37]  eta: 0:00:01  lr: 0.000040  min_lr: 0.000010  loss: 0.4484 (0.4880)  class_acc: 0.8125 (0.7876)  loss_scale: 1024.0000 (941.4194)  weight_decay: 0.0500 (0.0500)  grad_norm: nan (nan)  time: 0.2202  data: 0.0001  max mem: 18664
Epoch: [41]  [36/37]  eta: 0:00:00  lr: 0.000039  min_lr: 0.000010  loss: 0.4552 (0.4975)  class_acc: 0.8125 (0.7789)  loss_scale: 512.0000 (881.7778)  weight_decay: 0.0500 (0.0500)  grad_norm: nan (nan)  time: 0.2090  data: 0.0001  max mem: 18664
Epoch: [41] Total time: 0:00:08 (0.2221 s / it)
Averaged stats: lr: 0.000039  min_lr: 0.000010  loss: 0.4552 (0.5099)  class_acc: 0.8125 (0.7652)  loss_scale: 512.0000 (881.7778)  weight_decay: 0.0500 (0.0500)  grad_norm: nan (nan)
Val:  [ 0/25]  eta: 0:00:07  loss: 0.7723 (0.7723)  accuracy: 0.6111 (0.6111)  balanced_accuracy: 0.6037 (0.6037)  time: 0.3170  data: 0.2156  max mem: 18664
Val:  [10/25]  eta: 0:00:01  loss: 0.7312 (0.7321)  accuracy: 0.6250 (0.6187)  balanced_accuracy: 0.6095 (0.6098)  time: 0.1179  data: 0.0198  max mem: 18664
Val:  [20/25]  eta: 0:00:00  loss: 0.7079 (0.7032)  accuracy: 0.6389 (0.6402)  balanced_accuracy: 0.6095 (0.6275)  time: 0.0979  data: 0.0001  max mem: 18664
Val:  [24/25]  eta: 0:00:00  loss: 0.6855 (0.7036)  accuracy: 0.6389 (0.6408)  balanced_accuracy: 0.6138 (0.6299)  time: 0.0947  data: 0.0001  max mem: 18664
Val: Total time: 0:00:02 (0.1067 s / it)
* loss 0.704
Accuracy of the network on the 1751 val EEG: 0.64%
Test:  [ 0/25]  eta: 0:00:09  loss: 0.7976 (0.7976)  accuracy: 0.5972 (0.5972)  balanced_accuracy: 0.5890 (0.5890)  time: 0.3932  data: 0.2903  max mem: 18664
Test:  [10/25]  eta: 0:00:01  loss: 0.6778 (0.6807)  accuracy: 0.6389 (0.6578)  balanced_accuracy: 0.6286 (0.6496)  time: 0.1249  data: 0.0265  max mem: 18664
Test:  [20/25]  eta: 0:00:00  loss: 0.6684 (0.6718)  accuracy: 0.6667 (0.6673)  balanced_accuracy: 0.6618 (0.6567)  time: 0.0980  data: 0.0002  max mem: 18664
Test:  [24/25]  eta: 0:00:00  loss: 0.6504 (0.6714)  accuracy: 0.6806 (0.6646)  balanced_accuracy: 0.6678 (0.6543)  time: 0.0953  data: 0.0001  max mem: 18664
Test: Total time: 0:00:02 (0.1105 s / it)
* loss 0.671
Accuracy of the network on the 1762 test EEG: 0.66%
Max accuracy val: 0.65%, max accuracy test: 0.67%
Epoch: [42]  [ 0/37]  eta: 0:00:16  lr: 0.000039  min_lr: 0.000010  loss: 0.4876 (0.4876)  class_acc: 0.7917 (0.7917)  loss_scale: 512.0000 (512.0000)  weight_decay: 0.0500 (0.0500)  grad_norm: 14.3764 (14.3764)  time: 0.4464  data: 0.2223  max mem: 18664
Epoch: [42]  [10/37]  eta: 0:00:06  lr: 0.000036  min_lr: 0.000009  loss: 0.4741 (0.4817)  class_acc: 0.7917 (0.7936)  loss_scale: 512.0000 (512.0000)  weight_decay: 0.0500 (0.0500)  grad_norm: 19.2343 (21.6796)  time: 0.2414  data: 0.0203  max mem: 18664
Epoch: [42]  [20/37]  eta: 0:00:03  lr: 0.000034  min_lr: 0.000009  loss: 0.4741 (0.4888)  class_acc: 0.7708 (0.7817)  loss_scale: 512.0000 (512.0000)  weight_decay: 0.0500 (0.0500)  grad_norm: 22.6813 (23.9382)  time: 0.2207  data: 0.0001  max mem: 18664
Epoch: [42]  [30/37]  eta: 0:00:01  lr: 0.000032  min_lr: 0.000008  loss: 0.5022 (0.4970)  class_acc: 0.7500 (0.7722)  loss_scale: 512.0000 (512.0000)  weight_decay: 0.0500 (0.0500)  grad_norm: 20.4706 (23.6015)  time: 0.2207  data: 0.0001  max mem: 18664
Epoch: [42]  [36/37]  eta: 0:00:00  lr: 0.000030  min_lr: 0.000008  loss: 0.4982 (0.5025)  class_acc: 0.7500 (0.7662)  loss_scale: 512.0000 (512.0000)  weight_decay: 0.0500 (0.0500)  grad_norm: 23.7578 (24.6051)  time: 0.2095  data: 0.0001  max mem: 18664
Epoch: [42] Total time: 0:00:08 (0.2230 s / it)
Averaged stats: lr: 0.000030  min_lr: 0.000008  loss: 0.4982 (0.4912)  class_acc: 0.7500 (0.7807)  loss_scale: 512.0000 (512.0000)  weight_decay: 0.0500 (0.0500)  grad_norm: 23.7578 (24.6051)
Val:  [ 0/25]  eta: 0:00:08  loss: 0.7588 (0.7588)  accuracy: 0.6250 (0.6250)  balanced_accuracy: 0.6235 (0.6235)  time: 0.3311  data: 0.2301  max mem: 18664
Val:  [10/25]  eta: 0:00:01  loss: 0.7434 (0.7317)  accuracy: 0.6111 (0.6061)  balanced_accuracy: 0.6006 (0.6009)  time: 0.1191  data: 0.0211  max mem: 18664
Val:  [20/25]  eta: 0:00:00  loss: 0.7294 (0.7089)  accuracy: 0.6111 (0.6217)  balanced_accuracy: 0.5938 (0.6152)  time: 0.0980  data: 0.0001  max mem: 18664
Val:  [24/25]  eta: 0:00:00  loss: 0.7117 (0.7039)  accuracy: 0.6250 (0.6242)  balanced_accuracy: 0.6274 (0.6186)  time: 0.0946  data: 0.0001  max mem: 18664
Val: Total time: 0:00:02 (0.1066 s / it)
* loss 0.704
Accuracy of the network on the 1751 val EEG: 0.62%
Test:  [ 0/25]  eta: 0:00:09  loss: 0.7924 (0.7924)  accuracy: 0.5556 (0.5556)  balanced_accuracy: 0.5511 (0.5511)  time: 0.3791  data: 0.2767  max mem: 18664
Test:  [10/25]  eta: 0:00:01  loss: 0.6546 (0.6731)  accuracy: 0.6528 (0.6452)  balanced_accuracy: 0.6452 (0.6425)  time: 0.1236  data: 0.0253  max mem: 18664
Test:  [20/25]  eta: 0:00:00  loss: 0.6546 (0.6719)  accuracy: 0.6528 (0.6534)  balanced_accuracy: 0.6494 (0.6481)  time: 0.0979  data: 0.0002  max mem: 18664
Test:  [24/25]  eta: 0:00:00  loss: 0.6452 (0.6728)  accuracy: 0.6528 (0.6515)  balanced_accuracy: 0.6494 (0.6467)  time: 0.0954  data: 0.0001  max mem: 18664
Test: Total time: 0:00:02 (0.1096 s / it)
* loss 0.673
Accuracy of the network on the 1762 test EEG: 0.65%
Max accuracy val: 0.65%, max accuracy test: 0.67%
Epoch: [43]  [ 0/37]  eta: 0:00:15  lr: 0.000030  min_lr: 0.000008  loss: 0.6422 (0.6422)  class_acc: 0.6667 (0.6667)  loss_scale: 512.0000 (512.0000)  weight_decay: 0.0500 (0.0500)  grad_norm: 19.1748 (19.1748)  time: 0.4162  data: 0.1883  max mem: 18664
Epoch: [43]  [10/37]  eta: 0:00:06  lr: 0.000028  min_lr: 0.000007  loss: 0.4628 (0.4662)  class_acc: 0.8125 (0.8011)  loss_scale: 512.0000 (512.0000)  weight_decay: 0.0500 (0.0500)  grad_norm: 22.9579 (26.3896)  time: 0.2385  data: 0.0172  max mem: 18664
Epoch: [43]  [20/37]  eta: 0:00:03  lr: 0.000026  min_lr: 0.000007  loss: 0.4604 (0.4687)  class_acc: 0.8125 (0.8006)  loss_scale: 512.0000 (512.0000)  weight_decay: 0.0500 (0.0500)  grad_norm: 22.6390 (24.6333)  time: 0.2210  data: 0.0001  max mem: 18664
Epoch: [43]  [30/37]  eta: 0:00:01  lr: 0.000024  min_lr: 0.000006  loss: 0.4712 (0.4720)  class_acc: 0.7917 (0.7957)  loss_scale: 512.0000 (512.0000)  weight_decay: 0.0500 (0.0500)  grad_norm: 25.9053 (26.2530)  time: 0.2210  data: 0.0001  max mem: 18664
Epoch: [43]  [36/37]  eta: 0:00:00  lr: 0.000023  min_lr: 0.000006  loss: 0.4814 (0.4706)  class_acc: 0.7708 (0.7957)  loss_scale: 512.0000 (512.0000)  weight_decay: 0.0500 (0.0500)  grad_norm: 26.9689 (26.1755)  time: 0.2098  data: 0.0001  max mem: 18664
Epoch: [43] Total time: 0:00:08 (0.2222 s / it)
Averaged stats: lr: 0.000023  min_lr: 0.000006  loss: 0.4814 (0.4748)  class_acc: 0.7708 (0.7924)  loss_scale: 512.0000 (512.0000)  weight_decay: 0.0500 (0.0500)  grad_norm: 26.9689 (26.1755)
Val:  [ 0/25]  eta: 0:00:08  loss: 0.7660 (0.7660)  accuracy: 0.6250 (0.6250)  balanced_accuracy: 0.6212 (0.6212)  time: 0.3249  data: 0.2233  max mem: 18664
Val:  [10/25]  eta: 0:00:01  loss: 0.7682 (0.7445)  accuracy: 0.5972 (0.6174)  balanced_accuracy: 0.5921 (0.6110)  time: 0.1188  data: 0.0205  max mem: 18664
Val:  [20/25]  eta: 0:00:00  loss: 0.7392 (0.7219)  accuracy: 0.6389 (0.6376)  balanced_accuracy: 0.6323 (0.6293)  time: 0.0981  data: 0.0002  max mem: 18664
Val:  [24/25]  eta: 0:00:00  loss: 0.7067 (0.7183)  accuracy: 0.6528 (0.6368)  balanced_accuracy: 0.6405 (0.6295)  time: 0.0948  data: 0.0002  max mem: 18664
Val: Total time: 0:00:02 (0.1070 s / it)
* loss 0.718
Accuracy of the network on the 1751 val EEG: 0.64%
Test:  [ 0/25]  eta: 0:00:08  loss: 0.8203 (0.8203)  accuracy: 0.5694 (0.5694)  balanced_accuracy: 0.5627 (0.5627)  time: 0.3324  data: 0.2308  max mem: 18664
Test:  [10/25]  eta: 0:00:01  loss: 0.6849 (0.6912)  accuracy: 0.6389 (0.6629)  balanced_accuracy: 0.6424 (0.6560)  time: 0.1197  data: 0.0211  max mem: 18664
Test:  [20/25]  eta: 0:00:00  loss: 0.6840 (0.6840)  accuracy: 0.6528 (0.6647)  balanced_accuracy: 0.6506 (0.6555)  time: 0.0982  data: 0.0001  max mem: 18664
Test:  [24/25]  eta: 0:00:00  loss: 0.6419 (0.6847)  accuracy: 0.6667 (0.6595)  balanced_accuracy: 0.6531 (0.6509)  time: 0.0956  data: 0.0001  max mem: 18664
Test: Total time: 0:00:02 (0.1076 s / it)
* loss 0.685
Accuracy of the network on the 1762 test EEG: 0.66%
Max accuracy val: 0.65%, max accuracy test: 0.67%
Epoch: [44]  [ 0/37]  eta: 0:00:14  lr: 0.000023  min_lr: 0.000006  loss: 0.5224 (0.5224)  class_acc: 0.8333 (0.8333)  loss_scale: 512.0000 (512.0000)  weight_decay: 0.0500 (0.0500)  grad_norm: 29.6277 (29.6277)  time: 0.4050  data: 0.1796  max mem: 18664
Epoch: [44]  [10/37]  eta: 0:00:06  lr: 0.000021  min_lr: 0.000005  loss: 0.4353 (0.4522)  class_acc: 0.8333 (0.8258)  loss_scale: 512.0000 (512.0000)  weight_decay: 0.0500 (0.0500)  grad_norm: 24.4383 (24.3802)  time: 0.2371  data: 0.0164  max mem: 18664
Epoch: [44]  [20/37]  eta: 0:00:03  lr: 0.000019  min_lr: 0.000005  loss: 0.4257 (0.4313)  class_acc: 0.8333 (0.8304)  loss_scale: 512.0000 (512.0000)  weight_decay: 0.0500 (0.0500)  grad_norm: 20.8485 (24.1750)  time: 0.2205  data: 0.0002  max mem: 18664
Epoch: [44]  [30/37]  eta: 0:00:01  lr: 0.000017  min_lr: 0.000004  loss: 0.4220 (0.4419)  class_acc: 0.8333 (0.8273)  loss_scale: 512.0000 (512.0000)  weight_decay: 0.0500 (0.0500)  grad_norm: 20.3344 (23.3873)  time: 0.2207  data: 0.0002  max mem: 18664
Epoch: [44]  [36/37]  eta: 0:00:00  lr: 0.000016  min_lr: 0.000004  loss: 0.4378 (0.4440)  class_acc: 0.7917 (0.8247)  loss_scale: 512.0000 (512.0000)  weight_decay: 0.0500 (0.0500)  grad_norm: 20.3344 (23.3829)  time: 0.2094  data: 0.0002  max mem: 18664
Epoch: [44] Total time: 0:00:08 (0.2218 s / it)
Averaged stats: lr: 0.000016  min_lr: 0.000004  loss: 0.4378 (0.4536)  class_acc: 0.7917 (0.8158)  loss_scale: 512.0000 (512.0000)  weight_decay: 0.0500 (0.0500)  grad_norm: 20.3344 (23.3829)
Val:  [ 0/25]  eta: 0:00:08  loss: 0.7837 (0.7837)  accuracy: 0.6250 (0.6250)  balanced_accuracy: 0.6189 (0.6189)  time: 0.3341  data: 0.2320  max mem: 18664
Val:  [10/25]  eta: 0:00:01  loss: 0.7837 (0.7652)  accuracy: 0.6111 (0.6199)  balanced_accuracy: 0.6014 (0.6137)  time: 0.1195  data: 0.0213  max mem: 18664
Val:  [20/25]  eta: 0:00:00  loss: 0.7673 (0.7424)  accuracy: 0.6111 (0.6336)  balanced_accuracy: 0.6111 (0.6227)  time: 0.0980  data: 0.0002  max mem: 18664
Val:  [24/25]  eta: 0:00:00  loss: 0.7292 (0.7358)  accuracy: 0.6528 (0.6374)  balanced_accuracy: 0.6405 (0.6276)  time: 0.0946  data: 0.0001  max mem: 18664
Val: Total time: 0:00:02 (0.1069 s / it)
* loss 0.736
Accuracy of the network on the 1751 val EEG: 0.64%
Test:  [ 0/25]  eta: 0:00:08  loss: 0.8461 (0.8461)  accuracy: 0.5278 (0.5278)  balanced_accuracy: 0.5217 (0.5217)  time: 0.3276  data: 0.2240  max mem: 18664
Test:  [10/25]  eta: 0:00:01  loss: 0.7372 (0.7020)  accuracy: 0.6389 (0.6591)  balanced_accuracy: 0.6455 (0.6506)  time: 0.1190  data: 0.0205  max mem: 18664
Test:  [20/25]  eta: 0:00:00  loss: 0.6983 (0.6999)  accuracy: 0.6528 (0.6581)  balanced_accuracy: 0.6478 (0.6482)  time: 0.0980  data: 0.0002  max mem: 18664
Test:  [24/25]  eta: 0:00:00  loss: 0.6912 (0.6989)  accuracy: 0.6667 (0.6544)  balanced_accuracy: 0.6573 (0.6455)  time: 0.0953  data: 0.0001  max mem: 18664
Test: Total time: 0:00:02 (0.1074 s / it)
* loss 0.699
Accuracy of the network on the 1762 test EEG: 0.65%
Max accuracy val: 0.65%, max accuracy test: 0.67%
Epoch: [45]  [ 0/37]  eta: 0:00:15  lr: 0.000016  min_lr: 0.000004  loss: 0.3207 (0.3207)  class_acc: 0.8958 (0.8958)  loss_scale: 512.0000 (512.0000)  weight_decay: 0.0500 (0.0500)  grad_norm: 14.9028 (14.9028)  time: 0.4175  data: 0.1892  max mem: 18664
Epoch: [45]  [10/37]  eta: 0:00:06  lr: 0.000014  min_lr: 0.000004  loss: 0.4516 (0.4523)  class_acc: 0.8125 (0.8125)  loss_scale: 512.0000 (512.0000)  weight_decay: 0.0500 (0.0500)  grad_norm: 37.2738 (33.1806)  time: 0.2383  data: 0.0173  max mem: 18664
Epoch: [45]  [20/37]  eta: 0:00:03  lr: 0.000013  min_lr: 0.000003  loss: 0.4659 (0.4538)  class_acc: 0.8125 (0.8145)  loss_scale: 512.0000 (512.0000)  weight_decay: 0.0500 (0.0500)  grad_norm: 27.6265 (30.9885)  time: 0.2205  data: 0.0001  max mem: 18664
Epoch: [45]  [30/37]  eta: 0:00:01  lr: 0.000011  min_lr: 0.000003  loss: 0.4648 (0.4587)  class_acc: 0.8125 (0.8152)  loss_scale: 512.0000 (512.0000)  weight_decay: 0.0500 (0.0500)  grad_norm: 23.2903 (29.5027)  time: 0.2205  data: 0.0001  max mem: 18664
Epoch: [45]  [36/37]  eta: 0:00:00  lr: 0.000011  min_lr: 0.000003  loss: 0.4600 (0.4497)  class_acc: 0.8125 (0.8189)  loss_scale: 512.0000 (512.0000)  weight_decay: 0.0500 (0.0500)  grad_norm: 23.4786 (28.9872)  time: 0.2094  data: 0.0001  max mem: 18664
Epoch: [45] Total time: 0:00:08 (0.2218 s / it)
Averaged stats: lr: 0.000011  min_lr: 0.000003  loss: 0.4600 (0.4409)  class_acc: 0.8125 (0.8237)  loss_scale: 512.0000 (512.0000)  weight_decay: 0.0500 (0.0500)  grad_norm: 23.4786 (28.9872)
Val:  [ 0/25]  eta: 0:00:07  loss: 0.7903 (0.7903)  accuracy: 0.6250 (0.6250)  balanced_accuracy: 0.6235 (0.6235)  time: 0.3180  data: 0.2158  max mem: 18664
Val:  [10/25]  eta: 0:00:01  loss: 0.7903 (0.7819)  accuracy: 0.6250 (0.6212)  balanced_accuracy: 0.6138 (0.6178)  time: 0.1181  data: 0.0198  max mem: 18664
Val:  [20/25]  eta: 0:00:00  loss: 0.7863 (0.7604)  accuracy: 0.6111 (0.6257)  balanced_accuracy: 0.6095 (0.6210)  time: 0.0979  data: 0.0001  max mem: 18664
Val:  [24/25]  eta: 0:00:00  loss: 0.7482 (0.7548)  accuracy: 0.6389 (0.6276)  balanced_accuracy: 0.6250 (0.6234)  time: 0.0945  data: 0.0001  max mem: 18664
Val: Total time: 0:00:02 (0.1064 s / it)
* loss 0.755
Accuracy of the network on the 1751 val EEG: 0.63%
Test:  [ 0/25]  eta: 0:00:07  loss: 0.8507 (0.8507)  accuracy: 0.5139 (0.5139)  balanced_accuracy: 0.5101 (0.5101)  time: 0.3030  data: 0.1997  max mem: 18664
Test:  [10/25]  eta: 0:00:01  loss: 0.7368 (0.7196)  accuracy: 0.6389 (0.6452)  balanced_accuracy: 0.6286 (0.6427)  time: 0.1169  data: 0.0183  max mem: 18664
Test:  [20/25]  eta: 0:00:00  loss: 0.7236 (0.7118)  accuracy: 0.6389 (0.6521)  balanced_accuracy: 0.6378 (0.6473)  time: 0.0981  data: 0.0001  max mem: 18664
Test:  [24/25]  eta: 0:00:00  loss: 0.6966 (0.7140)  accuracy: 0.6528 (0.6493)  balanced_accuracy: 0.6479 (0.6452)  time: 0.0954  data: 0.0001  max mem: 18664
Test: Total time: 0:00:02 (0.1069 s / it)
* loss 0.714
Accuracy of the network on the 1762 test EEG: 0.65%
Max accuracy val: 0.65%, max accuracy test: 0.67%
Epoch: [46]  [ 0/37]  eta: 0:00:15  lr: 0.000011  min_lr: 0.000003  loss: 0.5876 (0.5876)  class_acc: 0.7292 (0.7292)  loss_scale: 512.0000 (512.0000)  weight_decay: 0.0500 (0.0500)  grad_norm: 27.2521 (27.2521)  time: 0.4132  data: 0.1841  max mem: 18664
Epoch: [46]  [10/37]  eta: 0:00:06  lr: 0.000009  min_lr: 0.000002  loss: 0.4446 (0.4721)  class_acc: 0.8125 (0.8030)  loss_scale: 512.0000 (512.0000)  weight_decay: 0.0500 (0.0500)  grad_norm: 18.5810 (20.4086)  time: 0.2381  data: 0.0168  max mem: 18664
Epoch: [46]  [20/37]  eta: 0:00:03  lr: 0.000008  min_lr: 0.000002  loss: 0.4312 (0.4562)  class_acc: 0.8333 (0.8185)  loss_scale: 512.0000 (512.0000)  weight_decay: 0.0500 (0.0500)  grad_norm: 19.4020 (23.5150)  time: 0.2206  data: 0.0001  max mem: 18664
Epoch: [46]  [30/37]  eta: 0:00:01  lr: 0.000007  min_lr: 0.000002  loss: 0.4318 (0.4450)  class_acc: 0.8333 (0.8266)  loss_scale: 512.0000 (512.0000)  weight_decay: 0.0500 (0.0500)  grad_norm: 22.9633 (23.6387)  time: 0.2207  data: 0.0001  max mem: 18664
Epoch: [46]  [36/37]  eta: 0:00:00  lr: 0.000007  min_lr: 0.000002  loss: 0.4401 (0.4402)  class_acc: 0.8333 (0.8304)  loss_scale: 512.0000 (512.0000)  weight_decay: 0.0500 (0.0500)  grad_norm: 22.3102 (23.5063)  time: 0.2095  data: 0.0001  max mem: 18664
Epoch: [46] Total time: 0:00:08 (0.2220 s / it)
Averaged stats: lr: 0.000007  min_lr: 0.000002  loss: 0.4401 (0.4232)  class_acc: 0.8333 (0.8366)  loss_scale: 512.0000 (512.0000)  weight_decay: 0.0500 (0.0500)  grad_norm: 22.3102 (23.5063)
Val:  [ 0/25]  eta: 0:00:08  loss: 0.7880 (0.7880)  accuracy: 0.6250 (0.6250)  balanced_accuracy: 0.6235 (0.6235)  time: 0.3297  data: 0.2277  max mem: 18664
Val:  [10/25]  eta: 0:00:01  loss: 0.8133 (0.7973)  accuracy: 0.6250 (0.6162)  balanced_accuracy: 0.6138 (0.6127)  time: 0.1192  data: 0.0209  max mem: 18664
Val:  [20/25]  eta: 0:00:00  loss: 0.8093 (0.7765)  accuracy: 0.6111 (0.6204)  balanced_accuracy: 0.6095 (0.6154)  time: 0.0979  data: 0.0002  max mem: 18664
Val:  [24/25]  eta: 0:00:00  loss: 0.7555 (0.7698)  accuracy: 0.6250 (0.6225)  balanced_accuracy: 0.6246 (0.6180)  time: 0.0945  data: 0.0001  max mem: 18664
Val: Total time: 0:00:02 (0.1069 s / it)
* loss 0.770
Accuracy of the network on the 1751 val EEG: 0.62%
Test:  [ 0/25]  eta: 0:00:09  loss: 0.8783 (0.8783)  accuracy: 0.5139 (0.5139)  balanced_accuracy: 0.5101 (0.5101)  time: 0.3617  data: 0.2597  max mem: 18664
Test:  [10/25]  eta: 0:00:01  loss: 0.7390 (0.7368)  accuracy: 0.6528 (0.6503)  balanced_accuracy: 0.6452 (0.6470)  time: 0.1220  data: 0.0238  max mem: 18664
Test:  [20/25]  eta: 0:00:00  loss: 0.7335 (0.7256)  accuracy: 0.6528 (0.6534)  balanced_accuracy: 0.6393 (0.6482)  time: 0.0979  data: 0.0002  max mem: 18664
Test:  [24/25]  eta: 0:00:00  loss: 0.7295 (0.7300)  accuracy: 0.6528 (0.6493)  balanced_accuracy: 0.6364 (0.6446)  time: 0.0952  data: 0.0001  max mem: 18664
Test: Total time: 0:00:02 (0.1085 s / it)
* loss 0.730
Accuracy of the network on the 1762 test EEG: 0.65%
Max accuracy val: 0.65%, max accuracy test: 0.67%
Epoch: [47]  [ 0/37]  eta: 0:00:15  lr: 0.000006  min_lr: 0.000002  loss: 0.5483 (0.5483)  class_acc: 0.7292 (0.7292)  loss_scale: 512.0000 (512.0000)  weight_decay: 0.0500 (0.0500)  grad_norm: 26.6274 (26.6274)  time: 0.4132  data: 0.1874  max mem: 18664
Epoch: [47]  [10/37]  eta: 0:00:06  lr: 0.000005  min_lr: 0.000001  loss: 0.4143 (0.4026)  class_acc: 0.8333 (0.8504)  loss_scale: 512.0000 (512.0000)  weight_decay: 0.0500 (0.0500)  grad_norm: 18.1381 (21.4201)  time: 0.2382  data: 0.0172  max mem: 18664
Epoch: [47]  [20/37]  eta: 0:00:03  lr: 0.000005  min_lr: 0.000001  loss: 0.3831 (0.3902)  class_acc: 0.8542 (0.8542)  loss_scale: 512.0000 (512.0000)  weight_decay: 0.0500 (0.0500)  grad_norm: 24.4485 (26.4670)  time: 0.2207  data: 0.0001  max mem: 18664
Epoch: [47]  [30/37]  eta: 0:00:01  lr: 0.000004  min_lr: 0.000001  loss: 0.4457 (0.4229)  class_acc: 0.8125 (0.8340)  loss_scale: 512.0000 (512.0000)  weight_decay: 0.0500 (0.0500)  grad_norm: 34.5259 (30.2781)  time: 0.2207  data: 0.0001  max mem: 18664
Epoch: [47]  [36/37]  eta: 0:00:00  lr: 0.000003  min_lr: 0.000001  loss: 0.4468 (0.4205)  class_acc: 0.8333 (0.8368)  loss_scale: 512.0000 (512.0000)  weight_decay: 0.0500 (0.0500)  grad_norm: 33.5405 (29.2010)  time: 0.2094  data: 0.0001  max mem: 18664
Epoch: [47] Total time: 0:00:08 (0.2222 s / it)
Averaged stats: lr: 0.000003  min_lr: 0.000001  loss: 0.4468 (0.4172)  class_acc: 0.8333 (0.8422)  loss_scale: 512.0000 (512.0000)  weight_decay: 0.0500 (0.0500)  grad_norm: 33.5405 (29.2010)
Val:  [ 0/25]  eta: 0:00:08  loss: 0.8236 (0.8236)  accuracy: 0.6250 (0.6250)  balanced_accuracy: 0.6235 (0.6235)  time: 0.3313  data: 0.2309  max mem: 18664
Val:  [10/25]  eta: 0:00:01  loss: 0.8271 (0.8065)  accuracy: 0.6111 (0.6111)  balanced_accuracy: 0.6006 (0.6076)  time: 0.1193  data: 0.0211  max mem: 18664
Val:  [20/25]  eta: 0:00:00  loss: 0.8113 (0.7852)  accuracy: 0.6111 (0.6190)  balanced_accuracy: 0.6006 (0.6144)  time: 0.0980  data: 0.0002  max mem: 18664
Val:  [24/25]  eta: 0:00:00  loss: 0.7824 (0.7804)  accuracy: 0.6250 (0.6196)  balanced_accuracy: 0.6250 (0.6153)  time: 0.0946  data: 0.0001  max mem: 18664
Val: Total time: 0:00:02 (0.1072 s / it)
* loss 0.780
Accuracy of the network on the 1751 val EEG: 0.62%
Test:  [ 0/25]  eta: 0:00:08  loss: 0.9042 (0.9042)  accuracy: 0.5139 (0.5139)  balanced_accuracy: 0.5101 (0.5101)  time: 0.3362  data: 0.2341  max mem: 18664
Test:  [10/25]  eta: 0:00:01  loss: 0.7490 (0.7466)  accuracy: 0.6528 (0.6402)  balanced_accuracy: 0.6452 (0.6373)  time: 0.1199  data: 0.0214  max mem: 18664
Test:  [20/25]  eta: 0:00:00  loss: 0.7385 (0.7328)  accuracy: 0.6389 (0.6462)  balanced_accuracy: 0.6378 (0.6417)  time: 0.0981  data: 0.0002  max mem: 18664
Test:  [24/25]  eta: 0:00:00  loss: 0.7363 (0.7386)  accuracy: 0.6389 (0.6425)  balanced_accuracy: 0.6378 (0.6386)  time: 0.0954  data: 0.0001  max mem: 18664
Test: Total time: 0:00:02 (0.1094 s / it)
* loss 0.739
Accuracy of the network on the 1762 test EEG: 0.64%
Max accuracy val: 0.65%, max accuracy test: 0.67%
Epoch: [48]  [ 0/37]  eta: 0:00:15  lr: 0.000003  min_lr: 0.000001  loss: 0.2665 (0.2665)  class_acc: 0.9583 (0.9583)  loss_scale: 512.0000 (512.0000)  weight_decay: 0.0500 (0.0500)  grad_norm: 13.9707 (13.9707)  time: 0.4176  data: 0.1923  max mem: 18664
Epoch: [48]  [10/37]  eta: 0:00:06  lr: 0.000003  min_lr: 0.000001  loss: 0.4211 (0.4206)  class_acc: 0.8542 (0.8485)  loss_scale: 512.0000 (512.0000)  weight_decay: 0.0500 (0.0500)  grad_norm: 27.0515 (28.1316)  time: 0.2388  data: 0.0176  max mem: 18664
Epoch: [48]  [20/37]  eta: 0:00:03  lr: 0.000002  min_lr: 0.000001  loss: 0.3787 (0.3944)  class_acc: 0.8750 (0.8591)  loss_scale: 512.0000 (512.0000)  weight_decay: 0.0500 (0.0500)  grad_norm: 32.5877 (31.0555)  time: 0.2209  data: 0.0001  max mem: 18664
Epoch: [48]  [30/37]  eta: 0:00:01  lr: 0.000002  min_lr: 0.000000  loss: 0.3787 (0.4064)  class_acc: 0.8750 (0.8522)  loss_scale: 512.0000 (512.0000)  weight_decay: 0.0500 (0.0500)  grad_norm: 25.0420 (27.9260)  time: 0.2207  data: 0.0001  max mem: 18664
Epoch: [48]  [36/37]  eta: 0:00:00  lr: 0.000002  min_lr: 0.000000  loss: 0.3951 (0.4013)  class_acc: 0.8542 (0.8547)  loss_scale: 512.0000 (512.0000)  weight_decay: 0.0500 (0.0500)  grad_norm: 21.7886 (26.5847)  time: 0.2095  data: 0.0001  max mem: 18664
Epoch: [48] Total time: 0:00:08 (0.2223 s / it)
Averaged stats: lr: 0.000002  min_lr: 0.000000  loss: 0.3951 (0.4099)  class_acc: 0.8542 (0.8468)  loss_scale: 512.0000 (512.0000)  weight_decay: 0.0500 (0.0500)  grad_norm: 21.7886 (26.5847)
Val:  [ 0/25]  eta: 0:00:08  loss: 0.8019 (0.8019)  accuracy: 0.6250 (0.6250)  balanced_accuracy: 0.6235 (0.6235)  time: 0.3239  data: 0.2224  max mem: 18664
Val:  [10/25]  eta: 0:00:01  loss: 0.8237 (0.8089)  accuracy: 0.6250 (0.6136)  balanced_accuracy: 0.6138 (0.6108)  time: 0.1186  data: 0.0204  max mem: 18664
Val:  [20/25]  eta: 0:00:00  loss: 0.8117 (0.7886)  accuracy: 0.6111 (0.6184)  balanced_accuracy: 0.5973 (0.6146)  time: 0.0981  data: 0.0001  max mem: 18664
Val:  [24/25]  eta: 0:00:00  loss: 0.7747 (0.7817)  accuracy: 0.6250 (0.6214)  balanced_accuracy: 0.6246 (0.6180)  time: 0.0947  data: 0.0001  max mem: 18664
Val: Total time: 0:00:02 (0.1075 s / it)
* loss 0.782
Accuracy of the network on the 1751 val EEG: 0.62%
Test:  [ 0/25]  eta: 0:00:08  loss: 0.9072 (0.9072)  accuracy: 0.5000 (0.5000)  balanced_accuracy: 0.4969 (0.4969)  time: 0.3278  data: 0.2256  max mem: 18664
Test:  [10/25]  eta: 0:00:01  loss: 0.7507 (0.7475)  accuracy: 0.6528 (0.6402)  balanced_accuracy: 0.6452 (0.6385)  time: 0.1189  data: 0.0207  max mem: 18664
Test:  [20/25]  eta: 0:00:00  loss: 0.7407 (0.7347)  accuracy: 0.6528 (0.6495)  balanced_accuracy: 0.6479 (0.6456)  time: 0.0979  data: 0.0001  max mem: 18664
Test:  [24/25]  eta: 0:00:00  loss: 0.7404 (0.7407)  accuracy: 0.6528 (0.6453)  balanced_accuracy: 0.6479 (0.6420)  time: 0.0953  data: 0.0001  max mem: 18664
Test: Total time: 0:00:02 (0.1081 s / it)
* loss 0.741
Accuracy of the network on the 1762 test EEG: 0.65%
Max accuracy val: 0.65%, max accuracy test: 0.67%
Epoch: [49]  [ 0/37]  eta: 0:00:15  lr: 0.000002  min_lr: 0.000000  loss: 0.5707 (0.5707)  class_acc: 0.7500 (0.7500)  loss_scale: 512.0000 (512.0000)  weight_decay: 0.0500 (0.0500)  grad_norm: 17.1798 (17.1798)  time: 0.4253  data: 0.1992  max mem: 18664
Epoch: [49]  [10/37]  eta: 0:00:06  lr: 0.000001  min_lr: 0.000000  loss: 0.4562 (0.4254)  class_acc: 0.8125 (0.8314)  loss_scale: 512.0000 (512.0000)  weight_decay: 0.0500 (0.0500)  grad_norm: 21.9263 (21.4875)  time: 0.2391  data: 0.0183  max mem: 18664
Epoch: [49]  [20/37]  eta: 0:00:03  lr: 0.000001  min_lr: 0.000000  loss: 0.3909 (0.4215)  class_acc: 0.8333 (0.8353)  loss_scale: 512.0000 (512.0000)  weight_decay: 0.0500 (0.0500)  grad_norm: 20.9716 (21.1224)  time: 0.2205  data: 0.0002  max mem: 18664
Epoch: [49]  [30/37]  eta: 0:00:01  lr: 0.000001  min_lr: 0.000000  loss: 0.3643 (0.3958)  class_acc: 0.8750 (0.8508)  loss_scale: 512.0000 (512.0000)  weight_decay: 0.0500 (0.0500)  grad_norm: 16.1693 (20.9914)  time: 0.2207  data: 0.0001  max mem: 18664
Epoch: [49]  [36/37]  eta: 0:00:00  lr: 0.000001  min_lr: 0.000000  loss: 0.3643 (0.3994)  class_acc: 0.8750 (0.8495)  loss_scale: 512.0000 (512.0000)  weight_decay: 0.0500 (0.0500)  grad_norm: 16.2028 (20.9619)  time: 0.2096  data: 0.0001  max mem: 18664
Epoch: [49] Total time: 0:00:08 (0.2222 s / it)
Averaged stats: lr: 0.000001  min_lr: 0.000000  loss: 0.3643 (0.4090)  class_acc: 0.8750 (0.8495)  loss_scale: 512.0000 (512.0000)  weight_decay: 0.0500 (0.0500)  grad_norm: 16.2028 (20.9619)
Val:  [ 0/25]  eta: 0:00:08  loss: 0.8045 (0.8045)  accuracy: 0.6250 (0.6250)  balanced_accuracy: 0.6235 (0.6235)  time: 0.3304  data: 0.2295  max mem: 18664
Val:  [10/25]  eta: 0:00:01  loss: 0.8281 (0.8105)  accuracy: 0.6250 (0.6162)  balanced_accuracy: 0.6138 (0.6128)  time: 0.1194  data: 0.0210  max mem: 18664
Val:  [20/25]  eta: 0:00:00  loss: 0.8199 (0.7906)  accuracy: 0.6250 (0.6210)  balanced_accuracy: 0.6042 (0.6163)  time: 0.0981  data: 0.0002  max mem: 18664
Val:  [24/25]  eta: 0:00:00  loss: 0.7857 (0.7842)  accuracy: 0.6250 (0.6219)  balanced_accuracy: 0.6139 (0.6178)  time: 0.0948  data: 0.0002  max mem: 18664
Val: Total time: 0:00:02 (0.1077 s / it)
* loss 0.784
Accuracy of the network on the 1751 val EEG: 0.62%
Test:  [ 0/25]  eta: 0:00:08  loss: 0.9072 (0.9072)  accuracy: 0.5000 (0.5000)  balanced_accuracy: 0.4969 (0.4969)  time: 0.3305  data: 0.2289  max mem: 18664
Test:  [10/25]  eta: 0:00:01  loss: 0.7580 (0.7492)  accuracy: 0.6528 (0.6402)  balanced_accuracy: 0.6452 (0.6380)  time: 0.1193  data: 0.0210  max mem: 18664
Test:  [20/25]  eta: 0:00:00  loss: 0.7391 (0.7358)  accuracy: 0.6528 (0.6488)  balanced_accuracy: 0.6452 (0.6441)  time: 0.0980  data: 0.0002  max mem: 18664
Test:  [24/25]  eta: 0:00:00  loss: 0.7384 (0.7420)  accuracy: 0.6528 (0.6447)  balanced_accuracy: 0.6452 (0.6407)  time: 0.0954  data: 0.0001  max mem: 18664
Test: Total time: 0:00:02 (0.1074 s / it)
* loss 0.742
Accuracy of the network on the 1762 test EEG: 0.64%
Max accuracy val: 0.65%, max accuracy test: 0.67%
Training time 0:11:22
[rank2]: Traceback (most recent call last):
[rank2]:   File "/home/yeqi3/cyr/code/LaBraM/run_class_finetuning.py", line 679, in <module>
[rank2]:     main(opts, ds_init)
[rank2]:   File "/home/yeqi3/cyr/code/LaBraM/run_class_finetuning.py", line 313, in main
[rank2]:     fold_result = main(fold_args, ds_init)
[rank2]:   File "/home/yeqi3/cyr/code/LaBraM/run_class_finetuning.py", line 322, in main
[rank2]:     utils.init_distributed_mode(args)
[rank2]:   File "/home/yeqi3/cyr/code/LaBraM/utils.py", line 435, in init_distributed_mode
[rank2]:     torch.distributed.init_process_group(backend=args.dist_backend, init_method=args.dist_url,
[rank2]:   File "/home/yeqi3/anaconda3/envs/cyr/lib/python3.10/site-packages/torch/distributed/c10d_logger.py", line 83, in wrapper
[rank2]:     return func(*args, **kwargs)
[rank2]:   File "/home/yeqi3/anaconda3/envs/cyr/lib/python3.10/site-packages/torch/distributed/c10d_logger.py", line 97, in wrapper
[rank2]:     func_return = func(*args, **kwargs)
[rank2]:   File "/home/yeqi3/anaconda3/envs/cyr/lib/python3.10/site-packages/torch/distributed/distributed_c10d.py", line 1454, in init_process_group
[rank2]:     raise ValueError("trying to initialize the default process group twice!")
[rank2]: ValueError: trying to initialize the default process group twice!
[rank1]: Traceback (most recent call last):
[rank1]:   File "/home/yeqi3/cyr/code/LaBraM/run_class_finetuning.py", line 679, in <module>
[rank1]:     main(opts, ds_init)
[rank1]:   File "/home/yeqi3/cyr/code/LaBraM/run_class_finetuning.py", line 313, in main
[rank1]:     fold_result = main(fold_args, ds_init)
[rank1]:   File "/home/yeqi3/cyr/code/LaBraM/run_class_finetuning.py", line 322, in main
[rank1]:     utils.init_distributed_mode(args)
[rank1]:   File "/home/yeqi3/cyr/code/LaBraM/utils.py", line 435, in init_distributed_mode
[rank1]:     torch.distributed.init_process_group(backend=args.dist_backend, init_method=args.dist_url,
[rank1]:   File "/home/yeqi3/anaconda3/envs/cyr/lib/python3.10/site-packages/torch/distributed/c10d_logger.py", line 83, in wrapper
[rank1]:     return func(*args, **kwargs)
[rank1]:   File "/home/yeqi3/anaconda3/envs/cyr/lib/python3.10/site-packages/torch/distributed/c10d_logger.py", line 97, in wrapper
[rank1]:     func_return = func(*args, **kwargs)
[rank1]:   File "/home/yeqi3/anaconda3/envs/cyr/lib/python3.10/site-packages/torch/distributed/distributed_c10d.py", line 1454, in init_process_group
[rank1]:     raise ValueError("trying to initialize the default process group twice!")
[rank1]: ValueError: trying to initialize the default process group twice!
========== Running fold 1 / 5 ==========
| distributed init (rank 0): env://, gpu 0
[rank0]: Traceback (most recent call last):
[rank0]:   File "/home/yeqi3/cyr/code/LaBraM/run_class_finetuning.py", line 679, in <module>
[rank0]:     main(opts, ds_init)
[rank0]:   File "/home/yeqi3/cyr/code/LaBraM/run_class_finetuning.py", line 313, in main
[rank0]:     fold_result = main(fold_args, ds_init)
[rank0]:   File "/home/yeqi3/cyr/code/LaBraM/run_class_finetuning.py", line 322, in main
[rank0]:     utils.init_distributed_mode(args)
[rank0]:   File "/home/yeqi3/cyr/code/LaBraM/utils.py", line 435, in init_distributed_mode
[rank0]:     torch.distributed.init_process_group(backend=args.dist_backend, init_method=args.dist_url,
[rank0]:   File "/home/yeqi3/anaconda3/envs/cyr/lib/python3.10/site-packages/torch/distributed/c10d_logger.py", line 83, in wrapper
[rank0]:     return func(*args, **kwargs)
[rank0]:   File "/home/yeqi3/anaconda3/envs/cyr/lib/python3.10/site-packages/torch/distributed/c10d_logger.py", line 97, in wrapper
[rank0]:     func_return = func(*args, **kwargs)
[rank0]:   File "/home/yeqi3/anaconda3/envs/cyr/lib/python3.10/site-packages/torch/distributed/distributed_c10d.py", line 1454, in init_process_group
[rank0]:     raise ValueError("trying to initialize the default process group twice!")
[rank0]: ValueError: trying to initialize the default process group twice!
[rank0]:[W1103 11:28:41.428743376 ProcessGroupNCCL.cpp:1250] Warning: WARNING: process group has NOT been destroyed before we destruct ProcessGroupNCCL. On normal program exit, the application should call destroy_process_group to ensure that any pending NCCL operations have finished in this process. In rare cases this process can exit before this point and block the progress of another member of the process group. This constraint has always been present,  but this warning has only been added since PyTorch 2.4 (function operator())
W1103 11:28:42.802000 1982921 site-packages/torch/distributed/elastic/multiprocessing/api.py:897] Sending process 1982975 closing signal SIGTERM
W1103 11:28:42.803000 1982921 site-packages/torch/distributed/elastic/multiprocessing/api.py:897] Sending process 1982977 closing signal SIGTERM
E1103 11:28:43.167000 1982921 site-packages/torch/distributed/elastic/multiprocessing/api.py:869] failed (exitcode: 1) local_rank: 1 (pid: 1982976) of binary: /home/yeqi3/anaconda3/envs/cyr/bin/python
Traceback (most recent call last):
  File "/home/yeqi3/anaconda3/envs/cyr/bin/torchrun", line 8, in <module>
    sys.exit(main())
  File "/home/yeqi3/anaconda3/envs/cyr/lib/python3.10/site-packages/torch/distributed/elastic/multiprocessing/errors/__init__.py", line 355, in wrapper
    return f(*args, **kwargs)
  File "/home/yeqi3/anaconda3/envs/cyr/lib/python3.10/site-packages/torch/distributed/run.py", line 919, in main
    run(args)
  File "/home/yeqi3/anaconda3/envs/cyr/lib/python3.10/site-packages/torch/distributed/run.py", line 910, in run
    elastic_launch(
  File "/home/yeqi3/anaconda3/envs/cyr/lib/python3.10/site-packages/torch/distributed/launcher/api.py", line 138, in __call__
    return launch_agent(self._config, self._entrypoint, list(args))
  File "/home/yeqi3/anaconda3/envs/cyr/lib/python3.10/site-packages/torch/distributed/launcher/api.py", line 269, in launch_agent
    raise ChildFailedError(
torch.distributed.elastic.multiprocessing.errors.ChildFailedError: 
============================================================
/home/yeqi3/cyr/code/LaBraM/run_class_finetuning.py FAILED
------------------------------------------------------------
Failures:
  <NO_OTHER_FAILURES>
------------------------------------------------------------
Root Cause (first observed failure):
[0]:
  time      : 2025-11-03_11:28:42
  host      : scnumath
  rank      : 1 (local_rank: 1)
  exitcode  : 1 (pid: 1982976)
  error_file: <N/A>
  traceback : To enable traceback see: https://pytorch.org/docs/stable/elastic/errors.html
============================================================
[WARN] 子任务失败（read），返回码 1。继续下一个数据集。

========== Launch ==========
[DATASET ] type
[DATAROOT] /usr/data/yeqi3/labram_fold/type
[OUTPUT  ] /usr/data/yeqi3/LaBraM_log/multids/cv/type
[LOG     ] /usr/data/yeqi3/LaBraM_log/multids/log/type
/home/yeqi3/anaconda3/envs/cyr/bin/torchrun --nproc_per_node=3 /home/yeqi3/cyr/code/LaBraM/run_class_finetuning.py --dataset MATH_KFOLD --data_root /usr/data/yeqi3/labram_fold/type --kfold_num 5 --nb_classes 1 --model labram_base_patch200_200 --input_size 200 --batch_size 48 --epochs 50 --lr 0.0005 --warmup_epochs 5 --layer_decay 0.9 --drop_path 0.1 --update_freq 1 --save_ckpt_freq 9999 --num_workers 4 --seed 42 --output_dir /usr/data/yeqi3/LaBraM_log/multids/cv/type --log_dir /usr/data/yeqi3/LaBraM_log/multids/log/type --disable_rel_pos_bias --abs_pos_emb --disable_qkv_bias --finetune /home/yeqi3/cyr/code/LaBraM/checkpoints/labram-base.pth
============================

========== Running fold 0 / 5 ==========
========== Running fold 0 / 5 ==========
========== Running fold 0 / 5 ==========
| distributed init (rank 0): env://, gpu 0
[W1103 11:28:48.627614177 CUDAAllocatorConfig.h:28] Warning: expandable_segments not supported on this platform (function operator())
| distributed init (rank 1): env://, gpu 1
[W1103 11:28:48.719878076 CUDAAllocatorConfig.h:28] Warning: expandable_segments not supported on this platform (function operator())
| distributed init (rank 2): env://, gpu 2
[W1103 11:28:48.744553912 CUDAAllocatorConfig.h:28] Warning: expandable_segments not supported on this platform (function operator())
[rank0]:[W1103 11:28:49.970436641 ProcessGroupNCCL.cpp:4115] [PG ID 0 PG GUID 0 Rank 0]  using GPU 0 to perform barrier as devices used by this process are currently unknown. This can potentially cause a hang if this rank to GPU mapping is incorrect.Specify device_ids in barrier() to force use of a particular device,or call init_process_group() with a device_id.
[rank2]:[W1103 11:28:49.100661914 ProcessGroupNCCL.cpp:4115] [PG ID 0 PG GUID 0 Rank 2]  using GPU 2 to perform barrier as devices used by this process are currently unknown. This can potentially cause a hang if this rank to GPU mapping is incorrect.Specify device_ids in barrier() to force use of a particular device,or call init_process_group() with a device_id.
[rank1]:[W1103 11:28:49.129464984 ProcessGroupNCCL.cpp:4115] [PG ID 0 PG GUID 0 Rank 1]  using GPU 1 to perform barrier as devices used by this process are currently unknown. This can potentially cause a hang if this rank to GPU mapping is incorrect.Specify device_ids in barrier() to force use of a particular device,or call init_process_group() with a device_id.
Namespace(batch_size=48, epochs=50, update_freq=1, save_ckpt_freq=9999, robust_test=None, model='labram_base_patch200_200', qkv_bias=False, rel_pos_bias=False, abs_pos_emb=True, layer_scale_init_value=0.1, input_size=200, drop=0.0, attn_drop_rate=0.0, drop_path=0.1, disable_eval_during_finetuning=False, model_ema=False, model_ema_decay=0.9999, model_ema_force_cpu=False, opt='adamw', opt_eps=1e-08, opt_betas=None, clip_grad=None, momentum=0.9, weight_decay=0.05, weight_decay_end=None, lr=0.0005, layer_decay=0.9, warmup_lr=1e-06, min_lr=1e-06, warmup_epochs=5, warmup_steps=-1, smoothing=0.1, reprob=0.25, remode='pixel', recount=1, resplit=False, finetune='/home/yeqi3/cyr/code/LaBraM/checkpoints/labram-base.pth', model_key='model|module', model_prefix='', model_filter_name='gzp', init_scale=0.001, use_mean_pooling=True, disable_weight_decay_on_rel_pos_bias=False, nb_classes=1, output_dir='/usr/data/yeqi3/LaBraM_log/multids/cv/type/fold_0', log_dir='/usr/data/yeqi3/LaBraM_log/multids/log/type/fold_0', device='cuda', seed=42, resume='', auto_resume=True, save_ckpt=True, start_epoch=0, eval=False, dist_eval=False, num_workers=4, pin_mem=True, world_size=3, local_rank=-1, dist_on_itp=False, dist_url='env://', enable_deepspeed=False, dataset='MATH_KFOLD', data_root='/usr/data/yeqi3/labram_fold/type', kfold_num=5, fold_index=0, rank=0, gpu=0, distributed=True, dist_backend='nccl')
Sampler_train = <torch.utils.data.distributed.DistributedSampler object at 0x7f38ccb863e0>
Patch size = 200
Load ckpt from /home/yeqi3/cyr/code/LaBraM/checkpoints/labram-base.pth
Load state_dict by model_key = model
Weights of NeuralTransformer not initialized from pretrained model: ['fc_norm.weight', 'fc_norm.bias', 'head.weight', 'head.bias']
Weights from pretrained model not used in NeuralTransformer: ['mask_token', 'lm_head.weight', 'lm_head.bias', 'norm.weight', 'norm.bias']
number of params: 5820137
LR = 0.00050000
Batch size = 144
Update frequent = 1
Number of training examples = 4206
Number of training training per epoch = 29
Assigned values = [0.2541865828329001, 0.2824295364810001, 0.31381059609000006, 0.3486784401000001, 0.3874204890000001, 0.4304672100000001, 0.4782969000000001, 0.531441, 0.5904900000000001, 0.6561, 0.7290000000000001, 0.81, 0.9, 1.0]
Skip weight decay name marked in model: {'pos_embed', 'time_embed', 'cls_token'}
Optimizer config: {'lr': 0.0005, 'weight_decay': 0.0, 'eps': 1e-08}
Use step level LR scheduler!
Set warmup steps = 145
Set warmup steps = 0
Max WD = 0.0500000, Min WD = 0.0500000
criterion = BCEWithLogitsLoss()
Auto resume checkpoint: /usr/data/yeqi3/LaBraM_log/multids/cv/type/fold_0/checkpoint.pth
Resume checkpoint /usr/data/yeqi3/LaBraM_log/multids/cv/type/fold_0/checkpoint.pth
Resume checkpoint at epoch 0
With optim & sched!
Start training for 50 epochs
[rank0]:[W1103 11:28:50.334971398 reducer.cpp:1400] Warning: find_unused_parameters=True was specified in DDP constructor, but did not find any unused parameters in the forward pass. This flag results in an extra traversal of the autograd graph every iteration,  which can adversely affect performance. If your model indeed never has any unused parameters in the forward pass, consider turning this flag off. Note that this warning may be a false positive if your model has flow control causing later iterations to have unused parameters. (function operator())
[rank2]:[W1103 11:28:50.336270386 reducer.cpp:1400] Warning: find_unused_parameters=True was specified in DDP constructor, but did not find any unused parameters in the forward pass. This flag results in an extra traversal of the autograd graph every iteration,  which can adversely affect performance. If your model indeed never has any unused parameters in the forward pass, consider turning this flag off. Note that this warning may be a false positive if your model has flow control causing later iterations to have unused parameters. (function operator())
[rank1]:[W1103 11:28:50.336506911 reducer.cpp:1400] Warning: find_unused_parameters=True was specified in DDP constructor, but did not find any unused parameters in the forward pass. This flag results in an extra traversal of the autograd graph every iteration,  which can adversely affect performance. If your model indeed never has any unused parameters in the forward pass, consider turning this flag off. Note that this warning may be a false positive if your model has flow control causing later iterations to have unused parameters. (function operator())
Epoch: [1]  [ 0/30]  eta: 0:00:33  lr: 0.000101  min_lr: 0.000026  loss: 0.6740 (0.6740)  class_acc: 0.6250 (0.6250)  loss_scale: 16384.0000 (16384.0000)  weight_decay: 0.0500 (0.0500)  grad_norm: 1.4476 (1.4476)  time: 1.1232  data: 0.1683  max mem: 9952
Epoch: [1]  [10/30]  eta: 0:00:04  lr: 0.000135  min_lr: 0.000034  loss: 0.6632 (0.6617)  class_acc: 0.6458 (0.6345)  loss_scale: 16384.0000 (16384.0000)  weight_decay: 0.0500 (0.0500)  grad_norm: 0.7112 (0.8221)  time: 0.2307  data: 0.0154  max mem: 9952
Epoch: [1]  [20/30]  eta: 0:00:01  lr: 0.000170  min_lr: 0.000043  loss: 0.6617 (0.6638)  class_acc: 0.6250 (0.6260)  loss_scale: 16384.0000 (16384.0000)  weight_decay: 0.0500 (0.0500)  grad_norm: 0.4677 (0.6527)  time: 0.1350  data: 0.0001  max mem: 9952
Epoch: [1]  [29/30]  eta: 0:00:00  lr: 0.000198  min_lr: 0.000050  loss: 0.6508 (0.6577)  class_acc: 0.6250 (0.6358)  loss_scale: 16384.0000 (16384.0000)  weight_decay: 0.0500 (0.0500)  grad_norm: 0.2945 (0.5823)  time: 0.1220  data: 0.0001  max mem: 9952
Epoch: [1] Total time: 0:00:04 (0.1637 s / it)
Averaged stats: lr: 0.000198  min_lr: 0.000050  loss: 0.6508 (0.6550)  class_acc: 0.6250 (0.6427)  loss_scale: 16384.0000 (16384.0000)  weight_decay: 0.0500 (0.0500)  grad_norm: 0.2945 (0.5823)
Val:  [ 0/20]  eta: 0:00:09  loss: 0.6457 (0.6457)  accuracy: 0.6528 (0.6528)  balanced_accuracy: 0.5000 (0.5000)  time: 0.4524  data: 0.1699  max mem: 9952
Val:  [10/20]  eta: 0:00:01  loss: 0.6549 (0.6557)  accuracy: 0.6389 (0.6376)  balanced_accuracy: 0.5000 (0.5000)  time: 0.1100  data: 0.0156  max mem: 9952
Val:  [19/20]  eta: 0:00:00  loss: 0.6548 (0.6551)  accuracy: 0.6389 (0.6384)  balanced_accuracy: 0.5000 (0.5000)  time: 0.0843  data: 0.0086  max mem: 9952
Val: Total time: 0:00:01 (0.0884 s / it)
* loss 0.655
Accuracy of the network on the 1416 val EEG: 0.64%
Test:  [ 0/20]  eta: 0:00:04  loss: 0.6367 (0.6367)  accuracy: 0.6667 (0.6667)  balanced_accuracy: 0.5000 (0.5000)  time: 0.2239  data: 0.1639  max mem: 9952
Test:  [10/20]  eta: 0:00:00  loss: 0.6367 (0.6515)  accuracy: 0.6667 (0.6439)  balanced_accuracy: 0.5000 (0.5000)  time: 0.0706  data: 0.0150  max mem: 9952
Test:  [19/20]  eta: 0:00:00  loss: 0.6638 (0.6568)  accuracy: 0.6250 (0.6362)  balanced_accuracy: 0.5000 (0.5000)  time: 0.0664  data: 0.0083  max mem: 9952
Test: Total time: 0:00:01 (0.0703 s / it)
* loss 0.657
Accuracy of the network on the 1424 test EEG: 0.64%
Max accuracy val: 0.64%, max accuracy test: 0.64%
Epoch: [2]  [ 0/30]  eta: 0:00:08  lr: 0.000201  min_lr: 0.000051  loss: 0.7441 (0.7441)  class_acc: 0.5000 (0.5000)  loss_scale: 16384.0000 (16384.0000)  weight_decay: 0.0500 (0.0500)  grad_norm: 0.3873 (0.3873)  time: 0.2942  data: 0.1388  max mem: 9952
Epoch: [2]  [10/30]  eta: 0:00:02  lr: 0.000236  min_lr: 0.000060  loss: 0.6514 (0.6601)  class_acc: 0.6458 (0.6345)  loss_scale: 16384.0000 (16384.0000)  weight_decay: 0.0500 (0.0500)  grad_norm: 0.4996 (0.5869)  time: 0.1439  data: 0.0127  max mem: 9952
Epoch: [2]  [20/30]  eta: 0:00:01  lr: 0.000271  min_lr: 0.000069  loss: 0.6395 (0.6501)  class_acc: 0.6667 (0.6498)  loss_scale: 16384.0000 (16384.0000)  weight_decay: 0.0500 (0.0500)  grad_norm: 0.5195 (0.6168)  time: 0.1287  data: 0.0001  max mem: 9952
Epoch: [2]  [29/30]  eta: 0:00:00  lr: 0.000299  min_lr: 0.000076  loss: 0.6384 (0.6486)  class_acc: 0.6667 (0.6516)  loss_scale: 16384.0000 (16384.0000)  weight_decay: 0.0500 (0.0500)  grad_norm: 0.4627 (0.5689)  time: 0.1220  data: 0.0001  max mem: 9952
Epoch: [2] Total time: 0:00:03 (0.1329 s / it)
Averaged stats: lr: 0.000299  min_lr: 0.000076  loss: 0.6384 (0.6529)  class_acc: 0.6667 (0.6427)  loss_scale: 16384.0000 (16384.0000)  weight_decay: 0.0500 (0.0500)  grad_norm: 0.4627 (0.5689)
Val:  [ 0/20]  eta: 0:00:05  loss: 0.6457 (0.6457)  accuracy: 0.6528 (0.6528)  balanced_accuracy: 0.5000 (0.5000)  time: 0.2661  data: 0.2048  max mem: 9952
Val:  [10/20]  eta: 0:00:00  loss: 0.6542 (0.6549)  accuracy: 0.6389 (0.6376)  balanced_accuracy: 0.5000 (0.5000)  time: 0.0743  data: 0.0188  max mem: 9952
Val:  [19/20]  eta: 0:00:00  loss: 0.6542 (0.6543)  accuracy: 0.6389 (0.6384)  balanced_accuracy: 0.5000 (0.5000)  time: 0.0647  data: 0.0104  max mem: 9952
Val: Total time: 0:00:01 (0.0675 s / it)
* loss 0.654
Accuracy of the network on the 1416 val EEG: 0.64%
Test:  [ 0/20]  eta: 0:00:05  loss: 0.6361 (0.6361)  accuracy: 0.6667 (0.6667)  balanced_accuracy: 0.5000 (0.5000)  time: 0.2514  data: 0.1901  max mem: 9952
Test:  [10/20]  eta: 0:00:00  loss: 0.6362 (0.6509)  accuracy: 0.6667 (0.6439)  balanced_accuracy: 0.5000 (0.5000)  time: 0.0731  data: 0.0174  max mem: 9952
Test:  [19/20]  eta: 0:00:00  loss: 0.6623 (0.6560)  accuracy: 0.6250 (0.6362)  balanced_accuracy: 0.5000 (0.5000)  time: 0.0642  data: 0.0096  max mem: 9952
Test: Total time: 0:00:01 (0.0693 s / it)
* loss 0.656
Accuracy of the network on the 1424 test EEG: 0.64%
Max accuracy val: 0.64%, max accuracy test: 0.64%
Epoch: [3]  [ 0/30]  eta: 0:00:08  lr: 0.000302  min_lr: 0.000077  loss: 0.7300 (0.7300)  class_acc: 0.5208 (0.5208)  loss_scale: 16384.0000 (16384.0000)  weight_decay: 0.0500 (0.0500)  grad_norm: 0.7186 (0.7186)  time: 0.2788  data: 0.1437  max mem: 9952
Epoch: [3]  [10/30]  eta: 0:00:02  lr: 0.000337  min_lr: 0.000086  loss: 0.6315 (0.6453)  class_acc: 0.6875 (0.6572)  loss_scale: 16384.0000 (16384.0000)  weight_decay: 0.0500 (0.0500)  grad_norm: 0.3830 (0.4365)  time: 0.1424  data: 0.0132  max mem: 9952
Epoch: [3]  [20/30]  eta: 0:00:01  lr: 0.000372  min_lr: 0.000094  loss: 0.6506 (0.6509)  class_acc: 0.6458 (0.6468)  loss_scale: 16384.0000 (16384.0000)  weight_decay: 0.0500 (0.0500)  grad_norm: 0.3307 (0.4483)  time: 0.1285  data: 0.0002  max mem: 9952
Epoch: [3]  [29/30]  eta: 0:00:00  lr: 0.000399  min_lr: 0.000101  loss: 0.6584 (0.6498)  class_acc: 0.6250 (0.6494)  loss_scale: 16384.0000 (16384.0000)  weight_decay: 0.0500 (0.0500)  grad_norm: 0.3619 (0.5151)  time: 0.1216  data: 0.0001  max mem: 9952
Epoch: [3] Total time: 0:00:03 (0.1321 s / it)
Averaged stats: lr: 0.000399  min_lr: 0.000101  loss: 0.6584 (0.6515)  class_acc: 0.6250 (0.6427)  loss_scale: 16384.0000 (16384.0000)  weight_decay: 0.0500 (0.0500)  grad_norm: 0.3619 (0.5151)
Val:  [ 0/20]  eta: 0:00:04  loss: 0.6476 (0.6476)  accuracy: 0.6528 (0.6528)  balanced_accuracy: 0.5000 (0.5000)  time: 0.2468  data: 0.1873  max mem: 9952
Val:  [10/20]  eta: 0:00:00  loss: 0.6509 (0.6525)  accuracy: 0.6389 (0.6376)  balanced_accuracy: 0.5000 (0.5000)  time: 0.0726  data: 0.0172  max mem: 9952
Val:  [19/20]  eta: 0:00:00  loss: 0.6509 (0.6517)  accuracy: 0.6389 (0.6384)  balanced_accuracy: 0.5000 (0.5000)  time: 0.0638  data: 0.0095  max mem: 9952
Val: Total time: 0:00:01 (0.0678 s / it)
* loss 0.652
Accuracy of the network on the 1416 val EEG: 0.64%
Test:  [ 0/20]  eta: 0:00:04  loss: 0.6319 (0.6319)  accuracy: 0.6667 (0.6667)  balanced_accuracy: 0.5000 (0.5000)  time: 0.2276  data: 0.1642  max mem: 9952
Test:  [10/20]  eta: 0:00:00  loss: 0.6319 (0.6490)  accuracy: 0.6667 (0.6439)  balanced_accuracy: 0.5000 (0.5000)  time: 0.0710  data: 0.0151  max mem: 9952
Test:  [19/20]  eta: 0:00:00  loss: 0.6573 (0.6539)  accuracy: 0.6250 (0.6362)  balanced_accuracy: 0.5000 (0.5000)  time: 0.0632  data: 0.0084  max mem: 9952
Test: Total time: 0:00:01 (0.0662 s / it)
* loss 0.654
Accuracy of the network on the 1424 test EEG: 0.64%
Max accuracy val: 0.64%, max accuracy test: 0.64%
Epoch: [4]  [ 0/30]  eta: 0:00:08  lr: 0.000403  min_lr: 0.000102  loss: 0.6818 (0.6818)  class_acc: 0.5833 (0.5833)  loss_scale: 16384.0000 (16384.0000)  weight_decay: 0.0500 (0.0500)  grad_norm: 1.0258 (1.0258)  time: 0.2799  data: 0.1456  max mem: 9952
Epoch: [4]  [10/30]  eta: 0:00:02  lr: 0.000438  min_lr: 0.000111  loss: 0.6537 (0.6397)  class_acc: 0.6458 (0.6534)  loss_scale: 16384.0000 (16384.0000)  weight_decay: 0.0500 (0.0500)  grad_norm: 1.3953 (1.6878)  time: 0.1427  data: 0.0133  max mem: 9952
Epoch: [4]  [20/30]  eta: 0:00:01  lr: 0.000472  min_lr: 0.000120  loss: 0.6426 (0.6392)  class_acc: 0.6250 (0.6518)  loss_scale: 16384.0000 (16384.0000)  weight_decay: 0.0500 (0.0500)  grad_norm: 1.5869 (1.7192)  time: 0.1289  data: 0.0001  max mem: 9952
Epoch: [4]  [29/30]  eta: 0:00:00  lr: 0.000500  min_lr: 0.000127  loss: 0.6495 (0.6438)  class_acc: 0.6250 (0.6480)  loss_scale: 16384.0000 (16384.0000)  weight_decay: 0.0500 (0.0500)  grad_norm: 1.2858 (1.5092)  time: 0.1221  data: 0.0001  max mem: 9952
Epoch: [4] Total time: 0:00:03 (0.1317 s / it)
Averaged stats: lr: 0.000500  min_lr: 0.000127  loss: 0.6495 (0.6456)  class_acc: 0.6250 (0.6430)  loss_scale: 16384.0000 (16384.0000)  weight_decay: 0.0500 (0.0500)  grad_norm: 1.2858 (1.5092)
Val:  [ 0/20]  eta: 0:00:04  loss: 0.6546 (0.6546)  accuracy: 0.6528 (0.6528)  balanced_accuracy: 0.5000 (0.5000)  time: 0.2356  data: 0.1762  max mem: 9952
Val:  [10/20]  eta: 0:00:00  loss: 0.6546 (0.6524)  accuracy: 0.6389 (0.6376)  balanced_accuracy: 0.5000 (0.5000)  time: 0.0716  data: 0.0162  max mem: 9952
Val:  [19/20]  eta: 0:00:00  loss: 0.6546 (0.6509)  accuracy: 0.6389 (0.6384)  balanced_accuracy: 0.5000 (0.5000)  time: 0.0632  data: 0.0089  max mem: 9952
Val: Total time: 0:00:01 (0.0659 s / it)
* loss 0.651
Accuracy of the network on the 1416 val EEG: 0.64%
Test:  [ 0/20]  eta: 0:00:05  loss: 0.6273 (0.6273)  accuracy: 0.6667 (0.6667)  balanced_accuracy: 0.5000 (0.5000)  time: 0.2616  data: 0.2023  max mem: 9952
Test:  [10/20]  eta: 0:00:00  loss: 0.6318 (0.6485)  accuracy: 0.6667 (0.6439)  balanced_accuracy: 0.5000 (0.5000)  time: 0.0745  data: 0.0185  max mem: 9952
Test:  [19/20]  eta: 0:00:00  loss: 0.6582 (0.6543)  accuracy: 0.6250 (0.6362)  balanced_accuracy: 0.5000 (0.5000)  time: 0.0650  data: 0.0102  max mem: 9952
Test: Total time: 0:00:01 (0.0683 s / it)
* loss 0.654
Accuracy of the network on the 1424 test EEG: 0.64%
Max accuracy val: 0.64%, max accuracy test: 0.64%
Epoch: [5]  [ 0/30]  eta: 0:00:09  lr: 0.000500  min_lr: 0.000127  loss: 0.6121 (0.6121)  class_acc: 0.6875 (0.6875)  loss_scale: 16384.0000 (16384.0000)  weight_decay: 0.0500 (0.0500)  grad_norm: 1.9921 (1.9921)  time: 0.3027  data: 0.1693  max mem: 9952
Epoch: [5]  [10/30]  eta: 0:00:02  lr: 0.000500  min_lr: 0.000127  loss: 0.6139 (0.6174)  class_acc: 0.6875 (0.6667)  loss_scale: 16384.0000 (16384.0000)  weight_decay: 0.0500 (0.0500)  grad_norm: 1.9921 (2.2557)  time: 0.1451  data: 0.0155  max mem: 9952
NaN or Inf found in input tensor.
Epoch: [5]  [20/30]  eta: 0:00:01  lr: 0.000500  min_lr: 0.000127  loss: 0.6334 (0.6428)  class_acc: 0.6250 (0.6448)  loss_scale: 8192.0000 (12483.0476)  weight_decay: 0.0500 (0.0500)  grad_norm: 1.8644 (inf)  time: 0.1289  data: 0.0001  max mem: 9952
Epoch: [5]  [29/30]  eta: 0:00:00  lr: 0.000499  min_lr: 0.000127  loss: 0.6778 (0.6515)  class_acc: 0.6042 (0.6322)  loss_scale: 8192.0000 (11299.3103)  weight_decay: 0.0500 (0.0500)  grad_norm: 1.0606 (inf)  time: 0.1218  data: 0.0001  max mem: 9952
Epoch: [5] Total time: 0:00:03 (0.1332 s / it)
Averaged stats: lr: 0.000499  min_lr: 0.000127  loss: 0.6778 (0.6454)  class_acc: 0.6042 (0.6475)  loss_scale: 8192.0000 (11299.3103)  weight_decay: 0.0500 (0.0500)  grad_norm: 1.0606 (inf)
Val:  [ 0/20]  eta: 0:00:06  loss: 0.6456 (0.6456)  accuracy: 0.6528 (0.6528)  balanced_accuracy: 0.5000 (0.5000)  time: 0.3074  data: 0.2478  max mem: 9952
Val:  [10/20]  eta: 0:00:00  loss: 0.6543 (0.6549)  accuracy: 0.6389 (0.6376)  balanced_accuracy: 0.5000 (0.5000)  time: 0.0783  data: 0.0227  max mem: 9952
Val:  [19/20]  eta: 0:00:00  loss: 0.6543 (0.6543)  accuracy: 0.6389 (0.6384)  balanced_accuracy: 0.5000 (0.5000)  time: 0.0670  data: 0.0125  max mem: 9952
Val: Total time: 0:00:01 (0.0696 s / it)
* loss 0.654
Accuracy of the network on the 1416 val EEG: 0.64%
Test:  [ 0/20]  eta: 0:00:04  loss: 0.6371 (0.6371)  accuracy: 0.6667 (0.6667)  balanced_accuracy: 0.5000 (0.5000)  time: 0.2363  data: 0.1768  max mem: 9952
Test:  [10/20]  eta: 0:00:00  loss: 0.6371 (0.6509)  accuracy: 0.6667 (0.6439)  balanced_accuracy: 0.5000 (0.5000)  time: 0.0717  data: 0.0162  max mem: 9952
Test:  [19/20]  eta: 0:00:00  loss: 0.6623 (0.6559)  accuracy: 0.6250 (0.6362)  balanced_accuracy: 0.5000 (0.5000)  time: 0.0634  data: 0.0090  max mem: 9952
Test: Total time: 0:00:01 (0.0658 s / it)
* loss 0.656
Accuracy of the network on the 1424 test EEG: 0.64%
Max accuracy val: 0.64%, max accuracy test: 0.64%
Epoch: [6]  [ 0/30]  eta: 0:00:08  lr: 0.000499  min_lr: 0.000127  loss: 0.6874 (0.6874)  class_acc: 0.5833 (0.5833)  loss_scale: 8192.0000 (8192.0000)  weight_decay: 0.0500 (0.0500)  grad_norm: 0.5120 (0.5120)  time: 0.2775  data: 0.1433  max mem: 9952
Epoch: [6]  [10/30]  eta: 0:00:02  lr: 0.000499  min_lr: 0.000127  loss: 0.6736 (0.6771)  class_acc: 0.6042 (0.5966)  loss_scale: 8192.0000 (8192.0000)  weight_decay: 0.0500 (0.0500)  grad_norm: 0.3575 (0.4978)  time: 0.1424  data: 0.0131  max mem: 9952
Epoch: [6]  [20/30]  eta: 0:00:01  lr: 0.000498  min_lr: 0.000127  loss: 0.6620 (0.6596)  class_acc: 0.6250 (0.6290)  loss_scale: 8192.0000 (8192.0000)  weight_decay: 0.0500 (0.0500)  grad_norm: 0.3940 (0.5571)  time: 0.1289  data: 0.0001  max mem: 9952
Epoch: [6]  [29/30]  eta: 0:00:00  lr: 0.000498  min_lr: 0.000126  loss: 0.6205 (0.6448)  class_acc: 0.6875 (0.6516)  loss_scale: 8192.0000 (8192.0000)  weight_decay: 0.0500 (0.0500)  grad_norm: 0.4761 (0.5445)  time: 0.1222  data: 0.0001  max mem: 9952
Epoch: [6] Total time: 0:00:03 (0.1318 s / it)
Averaged stats: lr: 0.000498  min_lr: 0.000126  loss: 0.6205 (0.6509)  class_acc: 0.6875 (0.6442)  loss_scale: 8192.0000 (8192.0000)  weight_decay: 0.0500 (0.0500)  grad_norm: 0.4761 (0.5445)
Val:  [ 0/20]  eta: 0:00:05  loss: 0.6455 (0.6455)  accuracy: 0.6528 (0.6528)  balanced_accuracy: 0.5000 (0.5000)  time: 0.2522  data: 0.1934  max mem: 9952
Val:  [10/20]  eta: 0:00:00  loss: 0.6554 (0.6557)  accuracy: 0.6389 (0.6376)  balanced_accuracy: 0.5000 (0.5000)  time: 0.0732  data: 0.0178  max mem: 9952
Val:  [19/20]  eta: 0:00:00  loss: 0.6551 (0.6549)  accuracy: 0.6389 (0.6384)  balanced_accuracy: 0.5000 (0.5000)  time: 0.0641  data: 0.0098  max mem: 9952
Val: Total time: 0:00:01 (0.0666 s / it)
* loss 0.655
Accuracy of the network on the 1416 val EEG: 0.64%
Test:  [ 0/20]  eta: 0:00:04  loss: 0.6358 (0.6358)  accuracy: 0.6667 (0.6667)  balanced_accuracy: 0.5000 (0.5000)  time: 0.2255  data: 0.1655  max mem: 9952
Test:  [10/20]  eta: 0:00:00  loss: 0.6358 (0.6511)  accuracy: 0.6667 (0.6439)  balanced_accuracy: 0.5000 (0.5000)  time: 0.0707  data: 0.0152  max mem: 9952
Test:  [19/20]  eta: 0:00:00  loss: 0.6632 (0.6568)  accuracy: 0.6250 (0.6362)  balanced_accuracy: 0.5000 (0.5000)  time: 0.0630  data: 0.0084  max mem: 9952
Test: Total time: 0:00:01 (0.0678 s / it)
* loss 0.657
Accuracy of the network on the 1424 test EEG: 0.64%
Max accuracy val: 0.64%, max accuracy test: 0.64%
Epoch: [7]  [ 0/30]  eta: 0:00:08  lr: 0.000498  min_lr: 0.000126  loss: 0.5798 (0.5798)  class_acc: 0.7500 (0.7500)  loss_scale: 8192.0000 (8192.0000)  weight_decay: 0.0500 (0.0500)  grad_norm: 0.3849 (0.3849)  time: 0.2767  data: 0.1429  max mem: 9952
Epoch: [7]  [10/30]  eta: 0:00:02  lr: 0.000497  min_lr: 0.000126  loss: 0.6518 (0.6568)  class_acc: 0.6458 (0.6364)  loss_scale: 8192.0000 (8192.0000)  weight_decay: 0.0500 (0.0500)  grad_norm: 0.5148 (0.4933)  time: 0.1421  data: 0.0131  max mem: 9952
Epoch: [7]  [20/30]  eta: 0:00:01  lr: 0.000496  min_lr: 0.000126  loss: 0.6564 (0.6566)  class_acc: 0.6250 (0.6329)  loss_scale: 8192.0000 (8192.0000)  weight_decay: 0.0500 (0.0500)  grad_norm: 0.5857 (0.5702)  time: 0.1285  data: 0.0001  max mem: 9952
Epoch: [7]  [29/30]  eta: 0:00:00  lr: 0.000495  min_lr: 0.000126  loss: 0.6430 (0.6471)  class_acc: 0.6458 (0.6444)  loss_scale: 8192.0000 (8192.0000)  weight_decay: 0.0500 (0.0500)  grad_norm: 0.7156 (1.0053)  time: 0.1218  data: 0.0001  max mem: 9952
Epoch: [7] Total time: 0:00:03 (0.1310 s / it)
Averaged stats: lr: 0.000495  min_lr: 0.000126  loss: 0.6430 (0.6456)  class_acc: 0.6458 (0.6451)  loss_scale: 8192.0000 (8192.0000)  weight_decay: 0.0500 (0.0500)  grad_norm: 0.7156 (1.0053)
Val:  [ 0/20]  eta: 0:00:05  loss: 0.6749 (0.6749)  accuracy: 0.6250 (0.6250)  balanced_accuracy: 0.4881 (0.4881)  time: 0.2878  data: 0.2262  max mem: 9952
Val:  [10/20]  eta: 0:00:00  loss: 0.6621 (0.6515)  accuracy: 0.6389 (0.6376)  balanced_accuracy: 0.5000 (0.5080)  time: 0.0767  data: 0.0207  max mem: 9952
Val:  [19/20]  eta: 0:00:00  loss: 0.6548 (0.6462)  accuracy: 0.6389 (0.6462)  balanced_accuracy: 0.5185 (0.5175)  time: 0.0659  data: 0.0115  max mem: 9952
Val: Total time: 0:00:01 (0.0688 s / it)
* loss 0.646
Accuracy of the network on the 1416 val EEG: 0.65%
Test:  [ 0/20]  eta: 0:00:04  loss: 0.6131 (0.6131)  accuracy: 0.6667 (0.6667)  balanced_accuracy: 0.5208 (0.5208)  time: 0.2298  data: 0.1689  max mem: 9952
Test:  [10/20]  eta: 0:00:00  loss: 0.6307 (0.6428)  accuracy: 0.6667 (0.6465)  balanced_accuracy: 0.5000 (0.5096)  time: 0.0715  data: 0.0155  max mem: 9952
Test:  [19/20]  eta: 0:00:00  loss: 0.6542 (0.6509)  accuracy: 0.6389 (0.6390)  balanced_accuracy: 0.5056 (0.5094)  time: 0.0636  data: 0.0086  max mem: 9952
Test: Total time: 0:00:01 (0.0669 s / it)
* loss 0.651
Accuracy of the network on the 1424 test EEG: 0.64%
Max accuracy val: 0.65%, max accuracy test: 0.64%
Epoch: [8]  [ 0/30]  eta: 0:00:08  lr: 0.000495  min_lr: 0.000126  loss: 0.5571 (0.5571)  class_acc: 0.7500 (0.7500)  loss_scale: 8192.0000 (8192.0000)  weight_decay: 0.0500 (0.0500)  grad_norm: 3.4600 (3.4600)  time: 0.2840  data: 0.1458  max mem: 9952
NaN or Inf found in input tensor.
Epoch: [8]  [10/30]  eta: 0:00:02  lr: 0.000493  min_lr: 0.000125  loss: 0.6093 (0.6256)  class_acc: 0.6667 (0.6629)  loss_scale: 4096.0000 (5213.0909)  weight_decay: 0.0500 (0.0500)  grad_norm: nan (nan)  time: 0.1434  data: 0.0133  max mem: 9952
Epoch: [8]  [20/30]  eta: 0:00:01  lr: 0.000492  min_lr: 0.000125  loss: 0.6304 (0.6390)  class_acc: 0.6250 (0.6419)  loss_scale: 4096.0000 (4681.1429)  weight_decay: 0.0500 (0.0500)  grad_norm: nan (nan)  time: 0.1294  data: 0.0002  max mem: 9952
Epoch: [8]  [29/30]  eta: 0:00:00  lr: 0.000490  min_lr: 0.000125  loss: 0.6600 (0.6435)  class_acc: 0.6042 (0.6329)  loss_scale: 4096.0000 (4519.7241)  weight_decay: 0.0500 (0.0500)  grad_norm: 2.3675 (nan)  time: 0.1233  data: 0.0002  max mem: 9952
Epoch: [8] Total time: 0:00:03 (0.1329 s / it)
Averaged stats: lr: 0.000490  min_lr: 0.000125  loss: 0.6600 (0.6382)  class_acc: 0.6042 (0.6413)  loss_scale: 4096.0000 (4519.7241)  weight_decay: 0.0500 (0.0500)  grad_norm: 2.3675 (nan)
Val:  [ 0/20]  eta: 0:00:05  loss: 0.6508 (0.6508)  accuracy: 0.6528 (0.6528)  balanced_accuracy: 0.5000 (0.5000)  time: 0.2513  data: 0.1918  max mem: 9952
Val:  [10/20]  eta: 0:00:00  loss: 0.6601 (0.6604)  accuracy: 0.6389 (0.6376)  balanced_accuracy: 0.5000 (0.5000)  time: 0.0739  data: 0.0176  max mem: 9952
Val:  [19/20]  eta: 0:00:00  loss: 0.6581 (0.6574)  accuracy: 0.6389 (0.6384)  balanced_accuracy: 0.5000 (0.5000)  time: 0.0645  data: 0.0097  max mem: 9952
Val: Total time: 0:00:01 (0.0679 s / it)
* loss 0.657
Accuracy of the network on the 1416 val EEG: 0.64%
Test:  [ 0/20]  eta: 0:00:04  loss: 0.6380 (0.6380)  accuracy: 0.6667 (0.6667)  balanced_accuracy: 0.5000 (0.5000)  time: 0.2313  data: 0.1715  max mem: 9952
Test:  [10/20]  eta: 0:00:00  loss: 0.6380 (0.6541)  accuracy: 0.6667 (0.6439)  balanced_accuracy: 0.5000 (0.5000)  time: 0.0714  data: 0.0157  max mem: 9952
Test:  [19/20]  eta: 0:00:00  loss: 0.6637 (0.6606)  accuracy: 0.6250 (0.6362)  balanced_accuracy: 0.5000 (0.5000)  time: 0.0634  data: 0.0087  max mem: 9952
Test: Total time: 0:00:01 (0.0664 s / it)
* loss 0.661
Accuracy of the network on the 1424 test EEG: 0.64%
Max accuracy val: 0.65%, max accuracy test: 0.64%
Epoch: [9]  [ 0/30]  eta: 0:00:08  lr: 0.000490  min_lr: 0.000125  loss: 0.5494 (0.5494)  class_acc: 0.7708 (0.7708)  loss_scale: 4096.0000 (4096.0000)  weight_decay: 0.0500 (0.0500)  grad_norm: 1.2119 (1.2119)  time: 0.2946  data: 0.1581  max mem: 9952
Epoch: [9]  [10/30]  eta: 0:00:02  lr: 0.000489  min_lr: 0.000124  loss: 0.6206 (0.6178)  class_acc: 0.6875 (0.6799)  loss_scale: 4096.0000 (4096.0000)  weight_decay: 0.0500 (0.0500)  grad_norm: 2.2597 (2.6577)  time: 0.1436  data: 0.0145  max mem: 9952
Epoch: [9]  [20/30]  eta: 0:00:01  lr: 0.000487  min_lr: 0.000124  loss: 0.6292 (0.6318)  class_acc: 0.6667 (0.6647)  loss_scale: 4096.0000 (4096.0000)  weight_decay: 0.0500 (0.0500)  grad_norm: 2.5859 (2.8627)  time: 0.1286  data: 0.0001  max mem: 9952
Epoch: [9]  [29/30]  eta: 0:00:00  lr: 0.000485  min_lr: 0.000123  loss: 0.6260 (0.6235)  class_acc: 0.6667 (0.6753)  loss_scale: 4096.0000 (4096.0000)  weight_decay: 0.0500 (0.0500)  grad_norm: 2.4211 (2.7356)  time: 0.1220  data: 0.0001  max mem: 9952
Epoch: [9] Total time: 0:00:03 (0.1325 s / it)
Averaged stats: lr: 0.000485  min_lr: 0.000123  loss: 0.6260 (0.6254)  class_acc: 0.6667 (0.6683)  loss_scale: 4096.0000 (4096.0000)  weight_decay: 0.0500 (0.0500)  grad_norm: 2.4211 (2.7356)
Val:  [ 0/20]  eta: 0:00:04  loss: 0.6634 (0.6634)  accuracy: 0.6667 (0.6667)  balanced_accuracy: 0.5200 (0.5200)  time: 0.2498  data: 0.1900  max mem: 9952
Val:  [10/20]  eta: 0:00:00  loss: 0.6487 (0.6525)  accuracy: 0.6389 (0.6477)  balanced_accuracy: 0.5185 (0.5150)  time: 0.0730  data: 0.0174  max mem: 9952
Val:  [19/20]  eta: 0:00:00  loss: 0.6510 (0.6488)  accuracy: 0.6389 (0.6483)  balanced_accuracy: 0.5172 (0.5152)  time: 0.0640  data: 0.0096  max mem: 9952
Val: Total time: 0:00:01 (0.0663 s / it)
* loss 0.649
Accuracy of the network on the 1416 val EEG: 0.65%
Test:  [ 0/20]  eta: 0:00:05  loss: 0.6317 (0.6317)  accuracy: 0.6528 (0.6528)  balanced_accuracy: 0.4896 (0.4896)  time: 0.2516  data: 0.1906  max mem: 9952
Test:  [10/20]  eta: 0:00:00  loss: 0.6317 (0.6466)  accuracy: 0.6528 (0.6465)  balanced_accuracy: 0.5000 (0.5062)  time: 0.0731  data: 0.0175  max mem: 9952
Test:  [19/20]  eta: 0:00:00  loss: 0.6461 (0.6547)  accuracy: 0.6389 (0.6426)  balanced_accuracy: 0.5000 (0.5105)  time: 0.0643  data: 0.0097  max mem: 9952
Test: Total time: 0:00:01 (0.0678 s / it)
* loss 0.655
Accuracy of the network on the 1424 test EEG: 0.64%
Max accuracy val: 0.65%, max accuracy test: 0.64%
Epoch: [10]  [ 0/30]  eta: 0:00:08  lr: 0.000485  min_lr: 0.000123  loss: 0.6527 (0.6527)  class_acc: 0.6250 (0.6250)  loss_scale: 4096.0000 (4096.0000)  weight_decay: 0.0500 (0.0500)  grad_norm: 2.5167 (2.5167)  time: 0.2850  data: 0.1498  max mem: 9952
Epoch: [10]  [10/30]  eta: 0:00:02  lr: 0.000483  min_lr: 0.000123  loss: 0.6171 (0.6158)  class_acc: 0.6667 (0.6742)  loss_scale: 4096.0000 (4096.0000)  weight_decay: 0.0500 (0.0500)  grad_norm: 3.2210 (3.5133)  time: 0.1433  data: 0.0137  max mem: 9952
Epoch: [10]  [20/30]  eta: 0:00:01  lr: 0.000481  min_lr: 0.000122  loss: 0.5862 (0.6043)  class_acc: 0.6875 (0.6885)  loss_scale: 4096.0000 (4096.0000)  weight_decay: 0.0500 (0.0500)  grad_norm: 3.5148 (3.4783)  time: 0.1289  data: 0.0001  max mem: 9952
Epoch: [10]  [29/30]  eta: 0:00:00  lr: 0.000479  min_lr: 0.000122  loss: 0.5970 (0.6085)  class_acc: 0.6875 (0.6875)  loss_scale: 4096.0000 (4096.0000)  weight_decay: 0.0500 (0.0500)  grad_norm: 3.3143 (3.3846)  time: 0.1221  data: 0.0001  max mem: 9952
Epoch: [10] Total time: 0:00:03 (0.1321 s / it)
Averaged stats: lr: 0.000479  min_lr: 0.000122  loss: 0.5970 (0.6042)  class_acc: 0.6875 (0.6901)  loss_scale: 4096.0000 (4096.0000)  weight_decay: 0.0500 (0.0500)  grad_norm: 3.3143 (3.3846)
Val:  [ 0/20]  eta: 0:00:04  loss: 0.6640 (0.6640)  accuracy: 0.6111 (0.6111)  balanced_accuracy: 0.5617 (0.5617)  time: 0.2367  data: 0.1780  max mem: 9952
Val:  [10/20]  eta: 0:00:00  loss: 0.6205 (0.6241)  accuracy: 0.6389 (0.6553)  balanced_accuracy: 0.5942 (0.5867)  time: 0.0716  data: 0.0163  max mem: 9952
Val:  [19/20]  eta: 0:00:00  loss: 0.6026 (0.6139)  accuracy: 0.6806 (0.6695)  balanced_accuracy: 0.6025 (0.6005)  time: 0.0632  data: 0.0090  max mem: 9952
Val: Total time: 0:00:01 (0.0666 s / it)
* loss 0.614
Accuracy of the network on the 1416 val EEG: 0.67%
Test:  [ 0/20]  eta: 0:00:04  loss: 0.5902 (0.5902)  accuracy: 0.7222 (0.7222)  balanced_accuracy: 0.6354 (0.6354)  time: 0.2216  data: 0.1621  max mem: 9952
Test:  [10/20]  eta: 0:00:00  loss: 0.6000 (0.6161)  accuracy: 0.6944 (0.6831)  balanced_accuracy: 0.6354 (0.6122)  time: 0.0704  data: 0.0149  max mem: 9952
Test:  [19/20]  eta: 0:00:00  loss: 0.6141 (0.6198)  accuracy: 0.6667 (0.6706)  balanced_accuracy: 0.6025 (0.6038)  time: 0.0628  data: 0.0082  max mem: 9952
Test: Total time: 0:00:01 (0.0663 s / it)
* loss 0.620
Accuracy of the network on the 1424 test EEG: 0.67%
Max accuracy val: 0.67%, max accuracy test: 0.67%
Epoch: [11]  [ 0/30]  eta: 0:00:08  lr: 0.000478  min_lr: 0.000122  loss: 0.5881 (0.5881)  class_acc: 0.7708 (0.7708)  loss_scale: 4096.0000 (4096.0000)  weight_decay: 0.0500 (0.0500)  grad_norm: 3.0101 (3.0101)  time: 0.2718  data: 0.1371  max mem: 9952
Epoch: [11]  [10/30]  eta: 0:00:02  lr: 0.000476  min_lr: 0.000121  loss: 0.5881 (0.5825)  class_acc: 0.7083 (0.7102)  loss_scale: 4096.0000 (4096.0000)  weight_decay: 0.0500 (0.0500)  grad_norm: 3.0101 (3.2655)  time: 0.1416  data: 0.0126  max mem: 9952
Epoch: [11]  [20/30]  eta: 0:00:01  lr: 0.000473  min_lr: 0.000120  loss: 0.5742 (0.5696)  class_acc: 0.7083 (0.7192)  loss_scale: 4096.0000 (4096.0000)  weight_decay: 0.0500 (0.0500)  grad_norm: 3.3430 (3.8989)  time: 0.1285  data: 0.0001  max mem: 9952
Epoch: [11]  [29/30]  eta: 0:00:00  lr: 0.000471  min_lr: 0.000120  loss: 0.5509 (0.5663)  class_acc: 0.7292 (0.7191)  loss_scale: 4096.0000 (4096.0000)  weight_decay: 0.0500 (0.0500)  grad_norm: 5.2487 (5.2639)  time: 0.1219  data: 0.0001  max mem: 9952
Epoch: [11] Total time: 0:00:03 (0.1313 s / it)
Averaged stats: lr: 0.000471  min_lr: 0.000120  loss: 0.5509 (0.5719)  class_acc: 0.7292 (0.7134)  loss_scale: 4096.0000 (4096.0000)  weight_decay: 0.0500 (0.0500)  grad_norm: 5.2487 (5.2639)
Val:  [ 0/20]  eta: 0:00:04  loss: 0.7247 (0.7247)  accuracy: 0.5417 (0.5417)  balanced_accuracy: 0.5272 (0.5272)  time: 0.2330  data: 0.1703  max mem: 9952
Val:  [10/20]  eta: 0:00:00  loss: 0.6447 (0.6559)  accuracy: 0.6111 (0.6136)  balanced_accuracy: 0.5974 (0.5907)  time: 0.0715  data: 0.0156  max mem: 9952
Val:  [19/20]  eta: 0:00:00  loss: 0.6256 (0.6344)  accuracy: 0.6389 (0.6299)  balanced_accuracy: 0.6146 (0.6033)  time: 0.0631  data: 0.0086  max mem: 9952
Val: Total time: 0:00:01 (0.0665 s / it)
* loss 0.634
Accuracy of the network on the 1416 val EEG: 0.63%
Test:  [ 0/20]  eta: 0:00:04  loss: 0.5847 (0.5847)  accuracy: 0.7361 (0.7361)  balanced_accuracy: 0.6979 (0.6979)  time: 0.2454  data: 0.1821  max mem: 9952
Test:  [10/20]  eta: 0:00:00  loss: 0.6175 (0.6323)  accuracy: 0.6389 (0.6503)  balanced_accuracy: 0.6424 (0.6262)  time: 0.0725  data: 0.0167  max mem: 9952
Test:  [19/20]  eta: 0:00:00  loss: 0.6159 (0.6302)  accuracy: 0.6389 (0.6454)  balanced_accuracy: 0.6111 (0.6195)  time: 0.0639  data: 0.0092  max mem: 9952
Test: Total time: 0:00:01 (0.0673 s / it)
* loss 0.630
Accuracy of the network on the 1424 test EEG: 0.65%
Max accuracy val: 0.67%, max accuracy test: 0.67%
Epoch: [12]  [ 0/30]  eta: 0:00:08  lr: 0.000471  min_lr: 0.000120  loss: 0.6064 (0.6064)  class_acc: 0.6875 (0.6875)  loss_scale: 4096.0000 (4096.0000)  weight_decay: 0.0500 (0.0500)  grad_norm: 8.9279 (8.9279)  time: 0.2834  data: 0.1500  max mem: 9952
Epoch: [12]  [10/30]  eta: 0:00:02  lr: 0.000468  min_lr: 0.000119  loss: 0.6064 (0.5679)  class_acc: 0.7083 (0.7235)  loss_scale: 4096.0000 (4096.0000)  weight_decay: 0.0500 (0.0500)  grad_norm: 4.9506 (5.4356)  time: 0.1425  data: 0.0137  max mem: 9952
Epoch: [12]  [20/30]  eta: 0:00:01  lr: 0.000465  min_lr: 0.000118  loss: 0.5431 (0.5424)  class_acc: 0.7292 (0.7381)  loss_scale: 4096.0000 (4096.0000)  weight_decay: 0.0500 (0.0500)  grad_norm: 6.3142 (7.7048)  time: 0.1285  data: 0.0001  max mem: 9952
Epoch: [12]  [29/30]  eta: 0:00:00  lr: 0.000462  min_lr: 0.000118  loss: 0.5231 (0.5473)  class_acc: 0.7708 (0.7364)  loss_scale: 4096.0000 (4096.0000)  weight_decay: 0.0500 (0.0500)  grad_norm: 8.9505 (8.3446)  time: 0.1220  data: 0.0001  max mem: 9952
Epoch: [12] Total time: 0:00:03 (0.1316 s / it)
Averaged stats: lr: 0.000462  min_lr: 0.000118  loss: 0.5231 (0.5443)  class_acc: 0.7708 (0.7404)  loss_scale: 4096.0000 (4096.0000)  weight_decay: 0.0500 (0.0500)  grad_norm: 8.9505 (8.3446)
Val:  [ 0/20]  eta: 0:00:04  loss: 0.7570 (0.7570)  accuracy: 0.5556 (0.5556)  balanced_accuracy: 0.4630 (0.4630)  time: 0.2373  data: 0.1752  max mem: 9952
Val:  [10/20]  eta: 0:00:00  loss: 0.6274 (0.6373)  accuracy: 0.6806 (0.6717)  balanced_accuracy: 0.5995 (0.5907)  time: 0.0719  data: 0.0161  max mem: 9952
Val:  [19/20]  eta: 0:00:00  loss: 0.6249 (0.6302)  accuracy: 0.6806 (0.6794)  balanced_accuracy: 0.6042 (0.5985)  time: 0.0634  data: 0.0089  max mem: 9952
Val: Total time: 0:00:01 (0.0670 s / it)
* loss 0.630
Accuracy of the network on the 1416 val EEG: 0.68%
Test:  [ 0/20]  eta: 0:00:04  loss: 0.5633 (0.5633)  accuracy: 0.7083 (0.7083)  balanced_accuracy: 0.6042 (0.6042)  time: 0.2263  data: 0.1657  max mem: 9952
Test:  [10/20]  eta: 0:00:00  loss: 0.6134 (0.6180)  accuracy: 0.6944 (0.6818)  balanced_accuracy: 0.5926 (0.5977)  time: 0.0709  data: 0.0152  max mem: 9952
Test:  [19/20]  eta: 0:00:00  loss: 0.6182 (0.6277)  accuracy: 0.6667 (0.6763)  balanced_accuracy: 0.5926 (0.5972)  time: 0.0632  data: 0.0084  max mem: 9952
Test: Total time: 0:00:01 (0.0661 s / it)
* loss 0.628
Accuracy of the network on the 1424 test EEG: 0.68%
Max accuracy val: 0.68%, max accuracy test: 0.68%
Epoch: [13]  [ 0/30]  eta: 0:00:08  lr: 0.000462  min_lr: 0.000117  loss: 0.5084 (0.5084)  class_acc: 0.7917 (0.7917)  loss_scale: 4096.0000 (4096.0000)  weight_decay: 0.0500 (0.0500)  grad_norm: 6.1426 (6.1426)  time: 0.2814  data: 0.1462  max mem: 9952
Epoch: [13]  [10/30]  eta: 0:00:02  lr: 0.000459  min_lr: 0.000117  loss: 0.4505 (0.4794)  class_acc: 0.7917 (0.7917)  loss_scale: 4096.0000 (4096.0000)  weight_decay: 0.0500 (0.0500)  grad_norm: 9.3948 (9.8650)  time: 0.1427  data: 0.0134  max mem: 9952
Epoch: [13]  [20/30]  eta: 0:00:01  lr: 0.000455  min_lr: 0.000116  loss: 0.4627 (0.4966)  class_acc: 0.7917 (0.7778)  loss_scale: 4096.0000 (4096.0000)  weight_decay: 0.0500 (0.0500)  grad_norm: 10.8737 (11.1717)  time: 0.1287  data: 0.0001  max mem: 9952
Epoch: [13]  [29/30]  eta: 0:00:00  lr: 0.000453  min_lr: 0.000115  loss: 0.5062 (0.5022)  class_acc: 0.7500 (0.7687)  loss_scale: 4096.0000 (4096.0000)  weight_decay: 0.0500 (0.0500)  grad_norm: 10.6862 (10.6023)  time: 0.1218  data: 0.0001  max mem: 9952
Epoch: [13] Total time: 0:00:03 (0.1312 s / it)
Averaged stats: lr: 0.000453  min_lr: 0.000115  loss: 0.5062 (0.5027)  class_acc: 0.7500 (0.7675)  loss_scale: 4096.0000 (4096.0000)  weight_decay: 0.0500 (0.0500)  grad_norm: 10.6862 (10.6023)
Val:  [ 0/20]  eta: 0:00:04  loss: 0.8243 (0.8243)  accuracy: 0.5972 (0.5972)  balanced_accuracy: 0.5698 (0.5698)  time: 0.2390  data: 0.1804  max mem: 9952
Val:  [10/20]  eta: 0:00:00  loss: 0.6838 (0.7061)  accuracy: 0.6389 (0.6326)  balanced_accuracy: 0.6003 (0.5936)  time: 0.0732  data: 0.0177  max mem: 9952
Val:  [19/20]  eta: 0:00:00  loss: 0.6326 (0.6659)  accuracy: 0.6667 (0.6518)  balanced_accuracy: 0.6148 (0.6084)  time: 0.0641  data: 0.0098  max mem: 9952
Val: Total time: 0:00:01 (0.0662 s / it)
* loss 0.666
Accuracy of the network on the 1416 val EEG: 0.65%
Test:  [ 0/20]  eta: 0:00:04  loss: 0.5401 (0.5401)  accuracy: 0.7222 (0.7222)  balanced_accuracy: 0.6667 (0.6667)  time: 0.2198  data: 0.1603  max mem: 9952
Test:  [10/20]  eta: 0:00:00  loss: 0.6558 (0.6530)  accuracy: 0.6528 (0.6629)  balanced_accuracy: 0.6329 (0.6332)  time: 0.0703  data: 0.0147  max mem: 9952
Test:  [19/20]  eta: 0:00:00  loss: 0.6542 (0.6548)  accuracy: 0.6667 (0.6580)  balanced_accuracy: 0.6222 (0.6275)  time: 0.0627  data: 0.0082  max mem: 9952
Test: Total time: 0:00:01 (0.0662 s / it)
* loss 0.655
Accuracy of the network on the 1424 test EEG: 0.66%
Max accuracy val: 0.68%, max accuracy test: 0.68%
Epoch: [14]  [ 0/30]  eta: 0:00:08  lr: 0.000452  min_lr: 0.000115  loss: 0.3795 (0.3795)  class_acc: 0.8333 (0.8333)  loss_scale: 4096.0000 (4096.0000)  weight_decay: 0.0500 (0.0500)  grad_norm: 13.7124 (13.7124)  time: 0.2785  data: 0.1420  max mem: 9952
Epoch: [14]  [10/30]  eta: 0:00:02  lr: 0.000449  min_lr: 0.000114  loss: 0.4457 (0.4478)  class_acc: 0.7917 (0.8068)  loss_scale: 4096.0000 (4096.0000)  weight_decay: 0.0500 (0.0500)  grad_norm: 17.2893 (16.3440)  time: 0.1426  data: 0.0131  max mem: 9952
Epoch: [14]  [20/30]  eta: 0:00:01  lr: 0.000445  min_lr: 0.000113  loss: 0.4457 (0.4517)  class_acc: 0.7917 (0.8056)  loss_scale: 4096.0000 (4096.0000)  weight_decay: 0.0500 (0.0500)  grad_norm: 14.4260 (15.6502)  time: 0.1292  data: 0.0001  max mem: 9952
Epoch: [14]  [29/30]  eta: 0:00:00  lr: 0.000442  min_lr: 0.000112  loss: 0.4437 (0.4485)  class_acc: 0.8125 (0.8053)  loss_scale: 4096.0000 (4096.0000)  weight_decay: 0.0500 (0.0500)  grad_norm: 11.6328 (14.6748)  time: 0.1223  data: 0.0001  max mem: 9952
Epoch: [14] Total time: 0:00:03 (0.1322 s / it)
Averaged stats: lr: 0.000442  min_lr: 0.000112  loss: 0.4437 (0.4419)  class_acc: 0.8125 (0.8048)  loss_scale: 4096.0000 (4096.0000)  weight_decay: 0.0500 (0.0500)  grad_norm: 11.6328 (14.6748)
Val:  [ 0/20]  eta: 0:00:04  loss: 0.9542 (0.9542)  accuracy: 0.5556 (0.5556)  balanced_accuracy: 0.5285 (0.5285)  time: 0.2297  data: 0.1709  max mem: 9952
Val:  [10/20]  eta: 0:00:00  loss: 0.6901 (0.7334)  accuracy: 0.6389 (0.6414)  balanced_accuracy: 0.6087 (0.5935)  time: 0.0710  data: 0.0157  max mem: 9952
Val:  [19/20]  eta: 0:00:00  loss: 0.6635 (0.7102)  accuracy: 0.6528 (0.6497)  balanced_accuracy: 0.6087 (0.5940)  time: 0.0628  data: 0.0087  max mem: 9952
Val: Total time: 0:00:01 (0.0654 s / it)
* loss 0.710
Accuracy of the network on the 1416 val EEG: 0.65%
Test:  [ 0/20]  eta: 0:00:04  loss: 0.5892 (0.5892)  accuracy: 0.7639 (0.7639)  balanced_accuracy: 0.6875 (0.6875)  time: 0.2219  data: 0.1633  max mem: 9952
Test:  [10/20]  eta: 0:00:00  loss: 0.6900 (0.7052)  accuracy: 0.6667 (0.6566)  balanced_accuracy: 0.5889 (0.5898)  time: 0.0740  data: 0.0187  max mem: 9952
Test:  [19/20]  eta: 0:00:00  loss: 0.6900 (0.7142)  accuracy: 0.6528 (0.6489)  balanced_accuracy: 0.5886 (0.5876)  time: 0.0648  data: 0.0103  max mem: 9952
Test: Total time: 0:00:01 (0.0672 s / it)
* loss 0.714
Accuracy of the network on the 1424 test EEG: 0.65%
Max accuracy val: 0.68%, max accuracy test: 0.68%
Epoch: [15]  [ 0/30]  eta: 0:00:08  lr: 0.000442  min_lr: 0.000112  loss: 0.2369 (0.2369)  class_acc: 0.8958 (0.8958)  loss_scale: 4096.0000 (4096.0000)  weight_decay: 0.0500 (0.0500)  grad_norm: 10.6716 (10.6716)  time: 0.2885  data: 0.1451  max mem: 9952
NaN or Inf found in input tensor.
Epoch: [15]  [10/30]  eta: 0:00:02  lr: 0.000438  min_lr: 0.000111  loss: 0.3223 (0.3233)  class_acc: 0.8958 (0.8769)  loss_scale: 2048.0000 (2978.9091)  weight_decay: 0.0500 (0.0500)  grad_norm: nan (nan)  time: 0.1429  data: 0.0133  max mem: 9952
Epoch: [15]  [20/30]  eta: 0:00:01  lr: 0.000434  min_lr: 0.000110  loss: 0.3541 (0.3570)  class_acc: 0.8333 (0.8512)  loss_scale: 2048.0000 (2535.6190)  weight_decay: 0.0500 (0.0500)  grad_norm: nan (nan)  time: 0.1285  data: 0.0001  max mem: 9952
Epoch: [15]  [29/30]  eta: 0:00:00  lr: 0.000430  min_lr: 0.000109  loss: 0.4009 (0.3813)  class_acc: 0.8125 (0.8376)  loss_scale: 2048.0000 (2401.1034)  weight_decay: 0.0500 (0.0500)  grad_norm: 18.6003 (nan)  time: 0.1220  data: 0.0001  max mem: 9952
Epoch: [15] Total time: 0:00:03 (0.1318 s / it)
Averaged stats: lr: 0.000430  min_lr: 0.000109  loss: 0.4009 (0.3636)  class_acc: 0.8125 (0.8530)  loss_scale: 2048.0000 (2401.1034)  weight_decay: 0.0500 (0.0500)  grad_norm: 18.6003 (nan)
Val:  [ 0/20]  eta: 0:00:04  loss: 0.9953 (0.9953)  accuracy: 0.5556 (0.5556)  balanced_accuracy: 0.5004 (0.5004)  time: 0.2388  data: 0.1792  max mem: 9952
Val:  [10/20]  eta: 0:00:00  loss: 0.7772 (0.7965)  accuracy: 0.6528 (0.6389)  balanced_accuracy: 0.5753 (0.5829)  time: 0.0718  data: 0.0164  max mem: 9952
Val:  [19/20]  eta: 0:00:00  loss: 0.7456 (0.7653)  accuracy: 0.6528 (0.6554)  balanced_accuracy: 0.5987 (0.5944)  time: 0.0633  data: 0.0091  max mem: 9952
Val: Total time: 0:00:01 (0.0665 s / it)
* loss 0.765
Accuracy of the network on the 1416 val EEG: 0.66%
Test:  [ 0/20]  eta: 0:00:04  loss: 0.6596 (0.6596)  accuracy: 0.7222 (0.7222)  balanced_accuracy: 0.6042 (0.6042)  time: 0.2273  data: 0.1635  max mem: 9952
Test:  [10/20]  eta: 0:00:00  loss: 0.7923 (0.7745)  accuracy: 0.6528 (0.6503)  balanced_accuracy: 0.5821 (0.5857)  time: 0.0710  data: 0.0150  max mem: 9952
Test:  [19/20]  eta: 0:00:00  loss: 0.7449 (0.7630)  accuracy: 0.6528 (0.6510)  balanced_accuracy: 0.5786 (0.5876)  time: 0.0632  data: 0.0083  max mem: 9952
Test: Total time: 0:00:01 (0.0659 s / it)
* loss 0.763
Accuracy of the network on the 1424 test EEG: 0.65%
Max accuracy val: 0.68%, max accuracy test: 0.68%
Epoch: [16]  [ 0/30]  eta: 0:00:08  lr: 0.000430  min_lr: 0.000109  loss: 0.3017 (0.3017)  class_acc: 0.8542 (0.8542)  loss_scale: 2048.0000 (2048.0000)  weight_decay: 0.0500 (0.0500)  grad_norm: 16.8833 (16.8833)  time: 0.2930  data: 0.1576  max mem: 9952
Epoch: [16]  [10/30]  eta: 0:00:02  lr: 0.000426  min_lr: 0.000108  loss: 0.2767 (0.3101)  class_acc: 0.8958 (0.8845)  loss_scale: 2048.0000 (2048.0000)  weight_decay: 0.0500 (0.0500)  grad_norm: 17.4500 (16.7493)  time: 0.1438  data: 0.0144  max mem: 9952
Epoch: [16]  [20/30]  eta: 0:00:01  lr: 0.000421  min_lr: 0.000107  loss: 0.2900 (0.3163)  class_acc: 0.8958 (0.8819)  loss_scale: 2048.0000 (2048.0000)  weight_decay: 0.0500 (0.0500)  grad_norm: 19.1314 (20.8558)  time: 0.1289  data: 0.0001  max mem: 9952
Epoch: [16]  [29/30]  eta: 0:00:00  lr: 0.000418  min_lr: 0.000106  loss: 0.2416 (0.3026)  class_acc: 0.8958 (0.8886)  loss_scale: 2048.0000 (2048.0000)  weight_decay: 0.0500 (0.0500)  grad_norm: 21.5638 (22.3039)  time: 0.1221  data: 0.0001  max mem: 9952
Epoch: [16] Total time: 0:00:03 (0.1329 s / it)
Averaged stats: lr: 0.000418  min_lr: 0.000106  loss: 0.2416 (0.2949)  class_acc: 0.8958 (0.8894)  loss_scale: 2048.0000 (2048.0000)  weight_decay: 0.0500 (0.0500)  grad_norm: 21.5638 (22.3039)
Val:  [ 0/20]  eta: 0:00:05  loss: 1.1975 (1.1975)  accuracy: 0.5278 (0.5278)  balanced_accuracy: 0.4511 (0.4511)  time: 0.2551  data: 0.1920  max mem: 9952
Val:  [10/20]  eta: 0:00:00  loss: 0.9155 (0.9240)  accuracy: 0.6389 (0.6326)  balanced_accuracy: 0.5577 (0.5569)  time: 0.0735  data: 0.0176  max mem: 9952
Val:  [19/20]  eta: 0:00:00  loss: 0.8477 (0.8804)  accuracy: 0.6528 (0.6490)  balanced_accuracy: 0.5791 (0.5712)  time: 0.0643  data: 0.0097  max mem: 9952
Val: Total time: 0:00:01 (0.0667 s / it)
* loss 0.880
Accuracy of the network on the 1416 val EEG: 0.65%
Test:  [ 0/20]  eta: 0:00:04  loss: 0.6690 (0.6690)  accuracy: 0.7083 (0.7083)  balanced_accuracy: 0.6146 (0.6146)  time: 0.2017  data: 0.1426  max mem: 9952
Test:  [10/20]  eta: 0:00:00  loss: 0.8836 (0.8389)  accuracy: 0.6528 (0.6730)  balanced_accuracy: 0.5815 (0.5955)  time: 0.0686  data: 0.0131  max mem: 9952
Test:  [19/20]  eta: 0:00:00  loss: 0.8836 (0.8587)  accuracy: 0.6528 (0.6636)  balanced_accuracy: 0.5729 (0.5859)  time: 0.0618  data: 0.0073  max mem: 9952
Test: Total time: 0:00:01 (0.0647 s / it)
* loss 0.859
Accuracy of the network on the 1424 test EEG: 0.66%
Max accuracy val: 0.68%, max accuracy test: 0.68%
Epoch: [17]  [ 0/30]  eta: 0:00:08  lr: 0.000417  min_lr: 0.000106  loss: 0.3269 (0.3269)  class_acc: 0.8958 (0.8958)  loss_scale: 2048.0000 (2048.0000)  weight_decay: 0.0500 (0.0500)  grad_norm: 21.9655 (21.9655)  time: 0.2951  data: 0.1348  max mem: 9952
Epoch: [17]  [10/30]  eta: 0:00:02  lr: 0.000413  min_lr: 0.000105  loss: 0.2907 (0.2818)  class_acc: 0.8958 (0.9072)  loss_scale: 2048.0000 (2048.0000)  weight_decay: 0.0500 (0.0500)  grad_norm: 21.6333 (20.1709)  time: 0.1437  data: 0.0124  max mem: 9952
NaN or Inf found in input tensor.
Epoch: [17]  [20/30]  eta: 0:00:01  lr: 0.000408  min_lr: 0.000104  loss: 0.2300 (0.2580)  class_acc: 0.9167 (0.9137)  loss_scale: 1024.0000 (1560.3810)  weight_decay: 0.0500 (0.0500)  grad_norm: 21.9057 (inf)  time: 0.1286  data: 0.0001  max mem: 9952
Epoch: [17]  [29/30]  eta: 0:00:00  lr: 0.000405  min_lr: 0.000103  loss: 0.2229 (0.2594)  class_acc: 0.9167 (0.9095)  loss_scale: 1024.0000 (1412.4138)  weight_decay: 0.0500 (0.0500)  grad_norm: 23.4644 (inf)  time: 0.1221  data: 0.0001  max mem: 9952
Epoch: [17] Total time: 0:00:03 (0.1319 s / it)
Averaged stats: lr: 0.000405  min_lr: 0.000103  loss: 0.2229 (0.2196)  class_acc: 0.9167 (0.9250)  loss_scale: 1024.0000 (1412.4138)  weight_decay: 0.0500 (0.0500)  grad_norm: 23.4644 (inf)
Val:  [ 0/20]  eta: 0:00:04  loss: 1.2583 (1.2583)  accuracy: 0.5000 (0.5000)  balanced_accuracy: 0.4298 (0.4298)  time: 0.2385  data: 0.1797  max mem: 9952
Val:  [10/20]  eta: 0:00:00  loss: 0.9037 (0.9464)  accuracy: 0.6389 (0.6275)  balanced_accuracy: 0.5836 (0.5602)  time: 0.0718  data: 0.0165  max mem: 9952
Val:  [19/20]  eta: 0:00:00  loss: 0.9031 (0.9367)  accuracy: 0.6389 (0.6405)  balanced_accuracy: 0.5852 (0.5715)  time: 0.0633  data: 0.0091  max mem: 9952
Val: Total time: 0:00:01 (0.0662 s / it)
* loss 0.937
Accuracy of the network on the 1416 val EEG: 0.64%
Test:  [ 0/20]  eta: 0:00:04  loss: 0.6234 (0.6234)  accuracy: 0.7778 (0.7778)  balanced_accuracy: 0.6771 (0.6771)  time: 0.2088  data: 0.1458  max mem: 9952
Test:  [10/20]  eta: 0:00:00  loss: 0.8645 (0.8877)  accuracy: 0.6806 (0.6692)  balanced_accuracy: 0.5889 (0.5921)  time: 0.0691  data: 0.0134  max mem: 9952
Test:  [19/20]  eta: 0:00:00  loss: 0.9125 (0.9028)  accuracy: 0.6429 (0.6566)  balanced_accuracy: 0.5833 (0.5835)  time: 0.0621  data: 0.0074  max mem: 9952
Test: Total time: 0:00:01 (0.0656 s / it)
* loss 0.903
Accuracy of the network on the 1424 test EEG: 0.66%
Max accuracy val: 0.68%, max accuracy test: 0.68%
Epoch: [18]  [ 0/30]  eta: 0:00:08  lr: 0.000404  min_lr: 0.000103  loss: 0.1530 (0.1530)  class_acc: 0.9375 (0.9375)  loss_scale: 1024.0000 (1024.0000)  weight_decay: 0.0500 (0.0500)  grad_norm: 15.0437 (15.0437)  time: 0.2780  data: 0.1386  max mem: 9952
Epoch: [18]  [10/30]  eta: 0:00:02  lr: 0.000399  min_lr: 0.000102  loss: 0.1456 (0.1581)  class_acc: 0.9583 (0.9527)  loss_scale: 1024.0000 (1024.0000)  weight_decay: 0.0500 (0.0500)  grad_norm: 15.6884 (22.3275)  time: 0.1423  data: 0.0127  max mem: 9952
Epoch: [18]  [20/30]  eta: 0:00:01  lr: 0.000394  min_lr: 0.000100  loss: 0.1468 (0.1790)  class_acc: 0.9375 (0.9454)  loss_scale: 1024.0000 (1024.0000)  weight_decay: 0.0500 (0.0500)  grad_norm: 23.6877 (25.6983)  time: 0.1288  data: 0.0001  max mem: 9952
Epoch: [18]  [29/30]  eta: 0:00:00  lr: 0.000391  min_lr: 0.000099  loss: 0.1592 (0.1861)  class_acc: 0.9375 (0.9418)  loss_scale: 1024.0000 (1024.0000)  weight_decay: 0.0500 (0.0500)  grad_norm: 23.6877 (26.0918)  time: 0.1221  data: 0.0001  max mem: 9952
Epoch: [18] Total time: 0:00:03 (0.1320 s / it)
Averaged stats: lr: 0.000391  min_lr: 0.000099  loss: 0.1592 (0.1869)  class_acc: 0.9375 (0.9365)  loss_scale: 1024.0000 (1024.0000)  weight_decay: 0.0500 (0.0500)  grad_norm: 23.6877 (26.0918)
Val:  [ 0/20]  eta: 0:00:04  loss: 1.5227 (1.5227)  accuracy: 0.4722 (0.4722)  balanced_accuracy: 0.4272 (0.4272)  time: 0.2355  data: 0.1750  max mem: 9952
Val:  [10/20]  eta: 0:00:00  loss: 1.0775 (1.1443)  accuracy: 0.6111 (0.5909)  balanced_accuracy: 0.5619 (0.5375)  time: 0.0718  data: 0.0161  max mem: 9952
Val:  [19/20]  eta: 0:00:00  loss: 1.0775 (1.1166)  accuracy: 0.6250 (0.6102)  balanced_accuracy: 0.5738 (0.5604)  time: 0.0633  data: 0.0089  max mem: 9952
Val: Total time: 0:00:01 (0.0665 s / it)
* loss 1.117
Accuracy of the network on the 1416 val EEG: 0.61%
Test:  [ 0/20]  eta: 0:00:04  loss: 0.6402 (0.6402)  accuracy: 0.7361 (0.7361)  balanced_accuracy: 0.6667 (0.6667)  time: 0.2297  data: 0.1686  max mem: 9952
Test:  [10/20]  eta: 0:00:00  loss: 1.0487 (1.0128)  accuracy: 0.6389 (0.6414)  balanced_accuracy: 0.6019 (0.5897)  time: 0.0712  data: 0.0155  max mem: 9952
Test:  [19/20]  eta: 0:00:00  loss: 0.9837 (0.9994)  accuracy: 0.6528 (0.6489)  balanced_accuracy: 0.6148 (0.6025)  time: 0.0632  data: 0.0086  max mem: 9952
Test: Total time: 0:00:01 (0.0657 s / it)
* loss 0.999
Accuracy of the network on the 1424 test EEG: 0.65%
Max accuracy val: 0.68%, max accuracy test: 0.68%
Epoch: [19]  [ 0/30]  eta: 0:00:08  lr: 0.000390  min_lr: 0.000099  loss: 0.2469 (0.2469)  class_acc: 0.9375 (0.9375)  loss_scale: 1024.0000 (1024.0000)  weight_decay: 0.0500 (0.0500)  grad_norm: 25.9556 (25.9556)  time: 0.2878  data: 0.1497  max mem: 9952
Epoch: [19]  [10/30]  eta: 0:00:02  lr: 0.000385  min_lr: 0.000098  loss: 0.1538 (0.1505)  class_acc: 0.9375 (0.9527)  loss_scale: 1024.0000 (1024.0000)  weight_decay: 0.0500 (0.0500)  grad_norm: 22.4566 (21.8561)  time: 0.1431  data: 0.0137  max mem: 9952
Epoch: [19]  [20/30]  eta: 0:00:01  lr: 0.000380  min_lr: 0.000097  loss: 0.1448 (0.1581)  class_acc: 0.9583 (0.9534)  loss_scale: 1024.0000 (1024.0000)  weight_decay: 0.0500 (0.0500)  grad_norm: 21.4324 (22.4260)  time: 0.1285  data: 0.0001  max mem: 9952
NaN or Inf found in input tensor.
Epoch: [19]  [29/30]  eta: 0:00:00  lr: 0.000376  min_lr: 0.000096  loss: 0.1617 (0.1671)  class_acc: 0.9583 (0.9497)  loss_scale: 1024.0000 (918.0690)  weight_decay: 0.0500 (0.0500)  grad_norm: nan (nan)  time: 0.1217  data: 0.0001  max mem: 9952
Epoch: [19] Total time: 0:00:03 (0.1317 s / it)
Averaged stats: lr: 0.000376  min_lr: 0.000096  loss: 0.1617 (0.1456)  class_acc: 0.9583 (0.9557)  loss_scale: 1024.0000 (918.0690)  weight_decay: 0.0500 (0.0500)  grad_norm: nan (nan)
Val:  [ 0/20]  eta: 0:00:04  loss: 1.6948 (1.6948)  accuracy: 0.4722 (0.4722)  balanced_accuracy: 0.4272 (0.4272)  time: 0.2236  data: 0.1653  max mem: 9952
Val:  [10/20]  eta: 0:00:00  loss: 1.2019 (1.2361)  accuracy: 0.6250 (0.6086)  balanced_accuracy: 0.5836 (0.5641)  time: 0.0704  data: 0.0152  max mem: 9952
Val:  [19/20]  eta: 0:00:00  loss: 1.1556 (1.2101)  accuracy: 0.6389 (0.6257)  balanced_accuracy: 0.5958 (0.5812)  time: 0.0625  data: 0.0084  max mem: 9952
Val: Total time: 0:00:01 (0.0654 s / it)
* loss 1.210
Accuracy of the network on the 1416 val EEG: 0.63%
Test:  [ 0/20]  eta: 0:00:04  loss: 0.8852 (0.8852)  accuracy: 0.6667 (0.6667)  balanced_accuracy: 0.5833 (0.5833)  time: 0.2068  data: 0.1482  max mem: 9952
Test:  [10/20]  eta: 0:00:00  loss: 1.1818 (1.1802)  accuracy: 0.6389 (0.6326)  balanced_accuracy: 0.5861 (0.5865)  time: 0.0690  data: 0.0136  max mem: 9952
Test:  [19/20]  eta: 0:00:00  loss: 1.1780 (1.1596)  accuracy: 0.6389 (0.6440)  balanced_accuracy: 0.5936 (0.6003)  time: 0.0621  data: 0.0075  max mem: 9952
Test: Total time: 0:00:01 (0.0654 s / it)
* loss 1.160
Accuracy of the network on the 1424 test EEG: 0.64%
Max accuracy val: 0.68%, max accuracy test: 0.68%
Epoch: [20]  [ 0/30]  eta: 0:00:08  lr: 0.000375  min_lr: 0.000095  loss: 0.2002 (0.2002)  class_acc: 0.9375 (0.9375)  loss_scale: 512.0000 (512.0000)  weight_decay: 0.0500 (0.0500)  grad_norm: 17.3210 (17.3210)  time: 0.2990  data: 0.1483  max mem: 9952
Epoch: [20]  [10/30]  eta: 0:00:02  lr: 0.000370  min_lr: 0.000094  loss: 0.1325 (0.1229)  class_acc: 0.9792 (0.9583)  loss_scale: 512.0000 (512.0000)  weight_decay: 0.0500 (0.0500)  grad_norm: 17.3210 (22.7153)  time: 0.1439  data: 0.0136  max mem: 9952
Epoch: [20]  [20/30]  eta: 0:00:01  lr: 0.000365  min_lr: 0.000093  loss: 0.1175 (0.1306)  class_acc: 0.9583 (0.9593)  loss_scale: 512.0000 (512.0000)  weight_decay: 0.0500 (0.0500)  grad_norm: 16.5768 (21.2775)  time: 0.1286  data: 0.0002  max mem: 9952
Epoch: [20]  [29/30]  eta: 0:00:00  lr: 0.000360  min_lr: 0.000092  loss: 0.1175 (0.1376)  class_acc: 0.9583 (0.9562)  loss_scale: 512.0000 (512.0000)  weight_decay: 0.0500 (0.0500)  grad_norm: 16.1427 (21.1131)  time: 0.1220  data: 0.0002  max mem: 9952
Epoch: [20] Total time: 0:00:03 (0.1319 s / it)
Averaged stats: lr: 0.000360  min_lr: 0.000092  loss: 0.1175 (0.1316)  class_acc: 0.9583 (0.9591)  loss_scale: 512.0000 (512.0000)  weight_decay: 0.0500 (0.0500)  grad_norm: 16.1427 (21.1131)
Val:  [ 0/20]  eta: 0:00:04  loss: 1.7566 (1.7566)  accuracy: 0.5000 (0.5000)  balanced_accuracy: 0.4766 (0.4766)  time: 0.2318  data: 0.1733  max mem: 9952
Val:  [10/20]  eta: 0:00:00  loss: 1.2952 (1.3225)  accuracy: 0.5972 (0.5846)  balanced_accuracy: 0.5838 (0.5675)  time: 0.0712  data: 0.0159  max mem: 9952
Val:  [19/20]  eta: 0:00:00  loss: 1.2162 (1.2598)  accuracy: 0.6111 (0.6010)  balanced_accuracy: 0.5938 (0.5846)  time: 0.0630  data: 0.0088  max mem: 9952
Val: Total time: 0:00:01 (0.0663 s / it)
* loss 1.260
Accuracy of the network on the 1416 val EEG: 0.60%
Test:  [ 0/20]  eta: 0:00:04  loss: 0.8718 (0.8718)  accuracy: 0.6944 (0.6944)  balanced_accuracy: 0.6771 (0.6771)  time: 0.2302  data: 0.1693  max mem: 9952
Test:  [10/20]  eta: 0:00:00  loss: 1.1520 (1.1717)  accuracy: 0.6250 (0.6326)  balanced_accuracy: 0.6062 (0.6243)  time: 0.0711  data: 0.0155  max mem: 9952
Test:  [19/20]  eta: 0:00:00  loss: 1.1455 (1.1359)  accuracy: 0.6389 (0.6355)  balanced_accuracy: 0.6185 (0.6278)  time: 0.0632  data: 0.0086  max mem: 9952
Test: Total time: 0:00:01 (0.0665 s / it)
* loss 1.136
Accuracy of the network on the 1424 test EEG: 0.64%
Max accuracy val: 0.68%, max accuracy test: 0.68%
Epoch: [21]  [ 0/30]  eta: 0:00:08  lr: 0.000360  min_lr: 0.000091  loss: 0.0676 (0.0676)  class_acc: 0.9792 (0.9792)  loss_scale: 512.0000 (512.0000)  weight_decay: 0.0500 (0.0500)  grad_norm: 24.9437 (24.9437)  time: 0.2893  data: 0.1505  max mem: 9952
Epoch: [21]  [10/30]  eta: 0:00:02  lr: 0.000354  min_lr: 0.000090  loss: 0.0599 (0.0758)  class_acc: 0.9792 (0.9773)  loss_scale: 512.0000 (512.0000)  weight_decay: 0.0500 (0.0500)  grad_norm: 21.9282 (23.9154)  time: 0.1433  data: 0.0138  max mem: 9952
Epoch: [21]  [20/30]  eta: 0:00:01  lr: 0.000349  min_lr: 0.000089  loss: 0.0599 (0.0845)  class_acc: 0.9792 (0.9762)  loss_scale: 512.0000 (512.0000)  weight_decay: 0.0500 (0.0500)  grad_norm: 19.6885 (21.9878)  time: 0.1285  data: 0.0001  max mem: 9952
Epoch: [21]  [29/30]  eta: 0:00:00  lr: 0.000345  min_lr: 0.000088  loss: 0.0724 (0.0932)  class_acc: 0.9792 (0.9763)  loss_scale: 512.0000 (512.0000)  weight_decay: 0.0500 (0.0500)  grad_norm: 19.6885 (22.7170)  time: 0.1219  data: 0.0001  max mem: 9952
Epoch: [21] Total time: 0:00:03 (0.1316 s / it)
Averaged stats: lr: 0.000345  min_lr: 0.000088  loss: 0.0724 (0.1089)  class_acc: 0.9792 (0.9693)  loss_scale: 512.0000 (512.0000)  weight_decay: 0.0500 (0.0500)  grad_norm: 19.6885 (22.7170)
Val:  [ 0/20]  eta: 0:00:04  loss: 1.8410 (1.8410)  accuracy: 0.4583 (0.4583)  balanced_accuracy: 0.4353 (0.4353)  time: 0.2285  data: 0.1677  max mem: 9952
Val:  [10/20]  eta: 0:00:00  loss: 1.3190 (1.3695)  accuracy: 0.6111 (0.6023)  balanced_accuracy: 0.5902 (0.5672)  time: 0.0710  data: 0.0154  max mem: 9952
Val:  [19/20]  eta: 0:00:00  loss: 1.2881 (1.3039)  accuracy: 0.6389 (0.6257)  balanced_accuracy: 0.6024 (0.5871)  time: 0.0628  data: 0.0085  max mem: 9952
Val: Total time: 0:00:01 (0.0657 s / it)
* loss 1.304
Accuracy of the network on the 1416 val EEG: 0.63%
Test:  [ 0/20]  eta: 0:00:04  loss: 1.0030 (1.0030)  accuracy: 0.6944 (0.6944)  balanced_accuracy: 0.6354 (0.6354)  time: 0.2429  data: 0.1817  max mem: 9952
Test:  [10/20]  eta: 0:00:00  loss: 1.1901 (1.1823)  accuracy: 0.6389 (0.6528)  balanced_accuracy: 0.6054 (0.6147)  time: 0.0725  data: 0.0167  max mem: 9952
Test:  [19/20]  eta: 0:00:00  loss: 1.1969 (1.1971)  accuracy: 0.6528 (0.6538)  balanced_accuracy: 0.6054 (0.6151)  time: 0.0640  data: 0.0092  max mem: 9952
Test: Total time: 0:00:01 (0.0665 s / it)
* loss 1.197
Accuracy of the network on the 1424 test EEG: 0.65%
Max accuracy val: 0.68%, max accuracy test: 0.68%
Epoch: [22]  [ 0/30]  eta: 0:00:08  lr: 0.000344  min_lr: 0.000087  loss: 0.1037 (0.1037)  class_acc: 0.9792 (0.9792)  loss_scale: 512.0000 (512.0000)  weight_decay: 0.0500 (0.0500)  grad_norm: 2.9087 (2.9087)  time: 0.2950  data: 0.1386  max mem: 9952
Epoch: [22]  [10/30]  eta: 0:00:02  lr: 0.000338  min_lr: 0.000086  loss: 0.1036 (0.0925)  class_acc: 0.9792 (0.9773)  loss_scale: 512.0000 (512.0000)  weight_decay: 0.0500 (0.0500)  grad_norm: 11.8491 (11.8948)  time: 0.1439  data: 0.0127  max mem: 9952
Epoch: [22]  [20/30]  eta: 0:00:01  lr: 0.000333  min_lr: 0.000085  loss: 0.0784 (0.0866)  class_acc: 0.9792 (0.9772)  loss_scale: 512.0000 (512.0000)  weight_decay: 0.0500 (0.0500)  grad_norm: 14.8195 (14.6986)  time: 0.1288  data: 0.0001  max mem: 9952
Epoch: [22]  [29/30]  eta: 0:00:00  lr: 0.000328  min_lr: 0.000083  loss: 0.0784 (0.0872)  class_acc: 0.9792 (0.9777)  loss_scale: 512.0000 (512.0000)  weight_decay: 0.0500 (0.0500)  grad_norm: 11.5864 (13.3600)  time: 0.1219  data: 0.0001  max mem: 9952
Epoch: [22] Total time: 0:00:03 (0.1319 s / it)
Averaged stats: lr: 0.000328  min_lr: 0.000083  loss: 0.0784 (0.0946)  class_acc: 0.9792 (0.9761)  loss_scale: 512.0000 (512.0000)  weight_decay: 0.0500 (0.0500)  grad_norm: 11.5864 (13.3600)
Val:  [ 0/20]  eta: 0:00:05  loss: 1.9905 (1.9905)  accuracy: 0.5000 (0.5000)  balanced_accuracy: 0.4766 (0.4766)  time: 0.2534  data: 0.1925  max mem: 9952
Val:  [10/20]  eta: 0:00:00  loss: 1.3934 (1.4694)  accuracy: 0.5694 (0.5795)  balanced_accuracy: 0.5351 (0.5437)  time: 0.0732  data: 0.0176  max mem: 9952
Val:  [19/20]  eta: 0:00:00  loss: 1.3627 (1.4007)  accuracy: 0.6111 (0.6066)  balanced_accuracy: 0.5769 (0.5701)  time: 0.0640  data: 0.0097  max mem: 9952
Val: Total time: 0:00:01 (0.0667 s / it)
* loss 1.401
Accuracy of the network on the 1416 val EEG: 0.61%
Test:  [ 0/20]  eta: 0:00:05  loss: 1.0081 (1.0081)  accuracy: 0.7222 (0.7222)  balanced_accuracy: 0.6771 (0.6771)  time: 0.2516  data: 0.1915  max mem: 9952
Test:  [10/20]  eta: 0:00:00  loss: 1.2634 (1.2423)  accuracy: 0.6389 (0.6376)  balanced_accuracy: 0.6204 (0.6066)  time: 0.0731  data: 0.0175  max mem: 9952
Test:  [19/20]  eta: 0:00:00  loss: 1.2634 (1.2443)  accuracy: 0.6111 (0.6292)  balanced_accuracy: 0.5844 (0.5962)  time: 0.0643  data: 0.0097  max mem: 9952
Test: Total time: 0:00:01 (0.0673 s / it)
* loss 1.244
Accuracy of the network on the 1424 test EEG: 0.63%
Max accuracy val: 0.68%, max accuracy test: 0.68%
Epoch: [23]  [ 0/30]  eta: 0:00:08  lr: 0.000328  min_lr: 0.000083  loss: 0.0152 (0.0152)  class_acc: 1.0000 (1.0000)  loss_scale: 512.0000 (512.0000)  weight_decay: 0.0500 (0.0500)  grad_norm: 19.2536 (19.2536)  time: 0.2791  data: 0.1361  max mem: 9952
Epoch: [23]  [10/30]  eta: 0:00:02  lr: 0.000322  min_lr: 0.000082  loss: 0.1065 (0.0984)  class_acc: 0.9792 (0.9773)  loss_scale: 512.0000 (512.0000)  weight_decay: 0.0500 (0.0500)  grad_norm: 14.5794 (15.2247)  time: 0.1425  data: 0.0125  max mem: 9952
Epoch: [23]  [20/30]  eta: 0:00:01  lr: 0.000316  min_lr: 0.000080  loss: 0.0431 (0.0798)  class_acc: 0.9792 (0.9821)  loss_scale: 512.0000 (512.0000)  weight_decay: 0.0500 (0.0500)  grad_norm: 12.4494 (14.1009)  time: 0.1290  data: 0.0001  max mem: 9952
Epoch: [23]  [29/30]  eta: 0:00:00  lr: 0.000311  min_lr: 0.000079  loss: 0.0306 (0.0779)  class_acc: 1.0000 (0.9820)  loss_scale: 512.0000 (512.0000)  weight_decay: 0.0500 (0.0500)  grad_norm: 12.9358 (14.1569)  time: 0.1221  data: 0.0001  max mem: 9952
Epoch: [23] Total time: 0:00:03 (0.1320 s / it)
Averaged stats: lr: 0.000311  min_lr: 0.000079  loss: 0.0306 (0.0856)  class_acc: 1.0000 (0.9784)  loss_scale: 512.0000 (512.0000)  weight_decay: 0.0500 (0.0500)  grad_norm: 12.9358 (14.1569)
Val:  [ 0/20]  eta: 0:00:04  loss: 1.7990 (1.7990)  accuracy: 0.5417 (0.5417)  balanced_accuracy: 0.5085 (0.5085)  time: 0.2374  data: 0.1786  max mem: 9952
Val:  [10/20]  eta: 0:00:00  loss: 1.3030 (1.3866)  accuracy: 0.6389 (0.6111)  balanced_accuracy: 0.5873 (0.5643)  time: 0.0718  data: 0.0164  max mem: 9952
Val:  [19/20]  eta: 0:00:00  loss: 1.2697 (1.3500)  accuracy: 0.6389 (0.6222)  balanced_accuracy: 0.5729 (0.5724)  time: 0.0633  data: 0.0091  max mem: 9952
Val: Total time: 0:00:01 (0.0655 s / it)
* loss 1.350
Accuracy of the network on the 1416 val EEG: 0.62%
Test:  [ 0/20]  eta: 0:00:04  loss: 1.0360 (1.0360)  accuracy: 0.7222 (0.7222)  balanced_accuracy: 0.6458 (0.6458)  time: 0.2107  data: 0.1512  max mem: 9952
Test:  [10/20]  eta: 0:00:00  loss: 1.2594 (1.2578)  accuracy: 0.6528 (0.6566)  balanced_accuracy: 0.6051 (0.6148)  time: 0.0694  data: 0.0139  max mem: 9952
Test:  [19/20]  eta: 0:00:00  loss: 1.2926 (1.2761)  accuracy: 0.6389 (0.6510)  balanced_accuracy: 0.5958 (0.6074)  time: 0.0623  data: 0.0077  max mem: 9952
Test: Total time: 0:00:01 (0.0645 s / it)
* loss 1.276
Accuracy of the network on the 1424 test EEG: 0.65%
Max accuracy val: 0.68%, max accuracy test: 0.68%
Epoch: [24]  [ 0/30]  eta: 0:00:08  lr: 0.000311  min_lr: 0.000079  loss: 0.1246 (0.1246)  class_acc: 0.9583 (0.9583)  loss_scale: 512.0000 (512.0000)  weight_decay: 0.0500 (0.0500)  grad_norm: 29.3344 (29.3344)  time: 0.2751  data: 0.1413  max mem: 9952
Epoch: [24]  [10/30]  eta: 0:00:02  lr: 0.000305  min_lr: 0.000078  loss: 0.0255 (0.0552)  class_acc: 1.0000 (0.9867)  loss_scale: 512.0000 (512.0000)  weight_decay: 0.0500 (0.0500)  grad_norm: 6.2947 (11.5653)  time: 0.1414  data: 0.0129  max mem: 9952
Epoch: [24]  [20/30]  eta: 0:00:01  lr: 0.000299  min_lr: 0.000076  loss: 0.0431 (0.0740)  class_acc: 0.9792 (0.9821)  loss_scale: 512.0000 (512.0000)  weight_decay: 0.0500 (0.0500)  grad_norm: 6.2947 (9.7398)  time: 0.1284  data: 0.0001  max mem: 9952
Epoch: [24]  [29/30]  eta: 0:00:00  lr: 0.000294  min_lr: 0.000075  loss: 0.0851 (0.0712)  class_acc: 0.9792 (0.9835)  loss_scale: 512.0000 (512.0000)  weight_decay: 0.0500 (0.0500)  grad_norm: 10.2158 (11.1460)  time: 0.1223  data: 0.0001  max mem: 9952
Epoch: [24] Total time: 0:00:03 (0.1316 s / it)
Averaged stats: lr: 0.000294  min_lr: 0.000075  loss: 0.0851 (0.0719)  class_acc: 0.9792 (0.9837)  loss_scale: 512.0000 (512.0000)  weight_decay: 0.0500 (0.0500)  grad_norm: 10.2158 (11.1460)
Val:  [ 0/20]  eta: 0:00:04  loss: 1.9158 (1.9158)  accuracy: 0.5139 (0.5139)  balanced_accuracy: 0.4498 (0.4498)  time: 0.2500  data: 0.1914  max mem: 9952
Val:  [10/20]  eta: 0:00:00  loss: 1.4134 (1.4269)  accuracy: 0.6389 (0.6225)  balanced_accuracy: 0.5741 (0.5591)  time: 0.0730  data: 0.0175  max mem: 9952
Val:  [19/20]  eta: 0:00:00  loss: 1.3934 (1.4185)  accuracy: 0.6389 (0.6243)  balanced_accuracy: 0.5692 (0.5607)  time: 0.0640  data: 0.0097  max mem: 9952
Val: Total time: 0:00:01 (0.0660 s / it)
* loss 1.419
Accuracy of the network on the 1416 val EEG: 0.62%
Test:  [ 0/20]  eta: 0:00:04  loss: 1.0133 (1.0133)  accuracy: 0.7222 (0.7222)  balanced_accuracy: 0.6354 (0.6354)  time: 0.2320  data: 0.1721  max mem: 9952
Test:  [10/20]  eta: 0:00:00  loss: 1.2767 (1.2812)  accuracy: 0.6528 (0.6604)  balanced_accuracy: 0.5949 (0.6031)  time: 0.0713  data: 0.0158  max mem: 9952
Test:  [19/20]  eta: 0:00:00  loss: 1.2496 (1.2640)  accuracy: 0.6528 (0.6636)  balanced_accuracy: 0.6104 (0.6051)  time: 0.0633  data: 0.0087  max mem: 9952
Test: Total time: 0:00:01 (0.0666 s / it)
* loss 1.264
Accuracy of the network on the 1424 test EEG: 0.66%
Max accuracy val: 0.68%, max accuracy test: 0.68%
Epoch: [25]  [ 0/30]  eta: 0:00:08  lr: 0.000294  min_lr: 0.000075  loss: 0.0146 (0.0146)  class_acc: 1.0000 (1.0000)  loss_scale: 512.0000 (512.0000)  weight_decay: 0.0500 (0.0500)  grad_norm: 1.7744 (1.7744)  time: 0.2787  data: 0.1455  max mem: 9952
Epoch: [25]  [10/30]  eta: 0:00:02  lr: 0.000288  min_lr: 0.000073  loss: 0.0437 (0.0600)  class_acc: 0.9792 (0.9848)  loss_scale: 512.0000 (512.0000)  weight_decay: 0.0500 (0.0500)  grad_norm: 10.4464 (18.0178)  time: 0.1419  data: 0.0133  max mem: 9952
Epoch: [25]  [20/30]  eta: 0:00:01  lr: 0.000282  min_lr: 0.000072  loss: 0.0339 (0.0648)  class_acc: 0.9792 (0.9841)  loss_scale: 512.0000 (512.0000)  weight_decay: 0.0500 (0.0500)  grad_norm: 9.6002 (14.6594)  time: 0.1283  data: 0.0001  max mem: 9952
Epoch: [25]  [29/30]  eta: 0:00:00  lr: 0.000277  min_lr: 0.000070  loss: 0.0187 (0.0568)  class_acc: 1.0000 (0.9856)  loss_scale: 512.0000 (512.0000)  weight_decay: 0.0500 (0.0500)  grad_norm: 12.4636 (14.5975)  time: 0.1218  data: 0.0001  max mem: 9952
Epoch: [25] Total time: 0:00:03 (0.1308 s / it)
Averaged stats: lr: 0.000277  min_lr: 0.000070  loss: 0.0187 (0.0749)  class_acc: 1.0000 (0.9813)  loss_scale: 512.0000 (512.0000)  weight_decay: 0.0500 (0.0500)  grad_norm: 12.4636 (14.5975)
Val:  [ 0/20]  eta: 0:00:04  loss: 1.9358 (1.9358)  accuracy: 0.5000 (0.5000)  balanced_accuracy: 0.4485 (0.4485)  time: 0.2409  data: 0.1825  max mem: 9952
Val:  [10/20]  eta: 0:00:00  loss: 1.4093 (1.4648)  accuracy: 0.6250 (0.6162)  balanced_accuracy: 0.5807 (0.5626)  time: 0.0721  data: 0.0167  max mem: 9952
Val:  [19/20]  eta: 0:00:00  loss: 1.2959 (1.3839)  accuracy: 0.6389 (0.6321)  balanced_accuracy: 0.5815 (0.5756)  time: 0.0634  data: 0.0092  max mem: 9952
Val: Total time: 0:00:01 (0.0656 s / it)
* loss 1.384
Accuracy of the network on the 1416 val EEG: 0.63%
Test:  [ 0/20]  eta: 0:00:04  loss: 1.0955 (1.0955)  accuracy: 0.7222 (0.7222)  balanced_accuracy: 0.6562 (0.6562)  time: 0.2382  data: 0.1793  max mem: 9952
Test:  [10/20]  eta: 0:00:00  loss: 1.3106 (1.3176)  accuracy: 0.6389 (0.6578)  balanced_accuracy: 0.6046 (0.6083)  time: 0.0721  data: 0.0164  max mem: 9952
Test:  [19/20]  eta: 0:00:00  loss: 1.2798 (1.3048)  accuracy: 0.6389 (0.6524)  balanced_accuracy: 0.6046 (0.6040)  time: 0.0638  data: 0.0091  max mem: 9952
Test: Total time: 0:00:01 (0.0660 s / it)
* loss 1.305
Accuracy of the network on the 1424 test EEG: 0.65%
Max accuracy val: 0.68%, max accuracy test: 0.68%
Epoch: [26]  [ 0/30]  eta: 0:00:08  lr: 0.000277  min_lr: 0.000070  loss: 0.1085 (0.1085)  class_acc: 0.9792 (0.9792)  loss_scale: 512.0000 (512.0000)  weight_decay: 0.0500 (0.0500)  grad_norm: 7.2527 (7.2527)  time: 0.2759  data: 0.1404  max mem: 9952
Epoch: [26]  [10/30]  eta: 0:00:02  lr: 0.000271  min_lr: 0.000069  loss: 0.1085 (0.0943)  class_acc: 0.9792 (0.9773)  loss_scale: 512.0000 (512.0000)  weight_decay: 0.0500 (0.0500)  grad_norm: 9.2116 (14.4068)  time: 0.1420  data: 0.0129  max mem: 9952
Epoch: [26]  [20/30]  eta: 0:00:01  lr: 0.000265  min_lr: 0.000067  loss: 0.1037 (0.0951)  class_acc: 0.9792 (0.9792)  loss_scale: 512.0000 (512.0000)  weight_decay: 0.0500 (0.0500)  grad_norm: 12.8754 (14.2938)  time: 0.1284  data: 0.0001  max mem: 9952
Epoch: [26]  [29/30]  eta: 0:00:00  lr: 0.000260  min_lr: 0.000066  loss: 0.0883 (0.0840)  class_acc: 0.9792 (0.9820)  loss_scale: 512.0000 (512.0000)  weight_decay: 0.0500 (0.0500)  grad_norm: 13.5730 (13.5642)  time: 0.1220  data: 0.0001  max mem: 9952
Epoch: [26] Total time: 0:00:03 (0.1317 s / it)
Averaged stats: lr: 0.000260  min_lr: 0.000066  loss: 0.0883 (0.0740)  class_acc: 0.9792 (0.9837)  loss_scale: 512.0000 (512.0000)  weight_decay: 0.0500 (0.0500)  grad_norm: 13.5730 (13.5642)
Val:  [ 0/20]  eta: 0:00:05  loss: 2.0336 (2.0336)  accuracy: 0.5000 (0.5000)  balanced_accuracy: 0.4391 (0.4391)  time: 0.2506  data: 0.1911  max mem: 9952
Val:  [10/20]  eta: 0:00:00  loss: 1.4256 (1.5043)  accuracy: 0.6250 (0.6250)  balanced_accuracy: 0.5794 (0.5610)  time: 0.0729  data: 0.0175  max mem: 9952
Val:  [19/20]  eta: 0:00:00  loss: 1.3606 (1.4438)  accuracy: 0.6250 (0.6419)  balanced_accuracy: 0.5833 (0.5780)  time: 0.0640  data: 0.0097  max mem: 9952
Val: Total time: 0:00:01 (0.0660 s / it)
* loss 1.444
Accuracy of the network on the 1416 val EEG: 0.64%
Test:  [ 0/20]  eta: 0:00:04  loss: 1.0537 (1.0537)  accuracy: 0.6806 (0.6806)  balanced_accuracy: 0.5938 (0.5938)  time: 0.2347  data: 0.1712  max mem: 9952
Test:  [10/20]  eta: 0:00:00  loss: 1.3181 (1.3298)  accuracy: 0.6528 (0.6578)  balanced_accuracy: 0.5949 (0.6018)  time: 0.0717  data: 0.0157  max mem: 9952
Test:  [19/20]  eta: 0:00:00  loss: 1.3360 (1.3324)  accuracy: 0.6389 (0.6510)  balanced_accuracy: 0.5945 (0.5940)  time: 0.0636  data: 0.0087  max mem: 9952
Test: Total time: 0:00:01 (0.0670 s / it)
* loss 1.332
Accuracy of the network on the 1424 test EEG: 0.65%
Max accuracy val: 0.68%, max accuracy test: 0.68%
Epoch: [27]  [ 0/30]  eta: 0:00:08  lr: 0.000259  min_lr: 0.000066  loss: 0.0141 (0.0141)  class_acc: 1.0000 (1.0000)  loss_scale: 512.0000 (512.0000)  weight_decay: 0.0500 (0.0500)  grad_norm: 2.0832 (2.0832)  time: 0.2803  data: 0.1453  max mem: 9952
Epoch: [27]  [10/30]  eta: 0:00:02  lr: 0.000253  min_lr: 0.000064  loss: 0.0138 (0.0397)  class_acc: 1.0000 (0.9905)  loss_scale: 512.0000 (512.0000)  weight_decay: 0.0500 (0.0500)  grad_norm: 7.2836 (8.7990)  time: 0.1423  data: 0.0133  max mem: 9952
Epoch: [27]  [20/30]  eta: 0:00:01  lr: 0.000247  min_lr: 0.000063  loss: 0.0132 (0.0454)  class_acc: 1.0000 (0.9901)  loss_scale: 512.0000 (512.0000)  weight_decay: 0.0500 (0.0500)  grad_norm: 7.7258 (10.4795)  time: 0.1284  data: 0.0001  max mem: 9952
Epoch: [27]  [29/30]  eta: 0:00:00  lr: 0.000242  min_lr: 0.000062  loss: 0.0147 (0.0536)  class_acc: 1.0000 (0.9878)  loss_scale: 512.0000 (512.0000)  weight_decay: 0.0500 (0.0500)  grad_norm: 8.3068 (10.9852)  time: 0.1218  data: 0.0001  max mem: 9952
Epoch: [27] Total time: 0:00:03 (0.1314 s / it)
Averaged stats: lr: 0.000242  min_lr: 0.000062  loss: 0.0147 (0.0677)  class_acc: 1.0000 (0.9844)  loss_scale: 512.0000 (512.0000)  weight_decay: 0.0500 (0.0500)  grad_norm: 8.3068 (10.9852)
Val:  [ 0/20]  eta: 0:00:05  loss: 2.0264 (2.0264)  accuracy: 0.4861 (0.4861)  balanced_accuracy: 0.4472 (0.4472)  time: 0.2538  data: 0.1941  max mem: 9952
Val:  [10/20]  eta: 0:00:00  loss: 1.4043 (1.4579)  accuracy: 0.6389 (0.6149)  balanced_accuracy: 0.5644 (0.5559)  time: 0.0732  data: 0.0178  max mem: 9952
Val:  [19/20]  eta: 0:00:00  loss: 1.3700 (1.4179)  accuracy: 0.6250 (0.6250)  balanced_accuracy: 0.5643 (0.5643)  time: 0.0640  data: 0.0098  max mem: 9952
Val: Total time: 0:00:01 (0.0675 s / it)
* loss 1.418
Accuracy of the network on the 1416 val EEG: 0.62%
Test:  [ 0/20]  eta: 0:00:04  loss: 0.9486 (0.9486)  accuracy: 0.7222 (0.7222)  balanced_accuracy: 0.6667 (0.6667)  time: 0.2336  data: 0.1728  max mem: 9952
Test:  [10/20]  eta: 0:00:00  loss: 1.3440 (1.3102)  accuracy: 0.6389 (0.6591)  balanced_accuracy: 0.6019 (0.6107)  time: 0.0714  data: 0.0158  max mem: 9952
Test:  [19/20]  eta: 0:00:00  loss: 1.3115 (1.3207)  accuracy: 0.6528 (0.6559)  balanced_accuracy: 0.6019 (0.6050)  time: 0.0634  data: 0.0088  max mem: 9952
Test: Total time: 0:00:01 (0.0670 s / it)
* loss 1.321
Accuracy of the network on the 1424 test EEG: 0.66%
Max accuracy val: 0.68%, max accuracy test: 0.68%
Epoch: [28]  [ 0/30]  eta: 0:00:08  lr: 0.000242  min_lr: 0.000061  loss: 0.0225 (0.0225)  class_acc: 1.0000 (1.0000)  loss_scale: 512.0000 (512.0000)  weight_decay: 0.0500 (0.0500)  grad_norm: 5.5662 (5.5662)  time: 0.2725  data: 0.1366  max mem: 9952
Epoch: [28]  [10/30]  eta: 0:00:02  lr: 0.000236  min_lr: 0.000060  loss: 0.0162 (0.0409)  class_acc: 1.0000 (0.9924)  loss_scale: 512.0000 (512.0000)  weight_decay: 0.0500 (0.0500)  grad_norm: 5.5436 (5.7220)  time: 0.1415  data: 0.0125  max mem: 9952
Epoch: [28]  [20/30]  eta: 0:00:01  lr: 0.000230  min_lr: 0.000058  loss: 0.0166 (0.0587)  class_acc: 1.0000 (0.9871)  loss_scale: 512.0000 (512.0000)  weight_decay: 0.0500 (0.0500)  grad_norm: 6.2909 (8.8409)  time: 0.1285  data: 0.0001  max mem: 9952
Epoch: [28]  [29/30]  eta: 0:00:00  lr: 0.000225  min_lr: 0.000057  loss: 0.0258 (0.0591)  class_acc: 0.9792 (0.9878)  loss_scale: 512.0000 (512.0000)  weight_decay: 0.0500 (0.0500)  grad_norm: 6.9336 (8.0837)  time: 0.1220  data: 0.0001  max mem: 9952
Epoch: [28] Total time: 0:00:03 (0.1314 s / it)
Averaged stats: lr: 0.000225  min_lr: 0.000057  loss: 0.0258 (0.0608)  class_acc: 0.9792 (0.9875)  loss_scale: 512.0000 (512.0000)  weight_decay: 0.0500 (0.0500)  grad_norm: 6.9336 (8.0837)
Val:  [ 0/20]  eta: 0:00:05  loss: 2.0013 (2.0013)  accuracy: 0.5139 (0.5139)  balanced_accuracy: 0.4779 (0.4779)  time: 0.2610  data: 0.1976  max mem: 9952
Val:  [10/20]  eta: 0:00:00  loss: 1.5238 (1.5785)  accuracy: 0.6111 (0.5997)  balanced_accuracy: 0.5909 (0.5594)  time: 0.0745  data: 0.0181  max mem: 9952
Val:  [19/20]  eta: 0:00:00  loss: 1.4256 (1.4757)  accuracy: 0.6389 (0.6222)  balanced_accuracy: 0.5958 (0.5799)  time: 0.0648  data: 0.0100  max mem: 9952
Val: Total time: 0:00:01 (0.0681 s / it)
* loss 1.476
Accuracy of the network on the 1416 val EEG: 0.62%
Test:  [ 0/20]  eta: 0:00:04  loss: 1.0274 (1.0274)  accuracy: 0.7500 (0.7500)  balanced_accuracy: 0.7188 (0.7188)  time: 0.2089  data: 0.1486  max mem: 9952
Test:  [10/20]  eta: 0:00:00  loss: 1.4128 (1.3713)  accuracy: 0.6250 (0.6427)  balanced_accuracy: 0.6042 (0.6099)  time: 0.0692  data: 0.0137  max mem: 9952
Test:  [19/20]  eta: 0:00:00  loss: 1.4005 (1.3648)  accuracy: 0.6250 (0.6426)  balanced_accuracy: 0.6042 (0.6074)  time: 0.0621  data: 0.0076  max mem: 9952
Test: Total time: 0:00:01 (0.0648 s / it)
* loss 1.365
Accuracy of the network on the 1424 test EEG: 0.64%
Max accuracy val: 0.68%, max accuracy test: 0.68%
Epoch: [29]  [ 0/30]  eta: 0:00:08  lr: 0.000224  min_lr: 0.000057  loss: 0.0122 (0.0122)  class_acc: 1.0000 (1.0000)  loss_scale: 512.0000 (512.0000)  weight_decay: 0.0500 (0.0500)  grad_norm: 1.2062 (1.2062)  time: 0.2905  data: 0.1522  max mem: 9952
Epoch: [29]  [10/30]  eta: 0:00:02  lr: 0.000218  min_lr: 0.000056  loss: 0.0146 (0.0543)  class_acc: 1.0000 (0.9886)  loss_scale: 512.0000 (512.0000)  weight_decay: 0.0500 (0.0500)  grad_norm: 6.0249 (9.2489)  time: 0.1432  data: 0.0140  max mem: 9952
Epoch: [29]  [20/30]  eta: 0:00:01  lr: 0.000213  min_lr: 0.000054  loss: 0.0185 (0.0468)  class_acc: 1.0000 (0.9911)  loss_scale: 512.0000 (512.0000)  weight_decay: 0.0500 (0.0500)  grad_norm: 9.6177 (9.4037)  time: 0.1285  data: 0.0001  max mem: 9952
Epoch: [29]  [29/30]  eta: 0:00:00  lr: 0.000208  min_lr: 0.000053  loss: 0.0143 (0.0511)  class_acc: 1.0000 (0.9899)  loss_scale: 512.0000 (512.0000)  weight_decay: 0.0500 (0.0500)  grad_norm: 9.8857 (10.6364)  time: 0.1217  data: 0.0001  max mem: 9952
Epoch: [29] Total time: 0:00:03 (0.1320 s / it)
Averaged stats: lr: 0.000208  min_lr: 0.000053  loss: 0.0143 (0.0628)  class_acc: 1.0000 (0.9871)  loss_scale: 512.0000 (512.0000)  weight_decay: 0.0500 (0.0500)  grad_norm: 9.8857 (10.6364)
Val:  [ 0/20]  eta: 0:00:05  loss: 2.0771 (2.0771)  accuracy: 0.5000 (0.5000)  balanced_accuracy: 0.4485 (0.4485)  time: 0.2669  data: 0.2080  max mem: 9952
Val:  [10/20]  eta: 0:00:00  loss: 1.4484 (1.5357)  accuracy: 0.6389 (0.6199)  balanced_accuracy: 0.5909 (0.5636)  time: 0.0745  data: 0.0191  max mem: 9952
Val:  [19/20]  eta: 0:00:00  loss: 1.3665 (1.4615)  accuracy: 0.6528 (0.6377)  balanced_accuracy: 0.5924 (0.5807)  time: 0.0648  data: 0.0105  max mem: 9952
Val: Total time: 0:00:01 (0.0677 s / it)
* loss 1.461
Accuracy of the network on the 1416 val EEG: 0.64%
Test:  [ 0/20]  eta: 0:00:04  loss: 1.0601 (1.0601)  accuracy: 0.7222 (0.7222)  balanced_accuracy: 0.6562 (0.6562)  time: 0.2302  data: 0.1679  max mem: 9952
Test:  [10/20]  eta: 0:00:00  loss: 1.3512 (1.3776)  accuracy: 0.6806 (0.6566)  balanced_accuracy: 0.6204 (0.6079)  time: 0.0711  data: 0.0154  max mem: 9952
Test:  [19/20]  eta: 0:00:00  loss: 1.3716 (1.3838)  accuracy: 0.6528 (0.6538)  balanced_accuracy: 0.6185 (0.6047)  time: 0.0633  data: 0.0085  max mem: 9952
Test: Total time: 0:00:01 (0.0667 s / it)
* loss 1.384
Accuracy of the network on the 1424 test EEG: 0.65%
Max accuracy val: 0.68%, max accuracy test: 0.68%
Epoch: [30]  [ 0/30]  eta: 0:00:08  lr: 0.000207  min_lr: 0.000053  loss: 0.0107 (0.0107)  class_acc: 1.0000 (1.0000)  loss_scale: 512.0000 (512.0000)  weight_decay: 0.0500 (0.0500)  grad_norm: 11.4457 (11.4457)  time: 0.2873  data: 0.1457  max mem: 9952
Epoch: [30]  [10/30]  eta: 0:00:02  lr: 0.000201  min_lr: 0.000051  loss: 0.0107 (0.0362)  class_acc: 1.0000 (0.9943)  loss_scale: 512.0000 (512.0000)  weight_decay: 0.0500 (0.0500)  grad_norm: 4.3816 (6.9116)  time: 0.1426  data: 0.0133  max mem: 9952
Epoch: [30]  [20/30]  eta: 0:00:01  lr: 0.000195  min_lr: 0.000050  loss: 0.0110 (0.0621)  class_acc: 1.0000 (0.9881)  loss_scale: 512.0000 (512.0000)  weight_decay: 0.0500 (0.0500)  grad_norm: 3.7465 (6.5807)  time: 0.1281  data: 0.0002  max mem: 9952
Epoch: [30]  [29/30]  eta: 0:00:00  lr: 0.000191  min_lr: 0.000048  loss: 0.0125 (0.0610)  class_acc: 1.0000 (0.9885)  loss_scale: 512.0000 (512.0000)  weight_decay: 0.0500 (0.0500)  grad_norm: 3.7465 (7.2644)  time: 0.1216  data: 0.0002  max mem: 9952
Epoch: [30] Total time: 0:00:03 (0.1315 s / it)
Averaged stats: lr: 0.000191  min_lr: 0.000048  loss: 0.0125 (0.0612)  class_acc: 1.0000 (0.9875)  loss_scale: 512.0000 (512.0000)  weight_decay: 0.0500 (0.0500)  grad_norm: 3.7465 (7.2644)
Val:  [ 0/20]  eta: 0:00:04  loss: 2.1243 (2.1243)  accuracy: 0.4583 (0.4583)  balanced_accuracy: 0.4166 (0.4166)  time: 0.2428  data: 0.1832  max mem: 9952
Val:  [10/20]  eta: 0:00:00  loss: 1.4578 (1.5587)  accuracy: 0.6389 (0.6098)  balanced_accuracy: 0.5828 (0.5575)  time: 0.0724  data: 0.0168  max mem: 9952
Val:  [19/20]  eta: 0:00:00  loss: 1.4167 (1.4892)  accuracy: 0.6458 (0.6278)  balanced_accuracy: 0.5930 (0.5750)  time: 0.0636  data: 0.0093  max mem: 9952
Val: Total time: 0:00:01 (0.0658 s / it)
* loss 1.489
Accuracy of the network on the 1416 val EEG: 0.63%
Test:  [ 0/20]  eta: 0:00:04  loss: 1.0324 (1.0324)  accuracy: 0.7500 (0.7500)  balanced_accuracy: 0.6979 (0.6979)  time: 0.2204  data: 0.1574  max mem: 9952
Test:  [10/20]  eta: 0:00:00  loss: 1.3667 (1.3588)  accuracy: 0.6528 (0.6578)  balanced_accuracy: 0.6146 (0.6140)  time: 0.0702  data: 0.0144  max mem: 9952
Test:  [19/20]  eta: 0:00:00  loss: 1.3667 (1.3804)  accuracy: 0.6528 (0.6489)  balanced_accuracy: 0.6146 (0.6050)  time: 0.0626  data: 0.0080  max mem: 9952
Test: Total time: 0:00:01 (0.0652 s / it)
* loss 1.380
Accuracy of the network on the 1424 test EEG: 0.65%
Max accuracy val: 0.68%, max accuracy test: 0.68%
Epoch: [31]  [ 0/30]  eta: 0:00:08  lr: 0.000190  min_lr: 0.000048  loss: 0.0999 (0.0999)  class_acc: 0.9792 (0.9792)  loss_scale: 512.0000 (512.0000)  weight_decay: 0.0500 (0.0500)  grad_norm: 1.8042 (1.8042)  time: 0.2771  data: 0.1383  max mem: 9952
Epoch: [31]  [10/30]  eta: 0:00:02  lr: 0.000184  min_lr: 0.000047  loss: 0.0497 (0.0553)  class_acc: 0.9792 (0.9886)  loss_scale: 512.0000 (512.0000)  weight_decay: 0.0500 (0.0500)  grad_norm: 2.6801 (5.7359)  time: 0.1422  data: 0.0127  max mem: 9952
Epoch: [31]  [20/30]  eta: 0:00:01  lr: 0.000179  min_lr: 0.000045  loss: 0.0117 (0.0688)  class_acc: 1.0000 (0.9861)  loss_scale: 512.0000 (512.0000)  weight_decay: 0.0500 (0.0500)  grad_norm: 3.3687 (6.5514)  time: 0.1286  data: 0.0001  max mem: 9952
Epoch: [31]  [29/30]  eta: 0:00:00  lr: 0.000174  min_lr: 0.000044  loss: 0.0436 (0.0710)  class_acc: 0.9792 (0.9849)  loss_scale: 512.0000 (512.0000)  weight_decay: 0.0500 (0.0500)  grad_norm: 5.6151 (6.5589)  time: 0.1220  data: 0.0001  max mem: 9952
Epoch: [31] Total time: 0:00:03 (0.1317 s / it)
Averaged stats: lr: 0.000174  min_lr: 0.000044  loss: 0.0436 (0.0607)  class_acc: 0.9792 (0.9875)  loss_scale: 512.0000 (512.0000)  weight_decay: 0.0500 (0.0500)  grad_norm: 5.6151 (6.5589)
Val:  [ 0/20]  eta: 0:00:04  loss: 1.9571 (1.9571)  accuracy: 0.5278 (0.5278)  balanced_accuracy: 0.4698 (0.4698)  time: 0.2400  data: 0.1815  max mem: 9952
Val:  [10/20]  eta: 0:00:00  loss: 1.4129 (1.4782)  accuracy: 0.6389 (0.6250)  balanced_accuracy: 0.5630 (0.5604)  time: 0.0719  data: 0.0166  max mem: 9952
Val:  [19/20]  eta: 0:00:00  loss: 1.4019 (1.4403)  accuracy: 0.6528 (0.6412)  balanced_accuracy: 0.5945 (0.5777)  time: 0.0633  data: 0.0092  max mem: 9952
Val: Total time: 0:00:01 (0.0667 s / it)
* loss 1.440
Accuracy of the network on the 1416 val EEG: 0.64%
Test:  [ 0/20]  eta: 0:00:04  loss: 1.0117 (1.0117)  accuracy: 0.7222 (0.7222)  balanced_accuracy: 0.6458 (0.6458)  time: 0.2265  data: 0.1685  max mem: 9952
Test:  [10/20]  eta: 0:00:00  loss: 1.2958 (1.3028)  accuracy: 0.6667 (0.6667)  balanced_accuracy: 0.6065 (0.6113)  time: 0.0708  data: 0.0155  max mem: 9952
Test:  [19/20]  eta: 0:00:00  loss: 1.3401 (1.3417)  accuracy: 0.6429 (0.6580)  balanced_accuracy: 0.5889 (0.6035)  time: 0.0630  data: 0.0085  max mem: 9952
Test: Total time: 0:00:01 (0.0663 s / it)
* loss 1.342
Accuracy of the network on the 1424 test EEG: 0.66%
Max accuracy val: 0.68%, max accuracy test: 0.68%
Epoch: [32]  [ 0/30]  eta: 0:00:08  lr: 0.000173  min_lr: 0.000044  loss: 0.0925 (0.0925)  class_acc: 0.9792 (0.9792)  loss_scale: 512.0000 (512.0000)  weight_decay: 0.0500 (0.0500)  grad_norm: 1.2543 (1.2543)  time: 0.2747  data: 0.1416  max mem: 9952
Epoch: [32]  [10/30]  eta: 0:00:02  lr: 0.000168  min_lr: 0.000043  loss: 0.0923 (0.0699)  class_acc: 0.9792 (0.9848)  loss_scale: 512.0000 (512.0000)  weight_decay: 0.0500 (0.0500)  grad_norm: 3.6440 (7.1061)  time: 0.1416  data: 0.0130  max mem: 9952
Epoch: [32]  [20/30]  eta: 0:00:01  lr: 0.000162  min_lr: 0.000041  loss: 0.0174 (0.0603)  class_acc: 0.9792 (0.9871)  loss_scale: 512.0000 (512.0000)  weight_decay: 0.0500 (0.0500)  grad_norm: 3.6440 (6.1904)  time: 0.1283  data: 0.0001  max mem: 9952
Epoch: [32]  [29/30]  eta: 0:00:00  lr: 0.000158  min_lr: 0.000040  loss: 0.0334 (0.0604)  class_acc: 0.9792 (0.9856)  loss_scale: 512.0000 (512.0000)  weight_decay: 0.0500 (0.0500)  grad_norm: 4.4649 (6.5912)  time: 0.1218  data: 0.0001  max mem: 9952
Epoch: [32] Total time: 0:00:03 (0.1310 s / it)
Averaged stats: lr: 0.000158  min_lr: 0.000040  loss: 0.0334 (0.0622)  class_acc: 0.9792 (0.9864)  loss_scale: 512.0000 (512.0000)  weight_decay: 0.0500 (0.0500)  grad_norm: 4.4649 (6.5912)
Val:  [ 0/20]  eta: 0:00:04  loss: 1.9680 (1.9680)  accuracy: 0.5000 (0.5000)  balanced_accuracy: 0.4953 (0.4953)  time: 0.2258  data: 0.1659  max mem: 9952
Val:  [10/20]  eta: 0:00:00  loss: 1.5374 (1.6042)  accuracy: 0.5833 (0.5770)  balanced_accuracy: 0.5556 (0.5454)  time: 0.0711  data: 0.0152  max mem: 9952
Val:  [19/20]  eta: 0:00:00  loss: 1.4413 (1.5285)  accuracy: 0.6250 (0.6024)  balanced_accuracy: 0.5815 (0.5691)  time: 0.0630  data: 0.0084  max mem: 9952
Val: Total time: 0:00:01 (0.0653 s / it)
* loss 1.528
Accuracy of the network on the 1416 val EEG: 0.60%
Test:  [ 0/20]  eta: 0:00:05  loss: 1.0990 (1.0990)  accuracy: 0.7361 (0.7361)  balanced_accuracy: 0.7083 (0.7083)  time: 0.2519  data: 0.1929  max mem: 9952
Test:  [10/20]  eta: 0:00:00  loss: 1.3720 (1.3975)  accuracy: 0.6389 (0.6439)  balanced_accuracy: 0.6087 (0.6187)  time: 0.0732  data: 0.0177  max mem: 9952
Test:  [19/20]  eta: 0:00:00  loss: 1.3751 (1.4304)  accuracy: 0.6250 (0.6376)  balanced_accuracy: 0.6073 (0.6122)  time: 0.0645  data: 0.0098  max mem: 9952
Test: Total time: 0:00:01 (0.0675 s / it)
* loss 1.430
Accuracy of the network on the 1424 test EEG: 0.64%
Max accuracy val: 0.68%, max accuracy test: 0.68%
Epoch: [33]  [ 0/30]  eta: 0:00:08  lr: 0.000157  min_lr: 0.000040  loss: 0.0114 (0.0114)  class_acc: 1.0000 (1.0000)  loss_scale: 512.0000 (512.0000)  weight_decay: 0.0500 (0.0500)  grad_norm: 10.3447 (10.3447)  time: 0.2883  data: 0.1450  max mem: 9952
Epoch: [33]  [10/30]  eta: 0:00:02  lr: 0.000151  min_lr: 0.000039  loss: 0.0121 (0.0401)  class_acc: 1.0000 (0.9924)  loss_scale: 512.0000 (512.0000)  weight_decay: 0.0500 (0.0500)  grad_norm: 4.7814 (8.5124)  time: 0.1432  data: 0.0133  max mem: 9952
Epoch: [33]  [20/30]  eta: 0:00:01  lr: 0.000146  min_lr: 0.000037  loss: 0.0123 (0.0352)  class_acc: 1.0000 (0.9940)  loss_scale: 512.0000 (512.0000)  weight_decay: 0.0500 (0.0500)  grad_norm: 2.2650 (6.1591)  time: 0.1286  data: 0.0001  max mem: 9952
Epoch: [33]  [29/30]  eta: 0:00:00  lr: 0.000142  min_lr: 0.000036  loss: 0.0123 (0.0355)  class_acc: 1.0000 (0.9935)  loss_scale: 512.0000 (512.0000)  weight_decay: 0.0500 (0.0500)  grad_norm: 2.2650 (5.9931)  time: 0.1220  data: 0.0001  max mem: 9952
Epoch: [33] Total time: 0:00:03 (0.1322 s / it)
Averaged stats: lr: 0.000142  min_lr: 0.000036  loss: 0.0123 (0.0541)  class_acc: 1.0000 (0.9887)  loss_scale: 512.0000 (512.0000)  weight_decay: 0.0500 (0.0500)  grad_norm: 2.2650 (5.9931)
Val:  [ 0/20]  eta: 0:00:05  loss: 1.9437 (1.9437)  accuracy: 0.5417 (0.5417)  balanced_accuracy: 0.4898 (0.4898)  time: 0.2999  data: 0.2352  max mem: 9952
Val:  [10/20]  eta: 0:00:00  loss: 1.4436 (1.5611)  accuracy: 0.6389 (0.6111)  balanced_accuracy: 0.5669 (0.5517)  time: 0.0774  data: 0.0215  max mem: 9952
Val:  [19/20]  eta: 0:00:00  loss: 1.4334 (1.4850)  accuracy: 0.6389 (0.6285)  balanced_accuracy: 0.5807 (0.5672)  time: 0.0664  data: 0.0119  max mem: 9952
Val: Total time: 0:00:01 (0.0698 s / it)
* loss 1.485
Accuracy of the network on the 1416 val EEG: 0.63%
Test:  [ 0/20]  eta: 0:00:04  loss: 0.9670 (0.9670)  accuracy: 0.7361 (0.7361)  balanced_accuracy: 0.6771 (0.6771)  time: 0.2480  data: 0.1863  max mem: 9952
Test:  [10/20]  eta: 0:00:00  loss: 1.3920 (1.3713)  accuracy: 0.6667 (0.6503)  balanced_accuracy: 0.6048 (0.5999)  time: 0.0728  data: 0.0171  max mem: 9952
Test:  [19/20]  eta: 0:00:00  loss: 1.3409 (1.3852)  accuracy: 0.6667 (0.6496)  balanced_accuracy: 0.6048 (0.5996)  time: 0.0641  data: 0.0094  max mem: 9952
Test: Total time: 0:00:01 (0.0679 s / it)
* loss 1.385
Accuracy of the network on the 1424 test EEG: 0.65%
Max accuracy val: 0.68%, max accuracy test: 0.68%
Epoch: [34]  [ 0/30]  eta: 0:00:08  lr: 0.000141  min_lr: 0.000036  loss: 0.0974 (0.0974)  class_acc: 0.9792 (0.9792)  loss_scale: 512.0000 (512.0000)  weight_decay: 0.0500 (0.0500)  grad_norm: 14.7340 (14.7340)  time: 0.2838  data: 0.1506  max mem: 9952
Epoch: [34]  [10/30]  eta: 0:00:02  lr: 0.000136  min_lr: 0.000035  loss: 0.0112 (0.0504)  class_acc: 1.0000 (0.9886)  loss_scale: 512.0000 (512.0000)  weight_decay: 0.0500 (0.0500)  grad_norm: 5.4337 (5.7332)  time: 0.1422  data: 0.0138  max mem: 9952
Epoch: [34]  [20/30]  eta: 0:00:01  lr: 0.000130  min_lr: 0.000033  loss: 0.0111 (0.0495)  class_acc: 1.0000 (0.9901)  loss_scale: 512.0000 (512.0000)  weight_decay: 0.0500 (0.0500)  grad_norm: 2.0740 (4.5917)  time: 0.1282  data: 0.0001  max mem: 9952
Epoch: [34]  [29/30]  eta: 0:00:00  lr: 0.000126  min_lr: 0.000032  loss: 0.0127 (0.0529)  class_acc: 1.0000 (0.9885)  loss_scale: 512.0000 (512.0000)  weight_decay: 0.0500 (0.0500)  grad_norm: 3.2782 (5.4145)  time: 0.1219  data: 0.0001  max mem: 9952
Epoch: [34] Total time: 0:00:03 (0.1315 s / it)
Averaged stats: lr: 0.000126  min_lr: 0.000032  loss: 0.0127 (0.0551)  class_acc: 1.0000 (0.9880)  loss_scale: 512.0000 (512.0000)  weight_decay: 0.0500 (0.0500)  grad_norm: 3.2782 (5.4145)
Val:  [ 0/20]  eta: 0:00:04  loss: 1.9329 (1.9329)  accuracy: 0.5417 (0.5417)  balanced_accuracy: 0.4991 (0.4991)  time: 0.2429  data: 0.1831  max mem: 9952
Val:  [10/20]  eta: 0:00:00  loss: 1.5010 (1.5630)  accuracy: 0.6528 (0.6174)  balanced_accuracy: 0.5807 (0.5611)  time: 0.0745  data: 0.0190  max mem: 9952
Val:  [19/20]  eta: 0:00:00  loss: 1.4248 (1.4853)  accuracy: 0.6528 (0.6314)  balanced_accuracy: 0.5845 (0.5739)  time: 0.0648  data: 0.0105  max mem: 9952
Val: Total time: 0:00:01 (0.0677 s / it)
* loss 1.485
Accuracy of the network on the 1416 val EEG: 0.63%
Test:  [ 0/20]  eta: 0:00:04  loss: 0.9480 (0.9480)  accuracy: 0.7222 (0.7222)  balanced_accuracy: 0.6667 (0.6667)  time: 0.2357  data: 0.1754  max mem: 9952
Test:  [10/20]  eta: 0:00:00  loss: 1.3383 (1.3297)  accuracy: 0.6667 (0.6604)  balanced_accuracy: 0.6154 (0.6135)  time: 0.0719  data: 0.0161  max mem: 9952
Test:  [19/20]  eta: 0:00:00  loss: 1.3167 (1.3670)  accuracy: 0.6667 (0.6510)  balanced_accuracy: 0.6146 (0.6049)  time: 0.0637  data: 0.0089  max mem: 9952
Test: Total time: 0:00:01 (0.0663 s / it)
* loss 1.367
Accuracy of the network on the 1424 test EEG: 0.65%
Max accuracy val: 0.68%, max accuracy test: 0.68%
Epoch: [35]  [ 0/30]  eta: 0:00:08  lr: 0.000126  min_lr: 0.000032  loss: 0.0135 (0.0135)  class_acc: 1.0000 (1.0000)  loss_scale: 512.0000 (512.0000)  weight_decay: 0.0500 (0.0500)  grad_norm: 11.6152 (11.6152)  time: 0.2740  data: 0.1415  max mem: 9952
Epoch: [35]  [10/30]  eta: 0:00:02  lr: 0.000121  min_lr: 0.000031  loss: 0.0179 (0.0372)  class_acc: 1.0000 (0.9943)  loss_scale: 512.0000 (512.0000)  weight_decay: 0.0500 (0.0500)  grad_norm: 1.7553 (3.1553)  time: 0.1417  data: 0.0130  max mem: 9952
Epoch: [35]  [20/30]  eta: 0:00:01  lr: 0.000115  min_lr: 0.000029  loss: 0.0164 (0.0372)  class_acc: 1.0000 (0.9940)  loss_scale: 512.0000 (512.0000)  weight_decay: 0.0500 (0.0500)  grad_norm: 1.4699 (2.8929)  time: 0.1285  data: 0.0001  max mem: 9952
Epoch: [35]  [29/30]  eta: 0:00:00  lr: 0.000111  min_lr: 0.000028  loss: 0.0104 (0.0402)  class_acc: 1.0000 (0.9928)  loss_scale: 512.0000 (512.0000)  weight_decay: 0.0500 (0.0500)  grad_norm: 2.1663 (4.0233)  time: 0.1218  data: 0.0001  max mem: 9952
Epoch: [35] Total time: 0:00:03 (0.1315 s / it)
Averaged stats: lr: 0.000111  min_lr: 0.000028  loss: 0.0104 (0.0532)  class_acc: 1.0000 (0.9895)  loss_scale: 512.0000 (512.0000)  weight_decay: 0.0500 (0.0500)  grad_norm: 2.1663 (4.0233)
Val:  [ 0/20]  eta: 0:00:04  loss: 2.0762 (2.0762)  accuracy: 0.5417 (0.5417)  balanced_accuracy: 0.4898 (0.4898)  time: 0.2435  data: 0.1837  max mem: 9952
Val:  [10/20]  eta: 0:00:00  loss: 1.5218 (1.6097)  accuracy: 0.6389 (0.6199)  balanced_accuracy: 0.5669 (0.5582)  time: 0.0723  data: 0.0168  max mem: 9952
Val:  [19/20]  eta: 0:00:00  loss: 1.4421 (1.5348)  accuracy: 0.6458 (0.6370)  balanced_accuracy: 0.5745 (0.5727)  time: 0.0636  data: 0.0093  max mem: 9952
Val: Total time: 0:00:01 (0.0667 s / it)
* loss 1.535
Accuracy of the network on the 1416 val EEG: 0.64%
Test:  [ 0/20]  eta: 0:00:04  loss: 0.9635 (0.9635)  accuracy: 0.7361 (0.7361)  balanced_accuracy: 0.6771 (0.6771)  time: 0.2218  data: 0.1623  max mem: 9952
Test:  [10/20]  eta: 0:00:00  loss: 1.2956 (1.3799)  accuracy: 0.6667 (0.6604)  balanced_accuracy: 0.6051 (0.6049)  time: 0.0706  data: 0.0149  max mem: 9952
Test:  [19/20]  eta: 0:00:00  loss: 1.3950 (1.4408)  accuracy: 0.6607 (0.6538)  balanced_accuracy: 0.6025 (0.6008)  time: 0.0630  data: 0.0082  max mem: 9952
Test: Total time: 0:00:01 (0.0662 s / it)
* loss 1.441
Accuracy of the network on the 1424 test EEG: 0.65%
Max accuracy val: 0.68%, max accuracy test: 0.68%
Epoch: [36]  [ 0/30]  eta: 0:00:08  lr: 0.000111  min_lr: 0.000028  loss: 0.0077 (0.0077)  class_acc: 1.0000 (1.0000)  loss_scale: 512.0000 (512.0000)  weight_decay: 0.0500 (0.0500)  grad_norm: 0.9042 (0.9042)  time: 0.2790  data: 0.1438  max mem: 9952
Epoch: [36]  [10/30]  eta: 0:00:02  lr: 0.000106  min_lr: 0.000027  loss: 0.0097 (0.0351)  class_acc: 1.0000 (0.9924)  loss_scale: 512.0000 (512.0000)  weight_decay: 0.0500 (0.0500)  grad_norm: 1.7928 (3.5347)  time: 0.1415  data: 0.0132  max mem: 9952
Epoch: [36]  [20/30]  eta: 0:00:01  lr: 0.000101  min_lr: 0.000026  loss: 0.0109 (0.0279)  class_acc: 1.0000 (0.9950)  loss_scale: 512.0000 (512.0000)  weight_decay: 0.0500 (0.0500)  grad_norm: 2.5073 (4.3135)  time: 0.1282  data: 0.0001  max mem: 9952
Epoch: [36]  [29/30]  eta: 0:00:00  lr: 0.000097  min_lr: 0.000025  loss: 0.0117 (0.0421)  class_acc: 1.0000 (0.9921)  loss_scale: 512.0000 (512.0000)  weight_decay: 0.0500 (0.0500)  grad_norm: 4.1462 (5.0670)  time: 0.1218  data: 0.0001  max mem: 9952
Epoch: [36] Total time: 0:00:03 (0.1311 s / it)
Averaged stats: lr: 0.000097  min_lr: 0.000025  loss: 0.0117 (0.0553)  class_acc: 1.0000 (0.9883)  loss_scale: 512.0000 (512.0000)  weight_decay: 0.0500 (0.0500)  grad_norm: 4.1462 (5.0670)
Val:  [ 0/20]  eta: 0:00:04  loss: 2.0621 (2.0621)  accuracy: 0.4861 (0.4861)  balanced_accuracy: 0.4566 (0.4566)  time: 0.2425  data: 0.1838  max mem: 9952
Val:  [10/20]  eta: 0:00:00  loss: 1.5255 (1.6302)  accuracy: 0.5972 (0.5934)  balanced_accuracy: 0.5786 (0.5512)  time: 0.0723  data: 0.0168  max mem: 9952
Val:  [19/20]  eta: 0:00:00  loss: 1.5062 (1.5455)  accuracy: 0.6250 (0.6137)  balanced_accuracy: 0.5786 (0.5687)  time: 0.0635  data: 0.0093  max mem: 9952
Val: Total time: 0:00:01 (0.0671 s / it)
* loss 1.545
Accuracy of the network on the 1416 val EEG: 0.61%
Test:  [ 0/20]  eta: 0:00:04  loss: 1.0577 (1.0577)  accuracy: 0.7222 (0.7222)  balanced_accuracy: 0.6771 (0.6771)  time: 0.2478  data: 0.1876  max mem: 9952
Test:  [10/20]  eta: 0:00:00  loss: 1.3600 (1.3826)  accuracy: 0.6528 (0.6540)  balanced_accuracy: 0.6180 (0.6170)  time: 0.0728  data: 0.0172  max mem: 9952
Test:  [19/20]  eta: 0:00:00  loss: 1.3627 (1.4342)  accuracy: 0.6389 (0.6454)  balanced_accuracy: 0.6003 (0.6073)  time: 0.0642  data: 0.0095  max mem: 9952
Test: Total time: 0:00:01 (0.0676 s / it)
* loss 1.434
Accuracy of the network on the 1424 test EEG: 0.65%
Max accuracy val: 0.68%, max accuracy test: 0.68%
Epoch: [37]  [ 0/30]  eta: 0:00:08  lr: 0.000097  min_lr: 0.000025  loss: 0.0102 (0.0102)  class_acc: 1.0000 (1.0000)  loss_scale: 512.0000 (512.0000)  weight_decay: 0.0500 (0.0500)  grad_norm: 1.3889 (1.3889)  time: 0.2800  data: 0.1448  max mem: 9952
Epoch: [37]  [10/30]  eta: 0:00:02  lr: 0.000092  min_lr: 0.000023  loss: 0.0147 (0.0399)  class_acc: 1.0000 (0.9924)  loss_scale: 512.0000 (512.0000)  weight_decay: 0.0500 (0.0500)  grad_norm: 2.6137 (3.9801)  time: 0.1423  data: 0.0134  max mem: 9952
Epoch: [37]  [20/30]  eta: 0:00:01  lr: 0.000088  min_lr: 0.000022  loss: 0.0147 (0.0549)  class_acc: 1.0000 (0.9891)  loss_scale: 512.0000 (512.0000)  weight_decay: 0.0500 (0.0500)  grad_norm: 2.4739 (3.6249)  time: 0.1285  data: 0.0002  max mem: 9952
Epoch: [37]  [29/30]  eta: 0:00:00  lr: 0.000084  min_lr: 0.000021  loss: 0.0187 (0.0509)  class_acc: 1.0000 (0.9899)  loss_scale: 512.0000 (512.0000)  weight_decay: 0.0500 (0.0500)  grad_norm: 2.6964 (3.9988)  time: 0.1219  data: 0.0002  max mem: 9952
Epoch: [37] Total time: 0:00:03 (0.1316 s / it)
Averaged stats: lr: 0.000084  min_lr: 0.000021  loss: 0.0187 (0.0563)  class_acc: 1.0000 (0.9880)  loss_scale: 512.0000 (512.0000)  weight_decay: 0.0500 (0.0500)  grad_norm: 2.6964 (3.9988)
Val:  [ 0/20]  eta: 0:00:05  loss: 1.9371 (1.9371)  accuracy: 0.5417 (0.5417)  balanced_accuracy: 0.4898 (0.4898)  time: 0.2706  data: 0.2095  max mem: 9952
Val:  [10/20]  eta: 0:00:00  loss: 1.4984 (1.5060)  accuracy: 0.6389 (0.6212)  balanced_accuracy: 0.5669 (0.5563)  time: 0.0748  data: 0.0192  max mem: 9952
Val:  [19/20]  eta: 0:00:00  loss: 1.3766 (1.4451)  accuracy: 0.6528 (0.6370)  balanced_accuracy: 0.5741 (0.5699)  time: 0.0649  data: 0.0106  max mem: 9952
Val: Total time: 0:00:01 (0.0678 s / it)
* loss 1.445
Accuracy of the network on the 1416 val EEG: 0.64%
Test:  [ 0/20]  eta: 0:00:04  loss: 0.9456 (0.9456)  accuracy: 0.7500 (0.7500)  balanced_accuracy: 0.6875 (0.6875)  time: 0.2205  data: 0.1599  max mem: 9952
Test:  [10/20]  eta: 0:00:00  loss: 1.2151 (1.2894)  accuracy: 0.6944 (0.6616)  balanced_accuracy: 0.6140 (0.6025)  time: 0.0702  data: 0.0147  max mem: 9952
Test:  [19/20]  eta: 0:00:00  loss: 1.2999 (1.3385)  accuracy: 0.6528 (0.6559)  balanced_accuracy: 0.6039 (0.6003)  time: 0.0627  data: 0.0081  max mem: 9952
Test: Total time: 0:00:01 (0.0665 s / it)
* loss 1.338
Accuracy of the network on the 1424 test EEG: 0.66%
Max accuracy val: 0.68%, max accuracy test: 0.68%
Epoch: [38]  [ 0/30]  eta: 0:00:08  lr: 0.000084  min_lr: 0.000021  loss: 0.0144 (0.0144)  class_acc: 1.0000 (1.0000)  loss_scale: 512.0000 (512.0000)  weight_decay: 0.0500 (0.0500)  grad_norm: 1.0198 (1.0198)  time: 0.2906  data: 0.1545  max mem: 9952
Epoch: [38]  [10/30]  eta: 0:00:02  lr: 0.000079  min_lr: 0.000020  loss: 0.0139 (0.0391)  class_acc: 1.0000 (0.9924)  loss_scale: 512.0000 (512.0000)  weight_decay: 0.0500 (0.0500)  grad_norm: 1.1001 (3.0956)  time: 0.1430  data: 0.0141  max mem: 9952
Epoch: [38]  [20/30]  eta: 0:00:01  lr: 0.000075  min_lr: 0.000019  loss: 0.0132 (0.0476)  class_acc: 1.0000 (0.9891)  loss_scale: 512.0000 (512.0000)  weight_decay: 0.0500 (0.0500)  grad_norm: 2.3959 (4.5747)  time: 0.1284  data: 0.0001  max mem: 9952
Epoch: [38]  [29/30]  eta: 0:00:00  lr: 0.000071  min_lr: 0.000018  loss: 0.0173 (0.0454)  class_acc: 1.0000 (0.9899)  loss_scale: 512.0000 (512.0000)  weight_decay: 0.0500 (0.0500)  grad_norm: 2.4214 (4.1271)  time: 0.1218  data: 0.0001  max mem: 9952
Epoch: [38] Total time: 0:00:03 (0.1319 s / it)
Averaged stats: lr: 0.000071  min_lr: 0.000018  loss: 0.0173 (0.0512)  class_acc: 1.0000 (0.9892)  loss_scale: 512.0000 (512.0000)  weight_decay: 0.0500 (0.0500)  grad_norm: 2.4214 (4.1271)
Val:  [ 0/20]  eta: 0:00:04  loss: 1.9440 (1.9440)  accuracy: 0.5417 (0.5417)  balanced_accuracy: 0.4991 (0.4991)  time: 0.2468  data: 0.1857  max mem: 9952
Val:  [10/20]  eta: 0:00:00  loss: 1.5218 (1.5627)  accuracy: 0.6389 (0.6162)  balanced_accuracy: 0.5836 (0.5642)  time: 0.0725  data: 0.0170  max mem: 9952
Val:  [19/20]  eta: 0:00:00  loss: 1.4321 (1.4969)  accuracy: 0.6528 (0.6299)  balanced_accuracy: 0.5836 (0.5747)  time: 0.0637  data: 0.0094  max mem: 9952
Val: Total time: 0:00:01 (0.0670 s / it)
* loss 1.497
Accuracy of the network on the 1416 val EEG: 0.63%
Test:  [ 0/20]  eta: 0:00:04  loss: 0.9296 (0.9296)  accuracy: 0.7222 (0.7222)  balanced_accuracy: 0.6667 (0.6667)  time: 0.2225  data: 0.1633  max mem: 9952
Test:  [10/20]  eta: 0:00:00  loss: 1.3216 (1.3282)  accuracy: 0.6389 (0.6477)  balanced_accuracy: 0.5938 (0.6020)  time: 0.0707  data: 0.0150  max mem: 9952
Test:  [19/20]  eta: 0:00:00  loss: 1.3592 (1.3889)  accuracy: 0.6389 (0.6433)  balanced_accuracy: 0.5902 (0.5972)  time: 0.0629  data: 0.0083  max mem: 9952
Test: Total time: 0:00:01 (0.0656 s / it)
* loss 1.389
Accuracy of the network on the 1424 test EEG: 0.64%
Max accuracy val: 0.68%, max accuracy test: 0.68%
Epoch: [39]  [ 0/30]  eta: 0:00:08  lr: 0.000071  min_lr: 0.000018  loss: 0.0094 (0.0094)  class_acc: 1.0000 (1.0000)  loss_scale: 512.0000 (512.0000)  weight_decay: 0.0500 (0.0500)  grad_norm: 0.7283 (0.7283)  time: 0.2732  data: 0.1368  max mem: 9952
Epoch: [39]  [10/30]  eta: 0:00:02  lr: 0.000067  min_lr: 0.000017  loss: 0.0968 (0.0765)  class_acc: 0.9792 (0.9848)  loss_scale: 512.0000 (512.0000)  weight_decay: 0.0500 (0.0500)  grad_norm: 2.4391 (3.6892)  time: 0.1417  data: 0.0125  max mem: 9952
Epoch: [39]  [20/30]  eta: 0:00:01  lr: 0.000063  min_lr: 0.000016  loss: 0.0256 (0.0617)  class_acc: 0.9792 (0.9881)  loss_scale: 512.0000 (512.0000)  weight_decay: 0.0500 (0.0500)  grad_norm: 2.4391 (4.3396)  time: 0.1285  data: 0.0001  max mem: 9952
Epoch: [39]  [29/30]  eta: 0:00:00  lr: 0.000060  min_lr: 0.000015  loss: 0.0157 (0.0590)  class_acc: 1.0000 (0.9885)  loss_scale: 512.0000 (512.0000)  weight_decay: 0.0500 (0.0500)  grad_norm: 1.9523 (4.3514)  time: 0.1218  data: 0.0001  max mem: 9952
Epoch: [39] Total time: 0:00:03 (0.1315 s / it)
Averaged stats: lr: 0.000060  min_lr: 0.000015  loss: 0.0157 (0.0513)  class_acc: 1.0000 (0.9885)  loss_scale: 512.0000 (512.0000)  weight_decay: 0.0500 (0.0500)  grad_norm: 1.9523 (4.3514)
Val:  [ 0/20]  eta: 0:00:05  loss: 1.9512 (1.9512)  accuracy: 0.5278 (0.5278)  balanced_accuracy: 0.4979 (0.4979)  time: 0.2538  data: 0.1934  max mem: 9952
Val:  [10/20]  eta: 0:00:00  loss: 1.5087 (1.5680)  accuracy: 0.6250 (0.6010)  balanced_accuracy: 0.5617 (0.5585)  time: 0.0731  data: 0.0177  max mem: 9952
Val:  [19/20]  eta: 0:00:00  loss: 1.4669 (1.5100)  accuracy: 0.6250 (0.6158)  balanced_accuracy: 0.5926 (0.5720)  time: 0.0640  data: 0.0098  max mem: 9952
Val: Total time: 0:00:01 (0.0671 s / it)
* loss 1.510
Accuracy of the network on the 1416 val EEG: 0.62%
Test:  [ 0/20]  eta: 0:00:04  loss: 0.9807 (0.9807)  accuracy: 0.7083 (0.7083)  balanced_accuracy: 0.6562 (0.6562)  time: 0.2225  data: 0.1636  max mem: 9952
Test:  [10/20]  eta: 0:00:00  loss: 1.3677 (1.3556)  accuracy: 0.6389 (0.6452)  balanced_accuracy: 0.6167 (0.6100)  time: 0.0705  data: 0.0150  max mem: 9952
Test:  [19/20]  eta: 0:00:00  loss: 1.3687 (1.3980)  accuracy: 0.6389 (0.6412)  balanced_accuracy: 0.6121 (0.6034)  time: 0.0628  data: 0.0083  max mem: 9952
Test: Total time: 0:00:01 (0.0659 s / it)
* loss 1.398
Accuracy of the network on the 1424 test EEG: 0.64%
Max accuracy val: 0.68%, max accuracy test: 0.68%
Epoch: [40]  [ 0/30]  eta: 0:00:08  lr: 0.000059  min_lr: 0.000015  loss: 0.0181 (0.0181)  class_acc: 1.0000 (1.0000)  loss_scale: 512.0000 (512.0000)  weight_decay: 0.0500 (0.0500)  grad_norm: 13.8492 (13.8492)  time: 0.2891  data: 0.1550  max mem: 9952
Epoch: [40]  [10/30]  eta: 0:00:02  lr: 0.000056  min_lr: 0.000014  loss: 0.0249 (0.0588)  class_acc: 1.0000 (0.9867)  loss_scale: 512.0000 (512.0000)  weight_decay: 0.0500 (0.0500)  grad_norm: 1.6530 (3.8133)  time: 0.1430  data: 0.0142  max mem: 9952
Epoch: [40]  [20/30]  eta: 0:00:01  lr: 0.000052  min_lr: 0.000013  loss: 0.0125 (0.0437)  class_acc: 1.0000 (0.9901)  loss_scale: 512.0000 (512.0000)  weight_decay: 0.0500 (0.0500)  grad_norm: 1.7397 (3.7410)  time: 0.1285  data: 0.0001  max mem: 9952
Epoch: [40]  [29/30]  eta: 0:00:00  lr: 0.000049  min_lr: 0.000012  loss: 0.0102 (0.0452)  class_acc: 1.0000 (0.9899)  loss_scale: 512.0000 (512.0000)  weight_decay: 0.0500 (0.0500)  grad_norm: 2.5785 (3.4485)  time: 0.1219  data: 0.0001  max mem: 9952
Epoch: [40] Total time: 0:00:03 (0.1315 s / it)
Averaged stats: lr: 0.000049  min_lr: 0.000012  loss: 0.0102 (0.0483)  class_acc: 1.0000 (0.9895)  loss_scale: 512.0000 (512.0000)  weight_decay: 0.0500 (0.0500)  grad_norm: 2.5785 (3.4485)
Val:  [ 0/20]  eta: 0:00:05  loss: 1.9306 (1.9306)  accuracy: 0.5278 (0.5278)  balanced_accuracy: 0.4885 (0.4885)  time: 0.2609  data: 0.2026  max mem: 9952
Val:  [10/20]  eta: 0:00:00  loss: 1.5311 (1.5560)  accuracy: 0.6250 (0.6098)  balanced_accuracy: 0.5923 (0.5605)  time: 0.0741  data: 0.0186  max mem: 9952
Val:  [19/20]  eta: 0:00:00  loss: 1.4169 (1.5032)  accuracy: 0.6389 (0.6215)  balanced_accuracy: 0.5923 (0.5699)  time: 0.0646  data: 0.0103  max mem: 9952
Val: Total time: 0:00:01 (0.0672 s / it)
* loss 1.503
Accuracy of the network on the 1416 val EEG: 0.62%
Test:  [ 0/20]  eta: 0:00:04  loss: 0.9662 (0.9662)  accuracy: 0.7083 (0.7083)  balanced_accuracy: 0.6562 (0.6562)  time: 0.2282  data: 0.1682  max mem: 9952
Test:  [10/20]  eta: 0:00:00  loss: 1.3231 (1.3445)  accuracy: 0.6389 (0.6477)  balanced_accuracy: 0.5936 (0.6031)  time: 0.0710  data: 0.0154  max mem: 9952
Test:  [19/20]  eta: 0:00:00  loss: 1.3823 (1.3987)  accuracy: 0.6389 (0.6447)  balanced_accuracy: 0.5936 (0.5999)  time: 0.0631  data: 0.0085  max mem: 9952
Test: Total time: 0:00:01 (0.0656 s / it)
* loss 1.399
Accuracy of the network on the 1424 test EEG: 0.64%
Max accuracy val: 0.68%, max accuracy test: 0.68%
Epoch: [41]  [ 0/30]  eta: 0:00:08  lr: 0.000049  min_lr: 0.000012  loss: 0.0168 (0.0168)  class_acc: 1.0000 (1.0000)  loss_scale: 512.0000 (512.0000)  weight_decay: 0.0500 (0.0500)  grad_norm: 2.4184 (2.4184)  time: 0.2830  data: 0.1392  max mem: 9952
Epoch: [41]  [10/30]  eta: 0:00:02  lr: 0.000045  min_lr: 0.000011  loss: 0.0168 (0.0502)  class_acc: 1.0000 (0.9867)  loss_scale: 512.0000 (512.0000)  weight_decay: 0.0500 (0.0500)  grad_norm: 1.9044 (2.3516)  time: 0.1436  data: 0.0128  max mem: 9952
Epoch: [41]  [20/30]  eta: 0:00:01  lr: 0.000042  min_lr: 0.000011  loss: 0.0131 (0.0440)  class_acc: 1.0000 (0.9881)  loss_scale: 512.0000 (512.0000)  weight_decay: 0.0500 (0.0500)  grad_norm: 2.1963 (3.1128)  time: 0.1290  data: 0.0001  max mem: 9952
Epoch: [41]  [29/30]  eta: 0:00:00  lr: 0.000039  min_lr: 0.000010  loss: 0.0120 (0.0473)  class_acc: 1.0000 (0.9878)  loss_scale: 512.0000 (512.0000)  weight_decay: 0.0500 (0.0500)  grad_norm: 2.8647 (3.4977)  time: 0.1221  data: 0.0001  max mem: 9952
Epoch: [41] Total time: 0:00:03 (0.1323 s / it)
Averaged stats: lr: 0.000039  min_lr: 0.000010  loss: 0.0120 (0.0455)  class_acc: 1.0000 (0.9890)  loss_scale: 512.0000 (512.0000)  weight_decay: 0.0500 (0.0500)  grad_norm: 2.8647 (3.4977)
Val:  [ 0/20]  eta: 0:00:05  loss: 1.9547 (1.9547)  accuracy: 0.5417 (0.5417)  balanced_accuracy: 0.5085 (0.5085)  time: 0.2832  data: 0.2237  max mem: 9952
Val:  [10/20]  eta: 0:00:00  loss: 1.5502 (1.5871)  accuracy: 0.6250 (0.6048)  balanced_accuracy: 0.5719 (0.5573)  time: 0.0760  data: 0.0205  max mem: 9952
Val:  [19/20]  eta: 0:00:00  loss: 1.4593 (1.5357)  accuracy: 0.6250 (0.6158)  balanced_accuracy: 0.5719 (0.5654)  time: 0.0656  data: 0.0113  max mem: 9952
Val: Total time: 0:00:01 (0.0679 s / it)
* loss 1.536
Accuracy of the network on the 1416 val EEG: 0.62%
Test:  [ 0/20]  eta: 0:00:04  loss: 1.0081 (1.0081)  accuracy: 0.7083 (0.7083)  balanced_accuracy: 0.6562 (0.6562)  time: 0.2387  data: 0.1796  max mem: 9952
Test:  [10/20]  eta: 0:00:00  loss: 1.3730 (1.3804)  accuracy: 0.6389 (0.6490)  balanced_accuracy: 0.6078 (0.6046)  time: 0.0719  data: 0.0165  max mem: 9952
Test:  [19/20]  eta: 0:00:00  loss: 1.4069 (1.4305)  accuracy: 0.6389 (0.6433)  balanced_accuracy: 0.6038 (0.5990)  time: 0.0636  data: 0.0091  max mem: 9952
Test: Total time: 0:00:01 (0.0668 s / it)
* loss 1.431
Accuracy of the network on the 1424 test EEG: 0.64%
Max accuracy val: 0.68%, max accuracy test: 0.68%
Epoch: [42]  [ 0/30]  eta: 0:00:08  lr: 0.000039  min_lr: 0.000010  loss: 0.0128 (0.0128)  class_acc: 1.0000 (1.0000)  loss_scale: 512.0000 (512.0000)  weight_decay: 0.0500 (0.0500)  grad_norm: 1.6095 (1.6095)  time: 0.2885  data: 0.1393  max mem: 9952
Epoch: [42]  [10/30]  eta: 0:00:02  lr: 0.000036  min_lr: 0.000009  loss: 0.0463 (0.0575)  class_acc: 0.9792 (0.9848)  loss_scale: 512.0000 (512.0000)  weight_decay: 0.0500 (0.0500)  grad_norm: 2.7829 (5.2927)  time: 0.1430  data: 0.0128  max mem: 9952
Epoch: [42]  [20/30]  eta: 0:00:01  lr: 0.000033  min_lr: 0.000008  loss: 0.0157 (0.0413)  class_acc: 1.0000 (0.9901)  loss_scale: 512.0000 (512.0000)  weight_decay: 0.0500 (0.0500)  grad_norm: 2.5706 (3.9558)  time: 0.1286  data: 0.0002  max mem: 9952
Epoch: [42]  [29/30]  eta: 0:00:00  lr: 0.000030  min_lr: 0.000008  loss: 0.0130 (0.0347)  class_acc: 1.0000 (0.9921)  loss_scale: 512.0000 (512.0000)  weight_decay: 0.0500 (0.0500)  grad_norm: 2.3883 (3.7493)  time: 0.1221  data: 0.0002  max mem: 9952
Epoch: [42] Total time: 0:00:03 (0.1319 s / it)
Averaged stats: lr: 0.000030  min_lr: 0.000008  loss: 0.0130 (0.0424)  class_acc: 1.0000 (0.9902)  loss_scale: 512.0000 (512.0000)  weight_decay: 0.0500 (0.0500)  grad_norm: 2.3883 (3.7493)
Val:  [ 0/20]  eta: 0:00:04  loss: 1.9707 (1.9707)  accuracy: 0.5417 (0.5417)  balanced_accuracy: 0.5085 (0.5085)  time: 0.2437  data: 0.1850  max mem: 9952
Val:  [10/20]  eta: 0:00:00  loss: 1.5225 (1.6047)  accuracy: 0.6250 (0.6111)  balanced_accuracy: 0.5834 (0.5665)  time: 0.0724  data: 0.0170  max mem: 9952
Val:  [19/20]  eta: 0:00:00  loss: 1.4979 (1.5549)  accuracy: 0.6250 (0.6186)  balanced_accuracy: 0.5920 (0.5718)  time: 0.0637  data: 0.0094  max mem: 9952
Val: Total time: 0:00:01 (0.0661 s / it)
* loss 1.555
Accuracy of the network on the 1416 val EEG: 0.62%
Test:  [ 0/20]  eta: 0:00:04  loss: 1.0385 (1.0385)  accuracy: 0.7083 (0.7083)  balanced_accuracy: 0.6562 (0.6562)  time: 0.2342  data: 0.1743  max mem: 9952
Test:  [10/20]  eta: 0:00:00  loss: 1.4151 (1.4063)  accuracy: 0.6389 (0.6515)  balanced_accuracy: 0.6078 (0.6090)  time: 0.0718  data: 0.0160  max mem: 9952
Test:  [19/20]  eta: 0:00:00  loss: 1.4341 (1.4543)  accuracy: 0.6389 (0.6419)  balanced_accuracy: 0.6074 (0.6001)  time: 0.0637  data: 0.0088  max mem: 9952
Test: Total time: 0:00:01 (0.0671 s / it)
* loss 1.454
Accuracy of the network on the 1424 test EEG: 0.64%
Max accuracy val: 0.68%, max accuracy test: 0.68%
Epoch: [43]  [ 0/30]  eta: 0:00:08  lr: 0.000030  min_lr: 0.000008  loss: 0.0946 (0.0946)  class_acc: 0.9792 (0.9792)  loss_scale: 512.0000 (512.0000)  weight_decay: 0.0500 (0.0500)  grad_norm: 2.1330 (2.1330)  time: 0.2820  data: 0.1457  max mem: 9952
Epoch: [43]  [10/30]  eta: 0:00:02  lr: 0.000027  min_lr: 0.000007  loss: 0.0138 (0.0233)  class_acc: 1.0000 (0.9962)  loss_scale: 512.0000 (512.0000)  weight_decay: 0.0500 (0.0500)  grad_norm: 2.9354 (4.5765)  time: 0.1420  data: 0.0134  max mem: 9952
Epoch: [43]  [20/30]  eta: 0:00:01  lr: 0.000025  min_lr: 0.000006  loss: 0.0128 (0.0280)  class_acc: 1.0000 (0.9931)  loss_scale: 512.0000 (512.0000)  weight_decay: 0.0500 (0.0500)  grad_norm: 2.9369 (5.6854)  time: 0.1283  data: 0.0001  max mem: 9952
Epoch: [43]  [29/30]  eta: 0:00:00  lr: 0.000023  min_lr: 0.000006  loss: 0.0149 (0.0410)  class_acc: 0.9792 (0.9892)  loss_scale: 512.0000 (512.0000)  weight_decay: 0.0500 (0.0500)  grad_norm: 3.7006 (5.9183)  time: 0.1220  data: 0.0001  max mem: 9952
Epoch: [43] Total time: 0:00:03 (0.1317 s / it)
Averaged stats: lr: 0.000023  min_lr: 0.000006  loss: 0.0149 (0.0449)  class_acc: 0.9792 (0.9890)  loss_scale: 512.0000 (512.0000)  weight_decay: 0.0500 (0.0500)  grad_norm: 3.7006 (5.9183)
Val:  [ 0/20]  eta: 0:00:04  loss: 1.9308 (1.9308)  accuracy: 0.5417 (0.5417)  balanced_accuracy: 0.5085 (0.5085)  time: 0.2453  data: 0.1853  max mem: 9952
Val:  [10/20]  eta: 0:00:00  loss: 1.5375 (1.5871)  accuracy: 0.6250 (0.6136)  balanced_accuracy: 0.5807 (0.5610)  time: 0.0724  data: 0.0170  max mem: 9952
Val:  [19/20]  eta: 0:00:00  loss: 1.4656 (1.5404)  accuracy: 0.6389 (0.6215)  balanced_accuracy: 0.5807 (0.5673)  time: 0.0637  data: 0.0094  max mem: 9952
Val: Total time: 0:00:01 (0.0660 s / it)
* loss 1.540
Accuracy of the network on the 1416 val EEG: 0.62%
Test:  [ 0/20]  eta: 0:00:04  loss: 0.9906 (0.9906)  accuracy: 0.6944 (0.6944)  balanced_accuracy: 0.6354 (0.6354)  time: 0.2246  data: 0.1640  max mem: 9952
Test:  [10/20]  eta: 0:00:00  loss: 1.3836 (1.3831)  accuracy: 0.6389 (0.6503)  balanced_accuracy: 0.6078 (0.6046)  time: 0.0706  data: 0.0151  max mem: 9952
Test:  [19/20]  eta: 0:00:00  loss: 1.4393 (1.4360)  accuracy: 0.6389 (0.6461)  balanced_accuracy: 0.6038 (0.6001)  time: 0.0630  data: 0.0083  max mem: 9952
Test: Total time: 0:00:01 (0.0669 s / it)
* loss 1.436
Accuracy of the network on the 1424 test EEG: 0.65%
Max accuracy val: 0.68%, max accuracy test: 0.68%
Epoch: [44]  [ 0/30]  eta: 0:00:08  lr: 0.000023  min_lr: 0.000006  loss: 0.0138 (0.0138)  class_acc: 1.0000 (1.0000)  loss_scale: 512.0000 (512.0000)  weight_decay: 0.0500 (0.0500)  grad_norm: 1.1597 (1.1597)  time: 0.2958  data: 0.1610  max mem: 9952
Epoch: [44]  [10/30]  eta: 0:00:02  lr: 0.000020  min_lr: 0.000005  loss: 0.0138 (0.0279)  class_acc: 1.0000 (0.9924)  loss_scale: 512.0000 (512.0000)  weight_decay: 0.0500 (0.0500)  grad_norm: 1.9545 (3.1259)  time: 0.1433  data: 0.0148  max mem: 9952
Epoch: [44]  [20/30]  eta: 0:00:01  lr: 0.000018  min_lr: 0.000005  loss: 0.0168 (0.0405)  class_acc: 1.0000 (0.9901)  loss_scale: 512.0000 (512.0000)  weight_decay: 0.0500 (0.0500)  grad_norm: 3.0062 (2.9428)  time: 0.1283  data: 0.0002  max mem: 9952
Epoch: [44]  [29/30]  eta: 0:00:00  lr: 0.000016  min_lr: 0.000004  loss: 0.0173 (0.0445)  class_acc: 1.0000 (0.9892)  loss_scale: 512.0000 (512.0000)  weight_decay: 0.0500 (0.0500)  grad_norm: 3.2245 (4.0129)  time: 0.1219  data: 0.0001  max mem: 9952
Epoch: [44] Total time: 0:00:03 (0.1316 s / it)
Averaged stats: lr: 0.000016  min_lr: 0.000004  loss: 0.0173 (0.0439)  class_acc: 1.0000 (0.9890)  loss_scale: 512.0000 (512.0000)  weight_decay: 0.0500 (0.0500)  grad_norm: 3.2245 (4.0129)
Val:  [ 0/20]  eta: 0:00:04  loss: 1.9108 (1.9108)  accuracy: 0.5278 (0.5278)  balanced_accuracy: 0.4885 (0.4885)  time: 0.2315  data: 0.1722  max mem: 9952
Val:  [10/20]  eta: 0:00:00  loss: 1.5436 (1.5736)  accuracy: 0.6250 (0.6199)  balanced_accuracy: 0.5906 (0.5640)  time: 0.0713  data: 0.0158  max mem: 9952
Val:  [19/20]  eta: 0:00:00  loss: 1.4524 (1.5298)  accuracy: 0.6389 (0.6278)  balanced_accuracy: 0.5877 (0.5707)  time: 0.0632  data: 0.0088  max mem: 9952
Val: Total time: 0:00:01 (0.0654 s / it)
* loss 1.530
Accuracy of the network on the 1416 val EEG: 0.63%
Test:  [ 0/20]  eta: 0:00:04  loss: 0.9878 (0.9878)  accuracy: 0.6944 (0.6944)  balanced_accuracy: 0.6354 (0.6354)  time: 0.2252  data: 0.1649  max mem: 9952
Test:  [10/20]  eta: 0:00:00  loss: 1.3525 (1.3695)  accuracy: 0.6389 (0.6528)  balanced_accuracy: 0.6038 (0.6032)  time: 0.0714  data: 0.0152  max mem: 9952
Test:  [19/20]  eta: 0:00:00  loss: 1.4379 (1.4246)  accuracy: 0.6389 (0.6489)  balanced_accuracy: 0.6078 (0.5992)  time: 0.0634  data: 0.0084  max mem: 9952
Test: Total time: 0:00:01 (0.0665 s / it)
* loss 1.425
Accuracy of the network on the 1424 test EEG: 0.65%
Max accuracy val: 0.68%, max accuracy test: 0.68%
Epoch: [45]  [ 0/30]  eta: 0:00:09  lr: 0.000016  min_lr: 0.000004  loss: 0.0463 (0.0463)  class_acc: 0.9792 (0.9792)  loss_scale: 512.0000 (512.0000)  weight_decay: 0.0500 (0.0500)  grad_norm: 6.0666 (6.0666)  time: 0.3093  data: 0.1741  max mem: 9952
Epoch: [45]  [10/30]  eta: 0:00:02  lr: 0.000014  min_lr: 0.000004  loss: 0.0190 (0.0293)  class_acc: 1.0000 (0.9943)  loss_scale: 512.0000 (512.0000)  weight_decay: 0.0500 (0.0500)  grad_norm: 4.0061 (4.2891)  time: 0.1462  data: 0.0160  max mem: 9952
Epoch: [45]  [20/30]  eta: 0:00:01  lr: 0.000012  min_lr: 0.000003  loss: 0.0136 (0.0308)  class_acc: 1.0000 (0.9940)  loss_scale: 512.0000 (512.0000)  weight_decay: 0.0500 (0.0500)  grad_norm: 3.2868 (5.1859)  time: 0.1295  data: 0.0002  max mem: 9952
Epoch: [45]  [29/30]  eta: 0:00:00  lr: 0.000011  min_lr: 0.000003  loss: 0.0190 (0.0334)  class_acc: 1.0000 (0.9928)  loss_scale: 512.0000 (512.0000)  weight_decay: 0.0500 (0.0500)  grad_norm: 4.0312 (5.5542)  time: 0.1228  data: 0.0001  max mem: 9952
Epoch: [45] Total time: 0:00:04 (0.1335 s / it)
Averaged stats: lr: 0.000011  min_lr: 0.000003  loss: 0.0190 (0.0430)  class_acc: 1.0000 (0.9890)  loss_scale: 512.0000 (512.0000)  weight_decay: 0.0500 (0.0500)  grad_norm: 4.0312 (5.5542)
Val:  [ 0/20]  eta: 0:00:05  loss: 1.9254 (1.9254)  accuracy: 0.5417 (0.5417)  balanced_accuracy: 0.5085 (0.5085)  time: 0.2911  data: 0.2314  max mem: 9952
Val:  [10/20]  eta: 0:00:00  loss: 1.5281 (1.5880)  accuracy: 0.6389 (0.6149)  balanced_accuracy: 0.5920 (0.5648)  time: 0.0767  data: 0.0212  max mem: 9952
Val:  [19/20]  eta: 0:00:00  loss: 1.4712 (1.5435)  accuracy: 0.6389 (0.6215)  balanced_accuracy: 0.5898 (0.5702)  time: 0.0660  data: 0.0117  max mem: 9952
Val: Total time: 0:00:01 (0.0694 s / it)
* loss 1.544
Accuracy of the network on the 1416 val EEG: 0.62%
Test:  [ 0/20]  eta: 0:00:04  loss: 0.9972 (0.9972)  accuracy: 0.6944 (0.6944)  balanced_accuracy: 0.6354 (0.6354)  time: 0.2255  data: 0.1652  max mem: 9952
Test:  [10/20]  eta: 0:00:00  loss: 1.4010 (1.3834)  accuracy: 0.6389 (0.6490)  balanced_accuracy: 0.6078 (0.6036)  time: 0.0723  data: 0.0167  max mem: 9952
Test:  [19/20]  eta: 0:00:00  loss: 1.4276 (1.4317)  accuracy: 0.6389 (0.6426)  balanced_accuracy: 0.5963 (0.5978)  time: 0.0639  data: 0.0093  max mem: 9952
Test: Total time: 0:00:01 (0.0664 s / it)
* loss 1.432
Accuracy of the network on the 1424 test EEG: 0.64%
Max accuracy val: 0.68%, max accuracy test: 0.68%
Epoch: [46]  [ 0/30]  eta: 0:00:08  lr: 0.000011  min_lr: 0.000003  loss: 0.1230 (0.1230)  class_acc: 0.9792 (0.9792)  loss_scale: 512.0000 (512.0000)  weight_decay: 0.0500 (0.0500)  grad_norm: 1.2426 (1.2426)  time: 0.2830  data: 0.1431  max mem: 9952
Epoch: [46]  [10/30]  eta: 0:00:02  lr: 0.000009  min_lr: 0.000002  loss: 0.0121 (0.0380)  class_acc: 1.0000 (0.9924)  loss_scale: 512.0000 (512.0000)  weight_decay: 0.0500 (0.0500)  grad_norm: 3.6599 (4.4429)  time: 0.1426  data: 0.0131  max mem: 9952
Epoch: [46]  [20/30]  eta: 0:00:01  lr: 0.000008  min_lr: 0.000002  loss: 0.0140 (0.0463)  class_acc: 1.0000 (0.9891)  loss_scale: 512.0000 (512.0000)  weight_decay: 0.0500 (0.0500)  grad_norm: 3.4439 (4.2750)  time: 0.1284  data: 0.0001  max mem: 9952
Epoch: [46]  [29/30]  eta: 0:00:00  lr: 0.000007  min_lr: 0.000002  loss: 0.0164 (0.0445)  class_acc: 0.9792 (0.9892)  loss_scale: 512.0000 (512.0000)  weight_decay: 0.0500 (0.0500)  grad_norm: 2.4850 (4.4641)  time: 0.1217  data: 0.0001  max mem: 9952
Epoch: [46] Total time: 0:00:03 (0.1315 s / it)
Averaged stats: lr: 0.000007  min_lr: 0.000002  loss: 0.0164 (0.0414)  class_acc: 0.9792 (0.9885)  loss_scale: 512.0000 (512.0000)  weight_decay: 0.0500 (0.0500)  grad_norm: 2.4850 (4.4641)
Val:  [ 0/20]  eta: 0:00:05  loss: 1.9296 (1.9296)  accuracy: 0.5417 (0.5417)  balanced_accuracy: 0.5085 (0.5085)  time: 0.2595  data: 0.2000  max mem: 9952
Val:  [10/20]  eta: 0:00:00  loss: 1.5237 (1.5938)  accuracy: 0.6250 (0.6136)  balanced_accuracy: 0.5920 (0.5649)  time: 0.0739  data: 0.0183  max mem: 9952
Val:  [19/20]  eta: 0:00:00  loss: 1.4742 (1.5479)  accuracy: 0.6250 (0.6208)  balanced_accuracy: 0.5898 (0.5702)  time: 0.0644  data: 0.0101  max mem: 9952
Val: Total time: 0:00:01 (0.0673 s / it)
* loss 1.548
Accuracy of the network on the 1416 val EEG: 0.62%
Test:  [ 0/20]  eta: 0:00:04  loss: 0.9923 (0.9923)  accuracy: 0.6944 (0.6944)  balanced_accuracy: 0.6354 (0.6354)  time: 0.2443  data: 0.1839  max mem: 9952
Test:  [10/20]  eta: 0:00:00  loss: 1.4052 (1.3879)  accuracy: 0.6389 (0.6490)  balanced_accuracy: 0.6078 (0.6036)  time: 0.0724  data: 0.0169  max mem: 9952
Test:  [19/20]  eta: 0:00:00  loss: 1.4352 (1.4348)  accuracy: 0.6389 (0.6440)  balanced_accuracy: 0.6074 (0.5987)  time: 0.0639  data: 0.0093  max mem: 9952
Test: Total time: 0:00:01 (0.0663 s / it)
* loss 1.435
Accuracy of the network on the 1424 test EEG: 0.64%
Max accuracy val: 0.68%, max accuracy test: 0.68%
Epoch: [47]  [ 0/30]  eta: 0:00:08  lr: 0.000006  min_lr: 0.000002  loss: 0.0588 (0.0588)  class_acc: 0.9792 (0.9792)  loss_scale: 512.0000 (512.0000)  weight_decay: 0.0500 (0.0500)  grad_norm: 3.4086 (3.4086)  time: 0.2773  data: 0.1432  max mem: 9952
Epoch: [47]  [10/30]  eta: 0:00:02  lr: 0.000005  min_lr: 0.000001  loss: 0.0406 (0.0606)  class_acc: 0.9792 (0.9811)  loss_scale: 512.0000 (512.0000)  weight_decay: 0.0500 (0.0500)  grad_norm: 3.1876 (5.0743)  time: 0.1419  data: 0.0132  max mem: 9952
Epoch: [47]  [20/30]  eta: 0:00:01  lr: 0.000004  min_lr: 0.000001  loss: 0.0158 (0.0466)  class_acc: 0.9792 (0.9861)  loss_scale: 512.0000 (512.0000)  weight_decay: 0.0500 (0.0500)  grad_norm: 3.0829 (4.1353)  time: 0.1286  data: 0.0002  max mem: 9952
Epoch: [47]  [29/30]  eta: 0:00:00  lr: 0.000004  min_lr: 0.000001  loss: 0.0320 (0.0471)  class_acc: 0.9792 (0.9856)  loss_scale: 512.0000 (512.0000)  weight_decay: 0.0500 (0.0500)  grad_norm: 3.0829 (4.3985)  time: 0.1221  data: 0.0002  max mem: 9952
Epoch: [47] Total time: 0:00:03 (0.1311 s / it)
Averaged stats: lr: 0.000004  min_lr: 0.000001  loss: 0.0320 (0.0403)  class_acc: 0.9792 (0.9892)  loss_scale: 512.0000 (512.0000)  weight_decay: 0.0500 (0.0500)  grad_norm: 3.0829 (4.3985)
Val:  [ 0/20]  eta: 0:00:05  loss: 1.9397 (1.9397)  accuracy: 0.5417 (0.5417)  balanced_accuracy: 0.5085 (0.5085)  time: 0.2611  data: 0.1979  max mem: 9952
Val:  [10/20]  eta: 0:00:00  loss: 1.5214 (1.5993)  accuracy: 0.6250 (0.6124)  balanced_accuracy: 0.5821 (0.5640)  time: 0.0738  data: 0.0181  max mem: 9952
Val:  [19/20]  eta: 0:00:00  loss: 1.4961 (1.5524)  accuracy: 0.6250 (0.6186)  balanced_accuracy: 0.5821 (0.5686)  time: 0.0646  data: 0.0100  max mem: 9952
Val: Total time: 0:00:01 (0.0673 s / it)
* loss 1.552
Accuracy of the network on the 1416 val EEG: 0.62%
Test:  [ 0/20]  eta: 0:00:05  loss: 1.0017 (1.0017)  accuracy: 0.7083 (0.7083)  balanced_accuracy: 0.6562 (0.6562)  time: 0.2653  data: 0.2009  max mem: 9952
Test:  [10/20]  eta: 0:00:00  loss: 1.4255 (1.3926)  accuracy: 0.6389 (0.6465)  balanced_accuracy: 0.6038 (0.6024)  time: 0.0745  data: 0.0184  max mem: 9952
Test:  [19/20]  eta: 0:00:00  loss: 1.4309 (1.4376)  accuracy: 0.6250 (0.6412)  balanced_accuracy: 0.5976 (0.5974)  time: 0.0651  data: 0.0102  max mem: 9952
Test: Total time: 0:00:01 (0.0677 s / it)
* loss 1.438
Accuracy of the network on the 1424 test EEG: 0.64%
Max accuracy val: 0.68%, max accuracy test: 0.68%
Epoch: [48]  [ 0/30]  eta: 0:00:08  lr: 0.000003  min_lr: 0.000001  loss: 0.0711 (0.0711)  class_acc: 0.9583 (0.9583)  loss_scale: 512.0000 (512.0000)  weight_decay: 0.0500 (0.0500)  grad_norm: 1.3429 (1.3429)  time: 0.2830  data: 0.1396  max mem: 9952
Epoch: [48]  [10/30]  eta: 0:00:02  lr: 0.000003  min_lr: 0.000001  loss: 0.0419 (0.0387)  class_acc: 0.9792 (0.9867)  loss_scale: 512.0000 (512.0000)  weight_decay: 0.0500 (0.0500)  grad_norm: 2.5305 (4.3507)  time: 0.1432  data: 0.0128  max mem: 9952
Epoch: [48]  [20/30]  eta: 0:00:01  lr: 0.000002  min_lr: 0.000001  loss: 0.0159 (0.0487)  class_acc: 1.0000 (0.9861)  loss_scale: 512.0000 (512.0000)  weight_decay: 0.0500 (0.0500)  grad_norm: 2.6714 (5.3408)  time: 0.1289  data: 0.0001  max mem: 9952
Epoch: [48]  [29/30]  eta: 0:00:00  lr: 0.000002  min_lr: 0.000000  loss: 0.0138 (0.0419)  class_acc: 1.0000 (0.9892)  loss_scale: 512.0000 (512.0000)  weight_decay: 0.0500 (0.0500)  grad_norm: 2.8356 (4.9097)  time: 0.1220  data: 0.0001  max mem: 9952
Epoch: [48] Total time: 0:00:03 (0.1319 s / it)
Averaged stats: lr: 0.000002  min_lr: 0.000000  loss: 0.0138 (0.0426)  class_acc: 1.0000 (0.9897)  loss_scale: 512.0000 (512.0000)  weight_decay: 0.0500 (0.0500)  grad_norm: 2.8356 (4.9097)
Val:  [ 0/20]  eta: 0:00:05  loss: 1.9366 (1.9366)  accuracy: 0.5417 (0.5417)  balanced_accuracy: 0.5085 (0.5085)  time: 0.2863  data: 0.2264  max mem: 9952
Val:  [10/20]  eta: 0:00:00  loss: 1.5194 (1.5966)  accuracy: 0.6250 (0.6124)  balanced_accuracy: 0.5821 (0.5640)  time: 0.0769  data: 0.0214  max mem: 9952
Val:  [19/20]  eta: 0:00:00  loss: 1.4915 (1.5506)  accuracy: 0.6250 (0.6179)  balanced_accuracy: 0.5821 (0.5680)  time: 0.0661  data: 0.0118  max mem: 9952
Val: Total time: 0:00:01 (0.0684 s / it)
* loss 1.551
Accuracy of the network on the 1416 val EEG: 0.62%
Test:  [ 0/20]  eta: 0:00:04  loss: 1.0009 (1.0009)  accuracy: 0.7083 (0.7083)  balanced_accuracy: 0.6562 (0.6562)  time: 0.2211  data: 0.1612  max mem: 9952
Test:  [10/20]  eta: 0:00:00  loss: 1.4258 (1.3908)  accuracy: 0.6389 (0.6477)  balanced_accuracy: 0.6038 (0.6036)  time: 0.0704  data: 0.0148  max mem: 9952
Test:  [19/20]  eta: 0:00:00  loss: 1.4287 (1.4357)  accuracy: 0.6250 (0.6419)  balanced_accuracy: 0.5976 (0.5981)  time: 0.0628  data: 0.0082  max mem: 9952
Test: Total time: 0:00:01 (0.0669 s / it)
* loss 1.436
Accuracy of the network on the 1424 test EEG: 0.64%
Max accuracy val: 0.68%, max accuracy test: 0.68%
Epoch: [49]  [ 0/30]  eta: 0:00:08  lr: 0.000002  min_lr: 0.000000  loss: 0.0436 (0.0436)  class_acc: 0.9792 (0.9792)  loss_scale: 512.0000 (512.0000)  weight_decay: 0.0500 (0.0500)  grad_norm: 1.1482 (1.1482)  time: 0.2904  data: 0.1431  max mem: 9952
Epoch: [49]  [10/30]  eta: 0:00:02  lr: 0.000001  min_lr: 0.000000  loss: 0.0571 (0.0559)  class_acc: 0.9792 (0.9830)  loss_scale: 512.0000 (512.0000)  weight_decay: 0.0500 (0.0500)  grad_norm: 3.0422 (3.5984)  time: 0.1430  data: 0.0131  max mem: 9952
Epoch: [49]  [20/30]  eta: 0:00:01  lr: 0.000001  min_lr: 0.000000  loss: 0.0194 (0.0422)  class_acc: 1.0000 (0.9891)  loss_scale: 512.0000 (512.0000)  weight_decay: 0.0500 (0.0500)  grad_norm: 3.0422 (3.9001)  time: 0.1283  data: 0.0001  max mem: 9952
Epoch: [49]  [29/30]  eta: 0:00:00  lr: 0.000001  min_lr: 0.000000  loss: 0.0124 (0.0425)  class_acc: 1.0000 (0.9899)  loss_scale: 512.0000 (512.0000)  weight_decay: 0.0500 (0.0500)  grad_norm: 2.3974 (4.1127)  time: 0.1218  data: 0.0001  max mem: 9952
Epoch: [49] Total time: 0:00:03 (0.1317 s / it)
Averaged stats: lr: 0.000001  min_lr: 0.000000  loss: 0.0124 (0.0400)  class_acc: 1.0000 (0.9895)  loss_scale: 512.0000 (512.0000)  weight_decay: 0.0500 (0.0500)  grad_norm: 2.3974 (4.1127)
Val:  [ 0/20]  eta: 0:00:04  loss: 1.9350 (1.9350)  accuracy: 0.5417 (0.5417)  balanced_accuracy: 0.5085 (0.5085)  time: 0.2358  data: 0.1778  max mem: 9952
Val:  [10/20]  eta: 0:00:00  loss: 1.5189 (1.5966)  accuracy: 0.6250 (0.6111)  balanced_accuracy: 0.5821 (0.5629)  time: 0.0716  data: 0.0163  max mem: 9952
Val:  [19/20]  eta: 0:00:00  loss: 1.4922 (1.5509)  accuracy: 0.6250 (0.6172)  balanced_accuracy: 0.5821 (0.5674)  time: 0.0632  data: 0.0090  max mem: 9952
Val: Total time: 0:00:01 (0.0664 s / it)
* loss 1.551
Accuracy of the network on the 1416 val EEG: 0.62%
Test:  [ 0/20]  eta: 0:00:04  loss: 1.0021 (1.0021)  accuracy: 0.7083 (0.7083)  balanced_accuracy: 0.6562 (0.6562)  time: 0.2450  data: 0.1854  max mem: 9952
Test:  [10/20]  eta: 0:00:00  loss: 1.4270 (1.3909)  accuracy: 0.6389 (0.6465)  balanced_accuracy: 0.6038 (0.6024)  time: 0.0724  data: 0.0170  max mem: 9952
Test:  [19/20]  eta: 0:00:00  loss: 1.4273 (1.4351)  accuracy: 0.6250 (0.6412)  balanced_accuracy: 0.5976 (0.5974)  time: 0.0640  data: 0.0094  max mem: 9952
Test: Total time: 0:00:01 (0.0675 s / it)
* loss 1.435
Accuracy of the network on the 1424 test EEG: 0.64%
Max accuracy val: 0.68%, max accuracy test: 0.68%
Training time 0:05:37
========== Running fold 1 / 5 ==========
| distributed init (rank 0): env://, gpu 0
[rank1]: Traceback (most recent call last):
[rank1]:   File "/home/yeqi3/cyr/code/LaBraM/run_class_finetuning.py", line 679, in <module>
[rank1]:     main(opts, ds_init)
[rank1]:   File "/home/yeqi3/cyr/code/LaBraM/run_class_finetuning.py", line 313, in main
[rank1]:     fold_result = main(fold_args, ds_init)
[rank1]:   File "/home/yeqi3/cyr/code/LaBraM/run_class_finetuning.py", line 322, in main
[rank1]:     utils.init_distributed_mode(args)
[rank1]:   File "/home/yeqi3/cyr/code/LaBraM/utils.py", line 435, in init_distributed_mode
[rank1]:     torch.distributed.init_process_group(backend=args.dist_backend, init_method=args.dist_url,
[rank1]:   File "/home/yeqi3/anaconda3/envs/cyr/lib/python3.10/site-packages/torch/distributed/c10d_logger.py", line 83, in wrapper
[rank1]:     return func(*args, **kwargs)
[rank1]:   File "/home/yeqi3/anaconda3/envs/cyr/lib/python3.10/site-packages/torch/distributed/c10d_logger.py", line 97, in wrapper
[rank1]:     func_return = func(*args, **kwargs)
[rank1]:   File "/home/yeqi3/anaconda3/envs/cyr/lib/python3.10/site-packages/torch/distributed/distributed_c10d.py", line 1454, in init_process_group
[rank1]:     raise ValueError("trying to initialize the default process group twice!")
[rank1]: ValueError: trying to initialize the default process group twice!
[rank2]: Traceback (most recent call last):
[rank2]:   File "/home/yeqi3/cyr/code/LaBraM/run_class_finetuning.py", line 679, in <module>
[rank2]:     main(opts, ds_init)
[rank2]:   File "/home/yeqi3/cyr/code/LaBraM/run_class_finetuning.py", line 313, in main
[rank2]:     fold_result = main(fold_args, ds_init)
[rank2]:   File "/home/yeqi3/cyr/code/LaBraM/run_class_finetuning.py", line 322, in main
[rank2]:     utils.init_distributed_mode(args)
[rank2]:   File "/home/yeqi3/cyr/code/LaBraM/utils.py", line 435, in init_distributed_mode
[rank2]:     torch.distributed.init_process_group(backend=args.dist_backend, init_method=args.dist_url,
[rank2]:   File "/home/yeqi3/anaconda3/envs/cyr/lib/python3.10/site-packages/torch/distributed/c10d_logger.py", line 83, in wrapper
[rank2]:     return func(*args, **kwargs)
[rank2]:   File "/home/yeqi3/anaconda3/envs/cyr/lib/python3.10/site-packages/torch/distributed/c10d_logger.py", line 97, in wrapper
[rank2]:     func_return = func(*args, **kwargs)
[rank2]:   File "/home/yeqi3/anaconda3/envs/cyr/lib/python3.10/site-packages/torch/distributed/distributed_c10d.py", line 1454, in init_process_group
[rank2]:     raise ValueError("trying to initialize the default process group twice!")
[rank2]: ValueError: trying to initialize the default process group twice!
[rank0]: Traceback (most recent call last):
[rank0]:   File "/home/yeqi3/cyr/code/LaBraM/run_class_finetuning.py", line 679, in <module>
[rank0]:     main(opts, ds_init)
[rank0]:   File "/home/yeqi3/cyr/code/LaBraM/run_class_finetuning.py", line 313, in main
[rank0]:     fold_result = main(fold_args, ds_init)
[rank0]:   File "/home/yeqi3/cyr/code/LaBraM/run_class_finetuning.py", line 322, in main
[rank0]:     utils.init_distributed_mode(args)
[rank0]:   File "/home/yeqi3/cyr/code/LaBraM/utils.py", line 435, in init_distributed_mode
[rank0]:     torch.distributed.init_process_group(backend=args.dist_backend, init_method=args.dist_url,
[rank0]:   File "/home/yeqi3/anaconda3/envs/cyr/lib/python3.10/site-packages/torch/distributed/c10d_logger.py", line 83, in wrapper
[rank0]:     return func(*args, **kwargs)
[rank0]:   File "/home/yeqi3/anaconda3/envs/cyr/lib/python3.10/site-packages/torch/distributed/c10d_logger.py", line 97, in wrapper
[rank0]:     func_return = func(*args, **kwargs)
[rank0]:   File "/home/yeqi3/anaconda3/envs/cyr/lib/python3.10/site-packages/torch/distributed/distributed_c10d.py", line 1454, in init_process_group
[rank0]:     raise ValueError("trying to initialize the default process group twice!")
[rank0]: ValueError: trying to initialize the default process group twice!
[rank0]:[W1103 11:34:27.850511696 ProcessGroupNCCL.cpp:1250] Warning: WARNING: process group has NOT been destroyed before we destruct ProcessGroupNCCL. On normal program exit, the application should call destroy_process_group to ensure that any pending NCCL operations have finished in this process. In rare cases this process can exit before this point and block the progress of another member of the process group. This constraint has always been present,  but this warning has only been added since PyTorch 2.4 (function operator())
W1103 11:34:29.276000 2035004 site-packages/torch/distributed/elastic/multiprocessing/api.py:897] Sending process 2035200 closing signal SIGTERM
W1103 11:34:29.277000 2035004 site-packages/torch/distributed/elastic/multiprocessing/api.py:897] Sending process 2035201 closing signal SIGTERM
E1103 11:34:29.505000 2035004 site-packages/torch/distributed/elastic/multiprocessing/api.py:869] failed (exitcode: 1) local_rank: 0 (pid: 2035199) of binary: /home/yeqi3/anaconda3/envs/cyr/bin/python
Traceback (most recent call last):
  File "/home/yeqi3/anaconda3/envs/cyr/bin/torchrun", line 8, in <module>
    sys.exit(main())
  File "/home/yeqi3/anaconda3/envs/cyr/lib/python3.10/site-packages/torch/distributed/elastic/multiprocessing/errors/__init__.py", line 355, in wrapper
    return f(*args, **kwargs)
  File "/home/yeqi3/anaconda3/envs/cyr/lib/python3.10/site-packages/torch/distributed/run.py", line 919, in main
    run(args)
  File "/home/yeqi3/anaconda3/envs/cyr/lib/python3.10/site-packages/torch/distributed/run.py", line 910, in run
    elastic_launch(
  File "/home/yeqi3/anaconda3/envs/cyr/lib/python3.10/site-packages/torch/distributed/launcher/api.py", line 138, in __call__
    return launch_agent(self._config, self._entrypoint, list(args))
  File "/home/yeqi3/anaconda3/envs/cyr/lib/python3.10/site-packages/torch/distributed/launcher/api.py", line 269, in launch_agent
    raise ChildFailedError(
torch.distributed.elastic.multiprocessing.errors.ChildFailedError: 
============================================================
/home/yeqi3/cyr/code/LaBraM/run_class_finetuning.py FAILED
------------------------------------------------------------
Failures:
  <NO_OTHER_FAILURES>
------------------------------------------------------------
Root Cause (first observed failure):
[0]:
  time      : 2025-11-03_11:34:29
  host      : scnumath
  rank      : 0 (local_rank: 0)
  exitcode  : 1 (pid: 2035199)
  error_file: <N/A>
  traceback : To enable traceback see: https://pytorch.org/docs/stable/elastic/errors.html
============================================================
[WARN] 子任务失败（type），返回码 1。继续下一个数据集。

========== Launch ==========
[DATASET ] read_new
[DATAROOT] /usr/data/yeqi3/labram_fold/read_new
[OUTPUT  ] /usr/data/yeqi3/LaBraM_log/multids/cv/read_new
[LOG     ] /usr/data/yeqi3/LaBraM_log/multids/log/read_new
/home/yeqi3/anaconda3/envs/cyr/bin/torchrun --nproc_per_node=3 /home/yeqi3/cyr/code/LaBraM/run_class_finetuning.py --dataset MATH_KFOLD --data_root /usr/data/yeqi3/labram_fold/read_new --kfold_num 5 --nb_classes 1 --model labram_base_patch200_200 --input_size 200 --batch_size 48 --epochs 50 --lr 0.0005 --warmup_epochs 5 --layer_decay 0.9 --drop_path 0.1 --update_freq 1 --save_ckpt_freq 9999 --num_workers 4 --seed 42 --output_dir /usr/data/yeqi3/LaBraM_log/multids/cv/read_new --log_dir /usr/data/yeqi3/LaBraM_log/multids/log/read_new --disable_rel_pos_bias --abs_pos_emb --disable_qkv_bias --finetune /home/yeqi3/cyr/code/LaBraM/checkpoints/labram-base.pth
============================

========== Running fold 0 / 5 ==========
========== Running fold 0 / 5 ==========
========== Running fold 0 / 5 ==========
| distributed init (rank 2): env://, gpu 2
[W1103 11:34:34.675154740 CUDAAllocatorConfig.h:28] Warning: expandable_segments not supported on this platform (function operator())
| distributed init (rank 0): env://, gpu 0
[W1103 11:34:34.866098493 CUDAAllocatorConfig.h:28] Warning: expandable_segments not supported on this platform (function operator())
| distributed init (rank 1): env://, gpu 1
[rank2]:[W1103 11:34:35.977512583 ProcessGroupNCCL.cpp:4115] [PG ID 0 PG GUID 0 Rank 2]  using GPU 2 to perform barrier as devices used by this process are currently unknown. This can potentially cause a hang if this rank to GPU mapping is incorrect.Specify device_ids in barrier() to force use of a particular device,or call init_process_group() with a device_id.
[W1103 11:34:35.978539600 CUDAAllocatorConfig.h:28] Warning: expandable_segments not supported on this platform (function operator())
[rank0]:[W1103 11:34:35.124879187 ProcessGroupNCCL.cpp:4115] [PG ID 0 PG GUID 0 Rank 0]  using GPU 0 to perform barrier as devices used by this process are currently unknown. This can potentially cause a hang if this rank to GPU mapping is incorrect.Specify device_ids in barrier() to force use of a particular device,or call init_process_group() with a device_id.
[rank1]:[W1103 11:34:35.223183184 ProcessGroupNCCL.cpp:4115] [PG ID 0 PG GUID 0 Rank 1]  using GPU 1 to perform barrier as devices used by this process are currently unknown. This can potentially cause a hang if this rank to GPU mapping is incorrect.Specify device_ids in barrier() to force use of a particular device,or call init_process_group() with a device_id.
Namespace(batch_size=48, epochs=50, update_freq=1, save_ckpt_freq=9999, robust_test=None, model='labram_base_patch200_200', qkv_bias=False, rel_pos_bias=False, abs_pos_emb=True, layer_scale_init_value=0.1, input_size=200, drop=0.0, attn_drop_rate=0.0, drop_path=0.1, disable_eval_during_finetuning=False, model_ema=False, model_ema_decay=0.9999, model_ema_force_cpu=False, opt='adamw', opt_eps=1e-08, opt_betas=None, clip_grad=None, momentum=0.9, weight_decay=0.05, weight_decay_end=None, lr=0.0005, layer_decay=0.9, warmup_lr=1e-06, min_lr=1e-06, warmup_epochs=5, warmup_steps=-1, smoothing=0.1, reprob=0.25, remode='pixel', recount=1, resplit=False, finetune='/home/yeqi3/cyr/code/LaBraM/checkpoints/labram-base.pth', model_key='model|module', model_prefix='', model_filter_name='gzp', init_scale=0.001, use_mean_pooling=True, disable_weight_decay_on_rel_pos_bias=False, nb_classes=1, output_dir='/usr/data/yeqi3/LaBraM_log/multids/cv/read_new/fold_0', log_dir='/usr/data/yeqi3/LaBraM_log/multids/log/read_new/fold_0', device='cuda', seed=42, resume='', auto_resume=True, save_ckpt=True, start_epoch=0, eval=False, dist_eval=False, num_workers=4, pin_mem=True, world_size=3, local_rank=-1, dist_on_itp=False, dist_url='env://', enable_deepspeed=False, dataset='MATH_KFOLD', data_root='/usr/data/yeqi3/labram_fold/read_new', kfold_num=5, fold_index=0, rank=0, gpu=0, distributed=True, dist_backend='nccl')
Sampler_train = <torch.utils.data.distributed.DistributedSampler object at 0x7f24db3723e0>
Patch size = 200
Load ckpt from /home/yeqi3/cyr/code/LaBraM/checkpoints/labram-base.pth
Load state_dict by model_key = model
Weights of NeuralTransformer not initialized from pretrained model: ['fc_norm.weight', 'fc_norm.bias', 'head.weight', 'head.bias']
Weights from pretrained model not used in NeuralTransformer: ['mask_token', 'lm_head.weight', 'lm_head.bias', 'norm.weight', 'norm.bias']
number of params: 5820137
LR = 0.00050000
Batch size = 144
Update frequent = 1
Number of training examples = 5082
Number of training training per epoch = 35
Assigned values = [0.2541865828329001, 0.2824295364810001, 0.31381059609000006, 0.3486784401000001, 0.3874204890000001, 0.4304672100000001, 0.4782969000000001, 0.531441, 0.5904900000000001, 0.6561, 0.7290000000000001, 0.81, 0.9, 1.0]
Skip weight decay name marked in model: {'time_embed', 'cls_token', 'pos_embed'}
Optimizer config: {'lr': 0.0005, 'weight_decay': 0.0, 'eps': 1e-08}
Use step level LR scheduler!
Set warmup steps = 175
Set warmup steps = 0
Max WD = 0.0500000, Min WD = 0.0500000
criterion = BCEWithLogitsLoss()
Auto resume checkpoint: /usr/data/yeqi3/LaBraM_log/multids/cv/read_new/fold_0/checkpoint.pth
Resume checkpoint /usr/data/yeqi3/LaBraM_log/multids/cv/read_new/fold_0/checkpoint.pth
Resume checkpoint at epoch 0
With optim & sched!
Start training for 50 epochs
[rank0]:[W1103 11:34:36.492599564 reducer.cpp:1400] Warning: find_unused_parameters=True was specified in DDP constructor, but did not find any unused parameters in the forward pass. This flag results in an extra traversal of the autograd graph every iteration,  which can adversely affect performance. If your model indeed never has any unused parameters in the forward pass, consider turning this flag off. Note that this warning may be a false positive if your model has flow control causing later iterations to have unused parameters. (function operator())
[rank1]:[W1103 11:34:36.564867303 reducer.cpp:1400] Warning: find_unused_parameters=True was specified in DDP constructor, but did not find any unused parameters in the forward pass. This flag results in an extra traversal of the autograd graph every iteration,  which can adversely affect performance. If your model indeed never has any unused parameters in the forward pass, consider turning this flag off. Note that this warning may be a false positive if your model has flow control causing later iterations to have unused parameters. (function operator())
[rank2]:[W1103 11:34:36.566324837 reducer.cpp:1400] Warning: find_unused_parameters=True was specified in DDP constructor, but did not find any unused parameters in the forward pass. This flag results in an extra traversal of the autograd graph every iteration,  which can adversely affect performance. If your model indeed never has any unused parameters in the forward pass, consider turning this flag off. Note that this warning may be a false positive if your model has flow control causing later iterations to have unused parameters. (function operator())
Epoch: [1]  [ 0/36]  eta: 0:00:58  lr: 0.000101  min_lr: 0.000026  loss: 0.6749 (0.6749)  class_acc: 0.6042 (0.6042)  loss_scale: 16384.0000 (16384.0000)  weight_decay: 0.0500 (0.0500)  grad_norm: 0.9507 (0.9507)  time: 1.6125  data: 0.2150  max mem: 18664
Epoch: [1]  [10/36]  eta: 0:00:09  lr: 0.000129  min_lr: 0.000033  loss: 0.6726 (0.6676)  class_acc: 0.6042 (0.6193)  loss_scale: 16384.0000 (16384.0000)  weight_decay: 0.0500 (0.0500)  grad_norm: 0.6525 (0.7686)  time: 0.3560  data: 0.0197  max mem: 18664
Epoch: [1]  [20/36]  eta: 0:00:04  lr: 0.000158  min_lr: 0.000040  loss: 0.6726 (0.6778)  class_acc: 0.6042 (0.5942)  loss_scale: 16384.0000 (16384.0000)  weight_decay: 0.0500 (0.0500)  grad_norm: 0.5142 (0.6791)  time: 0.2257  data: 0.0001  max mem: 18664
Epoch: [1]  [30/36]  eta: 0:00:01  lr: 0.000187  min_lr: 0.000047  loss: 0.6684 (0.6758)  class_acc: 0.6042 (0.5974)  loss_scale: 16384.0000 (16384.0000)  weight_decay: 0.0500 (0.0500)  grad_norm: 0.5142 (0.6216)  time: 0.2210  data: 0.0002  max mem: 18664
Epoch: [1]  [35/36]  eta: 0:00:00  lr: 0.000198  min_lr: 0.000050  loss: 0.6684 (0.6750)  class_acc: 0.6042 (0.5994)  loss_scale: 16384.0000 (16384.0000)  weight_decay: 0.0500 (0.0500)  grad_norm: 0.4380 (0.6370)  time: 0.2100  data: 0.0002  max mem: 18664
Epoch: [1] Total time: 0:00:09 (0.2578 s / it)
Averaged stats: lr: 0.000198  min_lr: 0.000050  loss: 0.6684 (0.6752)  class_acc: 0.6042 (0.5972)  loss_scale: 16384.0000 (16384.0000)  weight_decay: 0.0500 (0.0500)  grad_norm: 0.4380 (0.6370)
Val:  [ 0/24]  eta: 0:00:26  loss: 0.6807 (0.6807)  accuracy: 0.5833 (0.5833)  balanced_accuracy: 0.5000 (0.5000)  time: 1.0887  data: 0.2735  max mem: 18664
Val:  [10/24]  eta: 0:00:02  loss: 0.6806 (0.6750)  accuracy: 0.5833 (0.5960)  balanced_accuracy: 0.5000 (0.5000)  time: 0.2053  data: 0.0250  max mem: 18664
Val:  [20/24]  eta: 0:00:00  loss: 0.6744 (0.6747)  accuracy: 0.5833 (0.5966)  balanced_accuracy: 0.5000 (0.5000)  time: 0.1074  data: 0.0001  max mem: 18664
Val:  [23/24]  eta: 0:00:00  loss: 0.6806 (0.6761)  accuracy: 0.5833 (0.5937)  balanced_accuracy: 0.5000 (0.5000)  time: 0.0994  data: 0.0001  max mem: 18664
Val: Total time: 0:00:03 (0.1516 s / it)
* loss 0.676
Accuracy of the network on the 1708 val EEG: 0.59%
Test:  [ 0/24]  eta: 0:00:07  loss: 0.6807 (0.6807)  accuracy: 0.5833 (0.5833)  balanced_accuracy: 0.5000 (0.5000)  time: 0.3296  data: 0.2228  max mem: 18664
Test:  [10/24]  eta: 0:00:01  loss: 0.6682 (0.6693)  accuracy: 0.6111 (0.6086)  balanced_accuracy: 0.5000 (0.5000)  time: 0.1194  data: 0.0204  max mem: 18664
Test:  [20/24]  eta: 0:00:00  loss: 0.6807 (0.6789)  accuracy: 0.5833 (0.5873)  balanced_accuracy: 0.5000 (0.5000)  time: 0.0981  data: 0.0002  max mem: 18664
Test:  [23/24]  eta: 0:00:00  loss: 0.6807 (0.6756)  accuracy: 0.5833 (0.5942)  balanced_accuracy: 0.5000 (0.5000)  time: 0.1000  data: 0.0001  max mem: 18664
Test: Total time: 0:00:02 (0.1122 s / it)
* loss 0.676
Accuracy of the network on the 1715 test EEG: 0.59%
Max accuracy val: 0.59%, max accuracy test: 0.59%
Epoch: [2]  [ 0/36]  eta: 0:00:15  lr: 0.000201  min_lr: 0.000051  loss: 0.6515 (0.6515)  class_acc: 0.6458 (0.6458)  loss_scale: 16384.0000 (16384.0000)  weight_decay: 0.0500 (0.0500)  grad_norm: 0.6803 (0.6803)  time: 0.4323  data: 0.1836  max mem: 18664
Epoch: [2]  [10/36]  eta: 0:00:06  lr: 0.000230  min_lr: 0.000058  loss: 0.6827 (0.6812)  class_acc: 0.5833 (0.5814)  loss_scale: 16384.0000 (16384.0000)  weight_decay: 0.0500 (0.0500)  grad_norm: 0.3631 (0.5110)  time: 0.2396  data: 0.0168  max mem: 18664
Epoch: [2]  [20/36]  eta: 0:00:03  lr: 0.000259  min_lr: 0.000066  loss: 0.6827 (0.6792)  class_acc: 0.5625 (0.5863)  loss_scale: 16384.0000 (16384.0000)  weight_decay: 0.0500 (0.0500)  grad_norm: 0.4222 (0.5674)  time: 0.2205  data: 0.0001  max mem: 18664
NaN or Inf found in input tensor.
Epoch: [2]  [30/36]  eta: 0:00:01  lr: 0.000287  min_lr: 0.000073  loss: 0.6731 (0.6800)  class_acc: 0.5833 (0.5793)  loss_scale: 16384.0000 (15326.9677)  weight_decay: 0.0500 (0.0500)  grad_norm: 1.0005 (inf)  time: 0.2204  data: 0.0001  max mem: 18664
Epoch: [2]  [35/36]  eta: 0:00:00  lr: 0.000299  min_lr: 0.000076  loss: 0.6661 (0.6755)  class_acc: 0.6042 (0.5893)  loss_scale: 16384.0000 (14511.5429)  weight_decay: 0.0500 (0.0500)  grad_norm: 1.4086 (inf)  time: 0.2091  data: 0.0001  max mem: 18664
Epoch: [2] Total time: 0:00:08 (0.2228 s / it)
Averaged stats: lr: 0.000299  min_lr: 0.000076  loss: 0.6661 (0.6725)  class_acc: 0.6042 (0.5982)  loss_scale: 16384.0000 (14511.5429)  weight_decay: 0.0500 (0.0500)  grad_norm: 1.4086 (inf)
Val:  [ 0/24]  eta: 0:00:09  loss: 0.6822 (0.6822)  accuracy: 0.5694 (0.5694)  balanced_accuracy: 0.5119 (0.5119)  time: 0.3804  data: 0.2758  max mem: 18664
Val:  [10/24]  eta: 0:00:01  loss: 0.6641 (0.6679)  accuracy: 0.6111 (0.6073)  balanced_accuracy: 0.5519 (0.5424)  time: 0.1237  data: 0.0252  max mem: 18664
Val:  [20/24]  eta: 0:00:00  loss: 0.6641 (0.6717)  accuracy: 0.5972 (0.5972)  balanced_accuracy: 0.5251 (0.5300)  time: 0.0979  data: 0.0002  max mem: 18664
Val:  [23/24]  eta: 0:00:00  loss: 0.6574 (0.6727)  accuracy: 0.6111 (0.5943)  balanced_accuracy: 0.5346 (0.5286)  time: 0.0965  data: 0.0001  max mem: 18664
Val: Total time: 0:00:02 (0.1113 s / it)
* loss 0.673
Accuracy of the network on the 1708 val EEG: 0.59%
Test:  [ 0/24]  eta: 0:00:07  loss: 0.6925 (0.6925)  accuracy: 0.5278 (0.5278)  balanced_accuracy: 0.4762 (0.4762)  time: 0.3142  data: 0.2127  max mem: 18664
Test:  [10/24]  eta: 0:00:01  loss: 0.6760 (0.6748)  accuracy: 0.5972 (0.5871)  balanced_accuracy: 0.5117 (0.5103)  time: 0.1188  data: 0.0195  max mem: 18664
Test:  [20/24]  eta: 0:00:00  loss: 0.6825 (0.6845)  accuracy: 0.5417 (0.5714)  balanced_accuracy: 0.5008 (0.5089)  time: 0.0991  data: 0.0002  max mem: 18664
Test:  [23/24]  eta: 0:00:00  loss: 0.6760 (0.6803)  accuracy: 0.5763 (0.5790)  balanced_accuracy: 0.5008 (0.5124)  time: 0.0981  data: 0.0001  max mem: 18664
Test: Total time: 0:00:02 (0.1110 s / it)
* loss 0.680
Accuracy of the network on the 1715 test EEG: 0.58%
Max accuracy val: 0.59%, max accuracy test: 0.58%
Epoch: [3]  [ 0/36]  eta: 0:00:14  lr: 0.000302  min_lr: 0.000077  loss: 0.6521 (0.6521)  class_acc: 0.6042 (0.6042)  loss_scale: 8192.0000 (8192.0000)  weight_decay: 0.0500 (0.0500)  grad_norm: 4.6183 (4.6183)  time: 0.3984  data: 0.1724  max mem: 18664
Epoch: [3]  [10/36]  eta: 0:00:06  lr: 0.000330  min_lr: 0.000084  loss: 0.6769 (0.6816)  class_acc: 0.6042 (0.5814)  loss_scale: 8192.0000 (8192.0000)  weight_decay: 0.0500 (0.0500)  grad_norm: 0.9929 (1.8586)  time: 0.2361  data: 0.0158  max mem: 18664
Epoch: [3]  [20/36]  eta: 0:00:03  lr: 0.000359  min_lr: 0.000091  loss: 0.6787 (0.6815)  class_acc: 0.5833 (0.5794)  loss_scale: 8192.0000 (8192.0000)  weight_decay: 0.0500 (0.0500)  grad_norm: 0.7261 (1.2304)  time: 0.2201  data: 0.0001  max mem: 18664
Epoch: [3]  [30/36]  eta: 0:00:01  lr: 0.000388  min_lr: 0.000099  loss: 0.6815 (0.6830)  class_acc: 0.5833 (0.5773)  loss_scale: 8192.0000 (8192.0000)  weight_decay: 0.0500 (0.0500)  grad_norm: 0.4395 (1.0384)  time: 0.2200  data: 0.0001  max mem: 18664
Epoch: [3]  [35/36]  eta: 0:00:00  lr: 0.000399  min_lr: 0.000102  loss: 0.6706 (0.6798)  class_acc: 0.6042 (0.5845)  loss_scale: 8192.0000 (8192.0000)  weight_decay: 0.0500 (0.0500)  grad_norm: 0.3582 (0.9484)  time: 0.2088  data: 0.0001  max mem: 18664
Epoch: [3] Total time: 0:00:07 (0.2208 s / it)
Averaged stats: lr: 0.000399  min_lr: 0.000102  loss: 0.6706 (0.6758)  class_acc: 0.6042 (0.5940)  loss_scale: 8192.0000 (8192.0000)  weight_decay: 0.0500 (0.0500)  grad_norm: 0.3582 (0.9484)
Val:  [ 0/24]  eta: 0:00:08  loss: 0.6817 (0.6817)  accuracy: 0.5833 (0.5833)  balanced_accuracy: 0.5000 (0.5000)  time: 0.3497  data: 0.2487  max mem: 18664
Val:  [10/24]  eta: 0:00:01  loss: 0.6816 (0.6756)  accuracy: 0.5833 (0.5960)  balanced_accuracy: 0.5000 (0.5000)  time: 0.1209  data: 0.0228  max mem: 18664
Val:  [20/24]  eta: 0:00:00  loss: 0.6750 (0.6753)  accuracy: 0.5833 (0.5966)  balanced_accuracy: 0.5000 (0.5000)  time: 0.0980  data: 0.0002  max mem: 18664
Val:  [23/24]  eta: 0:00:00  loss: 0.6816 (0.6768)  accuracy: 0.5833 (0.5937)  balanced_accuracy: 0.5000 (0.5000)  time: 0.0966  data: 0.0001  max mem: 18664
Val: Total time: 0:00:02 (0.1099 s / it)
* loss 0.677
Accuracy of the network on the 1708 val EEG: 0.59%
Test:  [ 0/24]  eta: 0:00:07  loss: 0.6817 (0.6817)  accuracy: 0.5833 (0.5833)  balanced_accuracy: 0.5000 (0.5000)  time: 0.2990  data: 0.1978  max mem: 18664
Test:  [10/24]  eta: 0:00:01  loss: 0.6684 (0.6696)  accuracy: 0.6111 (0.6086)  balanced_accuracy: 0.5000 (0.5000)  time: 0.1163  data: 0.0181  max mem: 18664
Test:  [20/24]  eta: 0:00:00  loss: 0.6817 (0.6798)  accuracy: 0.5833 (0.5873)  balanced_accuracy: 0.5000 (0.5000)  time: 0.0979  data: 0.0002  max mem: 18664
Test:  [23/24]  eta: 0:00:00  loss: 0.6817 (0.6763)  accuracy: 0.5833 (0.5942)  balanced_accuracy: 0.5000 (0.5000)  time: 0.0970  data: 0.0001  max mem: 18664
Test: Total time: 0:00:02 (0.1081 s / it)
* loss 0.676
Accuracy of the network on the 1715 test EEG: 0.59%
Max accuracy val: 0.59%, max accuracy test: 0.58%
Epoch: [4]  [ 0/36]  eta: 0:00:14  lr: 0.000402  min_lr: 0.000102  loss: 0.6926 (0.6926)  class_acc: 0.5625 (0.5625)  loss_scale: 8192.0000 (8192.0000)  weight_decay: 0.0500 (0.0500)  grad_norm: 1.1545 (1.1545)  time: 0.4021  data: 0.1763  max mem: 18664
Epoch: [4]  [10/36]  eta: 0:00:06  lr: 0.000431  min_lr: 0.000110  loss: 0.6722 (0.6656)  class_acc: 0.6042 (0.6250)  loss_scale: 8192.0000 (8192.0000)  weight_decay: 0.0500 (0.0500)  grad_norm: 0.2762 (0.4302)  time: 0.2366  data: 0.0162  max mem: 18664
Epoch: [4]  [20/36]  eta: 0:00:03  lr: 0.000460  min_lr: 0.000117  loss: 0.6618 (0.6686)  class_acc: 0.6042 (0.6151)  loss_scale: 8192.0000 (8192.0000)  weight_decay: 0.0500 (0.0500)  grad_norm: 0.2716 (0.4239)  time: 0.2200  data: 0.0001  max mem: 18664
Epoch: [4]  [30/36]  eta: 0:00:01  lr: 0.000489  min_lr: 0.000124  loss: 0.6722 (0.6720)  class_acc: 0.5833 (0.6062)  loss_scale: 8192.0000 (8192.0000)  weight_decay: 0.0500 (0.0500)  grad_norm: 0.3859 (0.4851)  time: 0.2199  data: 0.0001  max mem: 18664
Epoch: [4]  [35/36]  eta: 0:00:00  lr: 0.000500  min_lr: 0.000127  loss: 0.6720 (0.6717)  class_acc: 0.6042 (0.6071)  loss_scale: 8192.0000 (8192.0000)  weight_decay: 0.0500 (0.0500)  grad_norm: 0.4579 (0.5182)  time: 0.2088  data: 0.0001  max mem: 18664
Epoch: [4] Total time: 0:00:07 (0.2209 s / it)
Averaged stats: lr: 0.000500  min_lr: 0.000127  loss: 0.6720 (0.6751)  class_acc: 0.6042 (0.5966)  loss_scale: 8192.0000 (8192.0000)  weight_decay: 0.0500 (0.0500)  grad_norm: 0.4579 (0.5182)
Val:  [ 0/24]  eta: 0:00:07  loss: 0.6792 (0.6792)  accuracy: 0.5833 (0.5833)  balanced_accuracy: 0.5000 (0.5000)  time: 0.3249  data: 0.2232  max mem: 18664
Val:  [10/24]  eta: 0:00:01  loss: 0.6789 (0.6747)  accuracy: 0.5833 (0.5960)  balanced_accuracy: 0.5000 (0.5000)  time: 0.1186  data: 0.0204  max mem: 18664
Val:  [20/24]  eta: 0:00:00  loss: 0.6745 (0.6746)  accuracy: 0.5833 (0.5966)  balanced_accuracy: 0.5000 (0.5000)  time: 0.0979  data: 0.0001  max mem: 18664
Val:  [23/24]  eta: 0:00:00  loss: 0.6789 (0.6756)  accuracy: 0.5833 (0.5937)  balanced_accuracy: 0.5000 (0.5000)  time: 0.0965  data: 0.0001  max mem: 18664
Val: Total time: 0:00:02 (0.1089 s / it)
* loss 0.676
Accuracy of the network on the 1708 val EEG: 0.59%
Test:  [ 0/24]  eta: 0:00:07  loss: 0.6792 (0.6792)  accuracy: 0.5833 (0.5833)  balanced_accuracy: 0.5000 (0.5000)  time: 0.3041  data: 0.2024  max mem: 18664
Test:  [10/24]  eta: 0:00:01  loss: 0.6698 (0.6706)  accuracy: 0.6111 (0.6086)  balanced_accuracy: 0.5000 (0.5000)  time: 0.1169  data: 0.0185  max mem: 18664
Test:  [20/24]  eta: 0:00:00  loss: 0.6790 (0.6777)  accuracy: 0.5833 (0.5873)  balanced_accuracy: 0.5000 (0.5000)  time: 0.0980  data: 0.0001  max mem: 18664
Test:  [23/24]  eta: 0:00:00  loss: 0.6790 (0.6753)  accuracy: 0.5833 (0.5942)  balanced_accuracy: 0.5000 (0.5000)  time: 0.0970  data: 0.0001  max mem: 18664
Test: Total time: 0:00:02 (0.1092 s / it)
* loss 0.675
Accuracy of the network on the 1715 test EEG: 0.59%
Max accuracy val: 0.59%, max accuracy test: 0.58%
Epoch: [5]  [ 0/36]  eta: 0:00:14  lr: 0.000500  min_lr: 0.000127  loss: 0.6577 (0.6577)  class_acc: 0.6458 (0.6458)  loss_scale: 8192.0000 (8192.0000)  weight_decay: 0.0500 (0.0500)  grad_norm: 0.7887 (0.7887)  time: 0.4066  data: 0.1827  max mem: 18664
Epoch: [5]  [10/36]  eta: 0:00:06  lr: 0.000500  min_lr: 0.000127  loss: 0.6787 (0.6819)  class_acc: 0.5833 (0.5758)  loss_scale: 8192.0000 (8192.0000)  weight_decay: 0.0500 (0.0500)  grad_norm: 0.4560 (0.4118)  time: 0.2369  data: 0.0167  max mem: 18664
Epoch: [5]  [20/36]  eta: 0:00:03  lr: 0.000500  min_lr: 0.000127  loss: 0.6864 (0.6873)  class_acc: 0.5625 (0.5655)  loss_scale: 8192.0000 (8192.0000)  weight_decay: 0.0500 (0.0500)  grad_norm: 0.4560 (0.4809)  time: 0.2198  data: 0.0002  max mem: 18664
Epoch: [5]  [30/36]  eta: 0:00:01  lr: 0.000500  min_lr: 0.000127  loss: 0.6839 (0.6850)  class_acc: 0.5625 (0.5699)  loss_scale: 8192.0000 (8192.0000)  weight_decay: 0.0500 (0.0500)  grad_norm: 0.3899 (0.4763)  time: 0.2200  data: 0.0002  max mem: 18664
Epoch: [5]  [35/36]  eta: 0:00:00  lr: 0.000499  min_lr: 0.000127  loss: 0.6778 (0.6833)  class_acc: 0.5833 (0.5726)  loss_scale: 8192.0000 (8192.0000)  weight_decay: 0.0500 (0.0500)  grad_norm: 0.3163 (0.5278)  time: 0.2091  data: 0.0001  max mem: 18664
Epoch: [5] Total time: 0:00:07 (0.2209 s / it)
Averaged stats: lr: 0.000499  min_lr: 0.000127  loss: 0.6778 (0.6742)  class_acc: 0.5833 (0.5968)  loss_scale: 8192.0000 (8192.0000)  weight_decay: 0.0500 (0.0500)  grad_norm: 0.3163 (0.5278)
Val:  [ 0/24]  eta: 0:00:07  loss: 0.6809 (0.6809)  accuracy: 0.5833 (0.5833)  balanced_accuracy: 0.5000 (0.5000)  time: 0.3252  data: 0.2245  max mem: 18664
Val:  [10/24]  eta: 0:00:01  loss: 0.6782 (0.6736)  accuracy: 0.5833 (0.5960)  balanced_accuracy: 0.5000 (0.5000)  time: 0.1189  data: 0.0206  max mem: 18664
Val:  [20/24]  eta: 0:00:00  loss: 0.6733 (0.6735)  accuracy: 0.5833 (0.5966)  balanced_accuracy: 0.5000 (0.5000)  time: 0.0980  data: 0.0002  max mem: 18664
Val:  [23/24]  eta: 0:00:00  loss: 0.6782 (0.6749)  accuracy: 0.5833 (0.5937)  balanced_accuracy: 0.5000 (0.5000)  time: 0.0966  data: 0.0002  max mem: 18664
Val: Total time: 0:00:02 (0.1092 s / it)
* loss 0.675
Accuracy of the network on the 1708 val EEG: 0.59%
Test:  [ 0/24]  eta: 0:00:07  loss: 0.6800 (0.6800)  accuracy: 0.5833 (0.5833)  balanced_accuracy: 0.5000 (0.5000)  time: 0.3050  data: 0.2026  max mem: 18664
Test:  [10/24]  eta: 0:00:01  loss: 0.6686 (0.6686)  accuracy: 0.6111 (0.6086)  balanced_accuracy: 0.5000 (0.5000)  time: 0.1182  data: 0.0186  max mem: 18664
Test:  [20/24]  eta: 0:00:00  loss: 0.6782 (0.6779)  accuracy: 0.5833 (0.5873)  balanced_accuracy: 0.5000 (0.5000)  time: 0.0991  data: 0.0002  max mem: 18664
Test:  [23/24]  eta: 0:00:00  loss: 0.6782 (0.6747)  accuracy: 0.5833 (0.5942)  balanced_accuracy: 0.5000 (0.5000)  time: 0.0981  data: 0.0002  max mem: 18664
Test: Total time: 0:00:02 (0.1095 s / it)
* loss 0.675
Accuracy of the network on the 1715 test EEG: 0.59%
Max accuracy val: 0.59%, max accuracy test: 0.58%
Epoch: [6]  [ 0/36]  eta: 0:00:14  lr: 0.000499  min_lr: 0.000127  loss: 0.6707 (0.6707)  class_acc: 0.6042 (0.6042)  loss_scale: 8192.0000 (8192.0000)  weight_decay: 0.0500 (0.0500)  grad_norm: 0.5054 (0.5054)  time: 0.4159  data: 0.1808  max mem: 18664
Epoch: [6]  [10/36]  eta: 0:00:06  lr: 0.000499  min_lr: 0.000127  loss: 0.6864 (0.6806)  class_acc: 0.5833 (0.5833)  loss_scale: 8192.0000 (8192.0000)  weight_decay: 0.0500 (0.0500)  grad_norm: 0.6451 (1.0743)  time: 0.2380  data: 0.0166  max mem: 18664
Epoch: [6]  [20/36]  eta: 0:00:03  lr: 0.000499  min_lr: 0.000127  loss: 0.6735 (0.6795)  class_acc: 0.5833 (0.5913)  loss_scale: 8192.0000 (8192.0000)  weight_decay: 0.0500 (0.0500)  grad_norm: 0.6451 (0.9440)  time: 0.2202  data: 0.0001  max mem: 18664
Epoch: [6]  [30/36]  eta: 0:00:01  lr: 0.000498  min_lr: 0.000127  loss: 0.6733 (0.6766)  class_acc: 0.6042 (0.5961)  loss_scale: 8192.0000 (8192.0000)  weight_decay: 0.0500 (0.0500)  grad_norm: 0.5368 (0.8138)  time: 0.2200  data: 0.0001  max mem: 18664
Epoch: [6]  [35/36]  eta: 0:00:00  lr: 0.000498  min_lr: 0.000126  loss: 0.6731 (0.6754)  class_acc: 0.6042 (0.5994)  loss_scale: 8192.0000 (8192.0000)  weight_decay: 0.0500 (0.0500)  grad_norm: 0.4471 (0.7771)  time: 0.2090  data: 0.0001  max mem: 18664
Epoch: [6] Total time: 0:00:07 (0.2215 s / it)
Averaged stats: lr: 0.000498  min_lr: 0.000126  loss: 0.6731 (0.6761)  class_acc: 0.6042 (0.5962)  loss_scale: 8192.0000 (8192.0000)  weight_decay: 0.0500 (0.0500)  grad_norm: 0.4471 (0.7771)
Val:  [ 0/24]  eta: 0:00:09  loss: 0.6792 (0.6792)  accuracy: 0.5833 (0.5833)  balanced_accuracy: 0.5000 (0.5000)  time: 0.3854  data: 0.2849  max mem: 18664
Val:  [10/24]  eta: 0:00:01  loss: 0.6792 (0.6749)  accuracy: 0.5833 (0.5960)  balanced_accuracy: 0.5000 (0.5000)  time: 0.1241  data: 0.0260  max mem: 18664
Val:  [20/24]  eta: 0:00:00  loss: 0.6745 (0.6747)  accuracy: 0.5833 (0.5966)  balanced_accuracy: 0.5000 (0.5000)  time: 0.0980  data: 0.0001  max mem: 18664
Val:  [23/24]  eta: 0:00:00  loss: 0.6792 (0.6758)  accuracy: 0.5833 (0.5937)  balanced_accuracy: 0.5000 (0.5000)  time: 0.0966  data: 0.0001  max mem: 18664
Val: Total time: 0:00:02 (0.1117 s / it)
* loss 0.676
Accuracy of the network on the 1708 val EEG: 0.59%
Test:  [ 0/24]  eta: 0:00:07  loss: 0.6792 (0.6792)  accuracy: 0.5833 (0.5833)  balanced_accuracy: 0.5000 (0.5000)  time: 0.3138  data: 0.2130  max mem: 18664
Test:  [10/24]  eta: 0:00:01  loss: 0.6698 (0.6707)  accuracy: 0.6111 (0.6086)  balanced_accuracy: 0.5000 (0.5000)  time: 0.1178  data: 0.0195  max mem: 18664
Test:  [20/24]  eta: 0:00:00  loss: 0.6791 (0.6779)  accuracy: 0.5833 (0.5873)  balanced_accuracy: 0.5000 (0.5000)  time: 0.0981  data: 0.0002  max mem: 18664
Test:  [23/24]  eta: 0:00:00  loss: 0.6791 (0.6754)  accuracy: 0.5833 (0.5942)  balanced_accuracy: 0.5000 (0.5000)  time: 0.0972  data: 0.0002  max mem: 18664
Test: Total time: 0:00:02 (0.1091 s / it)
* loss 0.675
Accuracy of the network on the 1715 test EEG: 0.59%
Max accuracy val: 0.59%, max accuracy test: 0.58%
Epoch: [7]  [ 0/36]  eta: 0:00:15  lr: 0.000498  min_lr: 0.000126  loss: 0.6538 (0.6538)  class_acc: 0.6667 (0.6667)  loss_scale: 8192.0000 (8192.0000)  weight_decay: 0.0500 (0.0500)  grad_norm: 0.8341 (0.8341)  time: 0.4391  data: 0.2147  max mem: 18664
Epoch: [7]  [10/36]  eta: 0:00:06  lr: 0.000497  min_lr: 0.000126  loss: 0.6712 (0.6752)  class_acc: 0.6042 (0.6023)  loss_scale: 8192.0000 (8192.0000)  weight_decay: 0.0500 (0.0500)  grad_norm: 0.7733 (0.6612)  time: 0.2402  data: 0.0197  max mem: 18664
Epoch: [7]  [20/36]  eta: 0:00:03  lr: 0.000496  min_lr: 0.000126  loss: 0.6712 (0.6767)  class_acc: 0.6042 (0.5952)  loss_scale: 8192.0000 (8192.0000)  weight_decay: 0.0500 (0.0500)  grad_norm: 0.4773 (0.6256)  time: 0.2203  data: 0.0002  max mem: 18664
Epoch: [7]  [30/36]  eta: 0:00:01  lr: 0.000495  min_lr: 0.000126  loss: 0.6856 (0.6809)  class_acc: 0.5625 (0.5853)  loss_scale: 8192.0000 (8192.0000)  weight_decay: 0.0500 (0.0500)  grad_norm: 0.4559 (0.5797)  time: 0.2202  data: 0.0001  max mem: 18664
Epoch: [7]  [35/36]  eta: 0:00:00  lr: 0.000495  min_lr: 0.000126  loss: 0.6781 (0.6782)  class_acc: 0.5833 (0.5911)  loss_scale: 8192.0000 (8192.0000)  weight_decay: 0.0500 (0.0500)  grad_norm: 0.4053 (0.5390)  time: 0.2089  data: 0.0001  max mem: 18664
Epoch: [7] Total time: 0:00:08 (0.2223 s / it)
Averaged stats: lr: 0.000495  min_lr: 0.000126  loss: 0.6781 (0.6757)  class_acc: 0.5833 (0.5960)  loss_scale: 8192.0000 (8192.0000)  weight_decay: 0.0500 (0.0500)  grad_norm: 0.4053 (0.5390)
Val:  [ 0/24]  eta: 0:00:07  loss: 0.6798 (0.6798)  accuracy: 0.5833 (0.5833)  balanced_accuracy: 0.5000 (0.5000)  time: 0.3274  data: 0.2245  max mem: 18664
Val:  [10/24]  eta: 0:00:01  loss: 0.6798 (0.6747)  accuracy: 0.5833 (0.5960)  balanced_accuracy: 0.5000 (0.5000)  time: 0.1190  data: 0.0206  max mem: 18664
Val:  [20/24]  eta: 0:00:00  loss: 0.6741 (0.6744)  accuracy: 0.5833 (0.5966)  balanced_accuracy: 0.5000 (0.5000)  time: 0.0987  data: 0.0002  max mem: 18664
Val:  [23/24]  eta: 0:00:00  loss: 0.6798 (0.6757)  accuracy: 0.5833 (0.5937)  balanced_accuracy: 0.5000 (0.5000)  time: 0.0973  data: 0.0002  max mem: 18664
Val: Total time: 0:00:02 (0.1099 s / it)
* loss 0.676
Accuracy of the network on the 1708 val EEG: 0.59%
Test:  [ 0/24]  eta: 0:00:07  loss: 0.6798 (0.6798)  accuracy: 0.5833 (0.5833)  balanced_accuracy: 0.5000 (0.5000)  time: 0.3314  data: 0.2299  max mem: 18664
Test:  [10/24]  eta: 0:00:01  loss: 0.6685 (0.6695)  accuracy: 0.6111 (0.6086)  balanced_accuracy: 0.5000 (0.5000)  time: 0.1197  data: 0.0211  max mem: 18664
Test:  [20/24]  eta: 0:00:00  loss: 0.6798 (0.6782)  accuracy: 0.5833 (0.5873)  balanced_accuracy: 0.5000 (0.5000)  time: 0.0982  data: 0.0002  max mem: 18664
Test:  [23/24]  eta: 0:00:00  loss: 0.6798 (0.6752)  accuracy: 0.5833 (0.5942)  balanced_accuracy: 0.5000 (0.5000)  time: 0.0971  data: 0.0002  max mem: 18664
Test: Total time: 0:00:02 (0.1108 s / it)
* loss 0.675
Accuracy of the network on the 1715 test EEG: 0.59%
Max accuracy val: 0.59%, max accuracy test: 0.58%
Epoch: [8]  [ 0/36]  eta: 0:00:14  lr: 0.000495  min_lr: 0.000126  loss: 0.6625 (0.6625)  class_acc: 0.6250 (0.6250)  loss_scale: 8192.0000 (8192.0000)  weight_decay: 0.0500 (0.0500)  grad_norm: 0.2381 (0.2381)  time: 0.4138  data: 0.1678  max mem: 18664
Epoch: [8]  [10/36]  eta: 0:00:06  lr: 0.000493  min_lr: 0.000125  loss: 0.6839 (0.6911)  class_acc: 0.5625 (0.5492)  loss_scale: 8192.0000 (8192.0000)  weight_decay: 0.0500 (0.0500)  grad_norm: 0.4042 (0.3821)  time: 0.2375  data: 0.0154  max mem: 18664
Epoch: [8]  [20/36]  eta: 0:00:03  lr: 0.000492  min_lr: 0.000125  loss: 0.6804 (0.6876)  class_acc: 0.5833 (0.5665)  loss_scale: 8192.0000 (8192.0000)  weight_decay: 0.0500 (0.0500)  grad_norm: 0.4042 (0.4979)  time: 0.2200  data: 0.0001  max mem: 18664
Epoch: [8]  [30/36]  eta: 0:00:01  lr: 0.000491  min_lr: 0.000125  loss: 0.6804 (0.6884)  class_acc: 0.5833 (0.5712)  loss_scale: 8192.0000 (8192.0000)  weight_decay: 0.0500 (0.0500)  grad_norm: 0.4643 (0.5603)  time: 0.2200  data: 0.0001  max mem: 18664
Epoch: [8]  [35/36]  eta: 0:00:00  lr: 0.000490  min_lr: 0.000125  loss: 0.6876 (0.6884)  class_acc: 0.5625 (0.5690)  loss_scale: 8192.0000 (8192.0000)  weight_decay: 0.0500 (0.0500)  grad_norm: 0.4833 (0.5664)  time: 0.2089  data: 0.0001  max mem: 18664
Epoch: [8] Total time: 0:00:07 (0.2214 s / it)
Averaged stats: lr: 0.000490  min_lr: 0.000125  loss: 0.6876 (0.6770)  class_acc: 0.5625 (0.5958)  loss_scale: 8192.0000 (8192.0000)  weight_decay: 0.0500 (0.0500)  grad_norm: 0.4833 (0.5664)
Val:  [ 0/24]  eta: 0:00:07  loss: 0.6797 (0.6797)  accuracy: 0.5833 (0.5833)  balanced_accuracy: 0.5000 (0.5000)  time: 0.3065  data: 0.2060  max mem: 18664
Val:  [10/24]  eta: 0:00:01  loss: 0.6797 (0.6763)  accuracy: 0.5833 (0.5960)  balanced_accuracy: 0.5000 (0.5000)  time: 0.1170  data: 0.0189  max mem: 18664
Val:  [20/24]  eta: 0:00:00  loss: 0.6760 (0.6762)  accuracy: 0.5833 (0.5966)  balanced_accuracy: 0.5000 (0.5000)  time: 0.0979  data: 0.0002  max mem: 18664
Val:  [23/24]  eta: 0:00:00  loss: 0.6797 (0.6770)  accuracy: 0.5833 (0.5937)  balanced_accuracy: 0.5000 (0.5000)  time: 0.0965  data: 0.0002  max mem: 18664
Val: Total time: 0:00:02 (0.1073 s / it)
* loss 0.677
Accuracy of the network on the 1708 val EEG: 0.59%
Test:  [ 0/24]  eta: 0:00:07  loss: 0.6797 (0.6797)  accuracy: 0.5833 (0.5833)  balanced_accuracy: 0.5000 (0.5000)  time: 0.3027  data: 0.2013  max mem: 18664
Test:  [10/24]  eta: 0:00:01  loss: 0.6722 (0.6729)  accuracy: 0.6111 (0.6086)  balanced_accuracy: 0.5000 (0.5000)  time: 0.1166  data: 0.0184  max mem: 18664
Test:  [20/24]  eta: 0:00:00  loss: 0.6797 (0.6787)  accuracy: 0.5833 (0.5873)  balanced_accuracy: 0.5000 (0.5000)  time: 0.0980  data: 0.0001  max mem: 18664
Test:  [23/24]  eta: 0:00:00  loss: 0.6797 (0.6767)  accuracy: 0.5833 (0.5942)  balanced_accuracy: 0.5000 (0.5000)  time: 0.0970  data: 0.0001  max mem: 18664
Test: Total time: 0:00:02 (0.1080 s / it)
* loss 0.677
Accuracy of the network on the 1715 test EEG: 0.59%
Max accuracy val: 0.59%, max accuracy test: 0.58%
Epoch: [9]  [ 0/36]  eta: 0:00:14  lr: 0.000490  min_lr: 0.000125  loss: 0.6304 (0.6304)  class_acc: 0.7708 (0.7708)  loss_scale: 8192.0000 (8192.0000)  weight_decay: 0.0500 (0.0500)  grad_norm: 0.6972 (0.6972)  time: 0.4049  data: 0.1799  max mem: 18664
Epoch: [9]  [10/36]  eta: 0:00:06  lr: 0.000489  min_lr: 0.000124  loss: 0.6722 (0.6724)  class_acc: 0.6042 (0.6117)  loss_scale: 8192.0000 (8192.0000)  weight_decay: 0.0500 (0.0500)  grad_norm: 0.6086 (0.6369)  time: 0.2369  data: 0.0165  max mem: 18664
Epoch: [9]  [20/36]  eta: 0:00:03  lr: 0.000487  min_lr: 0.000124  loss: 0.6813 (0.6756)  class_acc: 0.5625 (0.6002)  loss_scale: 8192.0000 (8192.0000)  weight_decay: 0.0500 (0.0500)  grad_norm: 0.3556 (0.4867)  time: 0.2199  data: 0.0001  max mem: 18664
Epoch: [9]  [30/36]  eta: 0:00:01  lr: 0.000486  min_lr: 0.000123  loss: 0.6715 (0.6735)  class_acc: 0.5833 (0.6035)  loss_scale: 8192.0000 (8192.0000)  weight_decay: 0.0500 (0.0500)  grad_norm: 0.2737 (0.4530)  time: 0.2198  data: 0.0001  max mem: 18664
Epoch: [9]  [35/36]  eta: 0:00:00  lr: 0.000485  min_lr: 0.000123  loss: 0.6715 (0.6747)  class_acc: 0.6042 (0.5994)  loss_scale: 8192.0000 (8192.0000)  weight_decay: 0.0500 (0.0500)  grad_norm: 0.3337 (0.4486)  time: 0.2087  data: 0.0001  max mem: 18664
Epoch: [9] Total time: 0:00:07 (0.2205 s / it)
Averaged stats: lr: 0.000485  min_lr: 0.000123  loss: 0.6715 (0.6752)  class_acc: 0.6042 (0.5968)  loss_scale: 8192.0000 (8192.0000)  weight_decay: 0.0500 (0.0500)  grad_norm: 0.3337 (0.4486)
Val:  [ 0/24]  eta: 0:00:07  loss: 0.6792 (0.6792)  accuracy: 0.5833 (0.5833)  balanced_accuracy: 0.5000 (0.5000)  time: 0.3282  data: 0.2241  max mem: 18664
Val:  [10/24]  eta: 0:00:01  loss: 0.6792 (0.6752)  accuracy: 0.5833 (0.5960)  balanced_accuracy: 0.5000 (0.5000)  time: 0.1191  data: 0.0205  max mem: 18664
Val:  [20/24]  eta: 0:00:00  loss: 0.6748 (0.6750)  accuracy: 0.5833 (0.5966)  balanced_accuracy: 0.5000 (0.5000)  time: 0.0983  data: 0.0002  max mem: 18664
Val:  [23/24]  eta: 0:00:00  loss: 0.6792 (0.6760)  accuracy: 0.5833 (0.5937)  balanced_accuracy: 0.5000 (0.5000)  time: 0.0970  data: 0.0002  max mem: 18664
Val: Total time: 0:00:02 (0.1100 s / it)
* loss 0.676
Accuracy of the network on the 1708 val EEG: 0.59%
Test:  [ 0/24]  eta: 0:00:08  loss: 0.6792 (0.6792)  accuracy: 0.5833 (0.5833)  balanced_accuracy: 0.5000 (0.5000)  time: 0.3346  data: 0.2334  max mem: 18664
Test:  [10/24]  eta: 0:00:01  loss: 0.6703 (0.6711)  accuracy: 0.6111 (0.6086)  balanced_accuracy: 0.5000 (0.5000)  time: 0.1197  data: 0.0214  max mem: 18664
Test:  [20/24]  eta: 0:00:00  loss: 0.6792 (0.6779)  accuracy: 0.5833 (0.5873)  balanced_accuracy: 0.5000 (0.5000)  time: 0.0980  data: 0.0002  max mem: 18664
Test:  [23/24]  eta: 0:00:00  loss: 0.6792 (0.6756)  accuracy: 0.5833 (0.5942)  balanced_accuracy: 0.5000 (0.5000)  time: 0.0971  data: 0.0002  max mem: 18664
Test: Total time: 0:00:02 (0.1095 s / it)
* loss 0.676
Accuracy of the network on the 1715 test EEG: 0.59%
Max accuracy val: 0.59%, max accuracy test: 0.58%
Epoch: [10]  [ 0/36]  eta: 0:00:15  lr: 0.000485  min_lr: 0.000123  loss: 0.6887 (0.6887)  class_acc: 0.5625 (0.5625)  loss_scale: 8192.0000 (8192.0000)  weight_decay: 0.0500 (0.0500)  grad_norm: 0.5486 (0.5486)  time: 0.4283  data: 0.1732  max mem: 18664
Epoch: [10]  [10/36]  eta: 0:00:06  lr: 0.000483  min_lr: 0.000123  loss: 0.6731 (0.6714)  class_acc: 0.6042 (0.6042)  loss_scale: 8192.0000 (8192.0000)  weight_decay: 0.0500 (0.0500)  grad_norm: 0.3886 (0.4507)  time: 0.2390  data: 0.0158  max mem: 18664
Epoch: [10]  [20/36]  eta: 0:00:03  lr: 0.000481  min_lr: 0.000122  loss: 0.6717 (0.6797)  class_acc: 0.6042 (0.5853)  loss_scale: 8192.0000 (8192.0000)  weight_decay: 0.0500 (0.0500)  grad_norm: 0.5902 (0.6050)  time: 0.2200  data: 0.0001  max mem: 18664
Epoch: [10]  [30/36]  eta: 0:00:01  lr: 0.000479  min_lr: 0.000122  loss: 0.6738 (0.6786)  class_acc: 0.6042 (0.5880)  loss_scale: 8192.0000 (8192.0000)  weight_decay: 0.0500 (0.0500)  grad_norm: 0.6419 (0.6727)  time: 0.2200  data: 0.0001  max mem: 18664
Epoch: [10]  [35/36]  eta: 0:00:00  lr: 0.000479  min_lr: 0.000122  loss: 0.6738 (0.6769)  class_acc: 0.6042 (0.5923)  loss_scale: 8192.0000 (8192.0000)  weight_decay: 0.0500 (0.0500)  grad_norm: 0.6419 (0.6588)  time: 0.2090  data: 0.0001  max mem: 18664
Epoch: [10] Total time: 0:00:07 (0.2219 s / it)
Averaged stats: lr: 0.000479  min_lr: 0.000122  loss: 0.6738 (0.6759)  class_acc: 0.6042 (0.5958)  loss_scale: 8192.0000 (8192.0000)  weight_decay: 0.0500 (0.0500)  grad_norm: 0.6419 (0.6588)
Val:  [ 0/24]  eta: 0:00:07  loss: 0.6813 (0.6813)  accuracy: 0.5833 (0.5833)  balanced_accuracy: 0.5000 (0.5000)  time: 0.3115  data: 0.2106  max mem: 18664
Val:  [10/24]  eta: 0:00:01  loss: 0.6813 (0.6754)  accuracy: 0.5833 (0.5960)  balanced_accuracy: 0.5000 (0.5000)  time: 0.1175  data: 0.0193  max mem: 18664
Val:  [20/24]  eta: 0:00:00  loss: 0.6748 (0.6751)  accuracy: 0.5833 (0.5966)  balanced_accuracy: 0.5000 (0.5000)  time: 0.0980  data: 0.0001  max mem: 18664
Val:  [23/24]  eta: 0:00:00  loss: 0.6813 (0.6765)  accuracy: 0.5833 (0.5937)  balanced_accuracy: 0.5000 (0.5000)  time: 0.0966  data: 0.0001  max mem: 18664
Val: Total time: 0:00:02 (0.1075 s / it)
* loss 0.677
Accuracy of the network on the 1708 val EEG: 0.59%
Test:  [ 0/24]  eta: 0:00:06  loss: 0.6813 (0.6813)  accuracy: 0.5833 (0.5833)  balanced_accuracy: 0.5000 (0.5000)  time: 0.2858  data: 0.1837  max mem: 18664
Test:  [10/24]  eta: 0:00:01  loss: 0.6683 (0.6695)  accuracy: 0.6111 (0.6086)  balanced_accuracy: 0.5000 (0.5000)  time: 0.1152  data: 0.0169  max mem: 18664
Test:  [20/24]  eta: 0:00:00  loss: 0.6813 (0.6794)  accuracy: 0.5833 (0.5873)  balanced_accuracy: 0.5000 (0.5000)  time: 0.0981  data: 0.0002  max mem: 18664
Test:  [23/24]  eta: 0:00:00  loss: 0.6813 (0.6760)  accuracy: 0.5833 (0.5942)  balanced_accuracy: 0.5000 (0.5000)  time: 0.0971  data: 0.0002  max mem: 18664
Test: Total time: 0:00:02 (0.1069 s / it)
* loss 0.676
Accuracy of the network on the 1715 test EEG: 0.59%
Max accuracy val: 0.59%, max accuracy test: 0.58%
Epoch: [11]  [ 0/36]  eta: 0:00:15  lr: 0.000478  min_lr: 0.000122  loss: 0.6715 (0.6715)  class_acc: 0.6042 (0.6042)  loss_scale: 8192.0000 (8192.0000)  weight_decay: 0.0500 (0.0500)  grad_norm: 0.1967 (0.1967)  time: 0.4187  data: 0.1916  max mem: 18664
Epoch: [11]  [10/36]  eta: 0:00:06  lr: 0.000476  min_lr: 0.000121  loss: 0.6624 (0.6564)  class_acc: 0.6250 (0.6345)  loss_scale: 8192.0000 (8192.0000)  weight_decay: 0.0500 (0.0500)  grad_norm: 0.4893 (0.4811)  time: 0.2376  data: 0.0176  max mem: 18664
Epoch: [11]  [20/36]  eta: 0:00:03  lr: 0.000474  min_lr: 0.000121  loss: 0.6725 (0.6677)  class_acc: 0.6042 (0.6121)  loss_scale: 8192.0000 (8192.0000)  weight_decay: 0.0500 (0.0500)  grad_norm: 0.4919 (0.5478)  time: 0.2200  data: 0.0002  max mem: 18664
Epoch: [11]  [30/36]  eta: 0:00:01  lr: 0.000472  min_lr: 0.000120  loss: 0.6749 (0.6741)  class_acc: 0.5833 (0.5941)  loss_scale: 8192.0000 (8192.0000)  weight_decay: 0.0500 (0.0500)  grad_norm: 0.5093 (0.5953)  time: 0.2201  data: 0.0002  max mem: 18664
Epoch: [11]  [35/36]  eta: 0:00:00  lr: 0.000471  min_lr: 0.000120  loss: 0.6813 (0.6751)  class_acc: 0.5833 (0.5917)  loss_scale: 8192.0000 (8192.0000)  weight_decay: 0.0500 (0.0500)  grad_norm: 0.4606 (0.5847)  time: 0.2088  data: 0.0001  max mem: 18664
Epoch: [11] Total time: 0:00:07 (0.2218 s / it)
Averaged stats: lr: 0.000471  min_lr: 0.000120  loss: 0.6813 (0.6760)  class_acc: 0.5833 (0.5954)  loss_scale: 8192.0000 (8192.0000)  weight_decay: 0.0500 (0.0500)  grad_norm: 0.4606 (0.5847)
Val:  [ 0/24]  eta: 0:00:07  loss: 0.6798 (0.6798)  accuracy: 0.5833 (0.5833)  balanced_accuracy: 0.5000 (0.5000)  time: 0.3201  data: 0.2200  max mem: 18664
Val:  [10/24]  eta: 0:00:01  loss: 0.6798 (0.6765)  accuracy: 0.5833 (0.5960)  balanced_accuracy: 0.5000 (0.5000)  time: 0.1182  data: 0.0202  max mem: 18664
Val:  [20/24]  eta: 0:00:00  loss: 0.6761 (0.6763)  accuracy: 0.5833 (0.5966)  balanced_accuracy: 0.5000 (0.5000)  time: 0.0979  data: 0.0002  max mem: 18664
Val:  [23/24]  eta: 0:00:00  loss: 0.6798 (0.6771)  accuracy: 0.5833 (0.5937)  balanced_accuracy: 0.5000 (0.5000)  time: 0.0965  data: 0.0002  max mem: 18664
Val: Total time: 0:00:02 (0.1082 s / it)
* loss 0.677
Accuracy of the network on the 1708 val EEG: 0.59%
Test:  [ 0/24]  eta: 0:00:07  loss: 0.6798 (0.6798)  accuracy: 0.5833 (0.5833)  balanced_accuracy: 0.5000 (0.5000)  time: 0.3163  data: 0.2148  max mem: 18664
Test:  [10/24]  eta: 0:00:01  loss: 0.6725 (0.6731)  accuracy: 0.6111 (0.6086)  balanced_accuracy: 0.5000 (0.5000)  time: 0.1181  data: 0.0197  max mem: 18664
Test:  [20/24]  eta: 0:00:00  loss: 0.6798 (0.6788)  accuracy: 0.5833 (0.5873)  balanced_accuracy: 0.5000 (0.5000)  time: 0.0985  data: 0.0001  max mem: 18664
Test:  [23/24]  eta: 0:00:00  loss: 0.6798 (0.6768)  accuracy: 0.5833 (0.5942)  balanced_accuracy: 0.5000 (0.5000)  time: 0.0976  data: 0.0001  max mem: 18664
Test: Total time: 0:00:02 (0.1093 s / it)
* loss 0.677
Accuracy of the network on the 1715 test EEG: 0.59%
Max accuracy val: 0.59%, max accuracy test: 0.58%
Epoch: [12]  [ 0/36]  eta: 0:00:14  lr: 0.000471  min_lr: 0.000120  loss: 0.6789 (0.6789)  class_acc: 0.5833 (0.5833)  loss_scale: 8192.0000 (8192.0000)  weight_decay: 0.0500 (0.0500)  grad_norm: 0.3971 (0.3971)  time: 0.4110  data: 0.1807  max mem: 18664
Epoch: [12]  [10/36]  eta: 0:00:06  lr: 0.000468  min_lr: 0.000119  loss: 0.6749 (0.6719)  class_acc: 0.6042 (0.6023)  loss_scale: 8192.0000 (8192.0000)  weight_decay: 0.0500 (0.0500)  grad_norm: 0.4846 (0.5306)  time: 0.2374  data: 0.0166  max mem: 18664
Epoch: [12]  [20/36]  eta: 0:00:03  lr: 0.000466  min_lr: 0.000118  loss: 0.6749 (0.6798)  class_acc: 0.5833 (0.5893)  loss_scale: 8192.0000 (8192.0000)  weight_decay: 0.0500 (0.0500)  grad_norm: 0.5301 (0.6094)  time: 0.2199  data: 0.0001  max mem: 18664
Epoch: [12]  [30/36]  eta: 0:00:01  lr: 0.000463  min_lr: 0.000118  loss: 0.6798 (0.6775)  class_acc: 0.5833 (0.5948)  loss_scale: 8192.0000 (8192.0000)  weight_decay: 0.0500 (0.0500)  grad_norm: 0.5301 (0.5664)  time: 0.2197  data: 0.0001  max mem: 18664
Epoch: [12]  [35/36]  eta: 0:00:00  lr: 0.000462  min_lr: 0.000118  loss: 0.6790 (0.6758)  class_acc: 0.5833 (0.6000)  loss_scale: 8192.0000 (8192.0000)  weight_decay: 0.0500 (0.0500)  grad_norm: 0.5377 (0.5596)  time: 0.2086  data: 0.0001  max mem: 18664
Epoch: [12] Total time: 0:00:07 (0.2214 s / it)
Averaged stats: lr: 0.000462  min_lr: 0.000118  loss: 0.6790 (0.6760)  class_acc: 0.5833 (0.5966)  loss_scale: 8192.0000 (8192.0000)  weight_decay: 0.0500 (0.0500)  grad_norm: 0.5377 (0.5596)
Val:  [ 0/24]  eta: 0:00:07  loss: 0.6793 (0.6793)  accuracy: 0.5833 (0.5833)  balanced_accuracy: 0.5000 (0.5000)  time: 0.3323  data: 0.2311  max mem: 18664
Val:  [10/24]  eta: 0:00:01  loss: 0.6793 (0.6753)  accuracy: 0.5833 (0.5960)  balanced_accuracy: 0.5000 (0.5000)  time: 0.1196  data: 0.0212  max mem: 18664
Val:  [20/24]  eta: 0:00:00  loss: 0.6749 (0.6751)  accuracy: 0.5833 (0.5966)  balanced_accuracy: 0.5000 (0.5000)  time: 0.0980  data: 0.0002  max mem: 18664
Val:  [23/24]  eta: 0:00:00  loss: 0.6793 (0.6761)  accuracy: 0.5833 (0.5937)  balanced_accuracy: 0.5000 (0.5000)  time: 0.0966  data: 0.0002  max mem: 18664
Val: Total time: 0:00:02 (0.1091 s / it)
* loss 0.676
Accuracy of the network on the 1708 val EEG: 0.59%
Test:  [ 0/24]  eta: 0:00:08  loss: 0.6792 (0.6792)  accuracy: 0.5833 (0.5833)  balanced_accuracy: 0.5000 (0.5000)  time: 0.3376  data: 0.2336  max mem: 18664
Test:  [10/24]  eta: 0:00:01  loss: 0.6705 (0.6713)  accuracy: 0.6111 (0.6086)  balanced_accuracy: 0.5000 (0.5000)  time: 0.1199  data: 0.0214  max mem: 18664
Test:  [20/24]  eta: 0:00:00  loss: 0.6792 (0.6780)  accuracy: 0.5833 (0.5873)  balanced_accuracy: 0.5000 (0.5000)  time: 0.0980  data: 0.0002  max mem: 18664
Test:  [23/24]  eta: 0:00:00  loss: 0.6792 (0.6757)  accuracy: 0.5833 (0.5942)  balanced_accuracy: 0.5000 (0.5000)  time: 0.0971  data: 0.0001  max mem: 18664
Test: Total time: 0:00:02 (0.1100 s / it)
* loss 0.676
Accuracy of the network on the 1715 test EEG: 0.59%
Max accuracy val: 0.59%, max accuracy test: 0.58%
Epoch: [13]  [ 0/36]  eta: 0:00:14  lr: 0.000462  min_lr: 0.000117  loss: 0.6990 (0.6990)  class_acc: 0.5208 (0.5208)  loss_scale: 8192.0000 (8192.0000)  weight_decay: 0.0500 (0.0500)  grad_norm: 0.1461 (0.1461)  time: 0.3938  data: 0.1625  max mem: 18664
Epoch: [13]  [10/36]  eta: 0:00:06  lr: 0.000459  min_lr: 0.000117  loss: 0.6936 (0.6930)  class_acc: 0.5417 (0.5436)  loss_scale: 8192.0000 (8192.0000)  weight_decay: 0.0500 (0.0500)  grad_norm: 0.3177 (0.5165)  time: 0.2360  data: 0.0149  max mem: 18664
Epoch: [13]  [20/36]  eta: 0:00:03  lr: 0.000457  min_lr: 0.000116  loss: 0.6728 (0.6776)  class_acc: 0.6042 (0.5883)  loss_scale: 8192.0000 (8192.0000)  weight_decay: 0.0500 (0.0500)  grad_norm: 0.5430 (0.5226)  time: 0.2201  data: 0.0002  max mem: 18664
Epoch: [13]  [30/36]  eta: 0:00:01  lr: 0.000454  min_lr: 0.000115  loss: 0.6647 (0.6758)  class_acc: 0.6250 (0.5941)  loss_scale: 8192.0000 (8192.0000)  weight_decay: 0.0500 (0.0500)  grad_norm: 0.4340 (0.4942)  time: 0.2200  data: 0.0002  max mem: 18664
Epoch: [13]  [35/36]  eta: 0:00:00  lr: 0.000453  min_lr: 0.000115  loss: 0.6709 (0.6754)  class_acc: 0.5833 (0.5952)  loss_scale: 8192.0000 (8192.0000)  weight_decay: 0.0500 (0.0500)  grad_norm: 0.4466 (0.5236)  time: 0.2089  data: 0.0001  max mem: 18664
Epoch: [13] Total time: 0:00:07 (0.2209 s / it)
Averaged stats: lr: 0.000453  min_lr: 0.000115  loss: 0.6709 (0.6753)  class_acc: 0.5833 (0.5954)  loss_scale: 8192.0000 (8192.0000)  weight_decay: 0.0500 (0.0500)  grad_norm: 0.4466 (0.5236)
Val:  [ 0/24]  eta: 0:00:07  loss: 0.6807 (0.6807)  accuracy: 0.5833 (0.5833)  balanced_accuracy: 0.5000 (0.5000)  time: 0.3179  data: 0.2148  max mem: 18664
Val:  [10/24]  eta: 0:00:01  loss: 0.6807 (0.6750)  accuracy: 0.5833 (0.5960)  balanced_accuracy: 0.5000 (0.5000)  time: 0.1181  data: 0.0197  max mem: 18664
Val:  [20/24]  eta: 0:00:00  loss: 0.6745 (0.6748)  accuracy: 0.5833 (0.5966)  balanced_accuracy: 0.5000 (0.5000)  time: 0.0982  data: 0.0002  max mem: 18664
Val:  [23/24]  eta: 0:00:00  loss: 0.6807 (0.6761)  accuracy: 0.5833 (0.5937)  balanced_accuracy: 0.5000 (0.5000)  time: 0.0968  data: 0.0001  max mem: 18664
Val: Total time: 0:00:02 (0.1085 s / it)
* loss 0.676
Accuracy of the network on the 1708 val EEG: 0.59%
Test:  [ 0/24]  eta: 0:00:08  loss: 0.6807 (0.6807)  accuracy: 0.5833 (0.5833)  balanced_accuracy: 0.5000 (0.5000)  time: 0.3495  data: 0.2466  max mem: 18664
Test:  [10/24]  eta: 0:00:01  loss: 0.6682 (0.6694)  accuracy: 0.6111 (0.6086)  balanced_accuracy: 0.5000 (0.5000)  time: 0.1211  data: 0.0226  max mem: 18664
Test:  [20/24]  eta: 0:00:00  loss: 0.6807 (0.6789)  accuracy: 0.5833 (0.5873)  balanced_accuracy: 0.5000 (0.5000)  time: 0.0984  data: 0.0002  max mem: 18664
Test:  [23/24]  eta: 0:00:00  loss: 0.6807 (0.6756)  accuracy: 0.5833 (0.5942)  balanced_accuracy: 0.5000 (0.5000)  time: 0.0973  data: 0.0002  max mem: 18664
Test: Total time: 0:00:02 (0.1107 s / it)
* loss 0.676
Accuracy of the network on the 1715 test EEG: 0.59%
Max accuracy val: 0.59%, max accuracy test: 0.58%
Epoch: [14]  [ 0/36]  eta: 0:00:14  lr: 0.000452  min_lr: 0.000115  loss: 0.6898 (0.6898)  class_acc: 0.5625 (0.5625)  loss_scale: 8192.0000 (8192.0000)  weight_decay: 0.0500 (0.0500)  grad_norm: 0.1094 (0.1094)  time: 0.4146  data: 0.1797  max mem: 18664
Epoch: [14]  [10/36]  eta: 0:00:06  lr: 0.000449  min_lr: 0.000114  loss: 0.6719 (0.6793)  class_acc: 0.6042 (0.5852)  loss_scale: 8192.0000 (8192.0000)  weight_decay: 0.0500 (0.0500)  grad_norm: 0.3961 (0.4795)  time: 0.2389  data: 0.0165  max mem: 18664
Epoch: [14]  [20/36]  eta: 0:00:03  lr: 0.000446  min_lr: 0.000113  loss: 0.6717 (0.6752)  class_acc: 0.6042 (0.5962)  loss_scale: 8192.0000 (8192.0000)  weight_decay: 0.0500 (0.0500)  grad_norm: 0.3166 (0.3938)  time: 0.2211  data: 0.0001  max mem: 18664
Epoch: [14]  [30/36]  eta: 0:00:01  lr: 0.000443  min_lr: 0.000113  loss: 0.6651 (0.6709)  class_acc: 0.6250 (0.6062)  loss_scale: 8192.0000 (8192.0000)  weight_decay: 0.0500 (0.0500)  grad_norm: 0.2451 (0.3828)  time: 0.2202  data: 0.0001  max mem: 18664
Epoch: [14]  [35/36]  eta: 0:00:00  lr: 0.000442  min_lr: 0.000112  loss: 0.6651 (0.6734)  class_acc: 0.6042 (0.6006)  loss_scale: 8192.0000 (8192.0000)  weight_decay: 0.0500 (0.0500)  grad_norm: 0.2451 (0.4072)  time: 0.2088  data: 0.0001  max mem: 18664
Epoch: [14] Total time: 0:00:07 (0.2215 s / it)
Averaged stats: lr: 0.000442  min_lr: 0.000112  loss: 0.6651 (0.6751)  class_acc: 0.6042 (0.5960)  loss_scale: 8192.0000 (8192.0000)  weight_decay: 0.0500 (0.0500)  grad_norm: 0.2451 (0.4072)
Val:  [ 0/24]  eta: 0:00:08  loss: 0.6803 (0.6803)  accuracy: 0.5833 (0.5833)  balanced_accuracy: 0.5000 (0.5000)  time: 0.3484  data: 0.2470  max mem: 18664
Val:  [10/24]  eta: 0:00:01  loss: 0.6803 (0.6748)  accuracy: 0.5833 (0.5960)  balanced_accuracy: 0.5000 (0.5000)  time: 0.1212  data: 0.0226  max mem: 18664
Val:  [20/24]  eta: 0:00:00  loss: 0.6743 (0.6746)  accuracy: 0.5833 (0.5966)  balanced_accuracy: 0.5000 (0.5000)  time: 0.0984  data: 0.0002  max mem: 18664
Val:  [23/24]  eta: 0:00:00  loss: 0.6803 (0.6759)  accuracy: 0.5833 (0.5937)  balanced_accuracy: 0.5000 (0.5000)  time: 0.0969  data: 0.0002  max mem: 18664
Val: Total time: 0:00:02 (0.1102 s / it)
* loss 0.676
Accuracy of the network on the 1708 val EEG: 0.59%
Test:  [ 0/24]  eta: 0:00:08  loss: 0.6803 (0.6803)  accuracy: 0.5833 (0.5833)  balanced_accuracy: 0.5000 (0.5000)  time: 0.3569  data: 0.2509  max mem: 18664
Test:  [10/24]  eta: 0:00:01  loss: 0.6683 (0.6694)  accuracy: 0.6111 (0.6086)  balanced_accuracy: 0.5000 (0.5000)  time: 0.1221  data: 0.0230  max mem: 18664
Test:  [20/24]  eta: 0:00:00  loss: 0.6803 (0.6786)  accuracy: 0.5833 (0.5873)  balanced_accuracy: 0.5000 (0.5000)  time: 0.0983  data: 0.0002  max mem: 18664
Test:  [23/24]  eta: 0:00:00  loss: 0.6803 (0.6754)  accuracy: 0.5833 (0.5942)  balanced_accuracy: 0.5000 (0.5000)  time: 0.0973  data: 0.0001  max mem: 18664
Test: Total time: 0:00:02 (0.1112 s / it)
* loss 0.675
Accuracy of the network on the 1715 test EEG: 0.59%
Max accuracy val: 0.59%, max accuracy test: 0.58%
Epoch: [15]  [ 0/36]  eta: 0:00:14  lr: 0.000442  min_lr: 0.000112  loss: 0.6804 (0.6804)  class_acc: 0.5833 (0.5833)  loss_scale: 8192.0000 (8192.0000)  weight_decay: 0.0500 (0.0500)  grad_norm: 0.0827 (0.0827)  time: 0.4086  data: 0.1837  max mem: 18664
Epoch: [15]  [10/36]  eta: 0:00:06  lr: 0.000438  min_lr: 0.000111  loss: 0.6804 (0.6787)  class_acc: 0.5833 (0.5871)  loss_scale: 8192.0000 (8192.0000)  weight_decay: 0.0500 (0.0500)  grad_norm: 0.3629 (0.4529)  time: 0.2374  data: 0.0168  max mem: 18664
Epoch: [15]  [20/36]  eta: 0:00:03  lr: 0.000435  min_lr: 0.000111  loss: 0.6717 (0.6768)  class_acc: 0.5833 (0.5913)  loss_scale: 8192.0000 (8192.0000)  weight_decay: 0.0500 (0.0500)  grad_norm: 0.4773 (0.4717)  time: 0.2201  data: 0.0001  max mem: 18664
Epoch: [15]  [30/36]  eta: 0:00:01  lr: 0.000432  min_lr: 0.000110  loss: 0.6793 (0.6761)  class_acc: 0.5625 (0.5927)  loss_scale: 8192.0000 (8192.0000)  weight_decay: 0.0500 (0.0500)  grad_norm: 0.4226 (0.4276)  time: 0.2199  data: 0.0001  max mem: 18664
Epoch: [15]  [35/36]  eta: 0:00:00  lr: 0.000430  min_lr: 0.000109  loss: 0.6793 (0.6756)  class_acc: 0.5625 (0.5940)  loss_scale: 8192.0000 (8192.0000)  weight_decay: 0.0500 (0.0500)  grad_norm: 0.3707 (0.4373)  time: 0.2087  data: 0.0001  max mem: 18664
Epoch: [15] Total time: 0:00:07 (0.2212 s / it)
Averaged stats: lr: 0.000430  min_lr: 0.000109  loss: 0.6793 (0.6743)  class_acc: 0.5625 (0.5972)  loss_scale: 8192.0000 (8192.0000)  weight_decay: 0.0500 (0.0500)  grad_norm: 0.3707 (0.4373)
Val:  [ 0/24]  eta: 0:00:08  loss: 0.6795 (0.6795)  accuracy: 0.5833 (0.5833)  balanced_accuracy: 0.5000 (0.5000)  time: 0.3357  data: 0.2339  max mem: 18664
Val:  [10/24]  eta: 0:00:01  loss: 0.6795 (0.6746)  accuracy: 0.5833 (0.5960)  balanced_accuracy: 0.5000 (0.5000)  time: 0.1197  data: 0.0214  max mem: 18664
Val:  [20/24]  eta: 0:00:00  loss: 0.6741 (0.6744)  accuracy: 0.5833 (0.5966)  balanced_accuracy: 0.5000 (0.5000)  time: 0.0980  data: 0.0002  max mem: 18664
Val:  [23/24]  eta: 0:00:00  loss: 0.6795 (0.6756)  accuracy: 0.5833 (0.5937)  balanced_accuracy: 0.5000 (0.5000)  time: 0.0966  data: 0.0002  max mem: 18664
Val: Total time: 0:00:02 (0.1092 s / it)
* loss 0.676
Accuracy of the network on the 1708 val EEG: 0.59%
Test:  [ 0/24]  eta: 0:00:08  loss: 0.6795 (0.6795)  accuracy: 0.5833 (0.5833)  balanced_accuracy: 0.5000 (0.5000)  time: 0.3426  data: 0.2388  max mem: 18664
Test:  [10/24]  eta: 0:00:01  loss: 0.6687 (0.6697)  accuracy: 0.6111 (0.6086)  balanced_accuracy: 0.5000 (0.5000)  time: 0.1204  data: 0.0219  max mem: 18664
Test:  [20/24]  eta: 0:00:00  loss: 0.6795 (0.6780)  accuracy: 0.5833 (0.5873)  balanced_accuracy: 0.5000 (0.5000)  time: 0.0980  data: 0.0002  max mem: 18664
Test:  [23/24]  eta: 0:00:00  loss: 0.6795 (0.6751)  accuracy: 0.5833 (0.5942)  balanced_accuracy: 0.5000 (0.5000)  time: 0.0971  data: 0.0001  max mem: 18664
Test: Total time: 0:00:02 (0.1105 s / it)
* loss 0.675
Accuracy of the network on the 1715 test EEG: 0.59%
Max accuracy val: 0.59%, max accuracy test: 0.58%
Epoch: [16]  [ 0/36]  eta: 0:00:14  lr: 0.000430  min_lr: 0.000109  loss: 0.6633 (0.6633)  class_acc: 0.6250 (0.6250)  loss_scale: 8192.0000 (8192.0000)  weight_decay: 0.0500 (0.0500)  grad_norm: 0.0479 (0.0479)  time: 0.4108  data: 0.1830  max mem: 18664
Epoch: [16]  [10/36]  eta: 0:00:06  lr: 0.000426  min_lr: 0.000108  loss: 0.6639 (0.6807)  class_acc: 0.6250 (0.5814)  loss_scale: 8192.0000 (8192.0000)  weight_decay: 0.0500 (0.0500)  grad_norm: 0.2670 (0.3567)  time: 0.2375  data: 0.0167  max mem: 18664
Epoch: [16]  [20/36]  eta: 0:00:03  lr: 0.000423  min_lr: 0.000108  loss: 0.6641 (0.6762)  class_acc: 0.6042 (0.5923)  loss_scale: 8192.0000 (8192.0000)  weight_decay: 0.0500 (0.0500)  grad_norm: 0.4699 (0.4721)  time: 0.2200  data: 0.0001  max mem: 18664
Epoch: [16]  [30/36]  eta: 0:00:01  lr: 0.000419  min_lr: 0.000107  loss: 0.6713 (0.6744)  class_acc: 0.6042 (0.5968)  loss_scale: 8192.0000 (8192.0000)  weight_decay: 0.0500 (0.0500)  grad_norm: 0.4227 (0.4501)  time: 0.2200  data: 0.0002  max mem: 18664
Epoch: [16]  [35/36]  eta: 0:00:00  lr: 0.000418  min_lr: 0.000106  loss: 0.6713 (0.6746)  class_acc: 0.6042 (0.5964)  loss_scale: 8192.0000 (8192.0000)  weight_decay: 0.0500 (0.0500)  grad_norm: 0.4227 (0.4871)  time: 0.2092  data: 0.0002  max mem: 18664
Epoch: [16] Total time: 0:00:07 (0.2214 s / it)
Averaged stats: lr: 0.000418  min_lr: 0.000106  loss: 0.6713 (0.6746)  class_acc: 0.6042 (0.5968)  loss_scale: 8192.0000 (8192.0000)  weight_decay: 0.0500 (0.0500)  grad_norm: 0.4227 (0.4871)
Val:  [ 0/24]  eta: 0:00:09  loss: 0.6798 (0.6798)  accuracy: 0.5833 (0.5833)  balanced_accuracy: 0.5000 (0.5000)  time: 0.4024  data: 0.3020  max mem: 18664
Val:  [10/24]  eta: 0:00:01  loss: 0.6798 (0.6746)  accuracy: 0.5833 (0.5960)  balanced_accuracy: 0.5000 (0.5000)  time: 0.1259  data: 0.0276  max mem: 18664
Val:  [20/24]  eta: 0:00:00  loss: 0.6741 (0.6744)  accuracy: 0.5833 (0.5966)  balanced_accuracy: 0.5000 (0.5000)  time: 0.0980  data: 0.0002  max mem: 18664
Val:  [23/24]  eta: 0:00:00  loss: 0.6798 (0.6757)  accuracy: 0.5833 (0.5937)  balanced_accuracy: 0.5000 (0.5000)  time: 0.0966  data: 0.0001  max mem: 18664
Val: Total time: 0:00:02 (0.1120 s / it)
* loss 0.676
Accuracy of the network on the 1708 val EEG: 0.59%
Test:  [ 0/24]  eta: 0:00:08  loss: 0.6798 (0.6798)  accuracy: 0.5833 (0.5833)  balanced_accuracy: 0.5000 (0.5000)  time: 0.3451  data: 0.2427  max mem: 18664
Test:  [10/24]  eta: 0:00:01  loss: 0.6685 (0.6695)  accuracy: 0.6111 (0.6086)  balanced_accuracy: 0.5000 (0.5000)  time: 0.1211  data: 0.0222  max mem: 18664
Test:  [20/24]  eta: 0:00:00  loss: 0.6798 (0.6782)  accuracy: 0.5833 (0.5873)  balanced_accuracy: 0.5000 (0.5000)  time: 0.0983  data: 0.0002  max mem: 18664
Test:  [23/24]  eta: 0:00:00  loss: 0.6798 (0.6752)  accuracy: 0.5833 (0.5942)  balanced_accuracy: 0.5000 (0.5000)  time: 0.0972  data: 0.0001  max mem: 18664
Test: Total time: 0:00:02 (0.1104 s / it)
* loss 0.675
Accuracy of the network on the 1715 test EEG: 0.59%
Max accuracy val: 0.59%, max accuracy test: 0.58%
Epoch: [17]  [ 0/36]  eta: 0:00:14  lr: 0.000417  min_lr: 0.000106  loss: 0.6712 (0.6712)  class_acc: 0.6042 (0.6042)  loss_scale: 8192.0000 (8192.0000)  weight_decay: 0.0500 (0.0500)  grad_norm: 0.3615 (0.3615)  time: 0.4159  data: 0.1906  max mem: 18664
Epoch: [17]  [10/36]  eta: 0:00:06  lr: 0.000414  min_lr: 0.000105  loss: 0.6631 (0.6673)  class_acc: 0.6250 (0.6155)  loss_scale: 8192.0000 (8192.0000)  weight_decay: 0.0500 (0.0500)  grad_norm: 0.5379 (0.6108)  time: 0.2378  data: 0.0174  max mem: 18664
Epoch: [17]  [20/36]  eta: 0:00:03  lr: 0.000410  min_lr: 0.000104  loss: 0.6631 (0.6660)  class_acc: 0.6250 (0.6190)  loss_scale: 8192.0000 (8192.0000)  weight_decay: 0.0500 (0.0500)  grad_norm: 0.5379 (0.5472)  time: 0.2199  data: 0.0001  max mem: 18664
Epoch: [17]  [30/36]  eta: 0:00:01  lr: 0.000406  min_lr: 0.000103  loss: 0.6634 (0.6654)  class_acc: 0.6250 (0.6203)  loss_scale: 8192.0000 (8192.0000)  weight_decay: 0.0500 (0.0500)  grad_norm: 0.5480 (0.5579)  time: 0.2199  data: 0.0001  max mem: 18664
Epoch: [17]  [35/36]  eta: 0:00:00  lr: 0.000404  min_lr: 0.000103  loss: 0.6631 (0.6672)  class_acc: 0.6250 (0.6161)  loss_scale: 8192.0000 (8192.0000)  weight_decay: 0.0500 (0.0500)  grad_norm: 0.5889 (0.5872)  time: 0.2089  data: 0.0001  max mem: 18664
Epoch: [17] Total time: 0:00:07 (0.2218 s / it)
Averaged stats: lr: 0.000404  min_lr: 0.000103  loss: 0.6631 (0.6746)  class_acc: 0.6250 (0.5970)  loss_scale: 8192.0000 (8192.0000)  weight_decay: 0.0500 (0.0500)  grad_norm: 0.5889 (0.5872)
Val:  [ 0/24]  eta: 0:00:08  loss: 0.6806 (0.6806)  accuracy: 0.5833 (0.5833)  balanced_accuracy: 0.5000 (0.5000)  time: 0.3719  data: 0.2686  max mem: 18664
Val:  [10/24]  eta: 0:00:01  loss: 0.6806 (0.6750)  accuracy: 0.5833 (0.5960)  balanced_accuracy: 0.5000 (0.5000)  time: 0.1234  data: 0.0246  max mem: 18664
Val:  [20/24]  eta: 0:00:00  loss: 0.6744 (0.6747)  accuracy: 0.5833 (0.5966)  balanced_accuracy: 0.5000 (0.5000)  time: 0.0987  data: 0.0001  max mem: 18664
Val:  [23/24]  eta: 0:00:00  loss: 0.6806 (0.6761)  accuracy: 0.5833 (0.5937)  balanced_accuracy: 0.5000 (0.5000)  time: 0.0973  data: 0.0001  max mem: 18664
Val: Total time: 0:00:02 (0.1112 s / it)
* loss 0.676
Accuracy of the network on the 1708 val EEG: 0.59%
Test:  [ 0/24]  eta: 0:00:08  loss: 0.6806 (0.6806)  accuracy: 0.5833 (0.5833)  balanced_accuracy: 0.5000 (0.5000)  time: 0.3416  data: 0.2403  max mem: 18664
Test:  [10/24]  eta: 0:00:01  loss: 0.6683 (0.6694)  accuracy: 0.6111 (0.6086)  balanced_accuracy: 0.5000 (0.5000)  time: 0.1202  data: 0.0220  max mem: 18664
Test:  [20/24]  eta: 0:00:00  loss: 0.6806 (0.6788)  accuracy: 0.5833 (0.5873)  balanced_accuracy: 0.5000 (0.5000)  time: 0.0979  data: 0.0002  max mem: 18664
Test:  [23/24]  eta: 0:00:00  loss: 0.6806 (0.6756)  accuracy: 0.5833 (0.5942)  balanced_accuracy: 0.5000 (0.5000)  time: 0.0969  data: 0.0001  max mem: 18664
Test: Total time: 0:00:02 (0.1103 s / it)
* loss 0.676
Accuracy of the network on the 1715 test EEG: 0.59%
Max accuracy val: 0.59%, max accuracy test: 0.58%
Epoch: [18]  [ 0/36]  eta: 0:00:15  lr: 0.000404  min_lr: 0.000103  loss: 0.6345 (0.6345)  class_acc: 0.6875 (0.6875)  loss_scale: 8192.0000 (8192.0000)  weight_decay: 0.0500 (0.0500)  grad_norm: 0.0674 (0.0674)  time: 0.4250  data: 0.2003  max mem: 18664
Epoch: [18]  [10/36]  eta: 0:00:06  lr: 0.000400  min_lr: 0.000102  loss: 0.6718 (0.6626)  class_acc: 0.6042 (0.6250)  loss_scale: 8192.0000 (8192.0000)  weight_decay: 0.0500 (0.0500)  grad_norm: 0.3874 (0.3455)  time: 0.2385  data: 0.0183  max mem: 18664
Epoch: [18]  [20/36]  eta: 0:00:03  lr: 0.000396  min_lr: 0.000101  loss: 0.6563 (0.6590)  class_acc: 0.6250 (0.6369)  loss_scale: 8192.0000 (8192.0000)  weight_decay: 0.0500 (0.0500)  grad_norm: 0.3874 (0.4264)  time: 0.2199  data: 0.0001  max mem: 18664
Epoch: [18]  [30/36]  eta: 0:00:01  lr: 0.000392  min_lr: 0.000100  loss: 0.6618 (0.6664)  class_acc: 0.6042 (0.6183)  loss_scale: 8192.0000 (8192.0000)  weight_decay: 0.0500 (0.0500)  grad_norm: 0.4986 (0.5001)  time: 0.2199  data: 0.0001  max mem: 18664
Epoch: [18]  [35/36]  eta: 0:00:00  lr: 0.000390  min_lr: 0.000099  loss: 0.6618 (0.6647)  class_acc: 0.6042 (0.6226)  loss_scale: 8192.0000 (8192.0000)  weight_decay: 0.0500 (0.0500)  grad_norm: 0.2989 (0.4754)  time: 0.2088  data: 0.0001  max mem: 18664
Epoch: [18] Total time: 0:00:07 (0.2213 s / it)
Averaged stats: lr: 0.000390  min_lr: 0.000099  loss: 0.6618 (0.6747)  class_acc: 0.6042 (0.5976)  loss_scale: 8192.0000 (8192.0000)  weight_decay: 0.0500 (0.0500)  grad_norm: 0.2989 (0.4754)
Val:  [ 0/24]  eta: 0:00:07  loss: 0.6793 (0.6793)  accuracy: 0.5833 (0.5833)  balanced_accuracy: 0.5000 (0.5000)  time: 0.3251  data: 0.2221  max mem: 18664
Val:  [10/24]  eta: 0:00:01  loss: 0.6793 (0.6747)  accuracy: 0.5833 (0.5960)  balanced_accuracy: 0.5000 (0.5000)  time: 0.1187  data: 0.0203  max mem: 18664
Val:  [20/24]  eta: 0:00:00  loss: 0.6742 (0.6745)  accuracy: 0.5833 (0.5966)  balanced_accuracy: 0.5000 (0.5000)  time: 0.0979  data: 0.0001  max mem: 18664
Val:  [23/24]  eta: 0:00:00  loss: 0.6793 (0.6756)  accuracy: 0.5833 (0.5937)  balanced_accuracy: 0.5000 (0.5000)  time: 0.0965  data: 0.0001  max mem: 18664
Val: Total time: 0:00:02 (0.1084 s / it)
* loss 0.676
Accuracy of the network on the 1708 val EEG: 0.59%
Test:  [ 0/24]  eta: 0:00:08  loss: 0.6793 (0.6793)  accuracy: 0.5833 (0.5833)  balanced_accuracy: 0.5000 (0.5000)  time: 0.3572  data: 0.2562  max mem: 18664
Test:  [10/24]  eta: 0:00:01  loss: 0.6692 (0.6701)  accuracy: 0.6111 (0.6086)  balanced_accuracy: 0.5000 (0.5000)  time: 0.1217  data: 0.0235  max mem: 18664
Test:  [20/24]  eta: 0:00:00  loss: 0.6793 (0.6778)  accuracy: 0.5833 (0.5873)  balanced_accuracy: 0.5000 (0.5000)  time: 0.0980  data: 0.0002  max mem: 18664
Test:  [23/24]  eta: 0:00:00  loss: 0.6793 (0.6752)  accuracy: 0.5833 (0.5942)  balanced_accuracy: 0.5000 (0.5000)  time: 0.0970  data: 0.0001  max mem: 18664
Test: Total time: 0:00:02 (0.1100 s / it)
* loss 0.675
Accuracy of the network on the 1715 test EEG: 0.59%
Max accuracy val: 0.59%, max accuracy test: 0.58%
Epoch: [19]  [ 0/36]  eta: 0:00:14  lr: 0.000390  min_lr: 0.000099  loss: 0.6267 (0.6267)  class_acc: 0.7292 (0.7292)  loss_scale: 8192.0000 (8192.0000)  weight_decay: 0.0500 (0.0500)  grad_norm: 1.0052 (1.0052)  time: 0.4118  data: 0.1870  max mem: 18664
Epoch: [19]  [10/36]  eta: 0:00:06  lr: 0.000386  min_lr: 0.000098  loss: 0.6718 (0.6753)  class_acc: 0.6042 (0.5947)  loss_scale: 8192.0000 (8192.0000)  weight_decay: 0.0500 (0.0500)  grad_norm: 0.3748 (0.4957)  time: 0.2369  data: 0.0171  max mem: 18664
Epoch: [19]  [20/36]  eta: 0:00:03  lr: 0.000382  min_lr: 0.000097  loss: 0.6721 (0.6771)  class_acc: 0.5833 (0.5913)  loss_scale: 8192.0000 (8192.0000)  weight_decay: 0.0500 (0.0500)  grad_norm: 0.3748 (0.4992)  time: 0.2197  data: 0.0001  max mem: 18664
Epoch: [19]  [30/36]  eta: 0:00:01  lr: 0.000377  min_lr: 0.000096  loss: 0.6881 (0.6791)  class_acc: 0.5625 (0.5867)  loss_scale: 8192.0000 (8192.0000)  weight_decay: 0.0500 (0.0500)  grad_norm: 0.3984 (0.4970)  time: 0.2198  data: 0.0001  max mem: 18664
Epoch: [19]  [35/36]  eta: 0:00:00  lr: 0.000376  min_lr: 0.000095  loss: 0.6881 (0.6764)  class_acc: 0.5625 (0.5935)  loss_scale: 8192.0000 (8192.0000)  weight_decay: 0.0500 (0.0500)  grad_norm: 0.4006 (0.4931)  time: 0.2089  data: 0.0001  max mem: 18664
Epoch: [19] Total time: 0:00:07 (0.2212 s / it)
Averaged stats: lr: 0.000376  min_lr: 0.000095  loss: 0.6881 (0.6745)  class_acc: 0.5625 (0.5974)  loss_scale: 8192.0000 (8192.0000)  weight_decay: 0.0500 (0.0500)  grad_norm: 0.4006 (0.4931)
Val:  [ 0/24]  eta: 0:00:07  loss: 0.6793 (0.6793)  accuracy: 0.5833 (0.5833)  balanced_accuracy: 0.5000 (0.5000)  time: 0.3192  data: 0.2181  max mem: 18664
Val:  [10/24]  eta: 0:00:01  loss: 0.6793 (0.6746)  accuracy: 0.5833 (0.5960)  balanced_accuracy: 0.5000 (0.5000)  time: 0.1182  data: 0.0200  max mem: 18664
Val:  [20/24]  eta: 0:00:00  loss: 0.6742 (0.6744)  accuracy: 0.5833 (0.5966)  balanced_accuracy: 0.5000 (0.5000)  time: 0.0979  data: 0.0001  max mem: 18664
Val:  [23/24]  eta: 0:00:00  loss: 0.6793 (0.6756)  accuracy: 0.5833 (0.5937)  balanced_accuracy: 0.5000 (0.5000)  time: 0.0964  data: 0.0001  max mem: 18664
Val: Total time: 0:00:02 (0.1086 s / it)
* loss 0.676
Accuracy of the network on the 1708 val EEG: 0.59%
Test:  [ 0/24]  eta: 0:00:07  loss: 0.6793 (0.6793)  accuracy: 0.5833 (0.5833)  balanced_accuracy: 0.5000 (0.5000)  time: 0.3145  data: 0.2130  max mem: 18664
Test:  [10/24]  eta: 0:00:01  loss: 0.6691 (0.6700)  accuracy: 0.6111 (0.6086)  balanced_accuracy: 0.5000 (0.5000)  time: 0.1186  data: 0.0195  max mem: 18664
Test:  [20/24]  eta: 0:00:00  loss: 0.6793 (0.6779)  accuracy: 0.5833 (0.5873)  balanced_accuracy: 0.5000 (0.5000)  time: 0.0984  data: 0.0001  max mem: 18664
Test:  [23/24]  eta: 0:00:00  loss: 0.6793 (0.6751)  accuracy: 0.5833 (0.5942)  balanced_accuracy: 0.5000 (0.5000)  time: 0.0976  data: 0.0001  max mem: 18664
Test: Total time: 0:00:02 (0.1093 s / it)
* loss 0.675
Accuracy of the network on the 1715 test EEG: 0.59%
Max accuracy val: 0.59%, max accuracy test: 0.58%
Epoch: [20]  [ 0/36]  eta: 0:00:14  lr: 0.000375  min_lr: 0.000095  loss: 0.7076 (0.7076)  class_acc: 0.5000 (0.5000)  loss_scale: 8192.0000 (8192.0000)  weight_decay: 0.0500 (0.0500)  grad_norm: 0.7128 (0.7128)  time: 0.4137  data: 0.1869  max mem: 18664
Epoch: [20]  [10/36]  eta: 0:00:06  lr: 0.000371  min_lr: 0.000094  loss: 0.6794 (0.6836)  class_acc: 0.5833 (0.5701)  loss_scale: 8192.0000 (8192.0000)  weight_decay: 0.0500 (0.0500)  grad_norm: 0.3399 (0.4016)  time: 0.2373  data: 0.0171  max mem: 18664
Epoch: [20]  [20/36]  eta: 0:00:03  lr: 0.000367  min_lr: 0.000093  loss: 0.6707 (0.6751)  class_acc: 0.6042 (0.5942)  loss_scale: 8192.0000 (8192.0000)  weight_decay: 0.0500 (0.0500)  grad_norm: 0.2800 (0.4356)  time: 0.2197  data: 0.0001  max mem: 18664
Epoch: [20]  [30/36]  eta: 0:00:01  lr: 0.000362  min_lr: 0.000092  loss: 0.6646 (0.6747)  class_acc: 0.6250 (0.5954)  loss_scale: 8192.0000 (8192.0000)  weight_decay: 0.0500 (0.0500)  grad_norm: 0.2800 (0.4269)  time: 0.2196  data: 0.0001  max mem: 18664
Epoch: [20]  [35/36]  eta: 0:00:00  lr: 0.000360  min_lr: 0.000092  loss: 0.6628 (0.6762)  class_acc: 0.6250 (0.5923)  loss_scale: 8192.0000 (8192.0000)  weight_decay: 0.0500 (0.0500)  grad_norm: 0.2800 (0.4316)  time: 0.2085  data: 0.0001  max mem: 18664
Epoch: [20] Total time: 0:00:07 (0.2209 s / it)
Averaged stats: lr: 0.000360  min_lr: 0.000092  loss: 0.6628 (0.6747)  class_acc: 0.6250 (0.5960)  loss_scale: 8192.0000 (8192.0000)  weight_decay: 0.0500 (0.0500)  grad_norm: 0.2800 (0.4316)
Val:  [ 0/24]  eta: 0:00:08  loss: 0.6801 (0.6801)  accuracy: 0.5833 (0.5833)  balanced_accuracy: 0.5000 (0.5000)  time: 0.3538  data: 0.2537  max mem: 18664
Val:  [10/24]  eta: 0:00:01  loss: 0.6801 (0.6747)  accuracy: 0.5833 (0.5960)  balanced_accuracy: 0.5000 (0.5000)  time: 0.1213  data: 0.0232  max mem: 18664
Val:  [20/24]  eta: 0:00:00  loss: 0.6742 (0.6745)  accuracy: 0.5833 (0.5966)  balanced_accuracy: 0.5000 (0.5000)  time: 0.0979  data: 0.0001  max mem: 18664
Val:  [23/24]  eta: 0:00:00  loss: 0.6801 (0.6758)  accuracy: 0.5833 (0.5937)  balanced_accuracy: 0.5000 (0.5000)  time: 0.0965  data: 0.0001  max mem: 18664
Val: Total time: 0:00:02 (0.1101 s / it)
* loss 0.676
Accuracy of the network on the 1708 val EEG: 0.59%
Test:  [ 0/24]  eta: 0:00:08  loss: 0.6801 (0.6801)  accuracy: 0.5833 (0.5833)  balanced_accuracy: 0.5000 (0.5000)  time: 0.3634  data: 0.2599  max mem: 18664
Test:  [10/24]  eta: 0:00:01  loss: 0.6684 (0.6694)  accuracy: 0.6111 (0.6086)  balanced_accuracy: 0.5000 (0.5000)  time: 0.1222  data: 0.0238  max mem: 18664
Test:  [20/24]  eta: 0:00:00  loss: 0.6801 (0.6784)  accuracy: 0.5833 (0.5873)  balanced_accuracy: 0.5000 (0.5000)  time: 0.0979  data: 0.0002  max mem: 18664
Test:  [23/24]  eta: 0:00:00  loss: 0.6801 (0.6753)  accuracy: 0.5833 (0.5942)  balanced_accuracy: 0.5000 (0.5000)  time: 0.0970  data: 0.0001  max mem: 18664
Test: Total time: 0:00:02 (0.1102 s / it)
* loss 0.675
Accuracy of the network on the 1715 test EEG: 0.59%
Max accuracy val: 0.59%, max accuracy test: 0.58%
Epoch: [21]  [ 0/36]  eta: 0:00:14  lr: 0.000360  min_lr: 0.000091  loss: 0.6444 (0.6444)  class_acc: 0.6667 (0.6667)  loss_scale: 8192.0000 (8192.0000)  weight_decay: 0.0500 (0.0500)  grad_norm: 0.3155 (0.3155)  time: 0.4029  data: 0.1777  max mem: 18664
Epoch: [21]  [10/36]  eta: 0:00:06  lr: 0.000355  min_lr: 0.000090  loss: 0.6622 (0.6657)  class_acc: 0.6250 (0.6174)  loss_scale: 8192.0000 (8192.0000)  weight_decay: 0.0500 (0.0500)  grad_norm: 0.3155 (0.4217)  time: 0.2367  data: 0.0164  max mem: 18664
Epoch: [21]  [20/36]  eta: 0:00:03  lr: 0.000351  min_lr: 0.000089  loss: 0.6642 (0.6673)  class_acc: 0.6042 (0.6151)  loss_scale: 8192.0000 (8192.0000)  weight_decay: 0.0500 (0.0500)  grad_norm: 0.2853 (0.3706)  time: 0.2199  data: 0.0002  max mem: 18664
Epoch: [21]  [30/36]  eta: 0:00:01  lr: 0.000346  min_lr: 0.000088  loss: 0.6715 (0.6706)  class_acc: 0.6042 (0.6062)  loss_scale: 8192.0000 (8192.0000)  weight_decay: 0.0500 (0.0500)  grad_norm: 0.1978 (0.3348)  time: 0.2197  data: 0.0001  max mem: 18664
Epoch: [21]  [35/36]  eta: 0:00:00  lr: 0.000344  min_lr: 0.000088  loss: 0.6715 (0.6705)  class_acc: 0.6042 (0.6065)  loss_scale: 8192.0000 (8192.0000)  weight_decay: 0.0500 (0.0500)  grad_norm: 0.1978 (0.3266)  time: 0.2086  data: 0.0001  max mem: 18664
Epoch: [21] Total time: 0:00:07 (0.2214 s / it)
Averaged stats: lr: 0.000344  min_lr: 0.000088  loss: 0.6715 (0.6746)  class_acc: 0.6042 (0.5970)  loss_scale: 8192.0000 (8192.0000)  weight_decay: 0.0500 (0.0500)  grad_norm: 0.1978 (0.3266)
Val:  [ 0/24]  eta: 0:00:07  loss: 0.6796 (0.6796)  accuracy: 0.5833 (0.5833)  balanced_accuracy: 0.5000 (0.5000)  time: 0.3188  data: 0.2167  max mem: 18664
Val:  [10/24]  eta: 0:00:01  loss: 0.6796 (0.6746)  accuracy: 0.5833 (0.5960)  balanced_accuracy: 0.5000 (0.5000)  time: 0.1182  data: 0.0198  max mem: 18664
Val:  [20/24]  eta: 0:00:00  loss: 0.6741 (0.6744)  accuracy: 0.5833 (0.5966)  balanced_accuracy: 0.5000 (0.5000)  time: 0.0980  data: 0.0001  max mem: 18664
Val:  [23/24]  eta: 0:00:00  loss: 0.6796 (0.6756)  accuracy: 0.5833 (0.5937)  balanced_accuracy: 0.5000 (0.5000)  time: 0.0965  data: 0.0001  max mem: 18664
Val: Total time: 0:00:02 (0.1088 s / it)
* loss 0.676
Accuracy of the network on the 1708 val EEG: 0.59%
Test:  [ 0/24]  eta: 0:00:08  loss: 0.6796 (0.6796)  accuracy: 0.5833 (0.5833)  balanced_accuracy: 0.5000 (0.5000)  time: 0.3364  data: 0.2353  max mem: 18664
Test:  [10/24]  eta: 0:00:01  loss: 0.6686 (0.6696)  accuracy: 0.6111 (0.6086)  balanced_accuracy: 0.5000 (0.5000)  time: 0.1203  data: 0.0215  max mem: 18664
Test:  [20/24]  eta: 0:00:00  loss: 0.6796 (0.6780)  accuracy: 0.5833 (0.5873)  balanced_accuracy: 0.5000 (0.5000)  time: 0.0987  data: 0.0002  max mem: 18664
Test:  [23/24]  eta: 0:00:00  loss: 0.6796 (0.6751)  accuracy: 0.5833 (0.5942)  balanced_accuracy: 0.5000 (0.5000)  time: 0.0977  data: 0.0001  max mem: 18664
Test: Total time: 0:00:02 (0.1099 s / it)
* loss 0.675
Accuracy of the network on the 1715 test EEG: 0.59%
Max accuracy val: 0.59%, max accuracy test: 0.58%
Epoch: [22]  [ 0/36]  eta: 0:00:14  lr: 0.000344  min_lr: 0.000087  loss: 0.6799 (0.6799)  class_acc: 0.5833 (0.5833)  loss_scale: 8192.0000 (8192.0000)  weight_decay: 0.0500 (0.0500)  grad_norm: 0.2920 (0.2920)  time: 0.4036  data: 0.1796  max mem: 18664
Epoch: [22]  [10/36]  eta: 0:00:06  lr: 0.000339  min_lr: 0.000086  loss: 0.6874 (0.6884)  class_acc: 0.5625 (0.5606)  loss_scale: 8192.0000 (8192.0000)  weight_decay: 0.0500 (0.0500)  grad_norm: 0.2920 (0.3165)  time: 0.2369  data: 0.0164  max mem: 18664
Epoch: [22]  [20/36]  eta: 0:00:03  lr: 0.000335  min_lr: 0.000085  loss: 0.6868 (0.6849)  class_acc: 0.5625 (0.5694)  loss_scale: 8192.0000 (8192.0000)  weight_decay: 0.0500 (0.0500)  grad_norm: 0.1624 (0.3796)  time: 0.2201  data: 0.0001  max mem: 18664
Epoch: [22]  [30/36]  eta: 0:00:01  lr: 0.000330  min_lr: 0.000084  loss: 0.6659 (0.6793)  class_acc: 0.5833 (0.5840)  loss_scale: 8192.0000 (8192.0000)  weight_decay: 0.0500 (0.0500)  grad_norm: 0.5766 (0.5117)  time: 0.2196  data: 0.0001  max mem: 18664
Epoch: [22]  [35/36]  eta: 0:00:00  lr: 0.000328  min_lr: 0.000083  loss: 0.6710 (0.6790)  class_acc: 0.6042 (0.5851)  loss_scale: 8192.0000 (8192.0000)  weight_decay: 0.0500 (0.0500)  grad_norm: 0.4995 (0.4991)  time: 0.2087  data: 0.0001  max mem: 18664
Epoch: [22] Total time: 0:00:07 (0.2210 s / it)
Averaged stats: lr: 0.000328  min_lr: 0.000083  loss: 0.6710 (0.6749)  class_acc: 0.6042 (0.5964)  loss_scale: 8192.0000 (8192.0000)  weight_decay: 0.0500 (0.0500)  grad_norm: 0.4995 (0.4991)
Val:  [ 0/24]  eta: 0:00:07  loss: 0.6814 (0.6814)  accuracy: 0.5833 (0.5833)  balanced_accuracy: 0.5000 (0.5000)  time: 0.3245  data: 0.2227  max mem: 18664
Val:  [10/24]  eta: 0:00:01  loss: 0.6814 (0.6755)  accuracy: 0.5833 (0.5960)  balanced_accuracy: 0.5000 (0.5000)  time: 0.1196  data: 0.0204  max mem: 18664
Val:  [20/24]  eta: 0:00:00  loss: 0.6749 (0.6752)  accuracy: 0.5833 (0.5966)  balanced_accuracy: 0.5000 (0.5000)  time: 0.0988  data: 0.0001  max mem: 18664
Val:  [23/24]  eta: 0:00:00  loss: 0.6814 (0.6766)  accuracy: 0.5833 (0.5937)  balanced_accuracy: 0.5000 (0.5000)  time: 0.0972  data: 0.0001  max mem: 18664
Val: Total time: 0:00:02 (0.1096 s / it)
* loss 0.677
Accuracy of the network on the 1708 val EEG: 0.59%
Test:  [ 0/24]  eta: 0:00:08  loss: 0.6815 (0.6815)  accuracy: 0.5833 (0.5833)  balanced_accuracy: 0.5000 (0.5000)  time: 0.3369  data: 0.2332  max mem: 18664
Test:  [10/24]  eta: 0:00:01  loss: 0.6683 (0.6695)  accuracy: 0.6111 (0.6086)  balanced_accuracy: 0.5000 (0.5000)  time: 0.1203  data: 0.0213  max mem: 18664
Test:  [20/24]  eta: 0:00:00  loss: 0.6814 (0.6796)  accuracy: 0.5833 (0.5873)  balanced_accuracy: 0.5000 (0.5000)  time: 0.0982  data: 0.0001  max mem: 18664
Test:  [23/24]  eta: 0:00:00  loss: 0.6814 (0.6761)  accuracy: 0.5833 (0.5942)  balanced_accuracy: 0.5000 (0.5000)  time: 0.0972  data: 0.0001  max mem: 18664
Test: Total time: 0:00:02 (0.1095 s / it)
* loss 0.676
Accuracy of the network on the 1715 test EEG: 0.59%
Max accuracy val: 0.59%, max accuracy test: 0.58%
Epoch: [23]  [ 0/36]  eta: 0:00:15  lr: 0.000328  min_lr: 0.000083  loss: 0.7307 (0.7307)  class_acc: 0.4792 (0.4792)  loss_scale: 8192.0000 (8192.0000)  weight_decay: 0.0500 (0.0500)  grad_norm: 1.5898 (1.5898)  time: 0.4425  data: 0.2182  max mem: 18664
Epoch: [23]  [10/36]  eta: 0:00:06  lr: 0.000323  min_lr: 0.000082  loss: 0.6875 (0.6839)  class_acc: 0.5625 (0.5777)  loss_scale: 8192.0000 (8192.0000)  weight_decay: 0.0500 (0.0500)  grad_norm: 0.3759 (0.6189)  time: 0.2399  data: 0.0199  max mem: 18664
Epoch: [23]  [20/36]  eta: 0:00:03  lr: 0.000318  min_lr: 0.000081  loss: 0.6720 (0.6803)  class_acc: 0.5625 (0.5843)  loss_scale: 8192.0000 (8192.0000)  weight_decay: 0.0500 (0.0500)  grad_norm: 0.3478 (0.5557)  time: 0.2197  data: 0.0001  max mem: 18664
Epoch: [23]  [30/36]  eta: 0:00:01  lr: 0.000313  min_lr: 0.000080  loss: 0.6715 (0.6747)  class_acc: 0.6042 (0.5974)  loss_scale: 8192.0000 (8192.0000)  weight_decay: 0.0500 (0.0500)  grad_norm: 0.3317 (0.5241)  time: 0.2196  data: 0.0001  max mem: 18664
Epoch: [23]  [35/36]  eta: 0:00:00  lr: 0.000311  min_lr: 0.000079  loss: 0.6714 (0.6754)  class_acc: 0.6042 (0.5958)  loss_scale: 8192.0000 (8192.0000)  weight_decay: 0.0500 (0.0500)  grad_norm: 0.3812 (0.5414)  time: 0.2084  data: 0.0001  max mem: 18664
Epoch: [23] Total time: 0:00:07 (0.2218 s / it)
Averaged stats: lr: 0.000311  min_lr: 0.000079  loss: 0.6714 (0.6750)  class_acc: 0.6042 (0.5972)  loss_scale: 8192.0000 (8192.0000)  weight_decay: 0.0500 (0.0500)  grad_norm: 0.3812 (0.5414)
Val:  [ 0/24]  eta: 0:00:08  loss: 0.6809 (0.6809)  accuracy: 0.5833 (0.5833)  balanced_accuracy: 0.5000 (0.5000)  time: 0.3711  data: 0.2696  max mem: 18664
Val:  [10/24]  eta: 0:00:01  loss: 0.6809 (0.6751)  accuracy: 0.5833 (0.5960)  balanced_accuracy: 0.5000 (0.5000)  time: 0.1229  data: 0.0247  max mem: 18664
Val:  [20/24]  eta: 0:00:00  loss: 0.6746 (0.6749)  accuracy: 0.5833 (0.5966)  balanced_accuracy: 0.5000 (0.5000)  time: 0.0980  data: 0.0002  max mem: 18664
Val:  [23/24]  eta: 0:00:00  loss: 0.6809 (0.6763)  accuracy: 0.5833 (0.5937)  balanced_accuracy: 0.5000 (0.5000)  time: 0.0965  data: 0.0001  max mem: 18664
Val: Total time: 0:00:02 (0.1111 s / it)
* loss 0.676
Accuracy of the network on the 1708 val EEG: 0.59%
Test:  [ 0/24]  eta: 0:00:07  loss: 0.6809 (0.6809)  accuracy: 0.5833 (0.5833)  balanced_accuracy: 0.5000 (0.5000)  time: 0.3260  data: 0.2248  max mem: 18664
Test:  [10/24]  eta: 0:00:01  loss: 0.6682 (0.6694)  accuracy: 0.6111 (0.6086)  balanced_accuracy: 0.5000 (0.5000)  time: 0.1188  data: 0.0206  max mem: 18664
Test:  [20/24]  eta: 0:00:00  loss: 0.6809 (0.6791)  accuracy: 0.5833 (0.5873)  balanced_accuracy: 0.5000 (0.5000)  time: 0.0979  data: 0.0001  max mem: 18664
Test:  [23/24]  eta: 0:00:00  loss: 0.6809 (0.6757)  accuracy: 0.5833 (0.5942)  balanced_accuracy: 0.5000 (0.5000)  time: 0.0969  data: 0.0001  max mem: 18664
Test: Total time: 0:00:02 (0.1089 s / it)
* loss 0.676
Accuracy of the network on the 1715 test EEG: 0.59%
Max accuracy val: 0.59%, max accuracy test: 0.58%
Epoch: [24]  [ 0/36]  eta: 0:00:14  lr: 0.000311  min_lr: 0.000079  loss: 0.6812 (0.6812)  class_acc: 0.5833 (0.5833)  loss_scale: 8192.0000 (8192.0000)  weight_decay: 0.0500 (0.0500)  grad_norm: 0.6808 (0.6808)  time: 0.4074  data: 0.1802  max mem: 18664
Epoch: [24]  [10/36]  eta: 0:00:06  lr: 0.000306  min_lr: 0.000078  loss: 0.6809 (0.6772)  class_acc: 0.5833 (0.5909)  loss_scale: 8192.0000 (8192.0000)  weight_decay: 0.0500 (0.0500)  grad_norm: 0.4219 (0.4727)  time: 0.2368  data: 0.0166  max mem: 18664
Epoch: [24]  [20/36]  eta: 0:00:03  lr: 0.000301  min_lr: 0.000077  loss: 0.6796 (0.6757)  class_acc: 0.5833 (0.5942)  loss_scale: 8192.0000 (8192.0000)  weight_decay: 0.0500 (0.0500)  grad_norm: 0.2478 (0.4016)  time: 0.2198  data: 0.0002  max mem: 18664
Epoch: [24]  [30/36]  eta: 0:00:01  lr: 0.000296  min_lr: 0.000075  loss: 0.6791 (0.6769)  class_acc: 0.5833 (0.5907)  loss_scale: 8192.0000 (8192.0000)  weight_decay: 0.0500 (0.0500)  grad_norm: 0.3476 (0.4620)  time: 0.2197  data: 0.0001  max mem: 18664
Epoch: [24]  [35/36]  eta: 0:00:00  lr: 0.000294  min_lr: 0.000075  loss: 0.6722 (0.6767)  class_acc: 0.5833 (0.5911)  loss_scale: 8192.0000 (8192.0000)  weight_decay: 0.0500 (0.0500)  grad_norm: 0.3991 (0.4738)  time: 0.2086  data: 0.0001  max mem: 18664
Epoch: [24] Total time: 0:00:07 (0.2211 s / it)
Averaged stats: lr: 0.000294  min_lr: 0.000075  loss: 0.6722 (0.6746)  class_acc: 0.5833 (0.5964)  loss_scale: 8192.0000 (8192.0000)  weight_decay: 0.0500 (0.0500)  grad_norm: 0.3991 (0.4738)
Val:  [ 0/24]  eta: 0:00:07  loss: 0.6792 (0.6792)  accuracy: 0.5833 (0.5833)  balanced_accuracy: 0.5000 (0.5000)  time: 0.3185  data: 0.2167  max mem: 18664
Val:  [10/24]  eta: 0:00:01  loss: 0.6792 (0.6749)  accuracy: 0.5833 (0.5960)  balanced_accuracy: 0.5000 (0.5000)  time: 0.1181  data: 0.0199  max mem: 18664
Val:  [20/24]  eta: 0:00:00  loss: 0.6745 (0.6747)  accuracy: 0.5833 (0.5966)  balanced_accuracy: 0.5000 (0.5000)  time: 0.0978  data: 0.0001  max mem: 18664
Val:  [23/24]  eta: 0:00:00  loss: 0.6792 (0.6758)  accuracy: 0.5833 (0.5937)  balanced_accuracy: 0.5000 (0.5000)  time: 0.0964  data: 0.0001  max mem: 18664
Val: Total time: 0:00:02 (0.1084 s / it)
* loss 0.676
Accuracy of the network on the 1708 val EEG: 0.59%
Test:  [ 0/24]  eta: 0:00:07  loss: 0.6792 (0.6792)  accuracy: 0.5833 (0.5833)  balanced_accuracy: 0.5000 (0.5000)  time: 0.3225  data: 0.2211  max mem: 18664
Test:  [10/24]  eta: 0:00:01  loss: 0.6699 (0.6707)  accuracy: 0.6111 (0.6086)  balanced_accuracy: 0.5000 (0.5000)  time: 0.1184  data: 0.0203  max mem: 18664
Test:  [20/24]  eta: 0:00:00  loss: 0.6792 (0.6779)  accuracy: 0.5833 (0.5873)  balanced_accuracy: 0.5000 (0.5000)  time: 0.0979  data: 0.0001  max mem: 18664
Test:  [23/24]  eta: 0:00:00  loss: 0.6792 (0.6754)  accuracy: 0.5833 (0.5942)  balanced_accuracy: 0.5000 (0.5000)  time: 0.0969  data: 0.0001  max mem: 18664
Test: Total time: 0:00:02 (0.1087 s / it)
* loss 0.675
Accuracy of the network on the 1715 test EEG: 0.59%
Max accuracy val: 0.59%, max accuracy test: 0.58%
Epoch: [25]  [ 0/36]  eta: 0:00:15  lr: 0.000294  min_lr: 0.000075  loss: 0.6794 (0.6794)  class_acc: 0.5833 (0.5833)  loss_scale: 8192.0000 (8192.0000)  weight_decay: 0.0500 (0.0500)  grad_norm: 0.6794 (0.6794)  time: 0.4225  data: 0.1976  max mem: 18664
Epoch: [25]  [10/36]  eta: 0:00:06  lr: 0.000289  min_lr: 0.000073  loss: 0.6869 (0.6869)  class_acc: 0.5625 (0.5625)  loss_scale: 8192.0000 (8192.0000)  weight_decay: 0.0500 (0.0500)  grad_norm: 0.4778 (0.4640)  time: 0.2383  data: 0.0181  max mem: 18664
Epoch: [25]  [20/36]  eta: 0:00:03  lr: 0.000284  min_lr: 0.000072  loss: 0.6792 (0.6790)  class_acc: 0.5833 (0.5843)  loss_scale: 8192.0000 (8192.0000)  weight_decay: 0.0500 (0.0500)  grad_norm: 0.3804 (0.3853)  time: 0.2197  data: 0.0002  max mem: 18664
Epoch: [25]  [30/36]  eta: 0:00:01  lr: 0.000279  min_lr: 0.000071  loss: 0.6720 (0.6789)  class_acc: 0.6042 (0.5847)  loss_scale: 8192.0000 (8192.0000)  weight_decay: 0.0500 (0.0500)  grad_norm: 0.3042 (0.3929)  time: 0.2199  data: 0.0001  max mem: 18664
Epoch: [25]  [35/36]  eta: 0:00:00  lr: 0.000277  min_lr: 0.000070  loss: 0.6715 (0.6783)  class_acc: 0.6042 (0.5863)  loss_scale: 8192.0000 (8192.0000)  weight_decay: 0.0500 (0.0500)  grad_norm: 0.3081 (0.4023)  time: 0.2089  data: 0.0001  max mem: 18664
Epoch: [25] Total time: 0:00:07 (0.2220 s / it)
Averaged stats: lr: 0.000277  min_lr: 0.000070  loss: 0.6715 (0.6743)  class_acc: 0.6042 (0.5972)  loss_scale: 8192.0000 (8192.0000)  weight_decay: 0.0500 (0.0500)  grad_norm: 0.3081 (0.4023)
Val:  [ 0/24]  eta: 0:00:08  loss: 0.6803 (0.6803)  accuracy: 0.5833 (0.5833)  balanced_accuracy: 0.5000 (0.5000)  time: 0.3668  data: 0.2633  max mem: 18664
Val:  [10/24]  eta: 0:00:01  loss: 0.6803 (0.6748)  accuracy: 0.5833 (0.5960)  balanced_accuracy: 0.5000 (0.5000)  time: 0.1226  data: 0.0241  max mem: 18664
Val:  [20/24]  eta: 0:00:00  loss: 0.6743 (0.6746)  accuracy: 0.5833 (0.5966)  balanced_accuracy: 0.5000 (0.5000)  time: 0.0980  data: 0.0002  max mem: 18664
Val:  [23/24]  eta: 0:00:00  loss: 0.6803 (0.6759)  accuracy: 0.5833 (0.5937)  balanced_accuracy: 0.5000 (0.5000)  time: 0.0966  data: 0.0001  max mem: 18664
Val: Total time: 0:00:02 (0.1108 s / it)
* loss 0.676
Accuracy of the network on the 1708 val EEG: 0.59%
Test:  [ 0/24]  eta: 0:00:08  loss: 0.6803 (0.6803)  accuracy: 0.5833 (0.5833)  balanced_accuracy: 0.5000 (0.5000)  time: 0.3485  data: 0.2476  max mem: 18664
Test:  [10/24]  eta: 0:00:01  loss: 0.6683 (0.6694)  accuracy: 0.6111 (0.6086)  balanced_accuracy: 0.5000 (0.5000)  time: 0.1211  data: 0.0227  max mem: 18664
Test:  [20/24]  eta: 0:00:00  loss: 0.6803 (0.6786)  accuracy: 0.5833 (0.5873)  balanced_accuracy: 0.5000 (0.5000)  time: 0.0981  data: 0.0001  max mem: 18664
Test:  [23/24]  eta: 0:00:00  loss: 0.6803 (0.6754)  accuracy: 0.5833 (0.5942)  balanced_accuracy: 0.5000 (0.5000)  time: 0.0970  data: 0.0001  max mem: 18664
Test: Total time: 0:00:02 (0.1108 s / it)
* loss 0.675
Accuracy of the network on the 1715 test EEG: 0.59%
Max accuracy val: 0.59%, max accuracy test: 0.58%
Epoch: [26]  [ 0/36]  eta: 0:00:14  lr: 0.000277  min_lr: 0.000070  loss: 0.6714 (0.6714)  class_acc: 0.6042 (0.6042)  loss_scale: 8192.0000 (8192.0000)  weight_decay: 0.0500 (0.0500)  grad_norm: 0.2257 (0.2257)  time: 0.4150  data: 0.1893  max mem: 18664
Epoch: [26]  [10/36]  eta: 0:00:06  lr: 0.000272  min_lr: 0.000069  loss: 0.6714 (0.6703)  class_acc: 0.6042 (0.6080)  loss_scale: 8192.0000 (8192.0000)  weight_decay: 0.0500 (0.0500)  grad_norm: 0.2257 (0.4586)  time: 0.2375  data: 0.0173  max mem: 18664
Epoch: [26]  [20/36]  eta: 0:00:03  lr: 0.000267  min_lr: 0.000068  loss: 0.6716 (0.6737)  class_acc: 0.6042 (0.5992)  loss_scale: 8192.0000 (8192.0000)  weight_decay: 0.0500 (0.0500)  grad_norm: 0.2965 (0.5222)  time: 0.2199  data: 0.0001  max mem: 18664
Epoch: [26]  [30/36]  eta: 0:00:01  lr: 0.000262  min_lr: 0.000067  loss: 0.6799 (0.6778)  class_acc: 0.5833 (0.5887)  loss_scale: 8192.0000 (8192.0000)  weight_decay: 0.0500 (0.0500)  grad_norm: 0.3769 (0.4973)  time: 0.2199  data: 0.0001  max mem: 18664
Epoch: [26]  [35/36]  eta: 0:00:00  lr: 0.000260  min_lr: 0.000066  loss: 0.6797 (0.6757)  class_acc: 0.5833 (0.5940)  loss_scale: 8192.0000 (8192.0000)  weight_decay: 0.0500 (0.0500)  grad_norm: 0.3769 (0.4870)  time: 0.2087  data: 0.0001  max mem: 18664
Epoch: [26] Total time: 0:00:07 (0.2210 s / it)
Averaged stats: lr: 0.000260  min_lr: 0.000066  loss: 0.6797 (0.6745)  class_acc: 0.5833 (0.5968)  loss_scale: 8192.0000 (8192.0000)  weight_decay: 0.0500 (0.0500)  grad_norm: 0.3769 (0.4870)
Val:  [ 0/24]  eta: 0:00:07  loss: 0.6795 (0.6795)  accuracy: 0.5833 (0.5833)  balanced_accuracy: 0.5000 (0.5000)  time: 0.3316  data: 0.2283  max mem: 18664
Val:  [10/24]  eta: 0:00:01  loss: 0.6795 (0.6746)  accuracy: 0.5833 (0.5960)  balanced_accuracy: 0.5000 (0.5000)  time: 0.1193  data: 0.0209  max mem: 18664
Val:  [20/24]  eta: 0:00:00  loss: 0.6741 (0.6744)  accuracy: 0.5833 (0.5966)  balanced_accuracy: 0.5000 (0.5000)  time: 0.0979  data: 0.0002  max mem: 18664
Val:  [23/24]  eta: 0:00:00  loss: 0.6795 (0.6756)  accuracy: 0.5833 (0.5937)  balanced_accuracy: 0.5000 (0.5000)  time: 0.0965  data: 0.0001  max mem: 18664
Val: Total time: 0:00:02 (0.1087 s / it)
* loss 0.676
Accuracy of the network on the 1708 val EEG: 0.59%
Test:  [ 0/24]  eta: 0:00:07  loss: 0.6795 (0.6795)  accuracy: 0.5833 (0.5833)  balanced_accuracy: 0.5000 (0.5000)  time: 0.3245  data: 0.2236  max mem: 18664
Test:  [10/24]  eta: 0:00:01  loss: 0.6687 (0.6697)  accuracy: 0.6111 (0.6086)  balanced_accuracy: 0.5000 (0.5000)  time: 0.1186  data: 0.0205  max mem: 18664
Test:  [20/24]  eta: 0:00:00  loss: 0.6795 (0.6780)  accuracy: 0.5833 (0.5873)  balanced_accuracy: 0.5000 (0.5000)  time: 0.0979  data: 0.0002  max mem: 18664
Test:  [23/24]  eta: 0:00:00  loss: 0.6795 (0.6751)  accuracy: 0.5833 (0.5942)  balanced_accuracy: 0.5000 (0.5000)  time: 0.0970  data: 0.0001  max mem: 18664
Test: Total time: 0:00:02 (0.1090 s / it)
* loss 0.675
Accuracy of the network on the 1715 test EEG: 0.59%
Max accuracy val: 0.59%, max accuracy test: 0.58%
Epoch: [27]  [ 0/36]  eta: 0:00:14  lr: 0.000259  min_lr: 0.000066  loss: 0.6872 (0.6872)  class_acc: 0.5625 (0.5625)  loss_scale: 8192.0000 (8192.0000)  weight_decay: 0.0500 (0.0500)  grad_norm: 0.2366 (0.2366)  time: 0.4016  data: 0.1754  max mem: 18664
Epoch: [27]  [10/36]  eta: 0:00:06  lr: 0.000254  min_lr: 0.000065  loss: 0.6635 (0.6663)  class_acc: 0.6250 (0.6174)  loss_scale: 8192.0000 (8192.0000)  weight_decay: 0.0500 (0.0500)  grad_norm: 0.4135 (0.3929)  time: 0.2363  data: 0.0160  max mem: 18664
Epoch: [27]  [20/36]  eta: 0:00:03  lr: 0.000249  min_lr: 0.000063  loss: 0.6634 (0.6626)  class_acc: 0.6250 (0.6260)  loss_scale: 8192.0000 (8192.0000)  weight_decay: 0.0500 (0.0500)  grad_norm: 0.4008 (0.3733)  time: 0.2198  data: 0.0001  max mem: 18664
Epoch: [27]  [30/36]  eta: 0:00:01  lr: 0.000244  min_lr: 0.000062  loss: 0.6625 (0.6670)  class_acc: 0.6250 (0.6156)  loss_scale: 8192.0000 (8192.0000)  weight_decay: 0.0500 (0.0500)  grad_norm: 0.3160 (0.3904)  time: 0.2199  data: 0.0001  max mem: 18664
Epoch: [27]  [35/36]  eta: 0:00:00  lr: 0.000242  min_lr: 0.000062  loss: 0.6627 (0.6670)  class_acc: 0.6250 (0.6155)  loss_scale: 8192.0000 (8192.0000)  weight_decay: 0.0500 (0.0500)  grad_norm: 0.2465 (0.3909)  time: 0.2089  data: 0.0001  max mem: 18664
Epoch: [27] Total time: 0:00:07 (0.2208 s / it)
Averaged stats: lr: 0.000242  min_lr: 0.000062  loss: 0.6627 (0.6747)  class_acc: 0.6250 (0.5962)  loss_scale: 8192.0000 (8192.0000)  weight_decay: 0.0500 (0.0500)  grad_norm: 0.2465 (0.3909)
Val:  [ 0/24]  eta: 0:00:07  loss: 0.6793 (0.6793)  accuracy: 0.5833 (0.5833)  balanced_accuracy: 0.5000 (0.5000)  time: 0.3171  data: 0.2150  max mem: 18664
Val:  [10/24]  eta: 0:00:01  loss: 0.6793 (0.6746)  accuracy: 0.5833 (0.5960)  balanced_accuracy: 0.5000 (0.5000)  time: 0.1180  data: 0.0197  max mem: 18664
Val:  [20/24]  eta: 0:00:00  loss: 0.6742 (0.6744)  accuracy: 0.5833 (0.5966)  balanced_accuracy: 0.5000 (0.5000)  time: 0.0979  data: 0.0001  max mem: 18664
Val:  [23/24]  eta: 0:00:00  loss: 0.6793 (0.6756)  accuracy: 0.5833 (0.5937)  balanced_accuracy: 0.5000 (0.5000)  time: 0.0965  data: 0.0001  max mem: 18664
Val: Total time: 0:00:02 (0.1087 s / it)
* loss 0.676
Accuracy of the network on the 1708 val EEG: 0.59%
Test:  [ 0/24]  eta: 0:00:07  loss: 0.6793 (0.6793)  accuracy: 0.5833 (0.5833)  balanced_accuracy: 0.5000 (0.5000)  time: 0.3255  data: 0.2221  max mem: 18664
Test:  [10/24]  eta: 0:00:01  loss: 0.6690 (0.6699)  accuracy: 0.6111 (0.6086)  balanced_accuracy: 0.5000 (0.5000)  time: 0.1187  data: 0.0203  max mem: 18664
Test:  [20/24]  eta: 0:00:00  loss: 0.6793 (0.6779)  accuracy: 0.5833 (0.5873)  balanced_accuracy: 0.5000 (0.5000)  time: 0.0982  data: 0.0001  max mem: 18664
Test:  [23/24]  eta: 0:00:00  loss: 0.6793 (0.6751)  accuracy: 0.5833 (0.5942)  balanced_accuracy: 0.5000 (0.5000)  time: 0.0973  data: 0.0001  max mem: 18664
Test: Total time: 0:00:02 (0.1091 s / it)
* loss 0.675
Accuracy of the network on the 1715 test EEG: 0.59%
Max accuracy val: 0.59%, max accuracy test: 0.58%
Epoch: [28]  [ 0/36]  eta: 0:00:14  lr: 0.000242  min_lr: 0.000061  loss: 0.6177 (0.6177)  class_acc: 0.7500 (0.7500)  loss_scale: 8192.0000 (8192.0000)  weight_decay: 0.0500 (0.0500)  grad_norm: 0.2668 (0.2668)  time: 0.4075  data: 0.1832  max mem: 18664
Epoch: [28]  [10/36]  eta: 0:00:06  lr: 0.000237  min_lr: 0.000060  loss: 0.6790 (0.6738)  class_acc: 0.5833 (0.5985)  loss_scale: 8192.0000 (8192.0000)  weight_decay: 0.0500 (0.0500)  grad_norm: 0.2668 (0.2860)  time: 0.2369  data: 0.0168  max mem: 18664
Epoch: [28]  [20/36]  eta: 0:00:03  lr: 0.000232  min_lr: 0.000059  loss: 0.6790 (0.6773)  class_acc: 0.5833 (0.5893)  loss_scale: 8192.0000 (8192.0000)  weight_decay: 0.0500 (0.0500)  grad_norm: 0.3065 (0.3351)  time: 0.2205  data: 0.0001  max mem: 18664
Epoch: [28]  [30/36]  eta: 0:00:01  lr: 0.000227  min_lr: 0.000058  loss: 0.6797 (0.6797)  class_acc: 0.5625 (0.5833)  loss_scale: 8192.0000 (8192.0000)  weight_decay: 0.0500 (0.0500)  grad_norm: 0.3245 (0.3545)  time: 0.2201  data: 0.0001  max mem: 18664
Epoch: [28]  [35/36]  eta: 0:00:00  lr: 0.000225  min_lr: 0.000057  loss: 0.6878 (0.6813)  class_acc: 0.5417 (0.5792)  loss_scale: 8192.0000 (8192.0000)  weight_decay: 0.0500 (0.0500)  grad_norm: 0.3119 (0.3439)  time: 0.2087  data: 0.0001  max mem: 18664
Epoch: [28] Total time: 0:00:07 (0.2210 s / it)
Averaged stats: lr: 0.000225  min_lr: 0.000057  loss: 0.6878 (0.6744)  class_acc: 0.5417 (0.5966)  loss_scale: 8192.0000 (8192.0000)  weight_decay: 0.0500 (0.0500)  grad_norm: 0.3119 (0.3439)
Val:  [ 0/24]  eta: 0:00:08  loss: 0.6796 (0.6796)  accuracy: 0.5833 (0.5833)  balanced_accuracy: 0.5000 (0.5000)  time: 0.3476  data: 0.2464  max mem: 18664
Val:  [10/24]  eta: 0:00:01  loss: 0.6796 (0.6746)  accuracy: 0.5833 (0.5960)  balanced_accuracy: 0.5000 (0.5000)  time: 0.1207  data: 0.0225  max mem: 18664
Val:  [20/24]  eta: 0:00:00  loss: 0.6741 (0.6744)  accuracy: 0.5833 (0.5966)  balanced_accuracy: 0.5000 (0.5000)  time: 0.0979  data: 0.0001  max mem: 18664
Val:  [23/24]  eta: 0:00:00  loss: 0.6796 (0.6756)  accuracy: 0.5833 (0.5937)  balanced_accuracy: 0.5000 (0.5000)  time: 0.0964  data: 0.0001  max mem: 18664
Val: Total time: 0:00:02 (0.1095 s / it)
* loss 0.676
Accuracy of the network on the 1708 val EEG: 0.59%
Test:  [ 0/24]  eta: 0:00:09  loss: 0.6796 (0.6796)  accuracy: 0.5833 (0.5833)  balanced_accuracy: 0.5000 (0.5000)  time: 0.3903  data: 0.2887  max mem: 18664
Test:  [10/24]  eta: 0:00:01  loss: 0.6686 (0.6696)  accuracy: 0.6111 (0.6086)  balanced_accuracy: 0.5000 (0.5000)  time: 0.1247  data: 0.0264  max mem: 18664
Test:  [20/24]  eta: 0:00:00  loss: 0.6796 (0.6781)  accuracy: 0.5833 (0.5873)  balanced_accuracy: 0.5000 (0.5000)  time: 0.0980  data: 0.0002  max mem: 18664
Test:  [23/24]  eta: 0:00:00  loss: 0.6796 (0.6751)  accuracy: 0.5833 (0.5942)  balanced_accuracy: 0.5000 (0.5000)  time: 0.0970  data: 0.0001  max mem: 18664
Test: Total time: 0:00:02 (0.1119 s / it)
* loss 0.675
Accuracy of the network on the 1715 test EEG: 0.59%
Max accuracy val: 0.59%, max accuracy test: 0.58%
Epoch: [29]  [ 0/36]  eta: 0:00:14  lr: 0.000224  min_lr: 0.000057  loss: 0.6797 (0.6797)  class_acc: 0.5833 (0.5833)  loss_scale: 8192.0000 (8192.0000)  weight_decay: 0.0500 (0.0500)  grad_norm: 0.3860 (0.3860)  time: 0.4139  data: 0.1870  max mem: 18664
Epoch: [29]  [10/36]  eta: 0:00:06  lr: 0.000219  min_lr: 0.000056  loss: 0.6797 (0.6816)  class_acc: 0.5833 (0.5777)  loss_scale: 8192.0000 (8192.0000)  weight_decay: 0.0500 (0.0500)  grad_norm: 0.3860 (0.3805)  time: 0.2378  data: 0.0171  max mem: 18664
Epoch: [29]  [20/36]  eta: 0:00:03  lr: 0.000215  min_lr: 0.000055  loss: 0.6714 (0.6758)  class_acc: 0.6042 (0.5933)  loss_scale: 8192.0000 (8192.0000)  weight_decay: 0.0500 (0.0500)  grad_norm: 0.3965 (0.4385)  time: 0.2202  data: 0.0001  max mem: 18664
Epoch: [29]  [30/36]  eta: 0:00:01  lr: 0.000210  min_lr: 0.000053  loss: 0.6642 (0.6768)  class_acc: 0.6042 (0.5907)  loss_scale: 8192.0000 (8192.0000)  weight_decay: 0.0500 (0.0500)  grad_norm: 0.3930 (0.4454)  time: 0.2203  data: 0.0001  max mem: 18664
Epoch: [29]  [35/36]  eta: 0:00:00  lr: 0.000208  min_lr: 0.000053  loss: 0.6631 (0.6759)  class_acc: 0.6042 (0.5929)  loss_scale: 8192.0000 (8192.0000)  weight_decay: 0.0500 (0.0500)  grad_norm: 0.3479 (0.4545)  time: 0.2093  data: 0.0001  max mem: 18664
Epoch: [29] Total time: 0:00:08 (0.2224 s / it)
Averaged stats: lr: 0.000208  min_lr: 0.000053  loss: 0.6631 (0.6749)  class_acc: 0.6042 (0.5958)  loss_scale: 8192.0000 (8192.0000)  weight_decay: 0.0500 (0.0500)  grad_norm: 0.3479 (0.4545)
Val:  [ 0/24]  eta: 0:00:07  loss: 0.6798 (0.6798)  accuracy: 0.5833 (0.5833)  balanced_accuracy: 0.5000 (0.5000)  time: 0.3296  data: 0.2274  max mem: 18664
Val:  [10/24]  eta: 0:00:01  loss: 0.6798 (0.6747)  accuracy: 0.5833 (0.5960)  balanced_accuracy: 0.5000 (0.5000)  time: 0.1191  data: 0.0208  max mem: 18664
Val:  [20/24]  eta: 0:00:00  loss: 0.6741 (0.6744)  accuracy: 0.5833 (0.5966)  balanced_accuracy: 0.5000 (0.5000)  time: 0.0980  data: 0.0002  max mem: 18664
Val:  [23/24]  eta: 0:00:00  loss: 0.6798 (0.6757)  accuracy: 0.5833 (0.5937)  balanced_accuracy: 0.5000 (0.5000)  time: 0.0965  data: 0.0001  max mem: 18664
Val: Total time: 0:00:02 (0.1087 s / it)
* loss 0.676
Accuracy of the network on the 1708 val EEG: 0.59%
Test:  [ 0/24]  eta: 0:00:08  loss: 0.6798 (0.6798)  accuracy: 0.5833 (0.5833)  balanced_accuracy: 0.5000 (0.5000)  time: 0.3525  data: 0.2514  max mem: 18664
Test:  [10/24]  eta: 0:00:01  loss: 0.6685 (0.6695)  accuracy: 0.6111 (0.6086)  balanced_accuracy: 0.5000 (0.5000)  time: 0.1214  data: 0.0230  max mem: 18664
Test:  [20/24]  eta: 0:00:00  loss: 0.6798 (0.6782)  accuracy: 0.5833 (0.5873)  balanced_accuracy: 0.5000 (0.5000)  time: 0.0982  data: 0.0002  max mem: 18664
Test:  [23/24]  eta: 0:00:00  loss: 0.6798 (0.6752)  accuracy: 0.5833 (0.5942)  balanced_accuracy: 0.5000 (0.5000)  time: 0.0973  data: 0.0002  max mem: 18664
Test: Total time: 0:00:02 (0.1113 s / it)
* loss 0.675
Accuracy of the network on the 1715 test EEG: 0.59%
Max accuracy val: 0.59%, max accuracy test: 0.58%
Epoch: [30]  [ 0/36]  eta: 0:00:15  lr: 0.000207  min_lr: 0.000053  loss: 0.6545 (0.6545)  class_acc: 0.6458 (0.6458)  loss_scale: 8192.0000 (8192.0000)  weight_decay: 0.0500 (0.0500)  grad_norm: 0.3313 (0.3313)  time: 0.4271  data: 0.1933  max mem: 18664
Epoch: [30]  [10/36]  eta: 0:00:06  lr: 0.000202  min_lr: 0.000051  loss: 0.6545 (0.6711)  class_acc: 0.6458 (0.6042)  loss_scale: 8192.0000 (8192.0000)  weight_decay: 0.0500 (0.0500)  grad_norm: 0.3249 (0.4712)  time: 0.2385  data: 0.0177  max mem: 18664
Epoch: [30]  [20/36]  eta: 0:00:03  lr: 0.000197  min_lr: 0.000050  loss: 0.6628 (0.6781)  class_acc: 0.6250 (0.5883)  loss_scale: 8192.0000 (8192.0000)  weight_decay: 0.0500 (0.0500)  grad_norm: 0.3889 (0.5504)  time: 0.2199  data: 0.0001  max mem: 18664
Epoch: [30]  [30/36]  eta: 0:00:01  lr: 0.000193  min_lr: 0.000049  loss: 0.6798 (0.6796)  class_acc: 0.5625 (0.5840)  loss_scale: 8192.0000 (8192.0000)  weight_decay: 0.0500 (0.0500)  grad_norm: 0.2938 (0.4733)  time: 0.2202  data: 0.0001  max mem: 18664
Epoch: [30]  [35/36]  eta: 0:00:00  lr: 0.000191  min_lr: 0.000048  loss: 0.6870 (0.6787)  class_acc: 0.5625 (0.5863)  loss_scale: 8192.0000 (8192.0000)  weight_decay: 0.0500 (0.0500)  grad_norm: 0.2149 (0.4440)  time: 0.2091  data: 0.0001  max mem: 18664
Epoch: [30] Total time: 0:00:07 (0.2219 s / it)
Averaged stats: lr: 0.000191  min_lr: 0.000048  loss: 0.6870 (0.6745)  class_acc: 0.5625 (0.5966)  loss_scale: 8192.0000 (8192.0000)  weight_decay: 0.0500 (0.0500)  grad_norm: 0.2149 (0.4440)
Val:  [ 0/24]  eta: 0:00:08  loss: 0.6793 (0.6793)  accuracy: 0.5833 (0.5833)  balanced_accuracy: 0.5000 (0.5000)  time: 0.3589  data: 0.2543  max mem: 18664
Val:  [10/24]  eta: 0:00:01  loss: 0.6793 (0.6747)  accuracy: 0.5833 (0.5960)  balanced_accuracy: 0.5000 (0.5000)  time: 0.1218  data: 0.0233  max mem: 18664
Val:  [20/24]  eta: 0:00:00  loss: 0.6742 (0.6745)  accuracy: 0.5833 (0.5966)  balanced_accuracy: 0.5000 (0.5000)  time: 0.0980  data: 0.0002  max mem: 18664
Val:  [23/24]  eta: 0:00:00  loss: 0.6793 (0.6756)  accuracy: 0.5833 (0.5937)  balanced_accuracy: 0.5000 (0.5000)  time: 0.0966  data: 0.0001  max mem: 18664
Val: Total time: 0:00:02 (0.1108 s / it)
* loss 0.676
Accuracy of the network on the 1708 val EEG: 0.59%
Test:  [ 0/24]  eta: 0:00:07  loss: 0.6793 (0.6793)  accuracy: 0.5833 (0.5833)  balanced_accuracy: 0.5000 (0.5000)  time: 0.3216  data: 0.2170  max mem: 18664
Test:  [10/24]  eta: 0:00:01  loss: 0.6692 (0.6701)  accuracy: 0.6111 (0.6086)  balanced_accuracy: 0.5000 (0.5000)  time: 0.1184  data: 0.0199  max mem: 18664
Test:  [20/24]  eta: 0:00:00  loss: 0.6793 (0.6778)  accuracy: 0.5833 (0.5873)  balanced_accuracy: 0.5000 (0.5000)  time: 0.0983  data: 0.0002  max mem: 18664
Test:  [23/24]  eta: 0:00:00  loss: 0.6793 (0.6752)  accuracy: 0.5833 (0.5942)  balanced_accuracy: 0.5000 (0.5000)  time: 0.0973  data: 0.0001  max mem: 18664
Test: Total time: 0:00:02 (0.1090 s / it)
* loss 0.675
Accuracy of the network on the 1715 test EEG: 0.59%
Max accuracy val: 0.59%, max accuracy test: 0.58%
Epoch: [31]  [ 0/36]  eta: 0:00:15  lr: 0.000190  min_lr: 0.000048  loss: 0.6943 (0.6943)  class_acc: 0.5417 (0.5417)  loss_scale: 8192.0000 (8192.0000)  weight_decay: 0.0500 (0.0500)  grad_norm: 0.0874 (0.0874)  time: 0.4358  data: 0.2047  max mem: 18664
Epoch: [31]  [10/36]  eta: 0:00:06  lr: 0.000185  min_lr: 0.000047  loss: 0.6717 (0.6752)  class_acc: 0.6042 (0.5947)  loss_scale: 8192.0000 (8192.0000)  weight_decay: 0.0500 (0.0500)  grad_norm: 0.4133 (0.4886)  time: 0.2396  data: 0.0187  max mem: 18664
Epoch: [31]  [20/36]  eta: 0:00:03  lr: 0.000181  min_lr: 0.000046  loss: 0.6717 (0.6715)  class_acc: 0.6042 (0.6052)  loss_scale: 8192.0000 (8192.0000)  weight_decay: 0.0500 (0.0500)  grad_norm: 0.4065 (0.4500)  time: 0.2199  data: 0.0001  max mem: 18664
Epoch: [31]  [30/36]  eta: 0:00:01  lr: 0.000176  min_lr: 0.000045  loss: 0.6717 (0.6749)  class_acc: 0.5833 (0.5961)  loss_scale: 8192.0000 (8192.0000)  weight_decay: 0.0500 (0.0500)  grad_norm: 0.3137 (0.4227)  time: 0.2196  data: 0.0001  max mem: 18664
Epoch: [31]  [35/36]  eta: 0:00:00  lr: 0.000174  min_lr: 0.000044  loss: 0.6638 (0.6750)  class_acc: 0.6042 (0.5958)  loss_scale: 8192.0000 (8192.0000)  weight_decay: 0.0500 (0.0500)  grad_norm: 0.3137 (0.4246)  time: 0.2086  data: 0.0001  max mem: 18664
Epoch: [31] Total time: 0:00:07 (0.2219 s / it)
Averaged stats: lr: 0.000174  min_lr: 0.000044  loss: 0.6638 (0.6745)  class_acc: 0.6042 (0.5966)  loss_scale: 8192.0000 (8192.0000)  weight_decay: 0.0500 (0.0500)  grad_norm: 0.3137 (0.4246)
Val:  [ 0/24]  eta: 0:00:07  loss: 0.6798 (0.6798)  accuracy: 0.5833 (0.5833)  balanced_accuracy: 0.5000 (0.5000)  time: 0.3228  data: 0.2214  max mem: 18664
Val:  [10/24]  eta: 0:00:01  loss: 0.6798 (0.6746)  accuracy: 0.5833 (0.5960)  balanced_accuracy: 0.5000 (0.5000)  time: 0.1186  data: 0.0203  max mem: 18664
Val:  [20/24]  eta: 0:00:00  loss: 0.6741 (0.6744)  accuracy: 0.5833 (0.5966)  balanced_accuracy: 0.5000 (0.5000)  time: 0.0980  data: 0.0002  max mem: 18664
Val:  [23/24]  eta: 0:00:00  loss: 0.6798 (0.6757)  accuracy: 0.5833 (0.5937)  balanced_accuracy: 0.5000 (0.5000)  time: 0.0966  data: 0.0001  max mem: 18664
Val: Total time: 0:00:02 (0.1092 s / it)
* loss 0.676
Accuracy of the network on the 1708 val EEG: 0.59%
Test:  [ 0/24]  eta: 0:00:07  loss: 0.6798 (0.6798)  accuracy: 0.5833 (0.5833)  balanced_accuracy: 0.5000 (0.5000)  time: 0.3294  data: 0.2283  max mem: 18664
Test:  [10/24]  eta: 0:00:01  loss: 0.6685 (0.6695)  accuracy: 0.6111 (0.6086)  balanced_accuracy: 0.5000 (0.5000)  time: 0.1190  data: 0.0209  max mem: 18664
Test:  [20/24]  eta: 0:00:00  loss: 0.6798 (0.6782)  accuracy: 0.5833 (0.5873)  balanced_accuracy: 0.5000 (0.5000)  time: 0.0979  data: 0.0001  max mem: 18664
Test:  [23/24]  eta: 0:00:00  loss: 0.6798 (0.6752)  accuracy: 0.5833 (0.5942)  balanced_accuracy: 0.5000 (0.5000)  time: 0.0969  data: 0.0001  max mem: 18664
Test: Total time: 0:00:02 (0.1097 s / it)
* loss 0.675
Accuracy of the network on the 1715 test EEG: 0.59%
Max accuracy val: 0.59%, max accuracy test: 0.58%
Epoch: [32]  [ 0/36]  eta: 0:00:15  lr: 0.000173  min_lr: 0.000044  loss: 0.6630 (0.6630)  class_acc: 0.6250 (0.6250)  loss_scale: 8192.0000 (8192.0000)  weight_decay: 0.0500 (0.0500)  grad_norm: 0.0679 (0.0679)  time: 0.4214  data: 0.1886  max mem: 18664
Epoch: [32]  [10/36]  eta: 0:00:06  lr: 0.000169  min_lr: 0.000043  loss: 0.6717 (0.6729)  class_acc: 0.6042 (0.6004)  loss_scale: 8192.0000 (8192.0000)  weight_decay: 0.0500 (0.0500)  grad_norm: 0.2454 (0.3434)  time: 0.2381  data: 0.0172  max mem: 18664
Epoch: [32]  [20/36]  eta: 0:00:03  lr: 0.000164  min_lr: 0.000042  loss: 0.6632 (0.6706)  class_acc: 0.6042 (0.6062)  loss_scale: 8192.0000 (8192.0000)  weight_decay: 0.0500 (0.0500)  grad_norm: 0.3469 (0.4535)  time: 0.2200  data: 0.0001  max mem: 18664
Epoch: [32]  [30/36]  eta: 0:00:01  lr: 0.000159  min_lr: 0.000041  loss: 0.6711 (0.6759)  class_acc: 0.5833 (0.5927)  loss_scale: 8192.0000 (8192.0000)  weight_decay: 0.0500 (0.0500)  grad_norm: 0.6118 (0.4991)  time: 0.2200  data: 0.0001  max mem: 18664
Epoch: [32]  [35/36]  eta: 0:00:00  lr: 0.000157  min_lr: 0.000040  loss: 0.6796 (0.6741)  class_acc: 0.5833 (0.5976)  loss_scale: 8192.0000 (8192.0000)  weight_decay: 0.0500 (0.0500)  grad_norm: 0.6118 (0.5272)  time: 0.2089  data: 0.0001  max mem: 18664
Epoch: [32] Total time: 0:00:07 (0.2215 s / it)
Averaged stats: lr: 0.000157  min_lr: 0.000040  loss: 0.6796 (0.6744)  class_acc: 0.5833 (0.5974)  loss_scale: 8192.0000 (8192.0000)  weight_decay: 0.0500 (0.0500)  grad_norm: 0.6118 (0.5272)
Val:  [ 0/24]  eta: 0:00:08  loss: 0.6793 (0.6793)  accuracy: 0.5833 (0.5833)  balanced_accuracy: 0.5000 (0.5000)  time: 0.3518  data: 0.2505  max mem: 18664
Val:  [10/24]  eta: 0:00:01  loss: 0.6793 (0.6747)  accuracy: 0.5833 (0.5960)  balanced_accuracy: 0.5000 (0.5000)  time: 0.1211  data: 0.0229  max mem: 18664
Val:  [20/24]  eta: 0:00:00  loss: 0.6742 (0.6744)  accuracy: 0.5833 (0.5966)  balanced_accuracy: 0.5000 (0.5000)  time: 0.0979  data: 0.0001  max mem: 18664
Val:  [23/24]  eta: 0:00:00  loss: 0.6793 (0.6756)  accuracy: 0.5833 (0.5937)  balanced_accuracy: 0.5000 (0.5000)  time: 0.0965  data: 0.0001  max mem: 18664
Val: Total time: 0:00:02 (0.1093 s / it)
* loss 0.676
Accuracy of the network on the 1708 val EEG: 0.59%
Test:  [ 0/24]  eta: 0:00:07  loss: 0.6793 (0.6793)  accuracy: 0.5833 (0.5833)  balanced_accuracy: 0.5000 (0.5000)  time: 0.3152  data: 0.2121  max mem: 18664
Test:  [10/24]  eta: 0:00:01  loss: 0.6691 (0.6700)  accuracy: 0.6111 (0.6086)  balanced_accuracy: 0.5000 (0.5000)  time: 0.1179  data: 0.0194  max mem: 18664
Test:  [20/24]  eta: 0:00:00  loss: 0.6793 (0.6779)  accuracy: 0.5833 (0.5873)  balanced_accuracy: 0.5000 (0.5000)  time: 0.0983  data: 0.0002  max mem: 18664
Test:  [23/24]  eta: 0:00:00  loss: 0.6793 (0.6751)  accuracy: 0.5833 (0.5942)  balanced_accuracy: 0.5000 (0.5000)  time: 0.0972  data: 0.0001  max mem: 18664
Test: Total time: 0:00:02 (0.1091 s / it)
* loss 0.675
Accuracy of the network on the 1715 test EEG: 0.59%
Max accuracy val: 0.59%, max accuracy test: 0.58%
Epoch: [33]  [ 0/36]  eta: 0:00:15  lr: 0.000157  min_lr: 0.000040  loss: 0.6800 (0.6800)  class_acc: 0.5833 (0.5833)  loss_scale: 8192.0000 (8192.0000)  weight_decay: 0.0500 (0.0500)  grad_norm: 0.4850 (0.4850)  time: 0.4285  data: 0.2037  max mem: 18664
Epoch: [33]  [10/36]  eta: 0:00:06  lr: 0.000152  min_lr: 0.000039  loss: 0.6800 (0.6773)  class_acc: 0.5833 (0.5890)  loss_scale: 8192.0000 (8192.0000)  weight_decay: 0.0500 (0.0500)  grad_norm: 0.4850 (0.4918)  time: 0.2385  data: 0.0186  max mem: 18664
Epoch: [33]  [20/36]  eta: 0:00:03  lr: 0.000148  min_lr: 0.000038  loss: 0.6793 (0.6749)  class_acc: 0.5833 (0.5952)  loss_scale: 8192.0000 (8192.0000)  weight_decay: 0.0500 (0.0500)  grad_norm: 0.4357 (0.5530)  time: 0.2196  data: 0.0001  max mem: 18664
Epoch: [33]  [30/36]  eta: 0:00:01  lr: 0.000143  min_lr: 0.000036  loss: 0.6706 (0.6736)  class_acc: 0.6042 (0.5988)  loss_scale: 8192.0000 (8192.0000)  weight_decay: 0.0500 (0.0500)  grad_norm: 0.2856 (0.4826)  time: 0.2197  data: 0.0001  max mem: 18664
Epoch: [33]  [35/36]  eta: 0:00:00  lr: 0.000142  min_lr: 0.000036  loss: 0.6640 (0.6739)  class_acc: 0.6042 (0.5982)  loss_scale: 8192.0000 (8192.0000)  weight_decay: 0.0500 (0.0500)  grad_norm: 0.3439 (0.4642)  time: 0.2086  data: 0.0001  max mem: 18664
Epoch: [33] Total time: 0:00:07 (0.2211 s / it)
Averaged stats: lr: 0.000142  min_lr: 0.000036  loss: 0.6640 (0.6743)  class_acc: 0.6042 (0.5968)  loss_scale: 8192.0000 (8192.0000)  weight_decay: 0.0500 (0.0500)  grad_norm: 0.3439 (0.4642)
Val:  [ 0/24]  eta: 0:00:08  loss: 0.6798 (0.6798)  accuracy: 0.5833 (0.5833)  balanced_accuracy: 0.5000 (0.5000)  time: 0.3499  data: 0.2483  max mem: 18664
Val:  [10/24]  eta: 0:00:01  loss: 0.6798 (0.6747)  accuracy: 0.5833 (0.5960)  balanced_accuracy: 0.5000 (0.5000)  time: 0.1211  data: 0.0227  max mem: 18664
Val:  [20/24]  eta: 0:00:00  loss: 0.6741 (0.6744)  accuracy: 0.5833 (0.5966)  balanced_accuracy: 0.5000 (0.5000)  time: 0.0980  data: 0.0001  max mem: 18664
Val:  [23/24]  eta: 0:00:00  loss: 0.6798 (0.6757)  accuracy: 0.5833 (0.5937)  balanced_accuracy: 0.5000 (0.5000)  time: 0.0966  data: 0.0001  max mem: 18664
Val: Total time: 0:00:02 (0.1099 s / it)
* loss 0.676
Accuracy of the network on the 1708 val EEG: 0.59%
Test:  [ 0/24]  eta: 0:00:07  loss: 0.6798 (0.6798)  accuracy: 0.5833 (0.5833)  balanced_accuracy: 0.5000 (0.5000)  time: 0.3226  data: 0.2191  max mem: 18664
Test:  [10/24]  eta: 0:00:01  loss: 0.6685 (0.6695)  accuracy: 0.6111 (0.6086)  balanced_accuracy: 0.5000 (0.5000)  time: 0.1184  data: 0.0201  max mem: 18664
Test:  [20/24]  eta: 0:00:00  loss: 0.6798 (0.6782)  accuracy: 0.5833 (0.5873)  balanced_accuracy: 0.5000 (0.5000)  time: 0.0979  data: 0.0001  max mem: 18664
Test:  [23/24]  eta: 0:00:00  loss: 0.6798 (0.6752)  accuracy: 0.5833 (0.5942)  balanced_accuracy: 0.5000 (0.5000)  time: 0.0970  data: 0.0001  max mem: 18664
Test: Total time: 0:00:02 (0.1088 s / it)
* loss 0.675
Accuracy of the network on the 1715 test EEG: 0.59%
Max accuracy val: 0.59%, max accuracy test: 0.58%
Epoch: [34]  [ 0/36]  eta: 0:00:14  lr: 0.000141  min_lr: 0.000036  loss: 0.6379 (0.6379)  class_acc: 0.6875 (0.6875)  loss_scale: 8192.0000 (8192.0000)  weight_decay: 0.0500 (0.0500)  grad_norm: 0.2485 (0.2485)  time: 0.4114  data: 0.1842  max mem: 18664
Epoch: [34]  [10/36]  eta: 0:00:06  lr: 0.000137  min_lr: 0.000035  loss: 0.6801 (0.6767)  class_acc: 0.5833 (0.5909)  loss_scale: 8192.0000 (8192.0000)  weight_decay: 0.0500 (0.0500)  grad_norm: 0.2604 (0.3576)  time: 0.2370  data: 0.0168  max mem: 18664
Epoch: [34]  [20/36]  eta: 0:00:03  lr: 0.000132  min_lr: 0.000034  loss: 0.6794 (0.6705)  class_acc: 0.5833 (0.6062)  loss_scale: 8192.0000 (8192.0000)  weight_decay: 0.0500 (0.0500)  grad_norm: 0.2833 (0.3981)  time: 0.2195  data: 0.0001  max mem: 18664
Epoch: [34]  [30/36]  eta: 0:00:01  lr: 0.000128  min_lr: 0.000033  loss: 0.6710 (0.6686)  class_acc: 0.6042 (0.6109)  loss_scale: 8192.0000 (8192.0000)  weight_decay: 0.0500 (0.0500)  grad_norm: 0.4364 (0.4425)  time: 0.2195  data: 0.0001  max mem: 18664
Epoch: [34]  [35/36]  eta: 0:00:00  lr: 0.000126  min_lr: 0.000032  loss: 0.6797 (0.6714)  class_acc: 0.5833 (0.6042)  loss_scale: 8192.0000 (8192.0000)  weight_decay: 0.0500 (0.0500)  grad_norm: 0.4364 (0.4561)  time: 0.2085  data: 0.0001  max mem: 18664
Epoch: [34] Total time: 0:00:07 (0.2211 s / it)
Averaged stats: lr: 0.000126  min_lr: 0.000032  loss: 0.6797 (0.6743)  class_acc: 0.5833 (0.5970)  loss_scale: 8192.0000 (8192.0000)  weight_decay: 0.0500 (0.0500)  grad_norm: 0.4364 (0.4561)
Val:  [ 0/24]  eta: 0:00:07  loss: 0.6799 (0.6799)  accuracy: 0.5833 (0.5833)  balanced_accuracy: 0.5000 (0.5000)  time: 0.3293  data: 0.2285  max mem: 18664
Val:  [10/24]  eta: 0:00:01  loss: 0.6799 (0.6747)  accuracy: 0.5833 (0.5960)  balanced_accuracy: 0.5000 (0.5000)  time: 0.1190  data: 0.0209  max mem: 18664
Val:  [20/24]  eta: 0:00:00  loss: 0.6742 (0.6744)  accuracy: 0.5833 (0.5966)  balanced_accuracy: 0.5000 (0.5000)  time: 0.0979  data: 0.0001  max mem: 18664
Val:  [23/24]  eta: 0:00:00  loss: 0.6799 (0.6757)  accuracy: 0.5833 (0.5937)  balanced_accuracy: 0.5000 (0.5000)  time: 0.0965  data: 0.0001  max mem: 18664
Val: Total time: 0:00:02 (0.1088 s / it)
* loss 0.676
Accuracy of the network on the 1708 val EEG: 0.59%
Test:  [ 0/24]  eta: 0:00:08  loss: 0.6799 (0.6799)  accuracy: 0.5833 (0.5833)  balanced_accuracy: 0.5000 (0.5000)  time: 0.3545  data: 0.2513  max mem: 18664
Test:  [10/24]  eta: 0:00:01  loss: 0.6684 (0.6695)  accuracy: 0.6111 (0.6086)  balanced_accuracy: 0.5000 (0.5000)  time: 0.1213  data: 0.0230  max mem: 18664
Test:  [20/24]  eta: 0:00:00  loss: 0.6799 (0.6783)  accuracy: 0.5833 (0.5873)  balanced_accuracy: 0.5000 (0.5000)  time: 0.0979  data: 0.0002  max mem: 18664
Test:  [23/24]  eta: 0:00:00  loss: 0.6799 (0.6752)  accuracy: 0.5833 (0.5942)  balanced_accuracy: 0.5000 (0.5000)  time: 0.0970  data: 0.0001  max mem: 18664
Test: Total time: 0:00:02 (0.1108 s / it)
* loss 0.675
Accuracy of the network on the 1715 test EEG: 0.59%
Max accuracy val: 0.59%, max accuracy test: 0.58%
Epoch: [35]  [ 0/36]  eta: 0:00:15  lr: 0.000126  min_lr: 0.000032  loss: 0.6797 (0.6797)  class_acc: 0.5833 (0.5833)  loss_scale: 8192.0000 (8192.0000)  weight_decay: 0.0500 (0.0500)  grad_norm: 0.7278 (0.7278)  time: 0.4240  data: 0.1994  max mem: 18664
Epoch: [35]  [10/36]  eta: 0:00:06  lr: 0.000121  min_lr: 0.000031  loss: 0.6719 (0.6680)  class_acc: 0.6042 (0.6136)  loss_scale: 8192.0000 (8192.0000)  weight_decay: 0.0500 (0.0500)  grad_norm: 0.4049 (0.4084)  time: 0.2383  data: 0.0182  max mem: 18664
Epoch: [35]  [20/36]  eta: 0:00:03  lr: 0.000117  min_lr: 0.000030  loss: 0.6719 (0.6745)  class_acc: 0.5833 (0.5962)  loss_scale: 8192.0000 (8192.0000)  weight_decay: 0.0500 (0.0500)  grad_norm: 0.3428 (0.4337)  time: 0.2200  data: 0.0001  max mem: 18664
Epoch: [35]  [30/36]  eta: 0:00:01  lr: 0.000113  min_lr: 0.000029  loss: 0.6790 (0.6764)  class_acc: 0.5833 (0.5914)  loss_scale: 8192.0000 (8192.0000)  weight_decay: 0.0500 (0.0500)  grad_norm: 0.3605 (0.4424)  time: 0.2200  data: 0.0001  max mem: 18664
Epoch: [35]  [35/36]  eta: 0:00:00  lr: 0.000111  min_lr: 0.000028  loss: 0.6790 (0.6752)  class_acc: 0.5833 (0.5946)  loss_scale: 8192.0000 (8192.0000)  weight_decay: 0.0500 (0.0500)  grad_norm: 0.3272 (0.4342)  time: 0.2090  data: 0.0001  max mem: 18664
Epoch: [35] Total time: 0:00:07 (0.2214 s / it)
Averaged stats: lr: 0.000111  min_lr: 0.000028  loss: 0.6790 (0.6748)  class_acc: 0.5833 (0.5958)  loss_scale: 8192.0000 (8192.0000)  weight_decay: 0.0500 (0.0500)  grad_norm: 0.3272 (0.4342)
Val:  [ 0/24]  eta: 0:00:07  loss: 0.6797 (0.6797)  accuracy: 0.5833 (0.5833)  balanced_accuracy: 0.5000 (0.5000)  time: 0.3224  data: 0.2215  max mem: 18664
Val:  [10/24]  eta: 0:00:01  loss: 0.6797 (0.6746)  accuracy: 0.5833 (0.5960)  balanced_accuracy: 0.5000 (0.5000)  time: 0.1185  data: 0.0203  max mem: 18664
Val:  [20/24]  eta: 0:00:00  loss: 0.6741 (0.6744)  accuracy: 0.5833 (0.5966)  balanced_accuracy: 0.5000 (0.5000)  time: 0.0979  data: 0.0002  max mem: 18664
Val:  [23/24]  eta: 0:00:00  loss: 0.6797 (0.6756)  accuracy: 0.5833 (0.5937)  balanced_accuracy: 0.5000 (0.5000)  time: 0.0965  data: 0.0001  max mem: 18664
Val: Total time: 0:00:02 (0.1092 s / it)
* loss 0.676
Accuracy of the network on the 1708 val EEG: 0.59%
Test:  [ 0/24]  eta: 0:00:07  loss: 0.6797 (0.6797)  accuracy: 0.5833 (0.5833)  balanced_accuracy: 0.5000 (0.5000)  time: 0.3119  data: 0.2105  max mem: 18664
Test:  [10/24]  eta: 0:00:01  loss: 0.6685 (0.6696)  accuracy: 0.6111 (0.6086)  balanced_accuracy: 0.5000 (0.5000)  time: 0.1177  data: 0.0193  max mem: 18664
Test:  [20/24]  eta: 0:00:00  loss: 0.6797 (0.6781)  accuracy: 0.5833 (0.5873)  balanced_accuracy: 0.5000 (0.5000)  time: 0.0981  data: 0.0001  max mem: 18664
Test:  [23/24]  eta: 0:00:00  loss: 0.6797 (0.6751)  accuracy: 0.5833 (0.5942)  balanced_accuracy: 0.5000 (0.5000)  time: 0.0971  data: 0.0001  max mem: 18664
Test: Total time: 0:00:02 (0.1087 s / it)
* loss 0.675
Accuracy of the network on the 1715 test EEG: 0.59%
Max accuracy val: 0.59%, max accuracy test: 0.58%
Epoch: [36]  [ 0/36]  eta: 0:00:14  lr: 0.000111  min_lr: 0.000028  loss: 0.6300 (0.6300)  class_acc: 0.7083 (0.7083)  loss_scale: 8192.0000 (8192.0000)  weight_decay: 0.0500 (0.0500)  grad_norm: 0.3629 (0.3629)  time: 0.4068  data: 0.1826  max mem: 18664
Epoch: [36]  [10/36]  eta: 0:00:06  lr: 0.000107  min_lr: 0.000027  loss: 0.6799 (0.6750)  class_acc: 0.5833 (0.5947)  loss_scale: 8192.0000 (8192.0000)  weight_decay: 0.0500 (0.0500)  grad_norm: 0.3884 (0.4819)  time: 0.2370  data: 0.0167  max mem: 18664
Epoch: [36]  [20/36]  eta: 0:00:03  lr: 0.000103  min_lr: 0.000026  loss: 0.6792 (0.6719)  class_acc: 0.5833 (0.6032)  loss_scale: 8192.0000 (8192.0000)  weight_decay: 0.0500 (0.0500)  grad_norm: 0.3884 (0.4932)  time: 0.2202  data: 0.0001  max mem: 18664
Epoch: [36]  [30/36]  eta: 0:00:01  lr: 0.000099  min_lr: 0.000025  loss: 0.6712 (0.6737)  class_acc: 0.6042 (0.5988)  loss_scale: 8192.0000 (8192.0000)  weight_decay: 0.0500 (0.0500)  grad_norm: 0.4180 (0.5283)  time: 0.2199  data: 0.0001  max mem: 18664
Epoch: [36]  [35/36]  eta: 0:00:00  lr: 0.000097  min_lr: 0.000025  loss: 0.6715 (0.6737)  class_acc: 0.6042 (0.5988)  loss_scale: 8192.0000 (8192.0000)  weight_decay: 0.0500 (0.0500)  grad_norm: 0.5402 (0.5276)  time: 0.2086  data: 0.0001  max mem: 18664
Epoch: [36] Total time: 0:00:07 (0.2211 s / it)
Averaged stats: lr: 0.000097  min_lr: 0.000025  loss: 0.6715 (0.6742)  class_acc: 0.6042 (0.5974)  loss_scale: 8192.0000 (8192.0000)  weight_decay: 0.0500 (0.0500)  grad_norm: 0.5402 (0.5276)
Val:  [ 0/24]  eta: 0:00:07  loss: 0.6797 (0.6797)  accuracy: 0.5833 (0.5833)  balanced_accuracy: 0.5000 (0.5000)  time: 0.3227  data: 0.2216  max mem: 18664
Val:  [10/24]  eta: 0:00:01  loss: 0.6797 (0.6746)  accuracy: 0.5833 (0.5960)  balanced_accuracy: 0.5000 (0.5000)  time: 0.1184  data: 0.0203  max mem: 18664
Val:  [20/24]  eta: 0:00:00  loss: 0.6741 (0.6744)  accuracy: 0.5833 (0.5966)  balanced_accuracy: 0.5000 (0.5000)  time: 0.0980  data: 0.0002  max mem: 18664
Val:  [23/24]  eta: 0:00:00  loss: 0.6797 (0.6756)  accuracy: 0.5833 (0.5937)  balanced_accuracy: 0.5000 (0.5000)  time: 0.0965  data: 0.0001  max mem: 18664
Val: Total time: 0:00:02 (0.1090 s / it)
* loss 0.676
Accuracy of the network on the 1708 val EEG: 0.59%
Test:  [ 0/24]  eta: 0:00:08  loss: 0.6797 (0.6797)  accuracy: 0.5833 (0.5833)  balanced_accuracy: 0.5000 (0.5000)  time: 0.3581  data: 0.2544  max mem: 18664
Test:  [10/24]  eta: 0:00:01  loss: 0.6686 (0.6696)  accuracy: 0.6111 (0.6086)  balanced_accuracy: 0.5000 (0.5000)  time: 0.1220  data: 0.0233  max mem: 18664
Test:  [20/24]  eta: 0:00:00  loss: 0.6797 (0.6781)  accuracy: 0.5833 (0.5873)  balanced_accuracy: 0.5000 (0.5000)  time: 0.0981  data: 0.0001  max mem: 18664
Test:  [23/24]  eta: 0:00:00  loss: 0.6797 (0.6751)  accuracy: 0.5833 (0.5942)  balanced_accuracy: 0.5000 (0.5000)  time: 0.0970  data: 0.0001  max mem: 18664
Test: Total time: 0:00:02 (0.1103 s / it)
* loss 0.675
Accuracy of the network on the 1715 test EEG: 0.59%
Max accuracy val: 0.59%, max accuracy test: 0.58%
Epoch: [37]  [ 0/36]  eta: 0:00:15  lr: 0.000097  min_lr: 0.000025  loss: 0.6386 (0.6386)  class_acc: 0.6875 (0.6875)  loss_scale: 8192.0000 (8192.0000)  weight_decay: 0.0500 (0.0500)  grad_norm: 0.2026 (0.2026)  time: 0.4322  data: 0.2080  max mem: 18664
Epoch: [37]  [10/36]  eta: 0:00:06  lr: 0.000093  min_lr: 0.000024  loss: 0.6634 (0.6693)  class_acc: 0.6250 (0.6098)  loss_scale: 8192.0000 (8192.0000)  weight_decay: 0.0500 (0.0500)  grad_norm: 0.2904 (0.2977)  time: 0.2390  data: 0.0190  max mem: 18664
Epoch: [37]  [20/36]  eta: 0:00:03  lr: 0.000089  min_lr: 0.000023  loss: 0.6634 (0.6691)  class_acc: 0.6042 (0.6101)  loss_scale: 8192.0000 (8192.0000)  weight_decay: 0.0500 (0.0500)  grad_norm: 0.2934 (0.3486)  time: 0.2197  data: 0.0001  max mem: 18664
Epoch: [37]  [30/36]  eta: 0:00:01  lr: 0.000085  min_lr: 0.000022  loss: 0.6632 (0.6693)  class_acc: 0.6250 (0.6095)  loss_scale: 8192.0000 (8192.0000)  weight_decay: 0.0500 (0.0500)  grad_norm: 0.2753 (0.3345)  time: 0.2196  data: 0.0001  max mem: 18664
Epoch: [37]  [35/36]  eta: 0:00:00  lr: 0.000084  min_lr: 0.000021  loss: 0.6711 (0.6714)  class_acc: 0.6042 (0.6042)  loss_scale: 8192.0000 (8192.0000)  weight_decay: 0.0500 (0.0500)  grad_norm: 0.3819 (0.3988)  time: 0.2086  data: 0.0001  max mem: 18664
Epoch: [37] Total time: 0:00:07 (0.2215 s / it)
Averaged stats: lr: 0.000084  min_lr: 0.000021  loss: 0.6711 (0.6745)  class_acc: 0.6042 (0.5964)  loss_scale: 8192.0000 (8192.0000)  weight_decay: 0.0500 (0.0500)  grad_norm: 0.3819 (0.3988)
Val:  [ 0/24]  eta: 0:00:07  loss: 0.6796 (0.6796)  accuracy: 0.5833 (0.5833)  balanced_accuracy: 0.5000 (0.5000)  time: 0.3309  data: 0.2300  max mem: 18664
Val:  [10/24]  eta: 0:00:01  loss: 0.6796 (0.6746)  accuracy: 0.5833 (0.5960)  balanced_accuracy: 0.5000 (0.5000)  time: 0.1193  data: 0.0211  max mem: 18664
Val:  [20/24]  eta: 0:00:00  loss: 0.6741 (0.6744)  accuracy: 0.5833 (0.5966)  balanced_accuracy: 0.5000 (0.5000)  time: 0.0979  data: 0.0001  max mem: 18664
Val:  [23/24]  eta: 0:00:00  loss: 0.6796 (0.6756)  accuracy: 0.5833 (0.5937)  balanced_accuracy: 0.5000 (0.5000)  time: 0.0964  data: 0.0001  max mem: 18664
Val: Total time: 0:00:02 (0.1084 s / it)
* loss 0.676
Accuracy of the network on the 1708 val EEG: 0.59%
Test:  [ 0/24]  eta: 0:00:07  loss: 0.6796 (0.6796)  accuracy: 0.5833 (0.5833)  balanced_accuracy: 0.5000 (0.5000)  time: 0.3164  data: 0.2153  max mem: 18664
Test:  [10/24]  eta: 0:00:01  loss: 0.6686 (0.6696)  accuracy: 0.6111 (0.6086)  balanced_accuracy: 0.5000 (0.5000)  time: 0.1178  data: 0.0197  max mem: 18664
Test:  [20/24]  eta: 0:00:00  loss: 0.6796 (0.6780)  accuracy: 0.5833 (0.5873)  balanced_accuracy: 0.5000 (0.5000)  time: 0.0980  data: 0.0001  max mem: 18664
Test:  [23/24]  eta: 0:00:00  loss: 0.6796 (0.6751)  accuracy: 0.5833 (0.5942)  balanced_accuracy: 0.5000 (0.5000)  time: 0.0970  data: 0.0001  max mem: 18664
Test: Total time: 0:00:02 (0.1087 s / it)
* loss 0.675
Accuracy of the network on the 1715 test EEG: 0.59%
Max accuracy val: 0.59%, max accuracy test: 0.58%
Epoch: [38]  [ 0/36]  eta: 0:00:14  lr: 0.000084  min_lr: 0.000021  loss: 0.6310 (0.6310)  class_acc: 0.7083 (0.7083)  loss_scale: 8192.0000 (8192.0000)  weight_decay: 0.0500 (0.0500)  grad_norm: 0.6686 (0.6686)  time: 0.4094  data: 0.1845  max mem: 18664
Epoch: [38]  [10/36]  eta: 0:00:06  lr: 0.000080  min_lr: 0.000020  loss: 0.6628 (0.6558)  class_acc: 0.6250 (0.6439)  loss_scale: 8192.0000 (8192.0000)  weight_decay: 0.0500 (0.0500)  grad_norm: 0.5706 (0.5640)  time: 0.2370  data: 0.0169  max mem: 18664
Epoch: [38]  [20/36]  eta: 0:00:03  lr: 0.000076  min_lr: 0.000019  loss: 0.6711 (0.6652)  class_acc: 0.6042 (0.6200)  loss_scale: 8192.0000 (8192.0000)  weight_decay: 0.0500 (0.0500)  grad_norm: 0.4786 (0.5141)  time: 0.2198  data: 0.0001  max mem: 18664
Epoch: [38]  [30/36]  eta: 0:00:01  lr: 0.000073  min_lr: 0.000018  loss: 0.6710 (0.6684)  class_acc: 0.6042 (0.6116)  loss_scale: 8192.0000 (8192.0000)  weight_decay: 0.0500 (0.0500)  grad_norm: 0.4547 (0.5353)  time: 0.2197  data: 0.0001  max mem: 18664
Epoch: [38]  [35/36]  eta: 0:00:00  lr: 0.000071  min_lr: 0.000018  loss: 0.6702 (0.6709)  class_acc: 0.6042 (0.6054)  loss_scale: 8192.0000 (8192.0000)  weight_decay: 0.0500 (0.0500)  grad_norm: 0.4931 (0.5590)  time: 0.2087  data: 0.0001  max mem: 18664
Epoch: [38] Total time: 0:00:07 (0.2208 s / it)
Averaged stats: lr: 0.000071  min_lr: 0.000018  loss: 0.6702 (0.6744)  class_acc: 0.6042 (0.5964)  loss_scale: 8192.0000 (8192.0000)  weight_decay: 0.0500 (0.0500)  grad_norm: 0.4931 (0.5590)
Val:  [ 0/24]  eta: 0:00:07  loss: 0.6796 (0.6796)  accuracy: 0.5833 (0.5833)  balanced_accuracy: 0.5000 (0.5000)  time: 0.3301  data: 0.2288  max mem: 18664
Val:  [10/24]  eta: 0:00:01  loss: 0.6796 (0.6746)  accuracy: 0.5833 (0.5960)  balanced_accuracy: 0.5000 (0.5000)  time: 0.1192  data: 0.0209  max mem: 18664
Val:  [20/24]  eta: 0:00:00  loss: 0.6741 (0.6744)  accuracy: 0.5833 (0.5966)  balanced_accuracy: 0.5000 (0.5000)  time: 0.0979  data: 0.0001  max mem: 18664
Val:  [23/24]  eta: 0:00:00  loss: 0.6796 (0.6756)  accuracy: 0.5833 (0.5937)  balanced_accuracy: 0.5000 (0.5000)  time: 0.0965  data: 0.0001  max mem: 18664
Val: Total time: 0:00:02 (0.1087 s / it)
* loss 0.676
Accuracy of the network on the 1708 val EEG: 0.59%
Test:  [ 0/24]  eta: 0:00:07  loss: 0.6796 (0.6796)  accuracy: 0.5833 (0.5833)  balanced_accuracy: 0.5000 (0.5000)  time: 0.3102  data: 0.2085  max mem: 18664
Test:  [10/24]  eta: 0:00:01  loss: 0.6687 (0.6697)  accuracy: 0.6111 (0.6086)  balanced_accuracy: 0.5000 (0.5000)  time: 0.1178  data: 0.0191  max mem: 18664
Test:  [20/24]  eta: 0:00:00  loss: 0.6795 (0.6780)  accuracy: 0.5833 (0.5873)  balanced_accuracy: 0.5000 (0.5000)  time: 0.0982  data: 0.0001  max mem: 18664
Test:  [23/24]  eta: 0:00:00  loss: 0.6795 (0.6751)  accuracy: 0.5833 (0.5942)  balanced_accuracy: 0.5000 (0.5000)  time: 0.0973  data: 0.0001  max mem: 18664
Test: Total time: 0:00:02 (0.1099 s / it)
* loss 0.675
Accuracy of the network on the 1715 test EEG: 0.59%
Max accuracy val: 0.59%, max accuracy test: 0.58%
Epoch: [39]  [ 0/36]  eta: 0:00:15  lr: 0.000071  min_lr: 0.000018  loss: 0.7117 (0.7117)  class_acc: 0.5000 (0.5000)  loss_scale: 8192.0000 (8192.0000)  weight_decay: 0.0500 (0.0500)  grad_norm: 0.7516 (0.7516)  time: 0.4168  data: 0.1806  max mem: 18664
Epoch: [39]  [10/36]  eta: 0:00:06  lr: 0.000068  min_lr: 0.000017  loss: 0.6958 (0.6743)  class_acc: 0.5417 (0.5966)  loss_scale: 8192.0000 (8192.0000)  weight_decay: 0.0500 (0.0500)  grad_norm: 0.3234 (0.3981)  time: 0.2376  data: 0.0165  max mem: 18664
Epoch: [39]  [20/36]  eta: 0:00:03  lr: 0.000064  min_lr: 0.000016  loss: 0.6880 (0.6781)  class_acc: 0.5625 (0.5873)  loss_scale: 8192.0000 (8192.0000)  weight_decay: 0.0500 (0.0500)  grad_norm: 0.3918 (0.5051)  time: 0.2196  data: 0.0001  max mem: 18664
Epoch: [39]  [30/36]  eta: 0:00:01  lr: 0.000061  min_lr: 0.000016  loss: 0.6880 (0.6775)  class_acc: 0.5625 (0.5887)  loss_scale: 8192.0000 (8192.0000)  weight_decay: 0.0500 (0.0500)  grad_norm: 0.5856 (0.5479)  time: 0.2193  data: 0.0001  max mem: 18664
Epoch: [39]  [35/36]  eta: 0:00:00  lr: 0.000060  min_lr: 0.000015  loss: 0.6871 (0.6780)  class_acc: 0.5625 (0.5875)  loss_scale: 8192.0000 (8192.0000)  weight_decay: 0.0500 (0.0500)  grad_norm: 0.5964 (0.5242)  time: 0.2083  data: 0.0001  max mem: 18664
Epoch: [39] Total time: 0:00:07 (0.2210 s / it)
Averaged stats: lr: 0.000060  min_lr: 0.000015  loss: 0.6871 (0.6746)  class_acc: 0.5625 (0.5960)  loss_scale: 8192.0000 (8192.0000)  weight_decay: 0.0500 (0.0500)  grad_norm: 0.5964 (0.5242)
Val:  [ 0/24]  eta: 0:00:08  loss: 0.6796 (0.6796)  accuracy: 0.5833 (0.5833)  balanced_accuracy: 0.5000 (0.5000)  time: 0.3407  data: 0.2376  max mem: 18664
Val:  [10/24]  eta: 0:00:01  loss: 0.6796 (0.6746)  accuracy: 0.5833 (0.5960)  balanced_accuracy: 0.5000 (0.5000)  time: 0.1201  data: 0.0218  max mem: 18664
Val:  [20/24]  eta: 0:00:00  loss: 0.6741 (0.6744)  accuracy: 0.5833 (0.5966)  balanced_accuracy: 0.5000 (0.5000)  time: 0.0980  data: 0.0002  max mem: 18664
Val:  [23/24]  eta: 0:00:00  loss: 0.6796 (0.6756)  accuracy: 0.5833 (0.5937)  balanced_accuracy: 0.5000 (0.5000)  time: 0.0966  data: 0.0001  max mem: 18664
Val: Total time: 0:00:02 (0.1092 s / it)
* loss 0.676
Accuracy of the network on the 1708 val EEG: 0.59%
Test:  [ 0/24]  eta: 0:00:08  loss: 0.6797 (0.6797)  accuracy: 0.5833 (0.5833)  balanced_accuracy: 0.5000 (0.5000)  time: 0.3385  data: 0.2362  max mem: 18664
Test:  [10/24]  eta: 0:00:01  loss: 0.6686 (0.6696)  accuracy: 0.6111 (0.6086)  balanced_accuracy: 0.5000 (0.5000)  time: 0.1199  data: 0.0216  max mem: 18664
Test:  [20/24]  eta: 0:00:00  loss: 0.6796 (0.6781)  accuracy: 0.5833 (0.5873)  balanced_accuracy: 0.5000 (0.5000)  time: 0.0980  data: 0.0001  max mem: 18664
Test:  [23/24]  eta: 0:00:00  loss: 0.6796 (0.6751)  accuracy: 0.5833 (0.5942)  balanced_accuracy: 0.5000 (0.5000)  time: 0.0970  data: 0.0001  max mem: 18664
Test: Total time: 0:00:02 (0.1102 s / it)
* loss 0.675
Accuracy of the network on the 1715 test EEG: 0.59%
Max accuracy val: 0.59%, max accuracy test: 0.58%
Epoch: [40]  [ 0/36]  eta: 0:00:14  lr: 0.000059  min_lr: 0.000015  loss: 0.6626 (0.6626)  class_acc: 0.6250 (0.6250)  loss_scale: 8192.0000 (8192.0000)  weight_decay: 0.0500 (0.0500)  grad_norm: 0.3696 (0.3696)  time: 0.4141  data: 0.1879  max mem: 18664
Epoch: [40]  [10/36]  eta: 0:00:06  lr: 0.000056  min_lr: 0.000014  loss: 0.6720 (0.6816)  class_acc: 0.6042 (0.5777)  loss_scale: 8192.0000 (8192.0000)  weight_decay: 0.0500 (0.0500)  grad_norm: 0.4832 (0.6199)  time: 0.2375  data: 0.0172  max mem: 18664
Epoch: [40]  [20/36]  eta: 0:00:03  lr: 0.000053  min_lr: 0.000014  loss: 0.6711 (0.6752)  class_acc: 0.6042 (0.5942)  loss_scale: 8192.0000 (8192.0000)  weight_decay: 0.0500 (0.0500)  grad_norm: 0.3494 (0.4980)  time: 0.2199  data: 0.0001  max mem: 18664
Epoch: [40]  [30/36]  eta: 0:00:01  lr: 0.000050  min_lr: 0.000013  loss: 0.6650 (0.6712)  class_acc: 0.6042 (0.6048)  loss_scale: 8192.0000 (8192.0000)  weight_decay: 0.0500 (0.0500)  grad_norm: 0.2038 (0.4508)  time: 0.2199  data: 0.0001  max mem: 18664
Epoch: [40]  [35/36]  eta: 0:00:00  lr: 0.000049  min_lr: 0.000012  loss: 0.6707 (0.6703)  class_acc: 0.6042 (0.6071)  loss_scale: 8192.0000 (8192.0000)  weight_decay: 0.0500 (0.0500)  grad_norm: 0.3494 (0.4559)  time: 0.2087  data: 0.0001  max mem: 18664
Epoch: [40] Total time: 0:00:07 (0.2216 s / it)
Averaged stats: lr: 0.000049  min_lr: 0.000012  loss: 0.6707 (0.6741)  class_acc: 0.6042 (0.5972)  loss_scale: 8192.0000 (8192.0000)  weight_decay: 0.0500 (0.0500)  grad_norm: 0.3494 (0.4559)
Val:  [ 0/24]  eta: 0:00:07  loss: 0.6794 (0.6794)  accuracy: 0.5833 (0.5833)  balanced_accuracy: 0.5000 (0.5000)  time: 0.3325  data: 0.2305  max mem: 18664
Val:  [10/24]  eta: 0:00:01  loss: 0.6794 (0.6746)  accuracy: 0.5833 (0.5960)  balanced_accuracy: 0.5000 (0.5000)  time: 0.1194  data: 0.0211  max mem: 18664
Val:  [20/24]  eta: 0:00:00  loss: 0.6741 (0.6744)  accuracy: 0.5833 (0.5966)  balanced_accuracy: 0.5000 (0.5000)  time: 0.0979  data: 0.0002  max mem: 18664
Val:  [23/24]  eta: 0:00:00  loss: 0.6794 (0.6756)  accuracy: 0.5833 (0.5937)  balanced_accuracy: 0.5000 (0.5000)  time: 0.0965  data: 0.0001  max mem: 18664
Val: Total time: 0:00:02 (0.1089 s / it)
* loss 0.676
Accuracy of the network on the 1708 val EEG: 0.59%
Test:  [ 0/24]  eta: 0:00:08  loss: 0.6794 (0.6794)  accuracy: 0.5833 (0.5833)  balanced_accuracy: 0.5000 (0.5000)  time: 0.3412  data: 0.2401  max mem: 18664
Test:  [10/24]  eta: 0:00:01  loss: 0.6688 (0.6698)  accuracy: 0.6111 (0.6086)  balanced_accuracy: 0.5000 (0.5000)  time: 0.1201  data: 0.0220  max mem: 18664
Test:  [20/24]  eta: 0:00:00  loss: 0.6794 (0.6779)  accuracy: 0.5833 (0.5873)  balanced_accuracy: 0.5000 (0.5000)  time: 0.0979  data: 0.0001  max mem: 18664
Test:  [23/24]  eta: 0:00:00  loss: 0.6794 (0.6751)  accuracy: 0.5833 (0.5942)  balanced_accuracy: 0.5000 (0.5000)  time: 0.0969  data: 0.0001  max mem: 18664
Test: Total time: 0:00:02 (0.1099 s / it)
* loss 0.675
Accuracy of the network on the 1715 test EEG: 0.59%
Max accuracy val: 0.59%, max accuracy test: 0.58%
Epoch: [41]  [ 0/36]  eta: 0:00:14  lr: 0.000049  min_lr: 0.000012  loss: 0.6404 (0.6404)  class_acc: 0.6875 (0.6875)  loss_scale: 8192.0000 (8192.0000)  weight_decay: 0.0500 (0.0500)  grad_norm: 0.1556 (0.1556)  time: 0.4115  data: 0.1829  max mem: 18664
Epoch: [41]  [10/36]  eta: 0:00:06  lr: 0.000046  min_lr: 0.000012  loss: 0.6795 (0.6715)  class_acc: 0.5833 (0.6042)  loss_scale: 8192.0000 (8192.0000)  weight_decay: 0.0500 (0.0500)  grad_norm: 0.2670 (0.3470)  time: 0.2373  data: 0.0167  max mem: 18664
Epoch: [41]  [20/36]  eta: 0:00:03  lr: 0.000043  min_lr: 0.000011  loss: 0.6722 (0.6737)  class_acc: 0.5833 (0.5982)  loss_scale: 8192.0000 (8192.0000)  weight_decay: 0.0500 (0.0500)  grad_norm: 0.2536 (0.3383)  time: 0.2198  data: 0.0001  max mem: 18664
Epoch: [41]  [30/36]  eta: 0:00:01  lr: 0.000040  min_lr: 0.000010  loss: 0.6785 (0.6793)  class_acc: 0.5833 (0.5840)  loss_scale: 8192.0000 (8192.0000)  weight_decay: 0.0500 (0.0500)  grad_norm: 0.2042 (0.3496)  time: 0.2198  data: 0.0001  max mem: 18664
Epoch: [41]  [35/36]  eta: 0:00:00  lr: 0.000039  min_lr: 0.000010  loss: 0.6800 (0.6799)  class_acc: 0.5833 (0.5827)  loss_scale: 8192.0000 (8192.0000)  weight_decay: 0.0500 (0.0500)  grad_norm: 0.2042 (0.3456)  time: 0.2087  data: 0.0001  max mem: 18664
Epoch: [41] Total time: 0:00:07 (0.2212 s / it)
Averaged stats: lr: 0.000039  min_lr: 0.000010  loss: 0.6800 (0.6740)  class_acc: 0.5833 (0.5976)  loss_scale: 8192.0000 (8192.0000)  weight_decay: 0.0500 (0.0500)  grad_norm: 0.2042 (0.3456)
Val:  [ 0/24]  eta: 0:00:08  loss: 0.6796 (0.6796)  accuracy: 0.5833 (0.5833)  balanced_accuracy: 0.5000 (0.5000)  time: 0.3390  data: 0.2351  max mem: 18664
Val:  [10/24]  eta: 0:00:01  loss: 0.6796 (0.6746)  accuracy: 0.5833 (0.5960)  balanced_accuracy: 0.5000 (0.5000)  time: 0.1200  data: 0.0215  max mem: 18664
Val:  [20/24]  eta: 0:00:00  loss: 0.6741 (0.6744)  accuracy: 0.5833 (0.5966)  balanced_accuracy: 0.5000 (0.5000)  time: 0.0979  data: 0.0001  max mem: 18664
Val:  [23/24]  eta: 0:00:00  loss: 0.6796 (0.6756)  accuracy: 0.5833 (0.5937)  balanced_accuracy: 0.5000 (0.5000)  time: 0.0965  data: 0.0001  max mem: 18664
Val: Total time: 0:00:02 (0.1090 s / it)
* loss 0.676
Accuracy of the network on the 1708 val EEG: 0.59%
Test:  [ 0/24]  eta: 0:00:07  loss: 0.6796 (0.6796)  accuracy: 0.5833 (0.5833)  balanced_accuracy: 0.5000 (0.5000)  time: 0.3245  data: 0.2228  max mem: 18664
Test:  [10/24]  eta: 0:00:01  loss: 0.6686 (0.6696)  accuracy: 0.6111 (0.6086)  balanced_accuracy: 0.5000 (0.5000)  time: 0.1189  data: 0.0204  max mem: 18664
Test:  [20/24]  eta: 0:00:00  loss: 0.6796 (0.6781)  accuracy: 0.5833 (0.5873)  balanced_accuracy: 0.5000 (0.5000)  time: 0.0985  data: 0.0001  max mem: 18664
Test:  [23/24]  eta: 0:00:00  loss: 0.6796 (0.6751)  accuracy: 0.5833 (0.5942)  balanced_accuracy: 0.5000 (0.5000)  time: 0.0975  data: 0.0001  max mem: 18664
Test: Total time: 0:00:02 (0.1095 s / it)
* loss 0.675
Accuracy of the network on the 1715 test EEG: 0.59%
Max accuracy val: 0.59%, max accuracy test: 0.58%
Epoch: [42]  [ 0/36]  eta: 0:00:14  lr: 0.000039  min_lr: 0.000010  loss: 0.6475 (0.6475)  class_acc: 0.6667 (0.6667)  loss_scale: 8192.0000 (8192.0000)  weight_decay: 0.0500 (0.0500)  grad_norm: 0.7612 (0.7612)  time: 0.4159  data: 0.1890  max mem: 18664
Epoch: [42]  [10/36]  eta: 0:00:06  lr: 0.000036  min_lr: 0.000009  loss: 0.6787 (0.6768)  class_acc: 0.5833 (0.5909)  loss_scale: 8192.0000 (8192.0000)  weight_decay: 0.0500 (0.0500)  grad_norm: 0.3868 (0.5420)  time: 0.2378  data: 0.0173  max mem: 18664
Epoch: [42]  [20/36]  eta: 0:00:03  lr: 0.000034  min_lr: 0.000009  loss: 0.6787 (0.6749)  class_acc: 0.5833 (0.5952)  loss_scale: 8192.0000 (8192.0000)  weight_decay: 0.0500 (0.0500)  grad_norm: 0.3836 (0.4699)  time: 0.2198  data: 0.0001  max mem: 18664
Epoch: [42]  [30/36]  eta: 0:00:01  lr: 0.000031  min_lr: 0.000008  loss: 0.6718 (0.6759)  class_acc: 0.5833 (0.5927)  loss_scale: 8192.0000 (8192.0000)  weight_decay: 0.0500 (0.0500)  grad_norm: 0.3856 (0.4758)  time: 0.2197  data: 0.0001  max mem: 18664
Epoch: [42]  [35/36]  eta: 0:00:00  lr: 0.000030  min_lr: 0.000008  loss: 0.6717 (0.6749)  class_acc: 0.6042 (0.5952)  loss_scale: 8192.0000 (8192.0000)  weight_decay: 0.0500 (0.0500)  grad_norm: 0.4592 (0.4856)  time: 0.2088  data: 0.0001  max mem: 18664
Epoch: [42] Total time: 0:00:07 (0.2212 s / it)
Averaged stats: lr: 0.000030  min_lr: 0.000008  loss: 0.6717 (0.6747)  class_acc: 0.6042 (0.5958)  loss_scale: 8192.0000 (8192.0000)  weight_decay: 0.0500 (0.0500)  grad_norm: 0.4592 (0.4856)
Val:  [ 0/24]  eta: 0:00:07  loss: 0.6795 (0.6795)  accuracy: 0.5833 (0.5833)  balanced_accuracy: 0.5000 (0.5000)  time: 0.3325  data: 0.2308  max mem: 18664
Val:  [10/24]  eta: 0:00:01  loss: 0.6795 (0.6746)  accuracy: 0.5833 (0.5960)  balanced_accuracy: 0.5000 (0.5000)  time: 0.1193  data: 0.0211  max mem: 18664
Val:  [20/24]  eta: 0:00:00  loss: 0.6741 (0.6744)  accuracy: 0.5833 (0.5966)  balanced_accuracy: 0.5000 (0.5000)  time: 0.0979  data: 0.0001  max mem: 18664
Val:  [23/24]  eta: 0:00:00  loss: 0.6795 (0.6756)  accuracy: 0.5833 (0.5937)  balanced_accuracy: 0.5000 (0.5000)  time: 0.0965  data: 0.0001  max mem: 18664
Val: Total time: 0:00:02 (0.1088 s / it)
* loss 0.676
Accuracy of the network on the 1708 val EEG: 0.59%
Test:  [ 0/24]  eta: 0:00:07  loss: 0.6796 (0.6796)  accuracy: 0.5833 (0.5833)  balanced_accuracy: 0.5000 (0.5000)  time: 0.3152  data: 0.2129  max mem: 18664
Test:  [10/24]  eta: 0:00:01  loss: 0.6687 (0.6697)  accuracy: 0.6111 (0.6086)  balanced_accuracy: 0.5000 (0.5000)  time: 0.1177  data: 0.0195  max mem: 18664
Test:  [20/24]  eta: 0:00:00  loss: 0.6795 (0.6780)  accuracy: 0.5833 (0.5873)  balanced_accuracy: 0.5000 (0.5000)  time: 0.0979  data: 0.0001  max mem: 18664
Test:  [23/24]  eta: 0:00:00  loss: 0.6795 (0.6751)  accuracy: 0.5833 (0.5942)  balanced_accuracy: 0.5000 (0.5000)  time: 0.0969  data: 0.0001  max mem: 18664
Test: Total time: 0:00:02 (0.1089 s / it)
* loss 0.675
Accuracy of the network on the 1715 test EEG: 0.59%
Max accuracy val: 0.59%, max accuracy test: 0.58%
Epoch: [43]  [ 0/36]  eta: 0:00:14  lr: 0.000030  min_lr: 0.000008  loss: 0.6475 (0.6475)  class_acc: 0.6667 (0.6667)  loss_scale: 8192.0000 (8192.0000)  weight_decay: 0.0500 (0.0500)  grad_norm: 0.4034 (0.4034)  time: 0.4042  data: 0.1769  max mem: 18664
Epoch: [43]  [10/36]  eta: 0:00:06  lr: 0.000028  min_lr: 0.000007  loss: 0.6631 (0.6669)  class_acc: 0.6250 (0.6155)  loss_scale: 8192.0000 (8192.0000)  weight_decay: 0.0500 (0.0500)  grad_norm: 0.3252 (0.2985)  time: 0.2364  data: 0.0162  max mem: 18664
Epoch: [43]  [20/36]  eta: 0:00:03  lr: 0.000026  min_lr: 0.000007  loss: 0.6631 (0.6652)  class_acc: 0.6250 (0.6200)  loss_scale: 8192.0000 (8192.0000)  weight_decay: 0.0500 (0.0500)  grad_norm: 0.3657 (0.3681)  time: 0.2199  data: 0.0001  max mem: 18664
Epoch: [43]  [30/36]  eta: 0:00:01  lr: 0.000024  min_lr: 0.000006  loss: 0.6636 (0.6680)  class_acc: 0.6042 (0.6129)  loss_scale: 8192.0000 (8192.0000)  weight_decay: 0.0500 (0.0500)  grad_norm: 0.4557 (0.4562)  time: 0.2199  data: 0.0001  max mem: 18664
Epoch: [43]  [35/36]  eta: 0:00:00  lr: 0.000023  min_lr: 0.000006  loss: 0.6636 (0.6675)  class_acc: 0.6042 (0.6143)  loss_scale: 8192.0000 (8192.0000)  weight_decay: 0.0500 (0.0500)  grad_norm: 0.4900 (0.4405)  time: 0.2084  data: 0.0001  max mem: 18664
Epoch: [43] Total time: 0:00:07 (0.2208 s / it)
Averaged stats: lr: 0.000023  min_lr: 0.000006  loss: 0.6636 (0.6740)  class_acc: 0.6042 (0.5974)  loss_scale: 8192.0000 (8192.0000)  weight_decay: 0.0500 (0.0500)  grad_norm: 0.4900 (0.4405)
Val:  [ 0/24]  eta: 0:00:07  loss: 0.6796 (0.6796)  accuracy: 0.5833 (0.5833)  balanced_accuracy: 0.5000 (0.5000)  time: 0.3277  data: 0.2263  max mem: 18664
Val:  [10/24]  eta: 0:00:01  loss: 0.6796 (0.6746)  accuracy: 0.5833 (0.5960)  balanced_accuracy: 0.5000 (0.5000)  time: 0.1189  data: 0.0207  max mem: 18664
Val:  [20/24]  eta: 0:00:00  loss: 0.6741 (0.6744)  accuracy: 0.5833 (0.5966)  balanced_accuracy: 0.5000 (0.5000)  time: 0.0979  data: 0.0001  max mem: 18664
Val:  [23/24]  eta: 0:00:00  loss: 0.6796 (0.6756)  accuracy: 0.5833 (0.5937)  balanced_accuracy: 0.5000 (0.5000)  time: 0.0965  data: 0.0001  max mem: 18664
Val: Total time: 0:00:02 (0.1091 s / it)
* loss 0.676
Accuracy of the network on the 1708 val EEG: 0.59%
Test:  [ 0/24]  eta: 0:00:07  loss: 0.6796 (0.6796)  accuracy: 0.5833 (0.5833)  balanced_accuracy: 0.5000 (0.5000)  time: 0.3100  data: 0.2083  max mem: 18664
Test:  [10/24]  eta: 0:00:01  loss: 0.6686 (0.6696)  accuracy: 0.6111 (0.6086)  balanced_accuracy: 0.5000 (0.5000)  time: 0.1173  data: 0.0191  max mem: 18664
Test:  [20/24]  eta: 0:00:00  loss: 0.6796 (0.6780)  accuracy: 0.5833 (0.5873)  balanced_accuracy: 0.5000 (0.5000)  time: 0.0984  data: 0.0001  max mem: 18664
Test:  [23/24]  eta: 0:00:00  loss: 0.6796 (0.6751)  accuracy: 0.5833 (0.5942)  balanced_accuracy: 0.5000 (0.5000)  time: 0.0973  data: 0.0001  max mem: 18664
Test: Total time: 0:00:02 (0.1094 s / it)
* loss 0.675
Accuracy of the network on the 1715 test EEG: 0.59%
Max accuracy val: 0.59%, max accuracy test: 0.58%
Epoch: [44]  [ 0/36]  eta: 0:00:15  lr: 0.000023  min_lr: 0.000006  loss: 0.6870 (0.6870)  class_acc: 0.5625 (0.5625)  loss_scale: 8192.0000 (8192.0000)  weight_decay: 0.0500 (0.0500)  grad_norm: 0.4697 (0.4697)  time: 0.4292  data: 0.2041  max mem: 18664
Epoch: [44]  [10/36]  eta: 0:00:06  lr: 0.000021  min_lr: 0.000005  loss: 0.6637 (0.6667)  class_acc: 0.6250 (0.6155)  loss_scale: 8192.0000 (8192.0000)  weight_decay: 0.0500 (0.0500)  grad_norm: 0.3881 (0.4268)  time: 0.2389  data: 0.0186  max mem: 18664
Epoch: [44]  [20/36]  eta: 0:00:03  lr: 0.000019  min_lr: 0.000005  loss: 0.6646 (0.6709)  class_acc: 0.6042 (0.6052)  loss_scale: 8192.0000 (8192.0000)  weight_decay: 0.0500 (0.0500)  grad_norm: 0.3881 (0.4482)  time: 0.2199  data: 0.0001  max mem: 18664
Epoch: [44]  [30/36]  eta: 0:00:01  lr: 0.000017  min_lr: 0.000004  loss: 0.6715 (0.6722)  class_acc: 0.5833 (0.6022)  loss_scale: 8192.0000 (8192.0000)  weight_decay: 0.0500 (0.0500)  grad_norm: 0.4018 (0.4475)  time: 0.2197  data: 0.0001  max mem: 18664
Epoch: [44]  [35/36]  eta: 0:00:00  lr: 0.000016  min_lr: 0.000004  loss: 0.6715 (0.6718)  class_acc: 0.5833 (0.6030)  loss_scale: 8192.0000 (8192.0000)  weight_decay: 0.0500 (0.0500)  grad_norm: 0.4007 (0.4335)  time: 0.2086  data: 0.0001  max mem: 18664
Epoch: [44] Total time: 0:00:07 (0.2216 s / it)
Averaged stats: lr: 0.000016  min_lr: 0.000004  loss: 0.6715 (0.6741)  class_acc: 0.5833 (0.5974)  loss_scale: 8192.0000 (8192.0000)  weight_decay: 0.0500 (0.0500)  grad_norm: 0.4007 (0.4335)
Val:  [ 0/24]  eta: 0:00:08  loss: 0.6796 (0.6796)  accuracy: 0.5833 (0.5833)  balanced_accuracy: 0.5000 (0.5000)  time: 0.3518  data: 0.2509  max mem: 18664
Val:  [10/24]  eta: 0:00:01  loss: 0.6796 (0.6746)  accuracy: 0.5833 (0.5960)  balanced_accuracy: 0.5000 (0.5000)  time: 0.1212  data: 0.0230  max mem: 18664
Val:  [20/24]  eta: 0:00:00  loss: 0.6741 (0.6744)  accuracy: 0.5833 (0.5966)  balanced_accuracy: 0.5000 (0.5000)  time: 0.0981  data: 0.0001  max mem: 18664
Val:  [23/24]  eta: 0:00:00  loss: 0.6796 (0.6756)  accuracy: 0.5833 (0.5937)  balanced_accuracy: 0.5000 (0.5000)  time: 0.0967  data: 0.0001  max mem: 18664
Val: Total time: 0:00:02 (0.1100 s / it)
* loss 0.676
Accuracy of the network on the 1708 val EEG: 0.59%
Test:  [ 0/24]  eta: 0:00:07  loss: 0.6796 (0.6796)  accuracy: 0.5833 (0.5833)  balanced_accuracy: 0.5000 (0.5000)  time: 0.3153  data: 0.2110  max mem: 18664
Test:  [10/24]  eta: 0:00:01  loss: 0.6686 (0.6696)  accuracy: 0.6111 (0.6086)  balanced_accuracy: 0.5000 (0.5000)  time: 0.1182  data: 0.0194  max mem: 18664
Test:  [20/24]  eta: 0:00:00  loss: 0.6796 (0.6780)  accuracy: 0.5833 (0.5873)  balanced_accuracy: 0.5000 (0.5000)  time: 0.0984  data: 0.0002  max mem: 18664
Test:  [23/24]  eta: 0:00:00  loss: 0.6796 (0.6751)  accuracy: 0.5833 (0.5942)  balanced_accuracy: 0.5000 (0.5000)  time: 0.0974  data: 0.0001  max mem: 18664
Test: Total time: 0:00:02 (0.1097 s / it)
* loss 0.675
Accuracy of the network on the 1715 test EEG: 0.59%
Max accuracy val: 0.59%, max accuracy test: 0.58%
Epoch: [45]  [ 0/36]  eta: 0:00:15  lr: 0.000016  min_lr: 0.000004  loss: 0.6804 (0.6804)  class_acc: 0.5833 (0.5833)  loss_scale: 8192.0000 (8192.0000)  weight_decay: 0.0500 (0.0500)  grad_norm: 0.4965 (0.4965)  time: 0.4275  data: 0.2009  max mem: 18664
Epoch: [45]  [10/36]  eta: 0:00:06  lr: 0.000014  min_lr: 0.000004  loss: 0.6718 (0.6716)  class_acc: 0.6042 (0.6042)  loss_scale: 8192.0000 (8192.0000)  weight_decay: 0.0500 (0.0500)  grad_norm: 0.4756 (0.4235)  time: 0.2387  data: 0.0184  max mem: 18664
Epoch: [45]  [20/36]  eta: 0:00:03  lr: 0.000013  min_lr: 0.000003  loss: 0.6718 (0.6775)  class_acc: 0.5833 (0.5893)  loss_scale: 8192.0000 (8192.0000)  weight_decay: 0.0500 (0.0500)  grad_norm: 0.4756 (0.5154)  time: 0.2200  data: 0.0001  max mem: 18664
Epoch: [45]  [30/36]  eta: 0:00:01  lr: 0.000011  min_lr: 0.000003  loss: 0.6715 (0.6719)  class_acc: 0.6042 (0.6035)  loss_scale: 8192.0000 (8192.0000)  weight_decay: 0.0500 (0.0500)  grad_norm: 0.3818 (0.4586)  time: 0.2200  data: 0.0001  max mem: 18664
Epoch: [45]  [35/36]  eta: 0:00:00  lr: 0.000011  min_lr: 0.000003  loss: 0.6635 (0.6709)  class_acc: 0.6250 (0.6060)  loss_scale: 8192.0000 (8192.0000)  weight_decay: 0.0500 (0.0500)  grad_norm: 0.3734 (0.4543)  time: 0.2088  data: 0.0001  max mem: 18664
Epoch: [45] Total time: 0:00:07 (0.2214 s / it)
Averaged stats: lr: 0.000011  min_lr: 0.000003  loss: 0.6635 (0.6746)  class_acc: 0.6250 (0.5962)  loss_scale: 8192.0000 (8192.0000)  weight_decay: 0.0500 (0.0500)  grad_norm: 0.3734 (0.4543)
Val:  [ 0/24]  eta: 0:00:07  loss: 0.6796 (0.6796)  accuracy: 0.5833 (0.5833)  balanced_accuracy: 0.5000 (0.5000)  time: 0.3157  data: 0.2142  max mem: 18664
Val:  [10/24]  eta: 0:00:01  loss: 0.6796 (0.6746)  accuracy: 0.5833 (0.5960)  balanced_accuracy: 0.5000 (0.5000)  time: 0.1179  data: 0.0196  max mem: 18664
Val:  [20/24]  eta: 0:00:00  loss: 0.6741 (0.6744)  accuracy: 0.5833 (0.5966)  balanced_accuracy: 0.5000 (0.5000)  time: 0.0980  data: 0.0001  max mem: 18664
Val:  [23/24]  eta: 0:00:00  loss: 0.6796 (0.6756)  accuracy: 0.5833 (0.5937)  balanced_accuracy: 0.5000 (0.5000)  time: 0.0966  data: 0.0001  max mem: 18664
Val: Total time: 0:00:02 (0.1087 s / it)
* loss 0.676
Accuracy of the network on the 1708 val EEG: 0.59%
Test:  [ 0/24]  eta: 0:00:08  loss: 0.6796 (0.6796)  accuracy: 0.5833 (0.5833)  balanced_accuracy: 0.5000 (0.5000)  time: 0.3488  data: 0.2469  max mem: 18664
Test:  [10/24]  eta: 0:00:01  loss: 0.6686 (0.6696)  accuracy: 0.6111 (0.6086)  balanced_accuracy: 0.5000 (0.5000)  time: 0.1208  data: 0.0226  max mem: 18664
Test:  [20/24]  eta: 0:00:00  loss: 0.6796 (0.6780)  accuracy: 0.5833 (0.5873)  balanced_accuracy: 0.5000 (0.5000)  time: 0.0980  data: 0.0002  max mem: 18664
Test:  [23/24]  eta: 0:00:00  loss: 0.6796 (0.6751)  accuracy: 0.5833 (0.5942)  balanced_accuracy: 0.5000 (0.5000)  time: 0.0970  data: 0.0001  max mem: 18664
Test: Total time: 0:00:02 (0.1103 s / it)
* loss 0.675
Accuracy of the network on the 1715 test EEG: 0.59%
Max accuracy val: 0.59%, max accuracy test: 0.58%
Epoch: [46]  [ 0/36]  eta: 0:00:14  lr: 0.000011  min_lr: 0.000003  loss: 0.7132 (0.7132)  class_acc: 0.5000 (0.5000)  loss_scale: 8192.0000 (8192.0000)  weight_decay: 0.0500 (0.0500)  grad_norm: 0.2144 (0.2144)  time: 0.4073  data: 0.1796  max mem: 18664
Epoch: [46]  [10/36]  eta: 0:00:06  lr: 0.000009  min_lr: 0.000002  loss: 0.6719 (0.6777)  class_acc: 0.6042 (0.5890)  loss_scale: 8192.0000 (8192.0000)  weight_decay: 0.0500 (0.0500)  grad_norm: 0.2144 (0.2888)  time: 0.2375  data: 0.0164  max mem: 18664
Epoch: [46]  [20/36]  eta: 0:00:03  lr: 0.000008  min_lr: 0.000002  loss: 0.6719 (0.6759)  class_acc: 0.6042 (0.5933)  loss_scale: 8192.0000 (8192.0000)  weight_decay: 0.0500 (0.0500)  grad_norm: 0.3642 (0.4004)  time: 0.2201  data: 0.0001  max mem: 18664
Epoch: [46]  [30/36]  eta: 0:00:01  lr: 0.000007  min_lr: 0.000002  loss: 0.6635 (0.6696)  class_acc: 0.6042 (0.6089)  loss_scale: 8192.0000 (8192.0000)  weight_decay: 0.0500 (0.0500)  grad_norm: 0.3990 (0.4348)  time: 0.2196  data: 0.0001  max mem: 18664
Epoch: [46]  [35/36]  eta: 0:00:00  lr: 0.000007  min_lr: 0.000002  loss: 0.6641 (0.6715)  class_acc: 0.6042 (0.6042)  loss_scale: 8192.0000 (8192.0000)  weight_decay: 0.0500 (0.0500)  grad_norm: 0.3990 (0.4180)  time: 0.2086  data: 0.0001  max mem: 18664
Epoch: [46] Total time: 0:00:07 (0.2207 s / it)
Averaged stats: lr: 0.000007  min_lr: 0.000002  loss: 0.6641 (0.6744)  class_acc: 0.6042 (0.5964)  loss_scale: 8192.0000 (8192.0000)  weight_decay: 0.0500 (0.0500)  grad_norm: 0.3990 (0.4180)
Val:  [ 0/24]  eta: 0:00:08  loss: 0.6796 (0.6796)  accuracy: 0.5833 (0.5833)  balanced_accuracy: 0.5000 (0.5000)  time: 0.3487  data: 0.2481  max mem: 18664
Val:  [10/24]  eta: 0:00:01  loss: 0.6796 (0.6746)  accuracy: 0.5833 (0.5960)  balanced_accuracy: 0.5000 (0.5000)  time: 0.1209  data: 0.0227  max mem: 18664
Val:  [20/24]  eta: 0:00:00  loss: 0.6741 (0.6744)  accuracy: 0.5833 (0.5966)  balanced_accuracy: 0.5000 (0.5000)  time: 0.0979  data: 0.0001  max mem: 18664
Val:  [23/24]  eta: 0:00:00  loss: 0.6796 (0.6756)  accuracy: 0.5833 (0.5937)  balanced_accuracy: 0.5000 (0.5000)  time: 0.0965  data: 0.0001  max mem: 18664
Val: Total time: 0:00:02 (0.1096 s / it)
* loss 0.676
Accuracy of the network on the 1708 val EEG: 0.59%
Test:  [ 0/24]  eta: 0:00:07  loss: 0.6796 (0.6796)  accuracy: 0.5833 (0.5833)  balanced_accuracy: 0.5000 (0.5000)  time: 0.3175  data: 0.2157  max mem: 18664
Test:  [10/24]  eta: 0:00:01  loss: 0.6686 (0.6696)  accuracy: 0.6111 (0.6086)  balanced_accuracy: 0.5000 (0.5000)  time: 0.1179  data: 0.0198  max mem: 18664
Test:  [20/24]  eta: 0:00:00  loss: 0.6796 (0.6780)  accuracy: 0.5833 (0.5873)  balanced_accuracy: 0.5000 (0.5000)  time: 0.0979  data: 0.0001  max mem: 18664
Test:  [23/24]  eta: 0:00:00  loss: 0.6796 (0.6751)  accuracy: 0.5833 (0.5942)  balanced_accuracy: 0.5000 (0.5000)  time: 0.0970  data: 0.0001  max mem: 18664
Test: Total time: 0:00:02 (0.1104 s / it)
* loss 0.675
Accuracy of the network on the 1715 test EEG: 0.59%
Max accuracy val: 0.59%, max accuracy test: 0.58%
Epoch: [47]  [ 0/36]  eta: 0:00:14  lr: 0.000006  min_lr: 0.000002  loss: 0.6959 (0.6959)  class_acc: 0.5417 (0.5417)  loss_scale: 8192.0000 (8192.0000)  weight_decay: 0.0500 (0.0500)  grad_norm: 1.2364 (1.2364)  time: 0.4151  data: 0.1895  max mem: 18664
Epoch: [47]  [10/36]  eta: 0:00:06  lr: 0.000005  min_lr: 0.000001  loss: 0.6711 (0.6714)  class_acc: 0.6042 (0.6042)  loss_scale: 8192.0000 (8192.0000)  weight_decay: 0.0500 (0.0500)  grad_norm: 0.2945 (0.5766)  time: 0.2375  data: 0.0173  max mem: 18664
Epoch: [47]  [20/36]  eta: 0:00:03  lr: 0.000005  min_lr: 0.000001  loss: 0.6712 (0.6745)  class_acc: 0.5833 (0.5962)  loss_scale: 8192.0000 (8192.0000)  weight_decay: 0.0500 (0.0500)  grad_norm: 0.2945 (0.5047)  time: 0.2198  data: 0.0001  max mem: 18664
Epoch: [47]  [30/36]  eta: 0:00:01  lr: 0.000004  min_lr: 0.000001  loss: 0.6797 (0.6788)  class_acc: 0.5833 (0.5853)  loss_scale: 8192.0000 (8192.0000)  weight_decay: 0.0500 (0.0500)  grad_norm: 0.3763 (0.5169)  time: 0.2195  data: 0.0001  max mem: 18664
Epoch: [47]  [35/36]  eta: 0:00:00  lr: 0.000003  min_lr: 0.000001  loss: 0.6791 (0.6749)  class_acc: 0.5833 (0.5952)  loss_scale: 8192.0000 (8192.0000)  weight_decay: 0.0500 (0.0500)  grad_norm: 0.3799 (0.5295)  time: 0.2084  data: 0.0001  max mem: 18664
Epoch: [47] Total time: 0:00:07 (0.2209 s / it)
Averaged stats: lr: 0.000003  min_lr: 0.000001  loss: 0.6791 (0.6742)  class_acc: 0.5833 (0.5968)  loss_scale: 8192.0000 (8192.0000)  weight_decay: 0.0500 (0.0500)  grad_norm: 0.3799 (0.5295)
Val:  [ 0/24]  eta: 0:00:07  loss: 0.6796 (0.6796)  accuracy: 0.5833 (0.5833)  balanced_accuracy: 0.5000 (0.5000)  time: 0.3332  data: 0.2316  max mem: 18664
Val:  [10/24]  eta: 0:00:01  loss: 0.6796 (0.6746)  accuracy: 0.5833 (0.5960)  balanced_accuracy: 0.5000 (0.5000)  time: 0.1194  data: 0.0212  max mem: 18664
Val:  [20/24]  eta: 0:00:00  loss: 0.6741 (0.6744)  accuracy: 0.5833 (0.5966)  balanced_accuracy: 0.5000 (0.5000)  time: 0.0979  data: 0.0001  max mem: 18664
Val:  [23/24]  eta: 0:00:00  loss: 0.6796 (0.6756)  accuracy: 0.5833 (0.5937)  balanced_accuracy: 0.5000 (0.5000)  time: 0.0965  data: 0.0001  max mem: 18664
Val: Total time: 0:00:02 (0.1093 s / it)
* loss 0.676
Accuracy of the network on the 1708 val EEG: 0.59%
Test:  [ 0/24]  eta: 0:00:07  loss: 0.6796 (0.6796)  accuracy: 0.5833 (0.5833)  balanced_accuracy: 0.5000 (0.5000)  time: 0.3105  data: 0.2088  max mem: 18664
Test:  [10/24]  eta: 0:00:01  loss: 0.6686 (0.6696)  accuracy: 0.6111 (0.6086)  balanced_accuracy: 0.5000 (0.5000)  time: 0.1174  data: 0.0191  max mem: 18664
Test:  [20/24]  eta: 0:00:00  loss: 0.6796 (0.6780)  accuracy: 0.5833 (0.5873)  balanced_accuracy: 0.5000 (0.5000)  time: 0.0979  data: 0.0001  max mem: 18664
Test:  [23/24]  eta: 0:00:00  loss: 0.6796 (0.6751)  accuracy: 0.5833 (0.5942)  balanced_accuracy: 0.5000 (0.5000)  time: 0.0969  data: 0.0001  max mem: 18664
Test: Total time: 0:00:02 (0.1080 s / it)
* loss 0.675
Accuracy of the network on the 1715 test EEG: 0.59%
Max accuracy val: 0.59%, max accuracy test: 0.58%
Epoch: [48]  [ 0/36]  eta: 0:00:15  lr: 0.000003  min_lr: 0.000001  loss: 0.6959 (0.6959)  class_acc: 0.5417 (0.5417)  loss_scale: 8192.0000 (8192.0000)  weight_decay: 0.0500 (0.0500)  grad_norm: 0.7684 (0.7684)  time: 0.4231  data: 0.1982  max mem: 18664
Epoch: [48]  [10/36]  eta: 0:00:06  lr: 0.000003  min_lr: 0.000001  loss: 0.6799 (0.6780)  class_acc: 0.5833 (0.5871)  loss_scale: 8192.0000 (8192.0000)  weight_decay: 0.0500 (0.0500)  grad_norm: 0.2760 (0.4598)  time: 0.2386  data: 0.0181  max mem: 18664
Epoch: [48]  [20/36]  eta: 0:00:03  lr: 0.000002  min_lr: 0.000001  loss: 0.6713 (0.6714)  class_acc: 0.6042 (0.6042)  loss_scale: 8192.0000 (8192.0000)  weight_decay: 0.0500 (0.0500)  grad_norm: 0.2760 (0.4215)  time: 0.2199  data: 0.0001  max mem: 18664
Epoch: [48]  [30/36]  eta: 0:00:01  lr: 0.000002  min_lr: 0.000000  loss: 0.6552 (0.6704)  class_acc: 0.6458 (0.6069)  loss_scale: 8192.0000 (8192.0000)  weight_decay: 0.0500 (0.0500)  grad_norm: 0.4691 (0.4589)  time: 0.2197  data: 0.0001  max mem: 18664
Epoch: [48]  [35/36]  eta: 0:00:00  lr: 0.000002  min_lr: 0.000000  loss: 0.6554 (0.6724)  class_acc: 0.6458 (0.6018)  loss_scale: 8192.0000 (8192.0000)  weight_decay: 0.0500 (0.0500)  grad_norm: 0.4706 (0.4644)  time: 0.2085  data: 0.0001  max mem: 18664
Epoch: [48] Total time: 0:00:07 (0.2219 s / it)
Averaged stats: lr: 0.000002  min_lr: 0.000000  loss: 0.6554 (0.6746)  class_acc: 0.6458 (0.5960)  loss_scale: 8192.0000 (8192.0000)  weight_decay: 0.0500 (0.0500)  grad_norm: 0.4706 (0.4644)
Val:  [ 0/24]  eta: 0:00:08  loss: 0.6796 (0.6796)  accuracy: 0.5833 (0.5833)  balanced_accuracy: 0.5000 (0.5000)  time: 0.3440  data: 0.2424  max mem: 18664
Val:  [10/24]  eta: 0:00:01  loss: 0.6796 (0.6746)  accuracy: 0.5833 (0.5960)  balanced_accuracy: 0.5000 (0.5000)  time: 0.1205  data: 0.0222  max mem: 18664
Val:  [20/24]  eta: 0:00:00  loss: 0.6741 (0.6744)  accuracy: 0.5833 (0.5966)  balanced_accuracy: 0.5000 (0.5000)  time: 0.0979  data: 0.0001  max mem: 18664
Val:  [23/24]  eta: 0:00:00  loss: 0.6796 (0.6756)  accuracy: 0.5833 (0.5937)  balanced_accuracy: 0.5000 (0.5000)  time: 0.0965  data: 0.0001  max mem: 18664
Val: Total time: 0:00:02 (0.1097 s / it)
* loss 0.676
Accuracy of the network on the 1708 val EEG: 0.59%
Test:  [ 0/24]  eta: 0:00:07  loss: 0.6796 (0.6796)  accuracy: 0.5833 (0.5833)  balanced_accuracy: 0.5000 (0.5000)  time: 0.3264  data: 0.2209  max mem: 18664
Test:  [10/24]  eta: 0:00:01  loss: 0.6686 (0.6696)  accuracy: 0.6111 (0.6086)  balanced_accuracy: 0.5000 (0.5000)  time: 0.1189  data: 0.0202  max mem: 18664
Test:  [20/24]  eta: 0:00:00  loss: 0.6796 (0.6780)  accuracy: 0.5833 (0.5873)  balanced_accuracy: 0.5000 (0.5000)  time: 0.0980  data: 0.0001  max mem: 18664
Test:  [23/24]  eta: 0:00:00  loss: 0.6796 (0.6751)  accuracy: 0.5833 (0.5942)  balanced_accuracy: 0.5000 (0.5000)  time: 0.0970  data: 0.0001  max mem: 18664
Test: Total time: 0:00:02 (0.1092 s / it)
* loss 0.675
Accuracy of the network on the 1715 test EEG: 0.59%
Max accuracy val: 0.59%, max accuracy test: 0.58%
Epoch: [49]  [ 0/36]  eta: 0:00:14  lr: 0.000002  min_lr: 0.000000  loss: 0.6719 (0.6719)  class_acc: 0.6042 (0.6042)  loss_scale: 8192.0000 (8192.0000)  weight_decay: 0.0500 (0.0500)  grad_norm: 0.1069 (0.1069)  time: 0.4159  data: 0.1827  max mem: 18664
Epoch: [49]  [10/36]  eta: 0:00:06  lr: 0.000001  min_lr: 0.000000  loss: 0.6626 (0.6677)  class_acc: 0.6250 (0.6136)  loss_scale: 8192.0000 (8192.0000)  weight_decay: 0.0500 (0.0500)  grad_norm: 0.2959 (0.4182)  time: 0.2374  data: 0.0167  max mem: 18664
Epoch: [49]  [20/36]  eta: 0:00:03  lr: 0.000001  min_lr: 0.000000  loss: 0.6552 (0.6676)  class_acc: 0.6250 (0.6141)  loss_scale: 8192.0000 (8192.0000)  weight_decay: 0.0500 (0.0500)  grad_norm: 0.4568 (0.4371)  time: 0.2196  data: 0.0001  max mem: 18664
Epoch: [49]  [30/36]  eta: 0:00:01  lr: 0.000001  min_lr: 0.000000  loss: 0.6623 (0.6682)  class_acc: 0.6250 (0.6122)  loss_scale: 8192.0000 (8192.0000)  weight_decay: 0.0500 (0.0500)  grad_norm: 0.3880 (0.4438)  time: 0.2197  data: 0.0001  max mem: 18664
Epoch: [49]  [35/36]  eta: 0:00:00  lr: 0.000001  min_lr: 0.000000  loss: 0.6623 (0.6667)  class_acc: 0.6250 (0.6161)  loss_scale: 8192.0000 (8192.0000)  weight_decay: 0.0500 (0.0500)  grad_norm: 0.3880 (0.4373)  time: 0.2086  data: 0.0001  max mem: 18664
Epoch: [49] Total time: 0:00:07 (0.2215 s / it)
Averaged stats: lr: 0.000001  min_lr: 0.000000  loss: 0.6623 (0.6742)  class_acc: 0.6250 (0.5970)  loss_scale: 8192.0000 (8192.0000)  weight_decay: 0.0500 (0.0500)  grad_norm: 0.3880 (0.4373)
Val:  [ 0/24]  eta: 0:00:08  loss: 0.6796 (0.6796)  accuracy: 0.5833 (0.5833)  balanced_accuracy: 0.5000 (0.5000)  time: 0.3396  data: 0.2368  max mem: 18664
Val:  [10/24]  eta: 0:00:01  loss: 0.6796 (0.6746)  accuracy: 0.5833 (0.5960)  balanced_accuracy: 0.5000 (0.5000)  time: 0.1200  data: 0.0217  max mem: 18664
Val:  [20/24]  eta: 0:00:00  loss: 0.6741 (0.6744)  accuracy: 0.5833 (0.5966)  balanced_accuracy: 0.5000 (0.5000)  time: 0.0979  data: 0.0001  max mem: 18664
Val:  [23/24]  eta: 0:00:00  loss: 0.6796 (0.6756)  accuracy: 0.5833 (0.5937)  balanced_accuracy: 0.5000 (0.5000)  time: 0.0965  data: 0.0001  max mem: 18664
Val: Total time: 0:00:02 (0.1092 s / it)
* loss 0.676
Accuracy of the network on the 1708 val EEG: 0.59%
Test:  [ 0/24]  eta: 0:00:07  loss: 0.6796 (0.6796)  accuracy: 0.5833 (0.5833)  balanced_accuracy: 0.5000 (0.5000)  time: 0.3304  data: 0.2282  max mem: 18664
Test:  [10/24]  eta: 0:00:01  loss: 0.6687 (0.6696)  accuracy: 0.6111 (0.6086)  balanced_accuracy: 0.5000 (0.5000)  time: 0.1192  data: 0.0209  max mem: 18664
Test:  [20/24]  eta: 0:00:00  loss: 0.6796 (0.6780)  accuracy: 0.5833 (0.5873)  balanced_accuracy: 0.5000 (0.5000)  time: 0.0979  data: 0.0001  max mem: 18664
Test:  [23/24]  eta: 0:00:00  loss: 0.6796 (0.6751)  accuracy: 0.5833 (0.5942)  balanced_accuracy: 0.5000 (0.5000)  time: 0.0969  data: 0.0001  max mem: 18664
Test: Total time: 0:00:02 (0.1104 s / it)
* loss 0.675
Accuracy of the network on the 1715 test EEG: 0.59%
Max accuracy val: 0.59%, max accuracy test: 0.58%
Training time 0:11:02
[rank1]: Traceback (most recent call last):
[rank1]:   File "/home/yeqi3/cyr/code/LaBraM/run_class_finetuning.py", line 679, in <module>
[rank1]:     main(opts, ds_init)
[rank1]:   File "/home/yeqi3/cyr/code/LaBraM/run_class_finetuning.py", line 313, in main
[rank1]:     fold_result = main(fold_args, ds_init)
[rank1]:   File "/home/yeqi3/cyr/code/LaBraM/run_class_finetuning.py", line 322, in main
[rank1]:     utils.init_distributed_mode(args)
[rank1]:   File "/home/yeqi3/cyr/code/LaBraM/utils.py", line 435, in init_distributed_mode
[rank1]:     torch.distributed.init_process_group(backend=args.dist_backend, init_method=args.dist_url,
[rank1]:   File "/home/yeqi3/anaconda3/envs/cyr/lib/python3.10/site-packages/torch/distributed/c10d_logger.py", line 83, in wrapper
[rank1]:     return func(*args, **kwargs)
[rank1]:   File "/home/yeqi3/anaconda3/envs/cyr/lib/python3.10/site-packages/torch/distributed/c10d_logger.py", line 97, in wrapper
[rank1]:     func_return = func(*args, **kwargs)
[rank1]:   File "/home/yeqi3/anaconda3/envs/cyr/lib/python3.10/site-packages/torch/distributed/distributed_c10d.py", line 1454, in init_process_group
[rank1]:     raise ValueError("trying to initialize the default process group twice!")
[rank1]: ValueError: trying to initialize the default process group twice!
========== Running fold 1 / 5 ==========
| distributed init (rank 0): env://, gpu 0
[rank2]: Traceback (most recent call last):
[rank2]:   File "/home/yeqi3/cyr/code/LaBraM/run_class_finetuning.py", line 679, in <module>
[rank2]:     main(opts, ds_init)
[rank2]:   File "/home/yeqi3/cyr/code/LaBraM/run_class_finetuning.py", line 313, in main
[rank2]:     fold_result = main(fold_args, ds_init)
[rank2]:   File "/home/yeqi3/cyr/code/LaBraM/run_class_finetuning.py", line 322, in main
[rank2]:     utils.init_distributed_mode(args)
[rank2]:   File "/home/yeqi3/cyr/code/LaBraM/utils.py", line 435, in init_distributed_mode
[rank2]:     torch.distributed.init_process_group(backend=args.dist_backend, init_method=args.dist_url,
[rank2]:   File "/home/yeqi3/anaconda3/envs/cyr/lib/python3.10/site-packages/torch/distributed/c10d_logger.py", line 83, in wrapper
[rank2]:     return func(*args, **kwargs)
[rank2]:   File "/home/yeqi3/anaconda3/envs/cyr/lib/python3.10/site-packages/torch/distributed/c10d_logger.py", line 97, in wrapper
[rank2]:     func_return = func(*args, **kwargs)
[rank2]:   File "/home/yeqi3/anaconda3/envs/cyr/lib/python3.10/site-packages/torch/distributed/distributed_c10d.py", line 1454, in init_process_group
[rank2]:     raise ValueError("trying to initialize the default process group twice!")
[rank2]: ValueError: trying to initialize the default process group twice!
[rank0]: Traceback (most recent call last):
[rank0]:   File "/home/yeqi3/cyr/code/LaBraM/run_class_finetuning.py", line 679, in <module>
[rank0]:     main(opts, ds_init)
[rank0]:   File "/home/yeqi3/cyr/code/LaBraM/run_class_finetuning.py", line 313, in main
[rank0]:     fold_result = main(fold_args, ds_init)
[rank0]:   File "/home/yeqi3/cyr/code/LaBraM/run_class_finetuning.py", line 322, in main
[rank0]:     utils.init_distributed_mode(args)
[rank0]:   File "/home/yeqi3/cyr/code/LaBraM/utils.py", line 435, in init_distributed_mode
[rank0]:     torch.distributed.init_process_group(backend=args.dist_backend, init_method=args.dist_url,
[rank0]:   File "/home/yeqi3/anaconda3/envs/cyr/lib/python3.10/site-packages/torch/distributed/c10d_logger.py", line 83, in wrapper
[rank0]:     return func(*args, **kwargs)
[rank0]:   File "/home/yeqi3/anaconda3/envs/cyr/lib/python3.10/site-packages/torch/distributed/c10d_logger.py", line 97, in wrapper
[rank0]:     func_return = func(*args, **kwargs)
[rank0]:   File "/home/yeqi3/anaconda3/envs/cyr/lib/python3.10/site-packages/torch/distributed/distributed_c10d.py", line 1454, in init_process_group
[rank0]:     raise ValueError("trying to initialize the default process group twice!")
[rank0]: ValueError: trying to initialize the default process group twice!
[rank0]:[W1103 11:45:38.448870942 ProcessGroupNCCL.cpp:1250] Warning: WARNING: process group has NOT been destroyed before we destruct ProcessGroupNCCL. On normal program exit, the application should call destroy_process_group to ensure that any pending NCCL operations have finished in this process. In rare cases this process can exit before this point and block the progress of another member of the process group. This constraint has always been present,  but this warning has only been added since PyTorch 2.4 (function operator())
W1103 11:45:39.874000 2065466 site-packages/torch/distributed/elastic/multiprocessing/api.py:897] Sending process 2065602 closing signal SIGTERM
W1103 11:45:39.877000 2065466 site-packages/torch/distributed/elastic/multiprocessing/api.py:897] Sending process 2065603 closing signal SIGTERM
E1103 11:45:40.241000 2065466 site-packages/torch/distributed/elastic/multiprocessing/api.py:869] failed (exitcode: 1) local_rank: 2 (pid: 2065605) of binary: /home/yeqi3/anaconda3/envs/cyr/bin/python
Traceback (most recent call last):
  File "/home/yeqi3/anaconda3/envs/cyr/bin/torchrun", line 8, in <module>
    sys.exit(main())
  File "/home/yeqi3/anaconda3/envs/cyr/lib/python3.10/site-packages/torch/distributed/elastic/multiprocessing/errors/__init__.py", line 355, in wrapper
    return f(*args, **kwargs)
  File "/home/yeqi3/anaconda3/envs/cyr/lib/python3.10/site-packages/torch/distributed/run.py", line 919, in main
    run(args)
  File "/home/yeqi3/anaconda3/envs/cyr/lib/python3.10/site-packages/torch/distributed/run.py", line 910, in run
    elastic_launch(
  File "/home/yeqi3/anaconda3/envs/cyr/lib/python3.10/site-packages/torch/distributed/launcher/api.py", line 138, in __call__
    return launch_agent(self._config, self._entrypoint, list(args))
  File "/home/yeqi3/anaconda3/envs/cyr/lib/python3.10/site-packages/torch/distributed/launcher/api.py", line 269, in launch_agent
    raise ChildFailedError(
torch.distributed.elastic.multiprocessing.errors.ChildFailedError: 
============================================================
/home/yeqi3/cyr/code/LaBraM/run_class_finetuning.py FAILED
------------------------------------------------------------
Failures:
  <NO_OTHER_FAILURES>
------------------------------------------------------------
Root Cause (first observed failure):
[0]:
  time      : 2025-11-03_11:45:39
  host      : scnumath
  rank      : 2 (local_rank: 2)
  exitcode  : 1 (pid: 2065605)
  error_file: <N/A>
  traceback : To enable traceback see: https://pytorch.org/docs/stable/elastic/errors.html
============================================================
[WARN] 子任务失败（read_new），返回码 1。继续下一个数据集。

========== Launch ==========
[DATASET ] type_new
[DATAROOT] /usr/data/yeqi3/labram_fold/type_new
[OUTPUT  ] /usr/data/yeqi3/LaBraM_log/multids/cv/type_new
[LOG     ] /usr/data/yeqi3/LaBraM_log/multids/log/type_new
/home/yeqi3/anaconda3/envs/cyr/bin/torchrun --nproc_per_node=3 /home/yeqi3/cyr/code/LaBraM/run_class_finetuning.py --dataset MATH_KFOLD --data_root /usr/data/yeqi3/labram_fold/type_new --kfold_num 5 --nb_classes 1 --model labram_base_patch200_200 --input_size 200 --batch_size 48 --epochs 50 --lr 0.0005 --warmup_epochs 5 --layer_decay 0.9 --drop_path 0.1 --update_freq 1 --save_ckpt_freq 9999 --num_workers 4 --seed 42 --output_dir /usr/data/yeqi3/LaBraM_log/multids/cv/type_new --log_dir /usr/data/yeqi3/LaBraM_log/multids/log/type_new --disable_rel_pos_bias --abs_pos_emb --disable_qkv_bias --finetune /home/yeqi3/cyr/code/LaBraM/checkpoints/labram-base.pth
============================

========== Running fold 0 / 5 ==========
========== Running fold 0 / 5 ==========
========== Running fold 0 / 5 ==========
| distributed init (rank 1): env://, gpu 1
[W1103 11:45:45.878868352 CUDAAllocatorConfig.h:28] Warning: expandable_segments not supported on this platform (function operator())
| distributed init (rank 0): env://, gpu 0
[W1103 11:45:46.946248028 CUDAAllocatorConfig.h:28] Warning: expandable_segments not supported on this platform (function operator())
| distributed init (rank 2): env://, gpu 2
[W1103 11:45:46.947605446 CUDAAllocatorConfig.h:28] Warning: expandable_segments not supported on this platform (function operator())
[rank2]:[W1103 11:45:46.227298772 ProcessGroupNCCL.cpp:4115] [PG ID 0 PG GUID 0 Rank 2]  using GPU 2 to perform barrier as devices used by this process are currently unknown. This can potentially cause a hang if this rank to GPU mapping is incorrect.Specify device_ids in barrier() to force use of a particular device,or call init_process_group() with a device_id.
[rank0]:[W1103 11:45:46.234313955 ProcessGroupNCCL.cpp:4115] [PG ID 0 PG GUID 0 Rank 0]  using GPU 0 to perform barrier as devices used by this process are currently unknown. This can potentially cause a hang if this rank to GPU mapping is incorrect.Specify device_ids in barrier() to force use of a particular device,or call init_process_group() with a device_id.
[rank1]:[W1103 11:45:46.234487217 ProcessGroupNCCL.cpp:4115] [PG ID 0 PG GUID 0 Rank 1]  using GPU 1 to perform barrier as devices used by this process are currently unknown. This can potentially cause a hang if this rank to GPU mapping is incorrect.Specify device_ids in barrier() to force use of a particular device,or call init_process_group() with a device_id.
Namespace(batch_size=48, epochs=50, update_freq=1, save_ckpt_freq=9999, robust_test=None, model='labram_base_patch200_200', qkv_bias=False, rel_pos_bias=False, abs_pos_emb=True, layer_scale_init_value=0.1, input_size=200, drop=0.0, attn_drop_rate=0.0, drop_path=0.1, disable_eval_during_finetuning=False, model_ema=False, model_ema_decay=0.9999, model_ema_force_cpu=False, opt='adamw', opt_eps=1e-08, opt_betas=None, clip_grad=None, momentum=0.9, weight_decay=0.05, weight_decay_end=None, lr=0.0005, layer_decay=0.9, warmup_lr=1e-06, min_lr=1e-06, warmup_epochs=5, warmup_steps=-1, smoothing=0.1, reprob=0.25, remode='pixel', recount=1, resplit=False, finetune='/home/yeqi3/cyr/code/LaBraM/checkpoints/labram-base.pth', model_key='model|module', model_prefix='', model_filter_name='gzp', init_scale=0.001, use_mean_pooling=True, disable_weight_decay_on_rel_pos_bias=False, nb_classes=1, output_dir='/usr/data/yeqi3/LaBraM_log/multids/cv/type_new/fold_0', log_dir='/usr/data/yeqi3/LaBraM_log/multids/log/type_new/fold_0', device='cuda', seed=42, resume='', auto_resume=True, save_ckpt=True, start_epoch=0, eval=False, dist_eval=False, num_workers=4, pin_mem=True, world_size=3, local_rank=-1, dist_on_itp=False, dist_url='env://', enable_deepspeed=False, dataset='MATH_KFOLD', data_root='/usr/data/yeqi3/labram_fold/type_new', kfold_num=5, fold_index=0, rank=0, gpu=0, distributed=True, dist_backend='nccl')
Sampler_train = <torch.utils.data.distributed.DistributedSampler object at 0x7f684209e3e0>
Patch size = 200
Load ckpt from /home/yeqi3/cyr/code/LaBraM/checkpoints/labram-base.pth
Load state_dict by model_key = model
Weights of NeuralTransformer not initialized from pretrained model: ['fc_norm.weight', 'fc_norm.bias', 'head.weight', 'head.bias']
Weights from pretrained model not used in NeuralTransformer: ['mask_token', 'lm_head.weight', 'lm_head.bias', 'norm.weight', 'norm.bias']
number of params: 5820137
LR = 0.00050000
Batch size = 144
Update frequent = 1
Number of training examples = 4335
Number of training training per epoch = 30
Assigned values = [0.2541865828329001, 0.2824295364810001, 0.31381059609000006, 0.3486784401000001, 0.3874204890000001, 0.4304672100000001, 0.4782969000000001, 0.531441, 0.5904900000000001, 0.6561, 0.7290000000000001, 0.81, 0.9, 1.0]
Skip weight decay name marked in model: {'pos_embed', 'cls_token', 'time_embed'}
Optimizer config: {'lr': 0.0005, 'weight_decay': 0.0, 'eps': 1e-08}
Use step level LR scheduler!
Set warmup steps = 150
Set warmup steps = 0
Max WD = 0.0500000, Min WD = 0.0500000
criterion = BCEWithLogitsLoss()
Auto resume checkpoint: /usr/data/yeqi3/LaBraM_log/multids/cv/type_new/fold_0/checkpoint.pth
Resume checkpoint /usr/data/yeqi3/LaBraM_log/multids/cv/type_new/fold_0/checkpoint.pth
Resume checkpoint at epoch 20
With optim & sched!
Start training for 50 epochs
[rank0]:[W1103 11:45:47.407497326 reducer.cpp:1400] Warning: find_unused_parameters=True was specified in DDP constructor, but did not find any unused parameters in the forward pass. This flag results in an extra traversal of the autograd graph every iteration,  which can adversely affect performance. If your model indeed never has any unused parameters in the forward pass, consider turning this flag off. Note that this warning may be a false positive if your model has flow control causing later iterations to have unused parameters. (function operator())
[rank1]:[W1103 11:45:47.410239734 reducer.cpp:1400] Warning: find_unused_parameters=True was specified in DDP constructor, but did not find any unused parameters in the forward pass. This flag results in an extra traversal of the autograd graph every iteration,  which can adversely affect performance. If your model indeed never has any unused parameters in the forward pass, consider turning this flag off. Note that this warning may be a false positive if your model has flow control causing later iterations to have unused parameters. (function operator())
[rank2]:[W1103 11:45:47.414436931 reducer.cpp:1400] Warning: find_unused_parameters=True was specified in DDP constructor, but did not find any unused parameters in the forward pass. This flag results in an extra traversal of the autograd graph every iteration,  which can adversely affect performance. If your model indeed never has any unused parameters in the forward pass, consider turning this flag off. Note that this warning may be a false positive if your model has flow control causing later iterations to have unused parameters. (function operator())
Epoch: [1]  [ 0/31]  eta: 0:00:37  lr: 0.000101  min_lr: 0.000026  loss: 0.1130 (0.1130)  class_acc: 0.9792 (0.9792)  loss_scale: 512.0000 (512.0000)  weight_decay: 0.0500 (0.0500)  grad_norm: 9.0460 (9.0460)  time: 1.2112  data: 0.2008  max mem: 9952
Epoch: [1]  [10/31]  eta: 0:00:04  lr: 0.000134  min_lr: 0.000034  loss: 0.0350 (0.0576)  class_acc: 1.0000 (0.9905)  loss_scale: 512.0000 (512.0000)  weight_decay: 0.0500 (0.0500)  grad_norm: 11.4799 (10.2553)  time: 0.2311  data: 0.0184  max mem: 9952
Epoch: [1]  [20/31]  eta: 0:00:02  lr: 0.000168  min_lr: 0.000043  loss: 0.0299 (0.0508)  class_acc: 1.0000 (0.9891)  loss_scale: 512.0000 (512.0000)  weight_decay: 0.0500 (0.0500)  grad_norm: 9.7030 (10.2000)  time: 0.1309  data: 0.0001  max mem: 9952
Epoch: [1]  [30/31]  eta: 0:00:00  lr: 0.000198  min_lr: 0.000050  loss: 0.0397 (0.0654)  class_acc: 0.9792 (0.9840)  loss_scale: 512.0000 (512.0000)  weight_decay: 0.0500 (0.0500)  grad_norm: 9.7030 (10.6927)  time: 0.1221  data: 0.0001  max mem: 9952
Epoch: [1] Total time: 0:00:05 (0.1627 s / it)
Averaged stats: lr: 0.000198  min_lr: 0.000050  loss: 0.0397 (0.0585)  class_acc: 0.9792 (0.9863)  loss_scale: 512.0000 (512.0000)  weight_decay: 0.0500 (0.0500)  grad_norm: 9.7030 (10.6927)
Val:  [ 0/21]  eta: 0:00:09  loss: 1.0753 (1.0753)  accuracy: 0.7083 (0.7083)  balanced_accuracy: 0.6339 (0.6339)  time: 0.4584  data: 0.1789  max mem: 9952
Val:  [10/21]  eta: 0:00:01  loss: 1.2121 (1.2379)  accuracy: 0.6667 (0.6768)  balanced_accuracy: 0.6154 (0.6213)  time: 0.1109  data: 0.0164  max mem: 9952
Val:  [20/21]  eta: 0:00:00  loss: 1.2121 (1.2329)  accuracy: 0.6667 (0.6758)  balanced_accuracy: 0.6054 (0.6047)  time: 0.0667  data: 0.0001  max mem: 9952
Val: Total time: 0:00:01 (0.0889 s / it)
* loss 1.233
Accuracy of the network on the 1462 val EEG: 0.68%
Test:  [ 0/21]  eta: 0:00:05  loss: 1.3574 (1.3574)  accuracy: 0.6389 (0.6389)  balanced_accuracy: 0.5491 (0.5491)  time: 0.2472  data: 0.1786  max mem: 9952
Test:  [10/21]  eta: 0:00:00  loss: 1.1987 (1.2612)  accuracy: 0.6667 (0.6654)  balanced_accuracy: 0.5593 (0.5691)  time: 0.0726  data: 0.0164  max mem: 9952
Test:  [20/21]  eta: 0:00:00  loss: 1.1987 (1.2475)  accuracy: 0.6528 (0.6653)  balanced_accuracy: 0.5945 (0.5853)  time: 0.0558  data: 0.0001  max mem: 9952
Test: Total time: 0:00:01 (0.0683 s / it)
* loss 1.248
Accuracy of the network on the 1470 test EEG: 0.67%
Max accuracy val: 0.68%, max accuracy test: 0.67%
Epoch: [2]  [ 0/31]  eta: 0:00:13  lr: 0.000201  min_lr: 0.000051  loss: 0.0112 (0.0112)  class_acc: 1.0000 (1.0000)  loss_scale: 512.0000 (512.0000)  weight_decay: 0.0500 (0.0500)  grad_norm: 15.3258 (15.3258)  time: 0.4370  data: 0.1556  max mem: 9952
Epoch: [2]  [10/31]  eta: 0:00:03  lr: 0.000235  min_lr: 0.000060  loss: 0.0154 (0.0333)  class_acc: 1.0000 (0.9924)  loss_scale: 512.0000 (512.0000)  weight_decay: 0.0500 (0.0500)  grad_norm: 6.2781 (9.6140)  time: 0.1571  data: 0.0143  max mem: 9952
Epoch: [2]  [20/31]  eta: 0:00:01  lr: 0.000268  min_lr: 0.000068  loss: 0.0152 (0.0308)  class_acc: 1.0000 (0.9940)  loss_scale: 512.0000 (512.0000)  weight_decay: 0.0500 (0.0500)  grad_norm: 7.3278 (11.7071)  time: 0.1291  data: 0.0001  max mem: 9952
Epoch: [2]  [30/31]  eta: 0:00:00  lr: 0.000299  min_lr: 0.000076  loss: 0.0202 (0.0360)  class_acc: 1.0000 (0.9924)  loss_scale: 512.0000 (512.0000)  weight_decay: 0.0500 (0.0500)  grad_norm: 8.6885 (11.1095)  time: 0.1224  data: 0.0001  max mem: 9952
Epoch: [2] Total time: 0:00:04 (0.1372 s / it)
Averaged stats: lr: 0.000299  min_lr: 0.000076  loss: 0.0202 (0.0540)  class_acc: 1.0000 (0.9891)  loss_scale: 512.0000 (512.0000)  weight_decay: 0.0500 (0.0500)  grad_norm: 8.6885 (11.1095)
Val:  [ 0/21]  eta: 0:00:05  loss: 1.1066 (1.1066)  accuracy: 0.7083 (0.7083)  balanced_accuracy: 0.5670 (0.5670)  time: 0.2604  data: 0.1990  max mem: 9952
Val:  [10/21]  eta: 0:00:00  loss: 1.3197 (1.2464)  accuracy: 0.6944 (0.6919)  balanced_accuracy: 0.6054 (0.6239)  time: 0.0738  data: 0.0182  max mem: 9952
Val:  [20/21]  eta: 0:00:00  loss: 1.3197 (1.2782)  accuracy: 0.6667 (0.6826)  balanced_accuracy: 0.6054 (0.6018)  time: 0.0532  data: 0.0001  max mem: 9952
Val: Total time: 0:00:01 (0.0663 s / it)
* loss 1.278
Accuracy of the network on the 1462 val EEG: 0.68%
Test:  [ 0/21]  eta: 0:00:05  loss: 1.3942 (1.3942)  accuracy: 0.6528 (0.6528)  balanced_accuracy: 0.5591 (0.5591)  time: 0.2389  data: 0.1798  max mem: 9952
Test:  [10/21]  eta: 0:00:00  loss: 1.1747 (1.2498)  accuracy: 0.7083 (0.6894)  balanced_accuracy: 0.5919 (0.5935)  time: 0.0720  data: 0.0165  max mem: 9952
Test:  [20/21]  eta: 0:00:00  loss: 1.1758 (1.2248)  accuracy: 0.6944 (0.6884)  balanced_accuracy: 0.6054 (0.6083)  time: 0.0535  data: 0.0001  max mem: 9952
Test: Total time: 0:00:01 (0.0657 s / it)
* loss 1.225
Accuracy of the network on the 1470 test EEG: 0.69%
Max accuracy val: 0.68%, max accuracy test: 0.69%
Epoch: [3]  [ 0/31]  eta: 0:00:09  lr: 0.000302  min_lr: 0.000077  loss: 0.0404 (0.0404)  class_acc: 0.9792 (0.9792)  loss_scale: 512.0000 (512.0000)  weight_decay: 0.0500 (0.0500)  grad_norm: 37.6711 (37.6711)  time: 0.2912  data: 0.1592  max mem: 9952
Epoch: [3]  [10/31]  eta: 0:00:03  lr: 0.000336  min_lr: 0.000085  loss: 0.0158 (0.0453)  class_acc: 1.0000 (0.9886)  loss_scale: 512.0000 (512.0000)  weight_decay: 0.0500 (0.0500)  grad_norm: 8.7568 (12.2317)  time: 0.1444  data: 0.0147  max mem: 9952
Epoch: [3]  [20/31]  eta: 0:00:01  lr: 0.000369  min_lr: 0.000094  loss: 0.0156 (0.0533)  class_acc: 1.0000 (0.9891)  loss_scale: 512.0000 (512.0000)  weight_decay: 0.0500 (0.0500)  grad_norm: 5.7545 (11.4911)  time: 0.1293  data: 0.0002  max mem: 9952
Epoch: [3]  [30/31]  eta: 0:00:00  lr: 0.000399  min_lr: 0.000102  loss: 0.0170 (0.0606)  class_acc: 1.0000 (0.9882)  loss_scale: 512.0000 (512.0000)  weight_decay: 0.0500 (0.0500)  grad_norm: 8.4878 (13.0861)  time: 0.1225  data: 0.0001  max mem: 9952
Epoch: [3] Total time: 0:00:04 (0.1326 s / it)
Averaged stats: lr: 0.000399  min_lr: 0.000102  loss: 0.0170 (0.0524)  class_acc: 1.0000 (0.9880)  loss_scale: 512.0000 (512.0000)  weight_decay: 0.0500 (0.0500)  grad_norm: 8.4878 (13.0861)
Val:  [ 0/21]  eta: 0:00:05  loss: 1.4658 (1.4658)  accuracy: 0.6389 (0.6389)  balanced_accuracy: 0.5893 (0.5893)  time: 0.2441  data: 0.1849  max mem: 9952
Val:  [10/21]  eta: 0:00:00  loss: 1.4658 (1.4733)  accuracy: 0.6528 (0.6490)  balanced_accuracy: 0.5973 (0.6023)  time: 0.0727  data: 0.0170  max mem: 9952
Val:  [20/21]  eta: 0:00:00  loss: 1.4708 (1.4485)  accuracy: 0.6389 (0.6532)  balanced_accuracy: 0.5859 (0.5930)  time: 0.0535  data: 0.0001  max mem: 9952
Val: Total time: 0:00:01 (0.0658 s / it)
* loss 1.449
Accuracy of the network on the 1462 val EEG: 0.65%
Test:  [ 0/21]  eta: 0:00:04  loss: 1.6525 (1.6525)  accuracy: 0.6111 (0.6111)  balanced_accuracy: 0.5291 (0.5291)  time: 0.2268  data: 0.1672  max mem: 9952
Test:  [10/21]  eta: 0:00:00  loss: 1.4310 (1.4222)  accuracy: 0.6667 (0.6578)  balanced_accuracy: 0.5741 (0.5782)  time: 0.0709  data: 0.0154  max mem: 9952
Test:  [20/21]  eta: 0:00:00  loss: 1.3676 (1.3987)  accuracy: 0.6667 (0.6599)  balanced_accuracy: 0.5981 (0.5964)  time: 0.0535  data: 0.0001  max mem: 9952
Test: Total time: 0:00:01 (0.0643 s / it)
* loss 1.399
Accuracy of the network on the 1470 test EEG: 0.66%
Max accuracy val: 0.68%, max accuracy test: 0.69%
Epoch: [4]  [ 0/31]  eta: 0:00:09  lr: 0.000403  min_lr: 0.000102  loss: 0.1099 (0.1099)  class_acc: 0.9792 (0.9792)  loss_scale: 512.0000 (512.0000)  weight_decay: 0.0500 (0.0500)  grad_norm: 15.1088 (15.1088)  time: 0.2946  data: 0.1427  max mem: 9952
Epoch: [4]  [10/31]  eta: 0:00:03  lr: 0.000436  min_lr: 0.000111  loss: 0.1099 (0.0907)  class_acc: 0.9792 (0.9773)  loss_scale: 512.0000 (512.0000)  weight_decay: 0.0500 (0.0500)  grad_norm: 18.3655 (28.7582)  time: 0.1436  data: 0.0131  max mem: 9952
Epoch: [4]  [20/31]  eta: 0:00:01  lr: 0.000470  min_lr: 0.000119  loss: 0.0721 (0.0846)  class_acc: 0.9792 (0.9792)  loss_scale: 512.0000 (512.0000)  weight_decay: 0.0500 (0.0500)  grad_norm: 18.3655 (25.4033)  time: 0.1287  data: 0.0001  max mem: 9952
Epoch: [4]  [30/31]  eta: 0:00:00  lr: 0.000500  min_lr: 0.000127  loss: 0.0587 (0.0932)  class_acc: 0.9792 (0.9743)  loss_scale: 512.0000 (512.0000)  weight_decay: 0.0500 (0.0500)  grad_norm: 17.5044 (24.2564)  time: 0.1223  data: 0.0001  max mem: 9952
Epoch: [4] Total time: 0:00:04 (0.1320 s / it)
Averaged stats: lr: 0.000500  min_lr: 0.000127  loss: 0.0587 (0.0887)  class_acc: 0.9792 (0.9731)  loss_scale: 512.0000 (512.0000)  weight_decay: 0.0500 (0.0500)  grad_norm: 17.5044 (24.2564)
Val:  [ 0/21]  eta: 0:00:05  loss: 0.9816 (0.9816)  accuracy: 0.7361 (0.7361)  balanced_accuracy: 0.6518 (0.6518)  time: 0.2473  data: 0.1857  max mem: 9952
Val:  [10/21]  eta: 0:00:00  loss: 1.0932 (1.1455)  accuracy: 0.6806 (0.6793)  balanced_accuracy: 0.6413 (0.6255)  time: 0.0726  data: 0.0170  max mem: 9952
Val:  [20/21]  eta: 0:00:00  loss: 1.1055 (1.1466)  accuracy: 0.6806 (0.6744)  balanced_accuracy: 0.6204 (0.6103)  time: 0.0531  data: 0.0001  max mem: 9952
Val: Total time: 0:00:01 (0.0648 s / it)
* loss 1.147
Accuracy of the network on the 1462 val EEG: 0.67%
Test:  [ 0/21]  eta: 0:00:05  loss: 1.3272 (1.3272)  accuracy: 0.6250 (0.6250)  balanced_accuracy: 0.5391 (0.5391)  time: 0.2519  data: 0.1915  max mem: 9952
Test:  [10/21]  eta: 0:00:00  loss: 1.1304 (1.1465)  accuracy: 0.6667 (0.6692)  balanced_accuracy: 0.5561 (0.5782)  time: 0.0732  data: 0.0176  max mem: 9952
Test:  [20/21]  eta: 0:00:00  loss: 1.1182 (1.1192)  accuracy: 0.6806 (0.6755)  balanced_accuracy: 0.6000 (0.5988)  time: 0.0538  data: 0.0002  max mem: 9952
Test: Total time: 0:00:01 (0.0662 s / it)
* loss 1.119
Accuracy of the network on the 1470 test EEG: 0.68%
Max accuracy val: 0.68%, max accuracy test: 0.69%
Epoch: [5]  [ 0/31]  eta: 0:00:09  lr: 0.000500  min_lr: 0.000127  loss: 0.1208 (0.1208)  class_acc: 0.9792 (0.9792)  loss_scale: 512.0000 (512.0000)  weight_decay: 0.0500 (0.0500)  grad_norm: 5.1539 (5.1539)  time: 0.3067  data: 0.1670  max mem: 9952
Epoch: [5]  [10/31]  eta: 0:00:03  lr: 0.000500  min_lr: 0.000127  loss: 0.0434 (0.0544)  class_acc: 0.9792 (0.9830)  loss_scale: 512.0000 (512.0000)  weight_decay: 0.0500 (0.0500)  grad_norm: 11.1528 (14.7527)  time: 0.1451  data: 0.0153  max mem: 9952
Epoch: [5]  [20/31]  eta: 0:00:01  lr: 0.000500  min_lr: 0.000127  loss: 0.0435 (0.0761)  class_acc: 0.9792 (0.9752)  loss_scale: 512.0000 (512.0000)  weight_decay: 0.0500 (0.0500)  grad_norm: 17.2777 (20.8614)  time: 0.1290  data: 0.0001  max mem: 9952
Epoch: [5]  [30/31]  eta: 0:00:00  lr: 0.000499  min_lr: 0.000127  loss: 0.0700 (0.0864)  class_acc: 0.9792 (0.9729)  loss_scale: 512.0000 (512.0000)  weight_decay: 0.0500 (0.0500)  grad_norm: 23.4577 (22.5827)  time: 0.1222  data: 0.0001  max mem: 9952
Epoch: [5] Total time: 0:00:04 (0.1329 s / it)
Averaged stats: lr: 0.000499  min_lr: 0.000127  loss: 0.0700 (0.0869)  class_acc: 0.9792 (0.9741)  loss_scale: 512.0000 (512.0000)  weight_decay: 0.0500 (0.0500)  grad_norm: 23.4577 (22.5827)
Val:  [ 0/21]  eta: 0:00:05  loss: 0.9416 (0.9416)  accuracy: 0.6806 (0.6806)  balanced_accuracy: 0.5268 (0.5268)  time: 0.2546  data: 0.1934  max mem: 9952
Val:  [10/21]  eta: 0:00:00  loss: 1.0974 (1.1157)  accuracy: 0.6806 (0.6705)  balanced_accuracy: 0.5784 (0.5796)  time: 0.0735  data: 0.0177  max mem: 9952
Val:  [20/21]  eta: 0:00:00  loss: 1.0561 (1.0734)  accuracy: 0.6806 (0.6799)  balanced_accuracy: 0.5836 (0.5823)  time: 0.0533  data: 0.0001  max mem: 9952
Val: Total time: 0:00:01 (0.0659 s / it)
* loss 1.073
Accuracy of the network on the 1462 val EEG: 0.68%
Test:  [ 0/21]  eta: 0:00:05  loss: 1.2054 (1.2054)  accuracy: 0.6667 (0.6667)  balanced_accuracy: 0.5564 (0.5564)  time: 0.2827  data: 0.2237  max mem: 9952
Test:  [10/21]  eta: 0:00:00  loss: 1.0439 (1.0716)  accuracy: 0.6944 (0.6944)  balanced_accuracy: 0.5741 (0.5793)  time: 0.0765  data: 0.0205  max mem: 9952
Test:  [20/21]  eta: 0:00:00  loss: 1.0439 (1.0663)  accuracy: 0.6806 (0.6905)  balanced_accuracy: 0.5759 (0.5905)  time: 0.0541  data: 0.0001  max mem: 9952
Test: Total time: 0:00:01 (0.0687 s / it)
* loss 1.066
Accuracy of the network on the 1470 test EEG: 0.69%
Max accuracy val: 0.68%, max accuracy test: 0.69%
Epoch: [6]  [ 0/31]  eta: 0:00:08  lr: 0.000499  min_lr: 0.000127  loss: 0.0405 (0.0405)  class_acc: 1.0000 (1.0000)  loss_scale: 512.0000 (512.0000)  weight_decay: 0.0500 (0.0500)  grad_norm: 14.3964 (14.3964)  time: 0.2868  data: 0.1518  max mem: 9952
Epoch: [6]  [10/31]  eta: 0:00:03  lr: 0.000499  min_lr: 0.000127  loss: 0.0723 (0.0748)  class_acc: 0.9792 (0.9792)  loss_scale: 512.0000 (512.0000)  weight_decay: 0.0500 (0.0500)  grad_norm: 14.3964 (16.7997)  time: 0.1437  data: 0.0139  max mem: 9952
Epoch: [6]  [20/31]  eta: 0:00:01  lr: 0.000498  min_lr: 0.000127  loss: 0.0774 (0.0822)  class_acc: 0.9792 (0.9782)  loss_scale: 512.0000 (512.0000)  weight_decay: 0.0500 (0.0500)  grad_norm: 13.9432 (17.0072)  time: 0.1296  data: 0.0001  max mem: 9952
Epoch: [6]  [30/31]  eta: 0:00:00  lr: 0.000498  min_lr: 0.000126  loss: 0.0774 (0.0781)  class_acc: 0.9792 (0.9785)  loss_scale: 512.0000 (512.0000)  weight_decay: 0.0500 (0.0500)  grad_norm: 18.5227 (20.0106)  time: 0.1234  data: 0.0001  max mem: 9952
Epoch: [6] Total time: 0:00:04 (0.1327 s / it)
Averaged stats: lr: 0.000498  min_lr: 0.000126  loss: 0.0774 (0.0774)  class_acc: 0.9792 (0.9801)  loss_scale: 512.0000 (512.0000)  weight_decay: 0.0500 (0.0500)  grad_norm: 18.5227 (20.0106)
Val:  [ 0/21]  eta: 0:00:05  loss: 1.5561 (1.5561)  accuracy: 0.5694 (0.5694)  balanced_accuracy: 0.4554 (0.4554)  time: 0.2593  data: 0.1994  max mem: 9952
Val:  [10/21]  eta: 0:00:00  loss: 1.3091 (1.3002)  accuracy: 0.6528 (0.6313)  balanced_accuracy: 0.6042 (0.5875)  time: 0.0742  data: 0.0183  max mem: 9952
Val:  [20/21]  eta: 0:00:00  loss: 1.2498 (1.2681)  accuracy: 0.6364 (0.6389)  balanced_accuracy: 0.5976 (0.5915)  time: 0.0535  data: 0.0002  max mem: 9952
Val: Total time: 0:00:01 (0.0656 s / it)
* loss 1.268
Accuracy of the network on the 1462 val EEG: 0.64%
Test:  [ 0/21]  eta: 0:00:04  loss: 1.4173 (1.4173)  accuracy: 0.6667 (0.6667)  balanced_accuracy: 0.5818 (0.5818)  time: 0.2265  data: 0.1665  max mem: 9952
Test:  [10/21]  eta: 0:00:00  loss: 1.2244 (1.2365)  accuracy: 0.6528 (0.6616)  balanced_accuracy: 0.5953 (0.5900)  time: 0.0710  data: 0.0153  max mem: 9952
Test:  [20/21]  eta: 0:00:00  loss: 1.1603 (1.1995)  accuracy: 0.6389 (0.6633)  balanced_accuracy: 0.6027 (0.6093)  time: 0.0536  data: 0.0002  max mem: 9952
Test: Total time: 0:00:01 (0.0645 s / it)
* loss 1.200
Accuracy of the network on the 1470 test EEG: 0.66%
Max accuracy val: 0.68%, max accuracy test: 0.69%
Epoch: [7]  [ 0/31]  eta: 0:00:09  lr: 0.000498  min_lr: 0.000126  loss: 0.0917 (0.0917)  class_acc: 0.9792 (0.9792)  loss_scale: 512.0000 (512.0000)  weight_decay: 0.0500 (0.0500)  grad_norm: 16.5199 (16.5199)  time: 0.3000  data: 0.1537  max mem: 9952
Epoch: [7]  [10/31]  eta: 0:00:03  lr: 0.000497  min_lr: 0.000126  loss: 0.0568 (0.0650)  class_acc: 0.9792 (0.9792)  loss_scale: 512.0000 (512.0000)  weight_decay: 0.0500 (0.0500)  grad_norm: 22.0683 (22.5503)  time: 0.1445  data: 0.0141  max mem: 9952
Epoch: [7]  [20/31]  eta: 0:00:01  lr: 0.000496  min_lr: 0.000126  loss: 0.0380 (0.0655)  class_acc: 0.9792 (0.9782)  loss_scale: 512.0000 (512.0000)  weight_decay: 0.0500 (0.0500)  grad_norm: 21.6369 (24.3472)  time: 0.1288  data: 0.0002  max mem: 9952
Epoch: [7]  [30/31]  eta: 0:00:00  lr: 0.000495  min_lr: 0.000126  loss: 0.0773 (0.0767)  class_acc: 0.9792 (0.9757)  loss_scale: 512.0000 (512.0000)  weight_decay: 0.0500 (0.0500)  grad_norm: 19.4461 (23.9404)  time: 0.1220  data: 0.0001  max mem: 9952
Epoch: [7] Total time: 0:00:04 (0.1323 s / it)
Averaged stats: lr: 0.000495  min_lr: 0.000126  loss: 0.0773 (0.0768)  class_acc: 0.9792 (0.9778)  loss_scale: 512.0000 (512.0000)  weight_decay: 0.0500 (0.0500)  grad_norm: 19.4461 (23.9404)
Val:  [ 0/21]  eta: 0:00:05  loss: 1.4661 (1.4661)  accuracy: 0.5972 (0.5972)  balanced_accuracy: 0.5402 (0.5402)  time: 0.2627  data: 0.2043  max mem: 9952
Val:  [10/21]  eta: 0:00:00  loss: 1.4661 (1.4268)  accuracy: 0.6111 (0.6364)  balanced_accuracy: 0.5686 (0.5875)  time: 0.0741  data: 0.0187  max mem: 9952
Val:  [20/21]  eta: 0:00:00  loss: 1.3462 (1.3615)  accuracy: 0.6389 (0.6443)  balanced_accuracy: 0.5833 (0.5812)  time: 0.0533  data: 0.0001  max mem: 9952
Val: Total time: 0:00:01 (0.0666 s / it)
* loss 1.361
Accuracy of the network on the 1462 val EEG: 0.64%
Test:  [ 0/21]  eta: 0:00:05  loss: 1.4565 (1.4565)  accuracy: 0.6250 (0.6250)  balanced_accuracy: 0.5391 (0.5391)  time: 0.2663  data: 0.2071  max mem: 9952
Test:  [10/21]  eta: 0:00:00  loss: 1.3293 (1.3411)  accuracy: 0.6389 (0.6616)  balanced_accuracy: 0.5690 (0.5694)  time: 0.0746  data: 0.0190  max mem: 9952
Test:  [20/21]  eta: 0:00:00  loss: 1.2827 (1.2891)  accuracy: 0.6528 (0.6694)  balanced_accuracy: 0.5852 (0.5930)  time: 0.0537  data: 0.0002  max mem: 9952
Test: Total time: 0:00:01 (0.0664 s / it)
* loss 1.289
Accuracy of the network on the 1470 test EEG: 0.67%
Max accuracy val: 0.68%, max accuracy test: 0.69%
Epoch: [8]  [ 0/31]  eta: 0:00:09  lr: 0.000495  min_lr: 0.000126  loss: 0.0895 (0.0895)  class_acc: 0.9792 (0.9792)  loss_scale: 512.0000 (512.0000)  weight_decay: 0.0500 (0.0500)  grad_norm: 28.1967 (28.1967)  time: 0.3019  data: 0.1685  max mem: 9952
Epoch: [8]  [10/31]  eta: 0:00:03  lr: 0.000493  min_lr: 0.000125  loss: 0.0418 (0.0518)  class_acc: 0.9792 (0.9792)  loss_scale: 512.0000 (512.0000)  weight_decay: 0.0500 (0.0500)  grad_norm: 14.8126 (23.1578)  time: 0.1449  data: 0.0154  max mem: 9952
Epoch: [8]  [20/31]  eta: 0:00:01  lr: 0.000492  min_lr: 0.000125  loss: 0.0330 (0.0459)  class_acc: 0.9792 (0.9841)  loss_scale: 512.0000 (512.0000)  weight_decay: 0.0500 (0.0500)  grad_norm: 16.5757 (22.7403)  time: 0.1292  data: 0.0001  max mem: 9952
Epoch: [8]  [30/31]  eta: 0:00:00  lr: 0.000490  min_lr: 0.000125  loss: 0.0330 (0.0565)  class_acc: 0.9792 (0.9833)  loss_scale: 512.0000 (512.0000)  weight_decay: 0.0500 (0.0500)  grad_norm: 19.8961 (23.4515)  time: 0.1223  data: 0.0001  max mem: 9952
Epoch: [8] Total time: 0:00:04 (0.1327 s / it)
Averaged stats: lr: 0.000490  min_lr: 0.000125  loss: 0.0330 (0.0664)  class_acc: 0.9792 (0.9799)  loss_scale: 512.0000 (512.0000)  weight_decay: 0.0500 (0.0500)  grad_norm: 19.8961 (23.4515)
Val:  [ 0/21]  eta: 0:00:05  loss: 1.3845 (1.3845)  accuracy: 0.5972 (0.5972)  balanced_accuracy: 0.4955 (0.4955)  time: 0.2631  data: 0.1995  max mem: 9952
Val:  [10/21]  eta: 0:00:00  loss: 1.5508 (1.4985)  accuracy: 0.5972 (0.6149)  balanced_accuracy: 0.5833 (0.5739)  time: 0.0745  data: 0.0183  max mem: 9952
Val:  [20/21]  eta: 0:00:00  loss: 1.4468 (1.4375)  accuracy: 0.6364 (0.6341)  balanced_accuracy: 0.5938 (0.5856)  time: 0.0534  data: 0.0001  max mem: 9952
Val: Total time: 0:00:01 (0.0660 s / it)
* loss 1.437
Accuracy of the network on the 1462 val EEG: 0.63%
Test:  [ 0/21]  eta: 0:00:05  loss: 1.2557 (1.2557)  accuracy: 0.7222 (0.7222)  balanced_accuracy: 0.6855 (0.6855)  time: 0.2429  data: 0.1824  max mem: 9952
Test:  [10/21]  eta: 0:00:00  loss: 1.3251 (1.3692)  accuracy: 0.6528 (0.6490)  balanced_accuracy: 0.5765 (0.5841)  time: 0.0724  data: 0.0167  max mem: 9952
Test:  [20/21]  eta: 0:00:00  loss: 1.3251 (1.3397)  accuracy: 0.6528 (0.6537)  balanced_accuracy: 0.6100 (0.6042)  time: 0.0536  data: 0.0001  max mem: 9952
Test: Total time: 0:00:01 (0.0661 s / it)
* loss 1.340
Accuracy of the network on the 1470 test EEG: 0.65%
Max accuracy val: 0.68%, max accuracy test: 0.69%
Epoch: [9]  [ 0/31]  eta: 0:00:09  lr: 0.000490  min_lr: 0.000125  loss: 0.0215 (0.0215)  class_acc: 0.9792 (0.9792)  loss_scale: 512.0000 (512.0000)  weight_decay: 0.0500 (0.0500)  grad_norm: 12.9351 (12.9351)  time: 0.2961  data: 0.1637  max mem: 9952
Epoch: [9]  [10/31]  eta: 0:00:03  lr: 0.000489  min_lr: 0.000124  loss: 0.0215 (0.0430)  class_acc: 0.9792 (0.9867)  loss_scale: 512.0000 (512.0000)  weight_decay: 0.0500 (0.0500)  grad_norm: 12.9351 (17.7506)  time: 0.1439  data: 0.0150  max mem: 9952
Epoch: [9]  [20/31]  eta: 0:00:01  lr: 0.000487  min_lr: 0.000124  loss: 0.0164 (0.0335)  class_acc: 1.0000 (0.9921)  loss_scale: 512.0000 (512.0000)  weight_decay: 0.0500 (0.0500)  grad_norm: 8.3269 (14.3069)  time: 0.1287  data: 0.0001  max mem: 9952
Epoch: [9]  [30/31]  eta: 0:00:00  lr: 0.000485  min_lr: 0.000123  loss: 0.0121 (0.0406)  class_acc: 1.0000 (0.9910)  loss_scale: 512.0000 (512.0000)  weight_decay: 0.0500 (0.0500)  grad_norm: 8.2766 (14.3300)  time: 0.1223  data: 0.0001  max mem: 9952
Epoch: [9] Total time: 0:00:04 (0.1325 s / it)
Averaged stats: lr: 0.000485  min_lr: 0.000123  loss: 0.0121 (0.0521)  class_acc: 1.0000 (0.9877)  loss_scale: 512.0000 (512.0000)  weight_decay: 0.0500 (0.0500)  grad_norm: 8.2766 (14.3300)
Val:  [ 0/21]  eta: 0:00:05  loss: 1.4964 (1.4964)  accuracy: 0.6528 (0.6528)  balanced_accuracy: 0.5312 (0.5312)  time: 0.2574  data: 0.1976  max mem: 9952
Val:  [10/21]  eta: 0:00:00  loss: 1.4968 (1.4770)  accuracy: 0.6667 (0.6692)  balanced_accuracy: 0.5846 (0.5917)  time: 0.0736  data: 0.0181  max mem: 9952
Val:  [20/21]  eta: 0:00:00  loss: 1.4429 (1.4442)  accuracy: 0.6667 (0.6785)  balanced_accuracy: 0.5846 (0.5910)  time: 0.0533  data: 0.0001  max mem: 9952
Val: Total time: 0:00:01 (0.0663 s / it)
* loss 1.444
Accuracy of the network on the 1462 val EEG: 0.68%
Test:  [ 0/21]  eta: 0:00:05  loss: 1.6521 (1.6521)  accuracy: 0.6389 (0.6389)  balanced_accuracy: 0.5491 (0.5491)  time: 0.2599  data: 0.2010  max mem: 9952
Test:  [10/21]  eta: 0:00:00  loss: 1.2587 (1.3475)  accuracy: 0.6944 (0.6944)  balanced_accuracy: 0.5827 (0.5838)  time: 0.0740  data: 0.0184  max mem: 9952
Test:  [20/21]  eta: 0:00:00  loss: 1.2587 (1.3251)  accuracy: 0.7083 (0.7020)  balanced_accuracy: 0.6111 (0.6095)  time: 0.0536  data: 0.0001  max mem: 9952
Test: Total time: 0:00:01 (0.0659 s / it)
* loss 1.325
Accuracy of the network on the 1470 test EEG: 0.70%
Max accuracy val: 0.68%, max accuracy test: 0.69%
Epoch: [10]  [ 0/31]  eta: 0:00:08  lr: 0.000485  min_lr: 0.000123  loss: 0.0071 (0.0071)  class_acc: 1.0000 (1.0000)  loss_scale: 512.0000 (512.0000)  weight_decay: 0.0500 (0.0500)  grad_norm: 4.4910 (4.4910)  time: 0.2836  data: 0.1521  max mem: 9952
Epoch: [10]  [10/31]  eta: 0:00:02  lr: 0.000483  min_lr: 0.000123  loss: 0.0283 (0.0528)  class_acc: 0.9792 (0.9867)  loss_scale: 512.0000 (512.0000)  weight_decay: 0.0500 (0.0500)  grad_norm: 13.3541 (17.4404)  time: 0.1428  data: 0.0139  max mem: 9952
Epoch: [10]  [20/31]  eta: 0:00:01  lr: 0.000481  min_lr: 0.000122  loss: 0.0453 (0.0641)  class_acc: 0.9792 (0.9831)  loss_scale: 512.0000 (512.0000)  weight_decay: 0.0500 (0.0500)  grad_norm: 14.4524 (18.2856)  time: 0.1287  data: 0.0001  max mem: 9952
Epoch: [10]  [30/31]  eta: 0:00:00  lr: 0.000479  min_lr: 0.000122  loss: 0.0453 (0.0657)  class_acc: 0.9792 (0.9819)  loss_scale: 512.0000 (512.0000)  weight_decay: 0.0500 (0.0500)  grad_norm: 15.9105 (18.7402)  time: 0.1221  data: 0.0001  max mem: 9952
Epoch: [10] Total time: 0:00:04 (0.1317 s / it)
Averaged stats: lr: 0.000479  min_lr: 0.000122  loss: 0.0453 (0.0598)  class_acc: 0.9792 (0.9833)  loss_scale: 512.0000 (512.0000)  weight_decay: 0.0500 (0.0500)  grad_norm: 15.9105 (18.7402)
Val:  [ 0/21]  eta: 0:00:05  loss: 1.3396 (1.3396)  accuracy: 0.5833 (0.5833)  balanced_accuracy: 0.5536 (0.5536)  time: 0.2562  data: 0.1972  max mem: 9952
Val:  [10/21]  eta: 0:00:00  loss: 1.3175 (1.3246)  accuracy: 0.6111 (0.6098)  balanced_accuracy: 0.5898 (0.5836)  time: 0.0737  data: 0.0181  max mem: 9952
Val:  [20/21]  eta: 0:00:00  loss: 1.2797 (1.2866)  accuracy: 0.6111 (0.6272)  balanced_accuracy: 0.5900 (0.5926)  time: 0.0534  data: 0.0001  max mem: 9952
Val: Total time: 0:00:01 (0.0658 s / it)
* loss 1.287
Accuracy of the network on the 1462 val EEG: 0.63%
Test:  [ 0/21]  eta: 0:00:05  loss: 1.3410 (1.3410)  accuracy: 0.5972 (0.5972)  balanced_accuracy: 0.5445 (0.5445)  time: 0.2799  data: 0.2194  max mem: 9952
Test:  [10/21]  eta: 0:00:00  loss: 1.1605 (1.1852)  accuracy: 0.6528 (0.6503)  balanced_accuracy: 0.5710 (0.5915)  time: 0.0758  data: 0.0201  max mem: 9952
Test:  [20/21]  eta: 0:00:00  loss: 1.1279 (1.1555)  accuracy: 0.6528 (0.6503)  balanced_accuracy: 0.6216 (0.6071)  time: 0.0537  data: 0.0001  max mem: 9952
Test: Total time: 0:00:01 (0.0676 s / it)
* loss 1.156
Accuracy of the network on the 1470 test EEG: 0.65%
Max accuracy val: 0.68%, max accuracy test: 0.69%
Epoch: [11]  [ 0/31]  eta: 0:00:08  lr: 0.000478  min_lr: 0.000122  loss: 0.0325 (0.0325)  class_acc: 1.0000 (1.0000)  loss_scale: 512.0000 (512.0000)  weight_decay: 0.0500 (0.0500)  grad_norm: 11.9953 (11.9953)  time: 0.2874  data: 0.1519  max mem: 9952
Epoch: [11]  [10/31]  eta: 0:00:03  lr: 0.000476  min_lr: 0.000121  loss: 0.0114 (0.0214)  class_acc: 1.0000 (0.9943)  loss_scale: 512.0000 (512.0000)  weight_decay: 0.0500 (0.0500)  grad_norm: 11.0250 (9.1692)  time: 0.1432  data: 0.0139  max mem: 9952
Epoch: [11]  [20/31]  eta: 0:00:01  lr: 0.000473  min_lr: 0.000120  loss: 0.0108 (0.0249)  class_acc: 1.0000 (0.9921)  loss_scale: 512.0000 (512.0000)  weight_decay: 0.0500 (0.0500)  grad_norm: 11.2856 (12.5331)  time: 0.1289  data: 0.0001  max mem: 9952
Epoch: [11]  [30/31]  eta: 0:00:00  lr: 0.000471  min_lr: 0.000120  loss: 0.0108 (0.0289)  class_acc: 1.0000 (0.9924)  loss_scale: 512.0000 (512.0000)  weight_decay: 0.0500 (0.0500)  grad_norm: 17.5914 (16.6797)  time: 0.1221  data: 0.0001  max mem: 9952
Epoch: [11] Total time: 0:00:04 (0.1319 s / it)
Averaged stats: lr: 0.000471  min_lr: 0.000120  loss: 0.0108 (0.0409)  class_acc: 1.0000 (0.9910)  loss_scale: 512.0000 (512.0000)  weight_decay: 0.0500 (0.0500)  grad_norm: 17.5914 (16.6797)
Val:  [ 0/21]  eta: 0:00:05  loss: 1.3130 (1.3130)  accuracy: 0.7361 (0.7361)  balanced_accuracy: 0.6071 (0.6071)  time: 0.2608  data: 0.2019  max mem: 9952
Val:  [10/21]  eta: 0:00:00  loss: 1.4007 (1.4428)  accuracy: 0.7083 (0.6932)  balanced_accuracy: 0.6071 (0.6033)  time: 0.0741  data: 0.0185  max mem: 9952
Val:  [20/21]  eta: 0:00:00  loss: 1.4021 (1.4466)  accuracy: 0.6667 (0.6915)  balanced_accuracy: 0.5694 (0.5862)  time: 0.0534  data: 0.0001  max mem: 9952
Val: Total time: 0:00:01 (0.0667 s / it)
* loss 1.447
Accuracy of the network on the 1462 val EEG: 0.69%
Test:  [ 0/21]  eta: 0:00:05  loss: 1.5598 (1.5598)  accuracy: 0.6667 (0.6667)  balanced_accuracy: 0.5691 (0.5691)  time: 0.2436  data: 0.1846  max mem: 9952
Test:  [10/21]  eta: 0:00:00  loss: 1.3637 (1.4133)  accuracy: 0.7222 (0.7096)  balanced_accuracy: 0.5764 (0.5866)  time: 0.0725  data: 0.0169  max mem: 9952
Test:  [20/21]  eta: 0:00:00  loss: 1.3238 (1.3787)  accuracy: 0.7222 (0.7068)  balanced_accuracy: 0.5893 (0.5954)  time: 0.0537  data: 0.0001  max mem: 9952
Test: Total time: 0:00:01 (0.0662 s / it)
* loss 1.379
Accuracy of the network on the 1470 test EEG: 0.71%
Max accuracy val: 0.69%, max accuracy test: 0.71%
Epoch: [12]  [ 0/31]  eta: 0:00:09  lr: 0.000471  min_lr: 0.000120  loss: 0.0470 (0.0470)  class_acc: 0.9792 (0.9792)  loss_scale: 512.0000 (512.0000)  weight_decay: 0.0500 (0.0500)  grad_norm: 35.4091 (35.4091)  time: 0.2952  data: 0.1603  max mem: 9952
Epoch: [12]  [10/31]  eta: 0:00:03  lr: 0.000468  min_lr: 0.000119  loss: 0.0322 (0.0429)  class_acc: 0.9792 (0.9867)  loss_scale: 512.0000 (512.0000)  weight_decay: 0.0500 (0.0500)  grad_norm: 21.2940 (23.4218)  time: 0.1442  data: 0.0147  max mem: 9952
Epoch: [12]  [20/31]  eta: 0:00:01  lr: 0.000465  min_lr: 0.000118  loss: 0.0322 (0.0414)  class_acc: 0.9792 (0.9881)  loss_scale: 512.0000 (512.0000)  weight_decay: 0.0500 (0.0500)  grad_norm: 20.9093 (21.8776)  time: 0.1291  data: 0.0001  max mem: 9952
Epoch: [12]  [30/31]  eta: 0:00:00  lr: 0.000462  min_lr: 0.000118  loss: 0.0329 (0.0432)  class_acc: 0.9792 (0.9868)  loss_scale: 512.0000 (512.0000)  weight_decay: 0.0500 (0.0500)  grad_norm: 20.9093 (22.2614)  time: 0.1225  data: 0.0001  max mem: 9952
Epoch: [12] Total time: 0:00:04 (0.1325 s / it)
Averaged stats: lr: 0.000462  min_lr: 0.000118  loss: 0.0329 (0.0655)  class_acc: 0.9792 (0.9810)  loss_scale: 512.0000 (512.0000)  weight_decay: 0.0500 (0.0500)  grad_norm: 20.9093 (22.2614)
Val:  [ 0/21]  eta: 0:00:05  loss: 1.2988 (1.2988)  accuracy: 0.6667 (0.6667)  balanced_accuracy: 0.5625 (0.5625)  time: 0.2447  data: 0.1863  max mem: 9952
Val:  [10/21]  eta: 0:00:00  loss: 1.2993 (1.3227)  accuracy: 0.6667 (0.6641)  balanced_accuracy: 0.6112 (0.6104)  time: 0.0725  data: 0.0171  max mem: 9952
Val:  [20/21]  eta: 0:00:00  loss: 1.2993 (1.3063)  accuracy: 0.6528 (0.6635)  balanced_accuracy: 0.6087 (0.6023)  time: 0.0533  data: 0.0001  max mem: 9952
Val: Total time: 0:00:01 (0.0652 s / it)
* loss 1.306
Accuracy of the network on the 1462 val EEG: 0.66%
Test:  [ 0/21]  eta: 0:00:04  loss: 1.4070 (1.4070)  accuracy: 0.6528 (0.6528)  balanced_accuracy: 0.5718 (0.5718)  time: 0.2316  data: 0.1717  max mem: 9952
Test:  [10/21]  eta: 0:00:00  loss: 1.2403 (1.3124)  accuracy: 0.6806 (0.6641)  balanced_accuracy: 0.5893 (0.5867)  time: 0.0713  data: 0.0158  max mem: 9952
Test:  [20/21]  eta: 0:00:00  loss: 1.2258 (1.2084)  accuracy: 0.6806 (0.6748)  balanced_accuracy: 0.6019 (0.6133)  time: 0.0535  data: 0.0001  max mem: 9952
Test: Total time: 0:00:01 (0.0648 s / it)
* loss 1.208
Accuracy of the network on the 1470 test EEG: 0.67%
Max accuracy val: 0.69%, max accuracy test: 0.71%
Epoch: [13]  [ 0/31]  eta: 0:00:09  lr: 0.000462  min_lr: 0.000117  loss: 0.0081 (0.0081)  class_acc: 1.0000 (1.0000)  loss_scale: 512.0000 (512.0000)  weight_decay: 0.0500 (0.0500)  grad_norm: 13.4026 (13.4026)  time: 0.3095  data: 0.1756  max mem: 9952
Epoch: [13]  [10/31]  eta: 0:00:03  lr: 0.000459  min_lr: 0.000117  loss: 0.0180 (0.0258)  class_acc: 1.0000 (0.9943)  loss_scale: 512.0000 (512.0000)  weight_decay: 0.0500 (0.0500)  grad_norm: 9.6770 (10.5360)  time: 0.1454  data: 0.0161  max mem: 9952
Epoch: [13]  [20/31]  eta: 0:00:01  lr: 0.000456  min_lr: 0.000116  loss: 0.0128 (0.0213)  class_acc: 1.0000 (0.9950)  loss_scale: 512.0000 (512.0000)  weight_decay: 0.0500 (0.0500)  grad_norm: 7.8684 (9.6035)  time: 0.1290  data: 0.0001  max mem: 9952
Epoch: [13]  [30/31]  eta: 0:00:00  lr: 0.000453  min_lr: 0.000115  loss: 0.0116 (0.0341)  class_acc: 1.0000 (0.9931)  loss_scale: 512.0000 (512.0000)  weight_decay: 0.0500 (0.0500)  grad_norm: 7.8684 (10.1631)  time: 0.1222  data: 0.0001  max mem: 9952
Epoch: [13] Total time: 0:00:04 (0.1326 s / it)
Averaged stats: lr: 0.000453  min_lr: 0.000115  loss: 0.0116 (0.0336)  class_acc: 1.0000 (0.9917)  loss_scale: 512.0000 (512.0000)  weight_decay: 0.0500 (0.0500)  grad_norm: 7.8684 (10.1631)
Val:  [ 0/21]  eta: 0:00:05  loss: 1.2645 (1.2645)  accuracy: 0.7500 (0.7500)  balanced_accuracy: 0.6161 (0.6161)  time: 0.2716  data: 0.2132  max mem: 9952
Val:  [10/21]  eta: 0:00:00  loss: 1.4291 (1.5390)  accuracy: 0.7083 (0.6869)  balanced_accuracy: 0.6161 (0.6048)  time: 0.0750  data: 0.0196  max mem: 9952
Val:  [20/21]  eta: 0:00:00  loss: 1.5070 (1.5109)  accuracy: 0.6667 (0.6867)  balanced_accuracy: 0.5846 (0.5944)  time: 0.0533  data: 0.0002  max mem: 9952
Val: Total time: 0:00:01 (0.0663 s / it)
* loss 1.511
Accuracy of the network on the 1462 val EEG: 0.69%
Test:  [ 0/21]  eta: 0:00:04  loss: 1.5537 (1.5537)  accuracy: 0.6250 (0.6250)  balanced_accuracy: 0.5009 (0.5009)  time: 0.2211  data: 0.1627  max mem: 9952
Test:  [10/21]  eta: 0:00:00  loss: 1.4307 (1.4666)  accuracy: 0.6806 (0.6869)  balanced_accuracy: 0.5824 (0.5787)  time: 0.0707  data: 0.0151  max mem: 9952
Test:  [20/21]  eta: 0:00:00  loss: 1.3927 (1.3984)  accuracy: 0.7083 (0.6980)  balanced_accuracy: 0.6037 (0.6033)  time: 0.0537  data: 0.0002  max mem: 9952
Test: Total time: 0:00:01 (0.0640 s / it)
* loss 1.398
Accuracy of the network on the 1470 test EEG: 0.70%
Max accuracy val: 0.69%, max accuracy test: 0.71%
Epoch: [14]  [ 0/31]  eta: 0:00:08  lr: 0.000452  min_lr: 0.000115  loss: 0.0241 (0.0241)  class_acc: 0.9792 (0.9792)  loss_scale: 512.0000 (512.0000)  weight_decay: 0.0500 (0.0500)  grad_norm: 10.3243 (10.3243)  time: 0.2895  data: 0.1549  max mem: 9952
Epoch: [14]  [10/31]  eta: 0:00:03  lr: 0.000449  min_lr: 0.000114  loss: 0.0259 (0.0291)  class_acc: 0.9792 (0.9848)  loss_scale: 512.0000 (512.0000)  weight_decay: 0.0500 (0.0500)  grad_norm: 15.4038 (12.6186)  time: 0.1438  data: 0.0142  max mem: 9952
Epoch: [14]  [20/31]  eta: 0:00:01  lr: 0.000445  min_lr: 0.000113  loss: 0.0151 (0.0267)  class_acc: 1.0000 (0.9891)  loss_scale: 512.0000 (512.0000)  weight_decay: 0.0500 (0.0500)  grad_norm: 15.4038 (13.5116)  time: 0.1291  data: 0.0001  max mem: 9952
Epoch: [14]  [30/31]  eta: 0:00:00  lr: 0.000442  min_lr: 0.000112  loss: 0.0085 (0.0313)  class_acc: 1.0000 (0.9889)  loss_scale: 512.0000 (512.0000)  weight_decay: 0.0500 (0.0500)  grad_norm: 11.9618 (14.5205)  time: 0.1225  data: 0.0001  max mem: 9952
Epoch: [14] Total time: 0:00:04 (0.1328 s / it)
Averaged stats: lr: 0.000442  min_lr: 0.000112  loss: 0.0085 (0.0295)  class_acc: 1.0000 (0.9905)  loss_scale: 512.0000 (512.0000)  weight_decay: 0.0500 (0.0500)  grad_norm: 11.9618 (14.5205)
Val:  [ 0/21]  eta: 0:00:05  loss: 1.3208 (1.3208)  accuracy: 0.7222 (0.7222)  balanced_accuracy: 0.5982 (0.5982)  time: 0.2656  data: 0.2065  max mem: 9952
Val:  [10/21]  eta: 0:00:00  loss: 1.6561 (1.6794)  accuracy: 0.6944 (0.6843)  balanced_accuracy: 0.5973 (0.5998)  time: 0.0744  data: 0.0189  max mem: 9952
Val:  [20/21]  eta: 0:00:00  loss: 1.6216 (1.6144)  accuracy: 0.6667 (0.6895)  balanced_accuracy: 0.5938 (0.6003)  time: 0.0532  data: 0.0001  max mem: 9952
Val: Total time: 0:00:01 (0.0658 s / it)
* loss 1.614
Accuracy of the network on the 1462 val EEG: 0.69%
Test:  [ 0/21]  eta: 0:00:04  loss: 1.9074 (1.9074)  accuracy: 0.6389 (0.6389)  balanced_accuracy: 0.5236 (0.5236)  time: 0.2375  data: 0.1774  max mem: 9952
Test:  [10/21]  eta: 0:00:00  loss: 1.5236 (1.5412)  accuracy: 0.6944 (0.6970)  balanced_accuracy: 0.5891 (0.5831)  time: 0.0723  data: 0.0163  max mem: 9952
Test:  [20/21]  eta: 0:00:00  loss: 1.4270 (1.4815)  accuracy: 0.6944 (0.6959)  balanced_accuracy: 0.6068 (0.6020)  time: 0.0537  data: 0.0001  max mem: 9952
Test: Total time: 0:00:01 (0.0660 s / it)
* loss 1.482
Accuracy of the network on the 1470 test EEG: 0.70%
Max accuracy val: 0.69%, max accuracy test: 0.71%
Epoch: [15]  [ 0/31]  eta: 0:00:09  lr: 0.000442  min_lr: 0.000112  loss: 0.0054 (0.0054)  class_acc: 1.0000 (1.0000)  loss_scale: 512.0000 (512.0000)  weight_decay: 0.0500 (0.0500)  grad_norm: 24.0235 (24.0235)  time: 0.2934  data: 0.1582  max mem: 9952
Epoch: [15]  [10/31]  eta: 0:00:03  lr: 0.000438  min_lr: 0.000111  loss: 0.0099 (0.0275)  class_acc: 1.0000 (0.9924)  loss_scale: 512.0000 (512.0000)  weight_decay: 0.0500 (0.0500)  grad_norm: 23.5527 (20.0062)  time: 0.1436  data: 0.0145  max mem: 9952
Epoch: [15]  [20/31]  eta: 0:00:01  lr: 0.000434  min_lr: 0.000110  loss: 0.0173 (0.0348)  class_acc: 1.0000 (0.9901)  loss_scale: 512.0000 (512.0000)  weight_decay: 0.0500 (0.0500)  grad_norm: 11.3522 (15.7512)  time: 0.1290  data: 0.0001  max mem: 9952
Epoch: [15]  [30/31]  eta: 0:00:00  lr: 0.000430  min_lr: 0.000109  loss: 0.0103 (0.0273)  class_acc: 1.0000 (0.9924)  loss_scale: 512.0000 (512.0000)  weight_decay: 0.0500 (0.0500)  grad_norm: 8.5190 (14.3916)  time: 0.1228  data: 0.0001  max mem: 9952
Epoch: [15] Total time: 0:00:04 (0.1322 s / it)
Averaged stats: lr: 0.000430  min_lr: 0.000109  loss: 0.0103 (0.0349)  class_acc: 1.0000 (0.9905)  loss_scale: 512.0000 (512.0000)  weight_decay: 0.0500 (0.0500)  grad_norm: 8.5190 (14.3916)
Val:  [ 0/21]  eta: 0:00:05  loss: 1.4094 (1.4094)  accuracy: 0.6944 (0.6944)  balanced_accuracy: 0.5580 (0.5580)  time: 0.2590  data: 0.1968  max mem: 9952
Val:  [10/21]  eta: 0:00:00  loss: 1.5799 (1.5985)  accuracy: 0.6806 (0.6843)  balanced_accuracy: 0.6054 (0.6100)  time: 0.0739  data: 0.0180  max mem: 9952
Val:  [20/21]  eta: 0:00:00  loss: 1.5799 (1.5661)  accuracy: 0.6806 (0.6854)  balanced_accuracy: 0.6054 (0.6034)  time: 0.0533  data: 0.0001  max mem: 9952
Val: Total time: 0:00:01 (0.0660 s / it)
* loss 1.566
Accuracy of the network on the 1462 val EEG: 0.69%
Test:  [ 0/21]  eta: 0:00:04  loss: 1.8103 (1.8103)  accuracy: 0.6250 (0.6250)  balanced_accuracy: 0.5264 (0.5264)  time: 0.2164  data: 0.1552  max mem: 9952
Test:  [10/21]  eta: 0:00:00  loss: 1.4154 (1.4867)  accuracy: 0.6944 (0.6755)  balanced_accuracy: 0.5704 (0.5728)  time: 0.0700  data: 0.0143  max mem: 9952
Test:  [20/21]  eta: 0:00:00  loss: 1.3425 (1.3757)  accuracy: 0.7083 (0.6959)  balanced_accuracy: 0.6111 (0.6104)  time: 0.0536  data: 0.0001  max mem: 9952
Test: Total time: 0:00:01 (0.0638 s / it)
* loss 1.376
Accuracy of the network on the 1470 test EEG: 0.70%
Max accuracy val: 0.69%, max accuracy test: 0.71%
Epoch: [16]  [ 0/31]  eta: 0:00:08  lr: 0.000430  min_lr: 0.000109  loss: 0.0069 (0.0069)  class_acc: 1.0000 (1.0000)  loss_scale: 512.0000 (512.0000)  weight_decay: 0.0500 (0.0500)  grad_norm: 5.9640 (5.9640)  time: 0.2834  data: 0.1484  max mem: 9952
Epoch: [16]  [10/31]  eta: 0:00:03  lr: 0.000426  min_lr: 0.000108  loss: 0.0075 (0.0328)  class_acc: 1.0000 (0.9924)  loss_scale: 512.0000 (512.0000)  weight_decay: 0.0500 (0.0500)  grad_norm: 5.9640 (14.5793)  time: 0.1429  data: 0.0136  max mem: 9952
Epoch: [16]  [20/31]  eta: 0:00:01  lr: 0.000422  min_lr: 0.000107  loss: 0.0065 (0.0347)  class_acc: 1.0000 (0.9891)  loss_scale: 512.0000 (512.0000)  weight_decay: 0.0500 (0.0500)  grad_norm: 11.3493 (18.0181)  time: 0.1290  data: 0.0001  max mem: 9952
Epoch: [16]  [30/31]  eta: 0:00:00  lr: 0.000418  min_lr: 0.000106  loss: 0.0081 (0.0289)  class_acc: 1.0000 (0.9910)  loss_scale: 512.0000 (512.0000)  weight_decay: 0.0500 (0.0500)  grad_norm: 16.5755 (19.4851)  time: 0.1226  data: 0.0001  max mem: 9952
Epoch: [16] Total time: 0:00:04 (0.1322 s / it)
Averaged stats: lr: 0.000418  min_lr: 0.000106  loss: 0.0081 (0.0325)  class_acc: 1.0000 (0.9900)  loss_scale: 512.0000 (512.0000)  weight_decay: 0.0500 (0.0500)  grad_norm: 16.5755 (19.4851)
Val:  [ 0/21]  eta: 0:00:05  loss: 1.4212 (1.4212)  accuracy: 0.7222 (0.7222)  balanced_accuracy: 0.5759 (0.5759)  time: 0.2531  data: 0.1931  max mem: 9952
Val:  [10/21]  eta: 0:00:00  loss: 1.5070 (1.5684)  accuracy: 0.6944 (0.6843)  balanced_accuracy: 0.5945 (0.5975)  time: 0.0730  data: 0.0177  max mem: 9952
Val:  [20/21]  eta: 0:00:00  loss: 1.4931 (1.5449)  accuracy: 0.6806 (0.6847)  balanced_accuracy: 0.5833 (0.5897)  time: 0.0531  data: 0.0001  max mem: 9952
Val: Total time: 0:00:01 (0.0651 s / it)
* loss 1.545
Accuracy of the network on the 1462 val EEG: 0.68%
Test:  [ 0/21]  eta: 0:00:04  loss: 1.8019 (1.8019)  accuracy: 0.6667 (0.6667)  balanced_accuracy: 0.5818 (0.5818)  time: 0.2347  data: 0.1732  max mem: 9952
Test:  [10/21]  eta: 0:00:00  loss: 1.5292 (1.5914)  accuracy: 0.6806 (0.6806)  balanced_accuracy: 0.5669 (0.5674)  time: 0.0718  data: 0.0159  max mem: 9952
Test:  [20/21]  eta: 0:00:00  loss: 1.3852 (1.4567)  accuracy: 0.6944 (0.6939)  balanced_accuracy: 0.5730 (0.5953)  time: 0.0537  data: 0.0001  max mem: 9952
Test: Total time: 0:00:01 (0.0647 s / it)
* loss 1.457
Accuracy of the network on the 1470 test EEG: 0.69%
Max accuracy val: 0.69%, max accuracy test: 0.71%
Epoch: [17]  [ 0/31]  eta: 0:00:09  lr: 0.000417  min_lr: 0.000106  loss: 0.0034 (0.0034)  class_acc: 1.0000 (1.0000)  loss_scale: 512.0000 (512.0000)  weight_decay: 0.0500 (0.0500)  grad_norm: 38.1976 (38.1976)  time: 0.2974  data: 0.1635  max mem: 9952
Epoch: [17]  [10/31]  eta: 0:00:03  lr: 0.000413  min_lr: 0.000105  loss: 0.0193 (0.0300)  class_acc: 1.0000 (0.9924)  loss_scale: 512.0000 (512.0000)  weight_decay: 0.0500 (0.0500)  grad_norm: 26.0897 (25.2720)  time: 0.1450  data: 0.0150  max mem: 9952
Epoch: [17]  [20/31]  eta: 0:00:01  lr: 0.000409  min_lr: 0.000104  loss: 0.0249 (0.0460)  class_acc: 0.9792 (0.9881)  loss_scale: 512.0000 (512.0000)  weight_decay: 0.0500 (0.0500)  grad_norm: 20.8576 (24.3212)  time: 0.1295  data: 0.0001  max mem: 9952
Epoch: [17]  [30/31]  eta: 0:00:00  lr: 0.000405  min_lr: 0.000103  loss: 0.0543 (0.0559)  class_acc: 0.9792 (0.9861)  loss_scale: 512.0000 (512.0000)  weight_decay: 0.0500 (0.0500)  grad_norm: 19.8841 (23.4951)  time: 0.1223  data: 0.0001  max mem: 9952
Epoch: [17] Total time: 0:00:04 (0.1337 s / it)
Averaged stats: lr: 0.000405  min_lr: 0.000103  loss: 0.0543 (0.0544)  class_acc: 0.9792 (0.9836)  loss_scale: 512.0000 (512.0000)  weight_decay: 0.0500 (0.0500)  grad_norm: 19.8841 (23.4951)
Val:  [ 0/21]  eta: 0:00:05  loss: 1.1839 (1.1839)  accuracy: 0.7222 (0.7222)  balanced_accuracy: 0.5982 (0.5982)  time: 0.2795  data: 0.2161  max mem: 9952
Val:  [10/21]  eta: 0:00:00  loss: 1.4409 (1.4360)  accuracy: 0.6389 (0.6553)  balanced_accuracy: 0.5938 (0.6008)  time: 0.0759  data: 0.0198  max mem: 9952
Val:  [20/21]  eta: 0:00:00  loss: 1.4641 (1.4257)  accuracy: 0.6389 (0.6505)  balanced_accuracy: 0.5753 (0.5895)  time: 0.0534  data: 0.0001  max mem: 9952
Val: Total time: 0:00:01 (0.0668 s / it)
* loss 1.426
Accuracy of the network on the 1462 val EEG: 0.65%
Test:  [ 0/21]  eta: 0:00:05  loss: 1.5146 (1.5146)  accuracy: 0.6250 (0.6250)  balanced_accuracy: 0.5518 (0.5518)  time: 0.2443  data: 0.1844  max mem: 9952
Test:  [10/21]  eta: 0:00:00  loss: 1.4623 (1.4443)  accuracy: 0.6389 (0.6414)  balanced_accuracy: 0.5518 (0.5660)  time: 0.0728  data: 0.0169  max mem: 9952
Test:  [20/21]  eta: 0:00:00  loss: 1.3446 (1.3710)  accuracy: 0.6667 (0.6537)  balanced_accuracy: 0.6000 (0.5935)  time: 0.0537  data: 0.0001  max mem: 9952
Test: Total time: 0:00:01 (0.0667 s / it)
* loss 1.371
Accuracy of the network on the 1470 test EEG: 0.65%
Max accuracy val: 0.69%, max accuracy test: 0.71%
Epoch: [18]  [ 0/31]  eta: 0:00:09  lr: 0.000404  min_lr: 0.000103  loss: 0.1381 (0.1381)  class_acc: 0.9792 (0.9792)  loss_scale: 512.0000 (512.0000)  weight_decay: 0.0500 (0.0500)  grad_norm: 16.7128 (16.7128)  time: 0.2939  data: 0.1585  max mem: 9952
Epoch: [18]  [10/31]  eta: 0:00:03  lr: 0.000399  min_lr: 0.000102  loss: 0.0092 (0.0320)  class_acc: 1.0000 (0.9943)  loss_scale: 512.0000 (512.0000)  weight_decay: 0.0500 (0.0500)  grad_norm: 13.4642 (13.3407)  time: 0.1445  data: 0.0145  max mem: 9952
Epoch: [18]  [20/31]  eta: 0:00:01  lr: 0.000395  min_lr: 0.000100  loss: 0.0092 (0.0383)  class_acc: 1.0000 (0.9901)  loss_scale: 512.0000 (512.0000)  weight_decay: 0.0500 (0.0500)  grad_norm: 10.3797 (14.4387)  time: 0.1294  data: 0.0001  max mem: 9952
Epoch: [18]  [30/31]  eta: 0:00:00  lr: 0.000390  min_lr: 0.000099  loss: 0.0077 (0.0373)  class_acc: 1.0000 (0.9910)  loss_scale: 512.0000 (512.0000)  weight_decay: 0.0500 (0.0500)  grad_norm: 8.2576 (13.3963)  time: 0.1225  data: 0.0001  max mem: 9952
Epoch: [18] Total time: 0:00:04 (0.1325 s / it)
Averaged stats: lr: 0.000390  min_lr: 0.000099  loss: 0.0077 (0.0521)  class_acc: 1.0000 (0.9877)  loss_scale: 512.0000 (512.0000)  weight_decay: 0.0500 (0.0500)  grad_norm: 8.2576 (13.3963)
Val:  [ 0/21]  eta: 0:00:05  loss: 1.4782 (1.4782)  accuracy: 0.6528 (0.6528)  balanced_accuracy: 0.5312 (0.5312)  time: 0.2688  data: 0.2084  max mem: 9952
Val:  [10/21]  eta: 0:00:00  loss: 1.4782 (1.4129)  accuracy: 0.6667 (0.6730)  balanced_accuracy: 0.6261 (0.6157)  time: 0.0749  data: 0.0191  max mem: 9952
Val:  [20/21]  eta: 0:00:00  loss: 1.4300 (1.4273)  accuracy: 0.6667 (0.6676)  balanced_accuracy: 0.6111 (0.6014)  time: 0.0533  data: 0.0001  max mem: 9952
Val: Total time: 0:00:01 (0.0658 s / it)
* loss 1.427
Accuracy of the network on the 1462 val EEG: 0.67%
Test:  [ 0/21]  eta: 0:00:04  loss: 1.6247 (1.6247)  accuracy: 0.6250 (0.6250)  balanced_accuracy: 0.5518 (0.5518)  time: 0.2151  data: 0.1559  max mem: 9952
Test:  [10/21]  eta: 0:00:00  loss: 1.5189 (1.4626)  accuracy: 0.6389 (0.6515)  balanced_accuracy: 0.5690 (0.5678)  time: 0.0698  data: 0.0143  max mem: 9952
Test:  [20/21]  eta: 0:00:00  loss: 1.4001 (1.3798)  accuracy: 0.6667 (0.6673)  balanced_accuracy: 0.5818 (0.5974)  time: 0.0535  data: 0.0001  max mem: 9952
Test: Total time: 0:00:01 (0.0639 s / it)
* loss 1.380
Accuracy of the network on the 1470 test EEG: 0.67%
Max accuracy val: 0.69%, max accuracy test: 0.71%
Epoch: [19]  [ 0/31]  eta: 0:00:09  lr: 0.000390  min_lr: 0.000099  loss: 0.1115 (0.1115)  class_acc: 0.9792 (0.9792)  loss_scale: 512.0000 (512.0000)  weight_decay: 0.0500 (0.0500)  grad_norm: 8.6573 (8.6573)  time: 0.3007  data: 0.1654  max mem: 9952
Epoch: [19]  [10/31]  eta: 0:00:03  lr: 0.000385  min_lr: 0.000098  loss: 0.0117 (0.0433)  class_acc: 1.0000 (0.9924)  loss_scale: 512.0000 (512.0000)  weight_decay: 0.0500 (0.0500)  grad_norm: 14.1411 (15.2630)  time: 0.1448  data: 0.0151  max mem: 9952
Epoch: [19]  [20/31]  eta: 0:00:01  lr: 0.000380  min_lr: 0.000097  loss: 0.0099 (0.0332)  class_acc: 1.0000 (0.9931)  loss_scale: 512.0000 (512.0000)  weight_decay: 0.0500 (0.0500)  grad_norm: 11.1210 (11.3692)  time: 0.1290  data: 0.0001  max mem: 9952
Epoch: [19]  [30/31]  eta: 0:00:00  lr: 0.000376  min_lr: 0.000096  loss: 0.0173 (0.0366)  class_acc: 1.0000 (0.9910)  loss_scale: 512.0000 (512.0000)  weight_decay: 0.0500 (0.0500)  grad_norm: 9.9600 (11.7777)  time: 0.1224  data: 0.0001  max mem: 9952
Epoch: [19] Total time: 0:00:04 (0.1326 s / it)
Averaged stats: lr: 0.000376  min_lr: 0.000096  loss: 0.0173 (0.0396)  class_acc: 1.0000 (0.9905)  loss_scale: 512.0000 (512.0000)  weight_decay: 0.0500 (0.0500)  grad_norm: 9.9600 (11.7777)
Val:  [ 0/21]  eta: 0:00:05  loss: 1.4693 (1.4693)  accuracy: 0.6667 (0.6667)  balanced_accuracy: 0.5848 (0.5848)  time: 0.2495  data: 0.1897  max mem: 9952
Val:  [10/21]  eta: 0:00:00  loss: 1.4693 (1.5476)  accuracy: 0.6528 (0.6402)  balanced_accuracy: 0.5848 (0.5917)  time: 0.0729  data: 0.0174  max mem: 9952
Val:  [20/21]  eta: 0:00:00  loss: 1.5906 (1.5249)  accuracy: 0.6250 (0.6484)  balanced_accuracy: 0.5833 (0.5923)  time: 0.0534  data: 0.0001  max mem: 9952
Val: Total time: 0:00:01 (0.0654 s / it)
* loss 1.525
Accuracy of the network on the 1462 val EEG: 0.65%
Test:  [ 0/21]  eta: 0:00:04  loss: 1.6941 (1.6941)  accuracy: 0.6111 (0.6111)  balanced_accuracy: 0.5545 (0.5545)  time: 0.2323  data: 0.1722  max mem: 9952
Test:  [10/21]  eta: 0:00:00  loss: 1.4874 (1.4998)  accuracy: 0.6389 (0.6414)  balanced_accuracy: 0.5710 (0.5719)  time: 0.0714  data: 0.0158  max mem: 9952
Test:  [20/21]  eta: 0:00:00  loss: 1.4426 (1.4232)  accuracy: 0.6528 (0.6551)  balanced_accuracy: 0.5926 (0.5981)  time: 0.0536  data: 0.0002  max mem: 9952
Test: Total time: 0:00:01 (0.0658 s / it)
* loss 1.423
Accuracy of the network on the 1470 test EEG: 0.66%
Max accuracy val: 0.69%, max accuracy test: 0.71%
Epoch: [20]  [ 0/31]  eta: 0:00:09  lr: 0.000375  min_lr: 0.000095  loss: 0.0051 (0.0051)  class_acc: 1.0000 (1.0000)  loss_scale: 512.0000 (512.0000)  weight_decay: 0.0500 (0.0500)  grad_norm: 16.1829 (16.1829)  time: 0.2905  data: 0.1578  max mem: 9952
Epoch: [20]  [10/31]  eta: 0:00:03  lr: 0.000370  min_lr: 0.000094  loss: 0.0107 (0.0178)  class_acc: 1.0000 (0.9943)  loss_scale: 512.0000 (512.0000)  weight_decay: 0.0500 (0.0500)  grad_norm: 11.3552 (11.4266)  time: 0.1439  data: 0.0145  max mem: 9952
Epoch: [20]  [20/31]  eta: 0:00:01  lr: 0.000365  min_lr: 0.000093  loss: 0.0082 (0.0211)  class_acc: 1.0000 (0.9950)  loss_scale: 512.0000 (512.0000)  weight_decay: 0.0500 (0.0500)  grad_norm: 7.5726 (8.9097)  time: 0.1289  data: 0.0001  max mem: 9952
Epoch: [20]  [30/31]  eta: 0:00:00  lr: 0.000360  min_lr: 0.000092  loss: 0.0082 (0.0332)  class_acc: 1.0000 (0.9917)  loss_scale: 512.0000 (512.0000)  weight_decay: 0.0500 (0.0500)  grad_norm: 3.2034 (8.4680)  time: 0.1220  data: 0.0001  max mem: 9952
Epoch: [20] Total time: 0:00:04 (0.1321 s / it)
Averaged stats: lr: 0.000360  min_lr: 0.000092  loss: 0.0082 (0.0373)  class_acc: 1.0000 (0.9917)  loss_scale: 512.0000 (512.0000)  weight_decay: 0.0500 (0.0500)  grad_norm: 3.2034 (8.4680)
Val:  [ 0/21]  eta: 0:00:05  loss: 1.3124 (1.3124)  accuracy: 0.6944 (0.6944)  balanced_accuracy: 0.5804 (0.5804)  time: 0.2800  data: 0.2178  max mem: 9952
Val:  [10/21]  eta: 0:00:00  loss: 1.4525 (1.5064)  accuracy: 0.6667 (0.6515)  balanced_accuracy: 0.5936 (0.5907)  time: 0.0759  data: 0.0200  max mem: 9952
Val:  [20/21]  eta: 0:00:00  loss: 1.4327 (1.4289)  accuracy: 0.6667 (0.6614)  balanced_accuracy: 0.6019 (0.5938)  time: 0.0533  data: 0.0001  max mem: 9952
Val: Total time: 0:00:01 (0.0675 s / it)
* loss 1.429
Accuracy of the network on the 1462 val EEG: 0.66%
Test:  [ 0/21]  eta: 0:00:05  loss: 1.5445 (1.5445)  accuracy: 0.6389 (0.6389)  balanced_accuracy: 0.5618 (0.5618)  time: 0.2424  data: 0.1822  max mem: 9952
Test:  [10/21]  eta: 0:00:00  loss: 1.3740 (1.3803)  accuracy: 0.6806 (0.6755)  balanced_accuracy: 0.5833 (0.5889)  time: 0.0723  data: 0.0167  max mem: 9952
Test:  [20/21]  eta: 0:00:00  loss: 1.3517 (1.3500)  accuracy: 0.6806 (0.6748)  balanced_accuracy: 0.5973 (0.6041)  time: 0.0536  data: 0.0001  max mem: 9952
Test: Total time: 0:00:01 (0.0653 s / it)
* loss 1.350
Accuracy of the network on the 1470 test EEG: 0.67%
Max accuracy val: 0.69%, max accuracy test: 0.71%
Epoch: [21]  [ 0/31]  eta: 0:00:09  lr: 0.000360  min_lr: 0.000091  loss: 0.0067 (0.0067)  class_acc: 1.0000 (1.0000)  loss_scale: 512.0000 (512.0000)  weight_decay: 0.0500 (0.0500)  grad_norm: 0.5337 (0.5337)  time: 0.2971  data: 0.1614  max mem: 9952
Epoch: [21]  [10/31]  eta: 0:00:03  lr: 0.000355  min_lr: 0.000090  loss: 0.0164 (0.0261)  class_acc: 1.0000 (0.9943)  loss_scale: 512.0000 (512.0000)  weight_decay: 0.0500 (0.0500)  grad_norm: 3.6618 (4.9789)  time: 0.1443  data: 0.0148  max mem: 9952
Epoch: [21]  [20/31]  eta: 0:00:01  lr: 0.000349  min_lr: 0.000089  loss: 0.0107 (0.0291)  class_acc: 1.0000 (0.9950)  loss_scale: 512.0000 (512.0000)  weight_decay: 0.0500 (0.0500)  grad_norm: 4.6017 (5.5345)  time: 0.1289  data: 0.0001  max mem: 9952
Epoch: [21]  [30/31]  eta: 0:00:00  lr: 0.000345  min_lr: 0.000088  loss: 0.0077 (0.0294)  class_acc: 1.0000 (0.9944)  loss_scale: 512.0000 (512.0000)  weight_decay: 0.0500 (0.0500)  grad_norm: 4.7343 (6.3592)  time: 0.1220  data: 0.0001  max mem: 9952
Epoch: [21] Total time: 0:00:04 (0.1324 s / it)
Averaged stats: lr: 0.000345  min_lr: 0.000088  loss: 0.0077 (0.0244)  class_acc: 1.0000 (0.9938)  loss_scale: 512.0000 (512.0000)  weight_decay: 0.0500 (0.0500)  grad_norm: 4.7343 (6.3592)
Val:  [ 0/21]  eta: 0:00:05  loss: 1.5536 (1.5536)  accuracy: 0.6528 (0.6528)  balanced_accuracy: 0.5536 (0.5536)  time: 0.2830  data: 0.2235  max mem: 9952
Val:  [10/21]  eta: 0:00:00  loss: 1.6981 (1.7172)  accuracy: 0.6250 (0.6452)  balanced_accuracy: 0.5833 (0.5913)  time: 0.0760  data: 0.0205  max mem: 9952
Val:  [20/21]  eta: 0:00:00  loss: 1.6981 (1.7094)  accuracy: 0.6250 (0.6491)  balanced_accuracy: 0.5833 (0.5885)  time: 0.0532  data: 0.0001  max mem: 9952
Val: Total time: 0:00:01 (0.0665 s / it)
* loss 1.709
Accuracy of the network on the 1462 val EEG: 0.65%
Test:  [ 0/21]  eta: 0:00:04  loss: 1.7560 (1.7560)  accuracy: 0.6389 (0.6389)  balanced_accuracy: 0.5745 (0.5745)  time: 0.2196  data: 0.1600  max mem: 9952
Test:  [10/21]  eta: 0:00:00  loss: 1.6103 (1.6282)  accuracy: 0.6667 (0.6553)  balanced_accuracy: 0.5745 (0.5794)  time: 0.0702  data: 0.0147  max mem: 9952
Test:  [20/21]  eta: 0:00:00  loss: 1.6271 (1.6271)  accuracy: 0.6667 (0.6565)  balanced_accuracy: 0.5973 (0.5949)  time: 0.0534  data: 0.0001  max mem: 9952
Test: Total time: 0:00:01 (0.0648 s / it)
* loss 1.627
Accuracy of the network on the 1470 test EEG: 0.66%
Max accuracy val: 0.69%, max accuracy test: 0.71%
Epoch: [22]  [ 0/31]  eta: 0:00:09  lr: 0.000344  min_lr: 0.000087  loss: 0.0726 (0.0726)  class_acc: 0.9792 (0.9792)  loss_scale: 512.0000 (512.0000)  weight_decay: 0.0500 (0.0500)  grad_norm: 1.9262 (1.9262)  time: 0.2920  data: 0.1562  max mem: 9952
Epoch: [22]  [10/31]  eta: 0:00:03  lr: 0.000339  min_lr: 0.000086  loss: 0.0133 (0.0378)  class_acc: 1.0000 (0.9905)  loss_scale: 512.0000 (512.0000)  weight_decay: 0.0500 (0.0500)  grad_norm: 4.6323 (8.5332)  time: 0.1442  data: 0.0143  max mem: 9952
Epoch: [22]  [20/31]  eta: 0:00:01  lr: 0.000333  min_lr: 0.000085  loss: 0.0099 (0.0261)  class_acc: 1.0000 (0.9940)  loss_scale: 512.0000 (512.0000)  weight_decay: 0.0500 (0.0500)  grad_norm: 8.0183 (7.9824)  time: 0.1290  data: 0.0001  max mem: 9952
Epoch: [22]  [30/31]  eta: 0:00:00  lr: 0.000328  min_lr: 0.000083  loss: 0.0040 (0.0229)  class_acc: 1.0000 (0.9944)  loss_scale: 512.0000 (512.0000)  weight_decay: 0.0500 (0.0500)  grad_norm: 8.3156 (8.7950)  time: 0.1221  data: 0.0001  max mem: 9952
Epoch: [22] Total time: 0:00:04 (0.1325 s / it)
Averaged stats: lr: 0.000328  min_lr: 0.000083  loss: 0.0040 (0.0186)  class_acc: 1.0000 (0.9954)  loss_scale: 512.0000 (512.0000)  weight_decay: 0.0500 (0.0500)  grad_norm: 8.3156 (8.7950)
Val:  [ 0/21]  eta: 0:00:05  loss: 1.5901 (1.5901)  accuracy: 0.7083 (0.7083)  balanced_accuracy: 0.5893 (0.5893)  time: 0.2501  data: 0.1872  max mem: 9952
Val:  [10/21]  eta: 0:00:00  loss: 1.6238 (1.7199)  accuracy: 0.6806 (0.6717)  balanced_accuracy: 0.6068 (0.6069)  time: 0.0730  data: 0.0172  max mem: 9952
Val:  [20/21]  eta: 0:00:00  loss: 1.6690 (1.6991)  accuracy: 0.6667 (0.6724)  balanced_accuracy: 0.6068 (0.6027)  time: 0.0533  data: 0.0001  max mem: 9952
Val: Total time: 0:00:01 (0.0660 s / it)
* loss 1.699
Accuracy of the network on the 1462 val EEG: 0.67%
Test:  [ 0/21]  eta: 0:00:05  loss: 1.8680 (1.8680)  accuracy: 0.6806 (0.6806)  balanced_accuracy: 0.6045 (0.6045)  time: 0.2552  data: 0.1923  max mem: 9952
Test:  [10/21]  eta: 0:00:00  loss: 1.6532 (1.6864)  accuracy: 0.6806 (0.6793)  balanced_accuracy: 0.5804 (0.5808)  time: 0.0735  data: 0.0176  max mem: 9952
Test:  [20/21]  eta: 0:00:00  loss: 1.5924 (1.6128)  accuracy: 0.6806 (0.6803)  balanced_accuracy: 0.5963 (0.6004)  time: 0.0535  data: 0.0001  max mem: 9952
Test: Total time: 0:00:01 (0.0664 s / it)
* loss 1.613
Accuracy of the network on the 1470 test EEG: 0.68%
Max accuracy val: 0.69%, max accuracy test: 0.71%
Epoch: [23]  [ 0/31]  eta: 0:00:09  lr: 0.000328  min_lr: 0.000083  loss: 0.0762 (0.0762)  class_acc: 0.9792 (0.9792)  loss_scale: 512.0000 (512.0000)  weight_decay: 0.0500 (0.0500)  grad_norm: 16.0800 (16.0800)  time: 0.2933  data: 0.1576  max mem: 9952
Epoch: [23]  [10/31]  eta: 0:00:03  lr: 0.000322  min_lr: 0.000082  loss: 0.0087 (0.0535)  class_acc: 1.0000 (0.9867)  loss_scale: 512.0000 (512.0000)  weight_decay: 0.0500 (0.0500)  grad_norm: 8.9126 (9.0061)  time: 0.1439  data: 0.0144  max mem: 9952
Epoch: [23]  [20/31]  eta: 0:00:01  lr: 0.000316  min_lr: 0.000080  loss: 0.0072 (0.0329)  class_acc: 1.0000 (0.9921)  loss_scale: 512.0000 (512.0000)  weight_decay: 0.0500 (0.0500)  grad_norm: 7.2376 (8.4344)  time: 0.1289  data: 0.0001  max mem: 9952
Epoch: [23]  [30/31]  eta: 0:00:00  lr: 0.000311  min_lr: 0.000079  loss: 0.0070 (0.0251)  class_acc: 1.0000 (0.9944)  loss_scale: 512.0000 (512.0000)  weight_decay: 0.0500 (0.0500)  grad_norm: 5.1908 (7.6216)  time: 0.1221  data: 0.0001  max mem: 9952
Epoch: [23] Total time: 0:00:04 (0.1316 s / it)
Averaged stats: lr: 0.000311  min_lr: 0.000079  loss: 0.0070 (0.0203)  class_acc: 1.0000 (0.9954)  loss_scale: 512.0000 (512.0000)  weight_decay: 0.0500 (0.0500)  grad_norm: 5.1908 (7.6216)
Val:  [ 0/21]  eta: 0:00:05  loss: 1.4296 (1.4296)  accuracy: 0.7361 (0.7361)  balanced_accuracy: 0.5848 (0.5848)  time: 0.2542  data: 0.1922  max mem: 9952
Val:  [10/21]  eta: 0:00:00  loss: 1.5349 (1.6346)  accuracy: 0.7083 (0.6982)  balanced_accuracy: 0.6145 (0.6134)  time: 0.0736  data: 0.0176  max mem: 9952
Val:  [20/21]  eta: 0:00:00  loss: 1.5948 (1.6200)  accuracy: 0.6944 (0.6956)  balanced_accuracy: 0.5945 (0.6004)  time: 0.0534  data: 0.0001  max mem: 9952
Val: Total time: 0:00:01 (0.0659 s / it)
* loss 1.620
Accuracy of the network on the 1462 val EEG: 0.70%
Test:  [ 0/21]  eta: 0:00:04  loss: 1.9059 (1.9059)  accuracy: 0.6528 (0.6528)  balanced_accuracy: 0.5464 (0.5464)  time: 0.2162  data: 0.1544  max mem: 9952
Test:  [10/21]  eta: 0:00:00  loss: 1.5329 (1.6312)  accuracy: 0.7083 (0.6919)  balanced_accuracy: 0.5673 (0.5704)  time: 0.0702  data: 0.0142  max mem: 9952
Test:  [20/21]  eta: 0:00:00  loss: 1.5329 (1.5958)  accuracy: 0.7083 (0.6946)  balanced_accuracy: 0.5991 (0.5921)  time: 0.0536  data: 0.0001  max mem: 9952
Test: Total time: 0:00:01 (0.0641 s / it)
* loss 1.596
Accuracy of the network on the 1470 test EEG: 0.69%
Max accuracy val: 0.70%, max accuracy test: 0.69%
Epoch: [24]  [ 0/31]  eta: 0:00:09  lr: 0.000311  min_lr: 0.000079  loss: 0.0127 (0.0127)  class_acc: 1.0000 (1.0000)  loss_scale: 512.0000 (512.0000)  weight_decay: 0.0500 (0.0500)  grad_norm: 4.8547 (4.8547)  time: 0.2929  data: 0.1592  max mem: 9952
Epoch: [24]  [10/31]  eta: 0:00:03  lr: 0.000305  min_lr: 0.000078  loss: 0.0067 (0.0078)  class_acc: 1.0000 (1.0000)  loss_scale: 512.0000 (512.0000)  weight_decay: 0.0500 (0.0500)  grad_norm: 4.7665 (6.1854)  time: 0.1440  data: 0.0147  max mem: 9952
Epoch: [24]  [20/31]  eta: 0:00:01  lr: 0.000300  min_lr: 0.000076  loss: 0.0041 (0.0214)  class_acc: 1.0000 (0.9970)  loss_scale: 512.0000 (512.0000)  weight_decay: 0.0500 (0.0500)  grad_norm: 2.3310 (5.6838)  time: 0.1292  data: 0.0002  max mem: 9952
Epoch: [24]  [30/31]  eta: 0:00:00  lr: 0.000294  min_lr: 0.000075  loss: 0.0041 (0.0234)  class_acc: 1.0000 (0.9958)  loss_scale: 512.0000 (512.0000)  weight_decay: 0.0500 (0.0500)  grad_norm: 2.7298 (6.5127)  time: 0.1224  data: 0.0001  max mem: 9952
Epoch: [24] Total time: 0:00:04 (0.1325 s / it)
Averaged stats: lr: 0.000294  min_lr: 0.000075  loss: 0.0041 (0.0167)  class_acc: 1.0000 (0.9968)  loss_scale: 512.0000 (512.0000)  weight_decay: 0.0500 (0.0500)  grad_norm: 2.7298 (6.5127)
Val:  [ 0/21]  eta: 0:00:08  loss: 1.5205 (1.5205)  accuracy: 0.7222 (0.7222)  balanced_accuracy: 0.6429 (0.6429)  time: 0.4007  data: 0.3402  max mem: 9952
Val:  [10/21]  eta: 0:00:00  loss: 1.6782 (1.6920)  accuracy: 0.6944 (0.6705)  balanced_accuracy: 0.6255 (0.6110)  time: 0.0867  data: 0.0311  max mem: 9952
Val:  [20/21]  eta: 0:00:00  loss: 1.7945 (1.7180)  accuracy: 0.6364 (0.6594)  balanced_accuracy: 0.5762 (0.5917)  time: 0.0532  data: 0.0001  max mem: 9952
Val: Total time: 0:00:01 (0.0725 s / it)
* loss 1.718
Accuracy of the network on the 1462 val EEG: 0.66%
Test:  [ 0/21]  eta: 0:00:04  loss: 1.8338 (1.8338)  accuracy: 0.6528 (0.6528)  balanced_accuracy: 0.5591 (0.5591)  time: 0.2112  data: 0.1506  max mem: 9952
Test:  [10/21]  eta: 0:00:00  loss: 1.7170 (1.6604)  accuracy: 0.6806 (0.6692)  balanced_accuracy: 0.5648 (0.5806)  time: 0.0694  data: 0.0138  max mem: 9952
Test:  [20/21]  eta: 0:00:00  loss: 1.6246 (1.6429)  accuracy: 0.6806 (0.6755)  balanced_accuracy: 0.6079 (0.6024)  time: 0.0535  data: 0.0001  max mem: 9952
Test: Total time: 0:00:01 (0.0638 s / it)
* loss 1.643
Accuracy of the network on the 1470 test EEG: 0.68%
Max accuracy val: 0.70%, max accuracy test: 0.69%
Epoch: [25]  [ 0/31]  eta: 0:00:09  lr: 0.000294  min_lr: 0.000075  loss: 0.0031 (0.0031)  class_acc: 1.0000 (1.0000)  loss_scale: 512.0000 (512.0000)  weight_decay: 0.0500 (0.0500)  grad_norm: 0.4968 (0.4968)  time: 0.2922  data: 0.1551  max mem: 9952
Epoch: [25]  [10/31]  eta: 0:00:03  lr: 0.000288  min_lr: 0.000073  loss: 0.0035 (0.0042)  class_acc: 1.0000 (1.0000)  loss_scale: 512.0000 (512.0000)  weight_decay: 0.0500 (0.0500)  grad_norm: 1.4562 (8.6326)  time: 0.1442  data: 0.0142  max mem: 9952
Epoch: [25]  [20/31]  eta: 0:00:01  lr: 0.000282  min_lr: 0.000072  loss: 0.0038 (0.0146)  class_acc: 1.0000 (0.9970)  loss_scale: 512.0000 (512.0000)  weight_decay: 0.0500 (0.0500)  grad_norm: 1.4562 (9.6930)  time: 0.1294  data: 0.0001  max mem: 9952
Epoch: [25]  [30/31]  eta: 0:00:00  lr: 0.000277  min_lr: 0.000070  loss: 0.0047 (0.0126)  class_acc: 1.0000 (0.9979)  loss_scale: 512.0000 (512.0000)  weight_decay: 0.0500 (0.0500)  grad_norm: 4.5483 (9.9049)  time: 0.1226  data: 0.0001  max mem: 9952
Epoch: [25] Total time: 0:00:04 (0.1322 s / it)
Averaged stats: lr: 0.000277  min_lr: 0.000070  loss: 0.0047 (0.0145)  class_acc: 1.0000 (0.9965)  loss_scale: 512.0000 (512.0000)  weight_decay: 0.0500 (0.0500)  grad_norm: 4.5483 (9.9049)
Val:  [ 0/21]  eta: 0:00:05  loss: 1.6644 (1.6644)  accuracy: 0.6528 (0.6528)  balanced_accuracy: 0.5759 (0.5759)  time: 0.2475  data: 0.1844  max mem: 9952
Val:  [10/21]  eta: 0:00:00  loss: 1.6644 (1.5989)  accuracy: 0.6528 (0.6503)  balanced_accuracy: 0.6171 (0.6102)  time: 0.0728  data: 0.0169  max mem: 9952
Val:  [20/21]  eta: 0:00:00  loss: 1.6344 (1.6272)  accuracy: 0.6111 (0.6409)  balanced_accuracy: 0.5927 (0.5958)  time: 0.0532  data: 0.0001  max mem: 9952
Val: Total time: 0:00:01 (0.0652 s / it)
* loss 1.627
Accuracy of the network on the 1462 val EEG: 0.64%
Test:  [ 0/21]  eta: 0:00:05  loss: 1.6805 (1.6805)  accuracy: 0.6250 (0.6250)  balanced_accuracy: 0.5518 (0.5518)  time: 0.2526  data: 0.1929  max mem: 9952
Test:  [10/21]  eta: 0:00:00  loss: 1.6406 (1.5776)  accuracy: 0.6528 (0.6553)  balanced_accuracy: 0.5833 (0.5905)  time: 0.0732  data: 0.0177  max mem: 9952
Test:  [20/21]  eta: 0:00:00  loss: 1.5578 (1.5196)  accuracy: 0.6667 (0.6585)  balanced_accuracy: 0.6048 (0.6049)  time: 0.0535  data: 0.0001  max mem: 9952
Test: Total time: 0:00:01 (0.0660 s / it)
* loss 1.520
Accuracy of the network on the 1470 test EEG: 0.66%
Max accuracy val: 0.70%, max accuracy test: 0.69%
Epoch: [26]  [ 0/31]  eta: 0:00:09  lr: 0.000277  min_lr: 0.000070  loss: 0.0163 (0.0163)  class_acc: 1.0000 (1.0000)  loss_scale: 512.0000 (512.0000)  weight_decay: 0.0500 (0.0500)  grad_norm: 15.8625 (15.8625)  time: 0.3173  data: 0.1763  max mem: 9952
Epoch: [26]  [10/31]  eta: 0:00:03  lr: 0.000271  min_lr: 0.000069  loss: 0.0042 (0.0133)  class_acc: 1.0000 (0.9943)  loss_scale: 512.0000 (512.0000)  weight_decay: 0.0500 (0.0500)  grad_norm: 9.7652 (12.1485)  time: 0.1468  data: 0.0161  max mem: 9952
Epoch: [26]  [20/31]  eta: 0:00:01  lr: 0.000265  min_lr: 0.000067  loss: 0.0029 (0.0095)  class_acc: 1.0000 (0.9960)  loss_scale: 512.0000 (512.0000)  weight_decay: 0.0500 (0.0500)  grad_norm: 3.3371 (7.8399)  time: 0.1296  data: 0.0001  max mem: 9952
Epoch: [26]  [30/31]  eta: 0:00:00  lr: 0.000260  min_lr: 0.000066  loss: 0.0028 (0.0137)  class_acc: 1.0000 (0.9958)  loss_scale: 512.0000 (512.0000)  weight_decay: 0.0500 (0.0500)  grad_norm: 2.9690 (9.2245)  time: 0.1226  data: 0.0001  max mem: 9952
Epoch: [26] Total time: 0:00:04 (0.1330 s / it)
Averaged stats: lr: 0.000260  min_lr: 0.000066  loss: 0.0028 (0.0139)  class_acc: 1.0000 (0.9954)  loss_scale: 512.0000 (512.0000)  weight_decay: 0.0500 (0.0500)  grad_norm: 2.9690 (9.2245)
Val:  [ 0/21]  eta: 0:00:05  loss: 1.5599 (1.5599)  accuracy: 0.7222 (0.7222)  balanced_accuracy: 0.6205 (0.6205)  time: 0.2670  data: 0.2064  max mem: 9952
Val:  [10/21]  eta: 0:00:00  loss: 1.5444 (1.6027)  accuracy: 0.7083 (0.6856)  balanced_accuracy: 0.6205 (0.6112)  time: 0.0745  data: 0.0189  max mem: 9952
Val:  [20/21]  eta: 0:00:00  loss: 1.5537 (1.6120)  accuracy: 0.6806 (0.6799)  balanced_accuracy: 0.5833 (0.5963)  time: 0.0533  data: 0.0001  max mem: 9952
Val: Total time: 0:00:01 (0.0671 s / it)
* loss 1.612
Accuracy of the network on the 1462 val EEG: 0.68%
Test:  [ 0/21]  eta: 0:00:04  loss: 1.7815 (1.7815)  accuracy: 0.6667 (0.6667)  balanced_accuracy: 0.5691 (0.5691)  time: 0.2354  data: 0.1760  max mem: 9952
Test:  [10/21]  eta: 0:00:00  loss: 1.5791 (1.6217)  accuracy: 0.6667 (0.6793)  balanced_accuracy: 0.5704 (0.5706)  time: 0.0716  data: 0.0162  max mem: 9952
Test:  [20/21]  eta: 0:00:00  loss: 1.5452 (1.5736)  accuracy: 0.6806 (0.6837)  balanced_accuracy: 0.5973 (0.5906)  time: 0.0535  data: 0.0001  max mem: 9952
Test: Total time: 0:00:01 (0.0657 s / it)
* loss 1.574
Accuracy of the network on the 1470 test EEG: 0.68%
Max accuracy val: 0.70%, max accuracy test: 0.69%
Epoch: [27]  [ 0/31]  eta: 0:00:09  lr: 0.000259  min_lr: 0.000066  loss: 0.0026 (0.0026)  class_acc: 1.0000 (1.0000)  loss_scale: 512.0000 (512.0000)  weight_decay: 0.0500 (0.0500)  grad_norm: 0.3690 (0.3690)  time: 0.2927  data: 0.1586  max mem: 9952
Epoch: [27]  [10/31]  eta: 0:00:03  lr: 0.000253  min_lr: 0.000064  loss: 0.0028 (0.0053)  class_acc: 1.0000 (1.0000)  loss_scale: 512.0000 (512.0000)  weight_decay: 0.0500 (0.0500)  grad_norm: 2.7561 (2.8547)  time: 0.1437  data: 0.0145  max mem: 9952
Epoch: [27]  [20/31]  eta: 0:00:01  lr: 0.000248  min_lr: 0.000063  loss: 0.0028 (0.0059)  class_acc: 1.0000 (0.9990)  loss_scale: 512.0000 (512.0000)  weight_decay: 0.0500 (0.0500)  grad_norm: 3.7396 (7.1438)  time: 0.1289  data: 0.0001  max mem: 9952
Epoch: [27]  [30/31]  eta: 0:00:00  lr: 0.000242  min_lr: 0.000062  loss: 0.0020 (0.0146)  class_acc: 1.0000 (0.9972)  loss_scale: 512.0000 (512.0000)  weight_decay: 0.0500 (0.0500)  grad_norm: 4.4607 (7.9935)  time: 0.1222  data: 0.0001  max mem: 9952
Epoch: [27] Total time: 0:00:04 (0.1321 s / it)
Averaged stats: lr: 0.000242  min_lr: 0.000062  loss: 0.0020 (0.0120)  class_acc: 1.0000 (0.9975)  loss_scale: 512.0000 (512.0000)  weight_decay: 0.0500 (0.0500)  grad_norm: 4.4607 (7.9935)
Val:  [ 0/21]  eta: 0:00:05  loss: 1.3995 (1.3995)  accuracy: 0.7361 (0.7361)  balanced_accuracy: 0.6071 (0.6071)  time: 0.2452  data: 0.1861  max mem: 9952
Val:  [10/21]  eta: 0:00:00  loss: 1.5270 (1.6289)  accuracy: 0.7083 (0.6932)  balanced_accuracy: 0.6071 (0.6077)  time: 0.0727  data: 0.0171  max mem: 9952
Val:  [20/21]  eta: 0:00:00  loss: 1.6100 (1.6021)  accuracy: 0.6944 (0.6984)  balanced_accuracy: 0.5974 (0.6001)  time: 0.0534  data: 0.0001  max mem: 9952
Val: Total time: 0:00:01 (0.0648 s / it)
* loss 1.602
Accuracy of the network on the 1462 val EEG: 0.70%
Test:  [ 0/21]  eta: 0:00:05  loss: 1.7784 (1.7784)  accuracy: 0.6806 (0.6806)  balanced_accuracy: 0.5664 (0.5664)  time: 0.2550  data: 0.1959  max mem: 9952
Test:  [10/21]  eta: 0:00:00  loss: 1.5739 (1.6119)  accuracy: 0.6944 (0.6818)  balanced_accuracy: 0.5664 (0.5594)  time: 0.0739  data: 0.0180  max mem: 9952
Test:  [20/21]  eta: 0:00:00  loss: 1.4594 (1.5557)  accuracy: 0.6944 (0.6912)  balanced_accuracy: 0.5945 (0.5895)  time: 0.0537  data: 0.0001  max mem: 9952
Test: Total time: 0:00:01 (0.0675 s / it)
* loss 1.556
Accuracy of the network on the 1470 test EEG: 0.69%
Max accuracy val: 0.70%, max accuracy test: 0.69%
Epoch: [28]  [ 0/31]  eta: 0:00:11  lr: 0.000242  min_lr: 0.000061  loss: 0.0017 (0.0017)  class_acc: 1.0000 (1.0000)  loss_scale: 512.0000 (512.0000)  weight_decay: 0.0500 (0.0500)  grad_norm: 1.4776 (1.4776)  time: 0.3757  data: 0.2425  max mem: 9952
Epoch: [28]  [10/31]  eta: 0:00:03  lr: 0.000236  min_lr: 0.000060  loss: 0.0027 (0.0053)  class_acc: 1.0000 (0.9981)  loss_scale: 512.0000 (512.0000)  weight_decay: 0.0500 (0.0500)  grad_norm: 2.4477 (6.3766)  time: 0.1513  data: 0.0222  max mem: 9952
Epoch: [28]  [20/31]  eta: 0:00:01  lr: 0.000230  min_lr: 0.000059  loss: 0.0030 (0.0054)  class_acc: 1.0000 (0.9990)  loss_scale: 512.0000 (512.0000)  weight_decay: 0.0500 (0.0500)  grad_norm: 4.3511 (5.6302)  time: 0.1290  data: 0.0001  max mem: 9952
Epoch: [28]  [30/31]  eta: 0:00:00  lr: 0.000225  min_lr: 0.000057  loss: 0.0023 (0.0044)  class_acc: 1.0000 (0.9993)  loss_scale: 512.0000 (512.0000)  weight_decay: 0.0500 (0.0500)  grad_norm: 1.7657 (4.4903)  time: 0.1223  data: 0.0001  max mem: 9952
Epoch: [28] Total time: 0:00:04 (0.1343 s / it)
Averaged stats: lr: 0.000225  min_lr: 0.000057  loss: 0.0023 (0.0087)  class_acc: 1.0000 (0.9979)  loss_scale: 512.0000 (512.0000)  weight_decay: 0.0500 (0.0500)  grad_norm: 1.7657 (4.4903)
Val:  [ 0/21]  eta: 0:00:05  loss: 1.6796 (1.6796)  accuracy: 0.7083 (0.7083)  balanced_accuracy: 0.6116 (0.6116)  time: 0.2645  data: 0.2045  max mem: 9952
Val:  [10/21]  eta: 0:00:00  loss: 1.6796 (1.7279)  accuracy: 0.7083 (0.6742)  balanced_accuracy: 0.6116 (0.6128)  time: 0.0823  data: 0.0267  max mem: 9952
Val:  [20/21]  eta: 0:00:00  loss: 1.7654 (1.7172)  accuracy: 0.6667 (0.6744)  balanced_accuracy: 0.6042 (0.6044)  time: 0.0576  data: 0.0045  max mem: 9952
Val: Total time: 0:00:01 (0.0702 s / it)
* loss 1.717
Accuracy of the network on the 1462 val EEG: 0.67%
Test:  [ 0/21]  eta: 0:00:05  loss: 1.7997 (1.7997)  accuracy: 0.6528 (0.6528)  balanced_accuracy: 0.5718 (0.5718)  time: 0.2572  data: 0.1984  max mem: 9952
Test:  [10/21]  eta: 0:00:00  loss: 1.6326 (1.6889)  accuracy: 0.6944 (0.6667)  balanced_accuracy: 0.5730 (0.5675)  time: 0.0739  data: 0.0182  max mem: 9952
Test:  [20/21]  eta: 0:00:00  loss: 1.5306 (1.6326)  accuracy: 0.6944 (0.6796)  balanced_accuracy: 0.6204 (0.6015)  time: 0.0536  data: 0.0001  max mem: 9952
Test: Total time: 0:00:01 (0.0670 s / it)
* loss 1.633
Accuracy of the network on the 1470 test EEG: 0.68%
Max accuracy val: 0.70%, max accuracy test: 0.69%
Epoch: [29]  [ 0/31]  eta: 0:00:09  lr: 0.000224  min_lr: 0.000057  loss: 0.0017 (0.0017)  class_acc: 1.0000 (1.0000)  loss_scale: 512.0000 (512.0000)  weight_decay: 0.0500 (0.0500)  grad_norm: 1.1352 (1.1352)  time: 0.3013  data: 0.1681  max mem: 9952
Epoch: [29]  [10/31]  eta: 0:00:03  lr: 0.000219  min_lr: 0.000056  loss: 0.0015 (0.0140)  class_acc: 1.0000 (0.9981)  loss_scale: 512.0000 (512.0000)  weight_decay: 0.0500 (0.0500)  grad_norm: 1.2292 (2.3833)  time: 0.1448  data: 0.0154  max mem: 9952
Epoch: [29]  [20/31]  eta: 0:00:01  lr: 0.000213  min_lr: 0.000054  loss: 0.0014 (0.0146)  class_acc: 1.0000 (0.9980)  loss_scale: 512.0000 (512.0000)  weight_decay: 0.0500 (0.0500)  grad_norm: 1.2292 (4.4013)  time: 0.1287  data: 0.0001  max mem: 9952
Epoch: [29]  [30/31]  eta: 0:00:00  lr: 0.000208  min_lr: 0.000053  loss: 0.0016 (0.0120)  class_acc: 1.0000 (0.9979)  loss_scale: 512.0000 (512.0000)  weight_decay: 0.0500 (0.0500)  grad_norm: 1.2292 (4.5322)  time: 0.1220  data: 0.0001  max mem: 9952
Epoch: [29] Total time: 0:00:04 (0.1324 s / it)
Averaged stats: lr: 0.000208  min_lr: 0.000053  loss: 0.0016 (0.0092)  class_acc: 1.0000 (0.9979)  loss_scale: 512.0000 (512.0000)  weight_decay: 0.0500 (0.0500)  grad_norm: 1.2292 (4.5322)
Val:  [ 0/21]  eta: 0:00:06  loss: 1.7559 (1.7559)  accuracy: 0.7083 (0.7083)  balanced_accuracy: 0.6116 (0.6116)  time: 0.2917  data: 0.2295  max mem: 9952
Val:  [10/21]  eta: 0:00:00  loss: 1.7559 (1.7955)  accuracy: 0.6944 (0.6667)  balanced_accuracy: 0.6116 (0.6103)  time: 0.0771  data: 0.0210  max mem: 9952
Val:  [20/21]  eta: 0:00:00  loss: 1.7705 (1.8094)  accuracy: 0.6528 (0.6662)  balanced_accuracy: 0.6112 (0.6035)  time: 0.0534  data: 0.0001  max mem: 9952
Val: Total time: 0:00:01 (0.0678 s / it)
* loss 1.809
Accuracy of the network on the 1462 val EEG: 0.67%
Test:  [ 0/21]  eta: 0:00:05  loss: 1.8642 (1.8642)  accuracy: 0.6528 (0.6528)  balanced_accuracy: 0.5718 (0.5718)  time: 0.2640  data: 0.2041  max mem: 9952
Test:  [10/21]  eta: 0:00:00  loss: 1.7419 (1.7521)  accuracy: 0.6667 (0.6566)  balanced_accuracy: 0.5718 (0.5710)  time: 0.0743  data: 0.0187  max mem: 9952
Test:  [20/21]  eta: 0:00:00  loss: 1.6090 (1.7047)  accuracy: 0.6667 (0.6701)  balanced_accuracy: 0.6037 (0.6025)  time: 0.0535  data: 0.0001  max mem: 9952
Test: Total time: 0:00:01 (0.0659 s / it)
* loss 1.705
Accuracy of the network on the 1470 test EEG: 0.67%
Max accuracy val: 0.70%, max accuracy test: 0.69%
Epoch: [30]  [ 0/31]  eta: 0:00:09  lr: 0.000207  min_lr: 0.000053  loss: 0.0014 (0.0014)  class_acc: 1.0000 (1.0000)  loss_scale: 512.0000 (512.0000)  weight_decay: 0.0500 (0.0500)  grad_norm: 0.7396 (0.7396)  time: 0.3011  data: 0.1573  max mem: 9952
Epoch: [30]  [10/31]  eta: 0:00:03  lr: 0.000201  min_lr: 0.000051  loss: 0.0014 (0.0018)  class_acc: 1.0000 (1.0000)  loss_scale: 512.0000 (512.0000)  weight_decay: 0.0500 (0.0500)  grad_norm: 0.7396 (2.4959)  time: 0.1445  data: 0.0144  max mem: 9952
Epoch: [30]  [20/31]  eta: 0:00:01  lr: 0.000196  min_lr: 0.000050  loss: 0.0014 (0.0074)  class_acc: 1.0000 (0.9990)  loss_scale: 512.0000 (512.0000)  weight_decay: 0.0500 (0.0500)  grad_norm: 0.8298 (3.3465)  time: 0.1290  data: 0.0001  max mem: 9952
Epoch: [30]  [30/31]  eta: 0:00:00  lr: 0.000191  min_lr: 0.000048  loss: 0.0016 (0.0126)  class_acc: 1.0000 (0.9972)  loss_scale: 512.0000 (512.0000)  weight_decay: 0.0500 (0.0500)  grad_norm: 1.5548 (5.3561)  time: 0.1223  data: 0.0001  max mem: 9952
Epoch: [30] Total time: 0:00:04 (0.1327 s / it)
Averaged stats: lr: 0.000191  min_lr: 0.000048  loss: 0.0016 (0.0084)  class_acc: 1.0000 (0.9975)  loss_scale: 512.0000 (512.0000)  weight_decay: 0.0500 (0.0500)  grad_norm: 1.5548 (5.3561)
Val:  [ 0/21]  eta: 0:00:05  loss: 1.7887 (1.7887)  accuracy: 0.7083 (0.7083)  balanced_accuracy: 0.6116 (0.6116)  time: 0.2678  data: 0.2050  max mem: 9952
Val:  [10/21]  eta: 0:00:00  loss: 1.6956 (1.8005)  accuracy: 0.7083 (0.6730)  balanced_accuracy: 0.6087 (0.6091)  time: 0.0745  data: 0.0188  max mem: 9952
Val:  [20/21]  eta: 0:00:00  loss: 1.6956 (1.7885)  accuracy: 0.6667 (0.6751)  balanced_accuracy: 0.5954 (0.6018)  time: 0.0532  data: 0.0001  max mem: 9952
Val: Total time: 0:00:01 (0.0666 s / it)
* loss 1.788
Accuracy of the network on the 1462 val EEG: 0.68%
Test:  [ 0/21]  eta: 0:00:05  loss: 1.8078 (1.8078)  accuracy: 0.6667 (0.6667)  balanced_accuracy: 0.5818 (0.5818)  time: 0.2382  data: 0.1765  max mem: 9952
Test:  [10/21]  eta: 0:00:00  loss: 1.6712 (1.7362)  accuracy: 0.6806 (0.6730)  balanced_accuracy: 0.5753 (0.5805)  time: 0.0721  data: 0.0162  max mem: 9952
Test:  [20/21]  eta: 0:00:00  loss: 1.6540 (1.6892)  accuracy: 0.6806 (0.6823)  balanced_accuracy: 0.6148 (0.6064)  time: 0.0536  data: 0.0002  max mem: 9952
Test: Total time: 0:00:01 (0.0659 s / it)
* loss 1.689
Accuracy of the network on the 1470 test EEG: 0.68%
Max accuracy val: 0.70%, max accuracy test: 0.69%
Epoch: [31]  [ 0/31]  eta: 0:00:09  lr: 0.000190  min_lr: 0.000048  loss: 0.0599 (0.0599)  class_acc: 0.9792 (0.9792)  loss_scale: 512.0000 (512.0000)  weight_decay: 0.0500 (0.0500)  grad_norm: 24.4904 (24.4904)  time: 0.3013  data: 0.1673  max mem: 9952
Epoch: [31]  [10/31]  eta: 0:00:03  lr: 0.000185  min_lr: 0.000047  loss: 0.0019 (0.0095)  class_acc: 1.0000 (0.9962)  loss_scale: 512.0000 (512.0000)  weight_decay: 0.0500 (0.0500)  grad_norm: 4.0994 (6.4592)  time: 0.1444  data: 0.0153  max mem: 9952
Epoch: [31]  [20/31]  eta: 0:00:01  lr: 0.000179  min_lr: 0.000045  loss: 0.0019 (0.0082)  class_acc: 1.0000 (0.9970)  loss_scale: 512.0000 (512.0000)  weight_decay: 0.0500 (0.0500)  grad_norm: 1.0785 (7.3920)  time: 0.1289  data: 0.0001  max mem: 9952
Epoch: [31]  [30/31]  eta: 0:00:00  lr: 0.000174  min_lr: 0.000044  loss: 0.0020 (0.0074)  class_acc: 1.0000 (0.9972)  loss_scale: 512.0000 (512.0000)  weight_decay: 0.0500 (0.0500)  grad_norm: 0.8170 (6.3309)  time: 0.1223  data: 0.0001  max mem: 9952
Epoch: [31] Total time: 0:00:04 (0.1323 s / it)
Averaged stats: lr: 0.000174  min_lr: 0.000044  loss: 0.0020 (0.0089)  class_acc: 1.0000 (0.9975)  loss_scale: 512.0000 (512.0000)  weight_decay: 0.0500 (0.0500)  grad_norm: 0.8170 (6.3309)
Val:  [ 0/21]  eta: 0:00:05  loss: 1.5567 (1.5567)  accuracy: 0.6944 (0.6944)  balanced_accuracy: 0.5804 (0.5804)  time: 0.2467  data: 0.1876  max mem: 9952
Val:  [10/21]  eta: 0:00:00  loss: 1.5973 (1.6907)  accuracy: 0.6806 (0.6717)  balanced_accuracy: 0.5962 (0.5963)  time: 0.0731  data: 0.0172  max mem: 9952
Val:  [20/21]  eta: 0:00:00  loss: 1.6407 (1.6900)  accuracy: 0.6528 (0.6758)  balanced_accuracy: 0.5727 (0.5859)  time: 0.0535  data: 0.0001  max mem: 9952
Val: Total time: 0:00:01 (0.0658 s / it)
* loss 1.690
Accuracy of the network on the 1462 val EEG: 0.68%
Test:  [ 0/21]  eta: 0:00:05  loss: 1.8148 (1.8148)  accuracy: 0.6806 (0.6806)  balanced_accuracy: 0.5791 (0.5791)  time: 0.2687  data: 0.2080  max mem: 9952
Test:  [10/21]  eta: 0:00:00  loss: 1.5695 (1.6449)  accuracy: 0.6806 (0.6755)  balanced_accuracy: 0.5778 (0.5663)  time: 0.0747  data: 0.0191  max mem: 9952
Test:  [20/21]  eta: 0:00:00  loss: 1.5513 (1.5878)  accuracy: 0.6944 (0.6844)  balanced_accuracy: 0.5873 (0.5916)  time: 0.0536  data: 0.0001  max mem: 9952
Test: Total time: 0:00:01 (0.0673 s / it)
* loss 1.588
Accuracy of the network on the 1470 test EEG: 0.68%
Max accuracy val: 0.70%, max accuracy test: 0.69%
Epoch: [32]  [ 0/31]  eta: 0:00:09  lr: 0.000173  min_lr: 0.000044  loss: 0.0662 (0.0662)  class_acc: 0.9792 (0.9792)  loss_scale: 512.0000 (512.0000)  weight_decay: 0.0500 (0.0500)  grad_norm: 34.7516 (34.7516)  time: 0.3022  data: 0.1703  max mem: 9952
Epoch: [32]  [10/31]  eta: 0:00:03  lr: 0.000168  min_lr: 0.000043  loss: 0.0022 (0.0115)  class_acc: 1.0000 (0.9962)  loss_scale: 512.0000 (512.0000)  weight_decay: 0.0500 (0.0500)  grad_norm: 4.5684 (8.6160)  time: 0.1451  data: 0.0156  max mem: 9952
Epoch: [32]  [20/31]  eta: 0:00:01  lr: 0.000162  min_lr: 0.000041  loss: 0.0022 (0.0077)  class_acc: 1.0000 (0.9980)  loss_scale: 512.0000 (512.0000)  weight_decay: 0.0500 (0.0500)  grad_norm: 3.4699 (7.8605)  time: 0.1291  data: 0.0001  max mem: 9952
Epoch: [32]  [30/31]  eta: 0:00:00  lr: 0.000158  min_lr: 0.000040  loss: 0.0018 (0.0061)  class_acc: 1.0000 (0.9986)  loss_scale: 512.0000 (512.0000)  weight_decay: 0.0500 (0.0500)  grad_norm: 2.2400 (6.4728)  time: 0.1223  data: 0.0001  max mem: 9952
Epoch: [32] Total time: 0:00:04 (0.1327 s / it)
Averaged stats: lr: 0.000158  min_lr: 0.000040  loss: 0.0018 (0.0098)  class_acc: 1.0000 (0.9970)  loss_scale: 512.0000 (512.0000)  weight_decay: 0.0500 (0.0500)  grad_norm: 2.2400 (6.4728)
Val:  [ 0/21]  eta: 0:00:05  loss: 1.7394 (1.7394)  accuracy: 0.6389 (0.6389)  balanced_accuracy: 0.5446 (0.5446)  time: 0.2571  data: 0.1990  max mem: 9952
Val:  [10/21]  eta: 0:00:00  loss: 1.7394 (1.7252)  accuracy: 0.6528 (0.6503)  balanced_accuracy: 0.6030 (0.5975)  time: 0.0737  data: 0.0182  max mem: 9952
Val:  [20/21]  eta: 0:00:00  loss: 1.7293 (1.7310)  accuracy: 0.6528 (0.6587)  balanced_accuracy: 0.6048 (0.6005)  time: 0.0533  data: 0.0001  max mem: 9952
Val: Total time: 0:00:01 (0.0657 s / it)
* loss 1.731
Accuracy of the network on the 1462 val EEG: 0.66%
Test:  [ 0/21]  eta: 0:00:05  loss: 1.6506 (1.6506)  accuracy: 0.6806 (0.6806)  balanced_accuracy: 0.6173 (0.6173)  time: 0.2482  data: 0.1851  max mem: 9952
Test:  [10/21]  eta: 0:00:00  loss: 1.6506 (1.6603)  accuracy: 0.6528 (0.6553)  balanced_accuracy: 0.5500 (0.5756)  time: 0.0730  data: 0.0170  max mem: 9952
Test:  [20/21]  eta: 0:00:00  loss: 1.6021 (1.6061)  accuracy: 0.6528 (0.6646)  balanced_accuracy: 0.5936 (0.5997)  time: 0.0536  data: 0.0001  max mem: 9952
Test: Total time: 0:00:01 (0.0662 s / it)
* loss 1.606
Accuracy of the network on the 1470 test EEG: 0.66%
Max accuracy val: 0.70%, max accuracy test: 0.69%
Epoch: [33]  [ 0/31]  eta: 0:00:09  lr: 0.000157  min_lr: 0.000040  loss: 0.0186 (0.0186)  class_acc: 0.9792 (0.9792)  loss_scale: 512.0000 (512.0000)  weight_decay: 0.0500 (0.0500)  grad_norm: 18.4022 (18.4022)  time: 0.2907  data: 0.1541  max mem: 9952
Epoch: [33]  [10/31]  eta: 0:00:03  lr: 0.000152  min_lr: 0.000039  loss: 0.0021 (0.0227)  class_acc: 1.0000 (0.9924)  loss_scale: 512.0000 (512.0000)  weight_decay: 0.0500 (0.0500)  grad_norm: 5.0275 (9.8590)  time: 0.1436  data: 0.0141  max mem: 9952
Epoch: [33]  [20/31]  eta: 0:00:01  lr: 0.000146  min_lr: 0.000037  loss: 0.0019 (0.0187)  class_acc: 1.0000 (0.9950)  loss_scale: 512.0000 (512.0000)  weight_decay: 0.0500 (0.0500)  grad_norm: 2.6493 (8.2532)  time: 0.1290  data: 0.0001  max mem: 9952
Epoch: [33]  [30/31]  eta: 0:00:00  lr: 0.000142  min_lr: 0.000036  loss: 0.0017 (0.0189)  class_acc: 1.0000 (0.9951)  loss_scale: 512.0000 (512.0000)  weight_decay: 0.0500 (0.0500)  grad_norm: 2.1338 (6.7665)  time: 0.1224  data: 0.0001  max mem: 9952
Epoch: [33] Total time: 0:00:04 (0.1323 s / it)
Averaged stats: lr: 0.000142  min_lr: 0.000036  loss: 0.0017 (0.0108)  class_acc: 1.0000 (0.9975)  loss_scale: 512.0000 (512.0000)  weight_decay: 0.0500 (0.0500)  grad_norm: 2.1338 (6.7665)
Val:  [ 0/21]  eta: 0:00:05  loss: 1.6257 (1.6257)  accuracy: 0.6944 (0.6944)  balanced_accuracy: 0.6027 (0.6027)  time: 0.2505  data: 0.1915  max mem: 9952
Val:  [10/21]  eta: 0:00:00  loss: 1.6356 (1.6991)  accuracy: 0.6667 (0.6667)  balanced_accuracy: 0.6146 (0.6024)  time: 0.0731  data: 0.0175  max mem: 9952
Val:  [20/21]  eta: 0:00:00  loss: 1.6406 (1.6986)  accuracy: 0.6667 (0.6703)  balanced_accuracy: 0.6054 (0.5955)  time: 0.0533  data: 0.0001  max mem: 9952
Val: Total time: 0:00:01 (0.0656 s / it)
* loss 1.699
Accuracy of the network on the 1462 val EEG: 0.67%
Test:  [ 0/21]  eta: 0:00:04  loss: 1.8077 (1.8077)  accuracy: 0.6806 (0.6806)  balanced_accuracy: 0.5918 (0.5918)  time: 0.2246  data: 0.1632  max mem: 9952
Test:  [10/21]  eta: 0:00:00  loss: 1.6349 (1.6861)  accuracy: 0.6806 (0.6667)  balanced_accuracy: 0.5788 (0.5690)  time: 0.0706  data: 0.0150  max mem: 9952
Test:  [20/21]  eta: 0:00:00  loss: 1.6126 (1.6185)  accuracy: 0.6806 (0.6728)  balanced_accuracy: 0.5852 (0.5943)  time: 0.0534  data: 0.0001  max mem: 9952
Test: Total time: 0:00:01 (0.0642 s / it)
* loss 1.619
Accuracy of the network on the 1470 test EEG: 0.67%
Max accuracy val: 0.70%, max accuracy test: 0.69%
Epoch: [34]  [ 0/31]  eta: 0:00:09  lr: 0.000141  min_lr: 0.000036  loss: 0.0010 (0.0010)  class_acc: 1.0000 (1.0000)  loss_scale: 512.0000 (512.0000)  weight_decay: 0.0500 (0.0500)  grad_norm: 0.2405 (0.2405)  time: 0.3018  data: 0.1551  max mem: 9952
Epoch: [34]  [10/31]  eta: 0:00:03  lr: 0.000136  min_lr: 0.000035  loss: 0.0013 (0.0026)  class_acc: 1.0000 (1.0000)  loss_scale: 512.0000 (512.0000)  weight_decay: 0.0500 (0.0500)  grad_norm: 1.9003 (4.0152)  time: 0.1449  data: 0.0142  max mem: 9952
Epoch: [34]  [20/31]  eta: 0:00:01  lr: 0.000131  min_lr: 0.000033  loss: 0.0015 (0.0040)  class_acc: 1.0000 (0.9990)  loss_scale: 512.0000 (512.0000)  weight_decay: 0.0500 (0.0500)  grad_norm: 0.8025 (3.6690)  time: 0.1292  data: 0.0001  max mem: 9952
Epoch: [34]  [30/31]  eta: 0:00:00  lr: 0.000126  min_lr: 0.000032  loss: 0.0015 (0.0046)  class_acc: 1.0000 (0.9986)  loss_scale: 512.0000 (512.0000)  weight_decay: 0.0500 (0.0500)  grad_norm: 0.8025 (3.2010)  time: 0.1224  data: 0.0001  max mem: 9952
Epoch: [34] Total time: 0:00:04 (0.1331 s / it)
Averaged stats: lr: 0.000126  min_lr: 0.000032  loss: 0.0015 (0.0073)  class_acc: 1.0000 (0.9981)  loss_scale: 512.0000 (512.0000)  weight_decay: 0.0500 (0.0500)  grad_norm: 0.8025 (3.2010)
Val:  [ 0/21]  eta: 0:00:05  loss: 1.5219 (1.5219)  accuracy: 0.6944 (0.6944)  balanced_accuracy: 0.5580 (0.5580)  time: 0.2568  data: 0.1965  max mem: 9952
Val:  [10/21]  eta: 0:00:00  loss: 1.6023 (1.7039)  accuracy: 0.6944 (0.6869)  balanced_accuracy: 0.5919 (0.6042)  time: 0.0736  data: 0.0180  max mem: 9952
Val:  [20/21]  eta: 0:00:00  loss: 1.6215 (1.6866)  accuracy: 0.6667 (0.6874)  balanced_accuracy: 0.5833 (0.5942)  time: 0.0531  data: 0.0001  max mem: 9952
Val: Total time: 0:00:01 (0.0653 s / it)
* loss 1.687
Accuracy of the network on the 1462 val EEG: 0.69%
Test:  [ 0/21]  eta: 0:00:05  loss: 1.8132 (1.8132)  accuracy: 0.6944 (0.6944)  balanced_accuracy: 0.6018 (0.6018)  time: 0.2612  data: 0.2023  max mem: 9952
Test:  [10/21]  eta: 0:00:00  loss: 1.6354 (1.6906)  accuracy: 0.6944 (0.6919)  balanced_accuracy: 0.5778 (0.5777)  time: 0.0747  data: 0.0186  max mem: 9952
Test:  [20/21]  eta: 0:00:00  loss: 1.5816 (1.6230)  accuracy: 0.6944 (0.6973)  balanced_accuracy: 0.5919 (0.6012)  time: 0.0539  data: 0.0001  max mem: 9952
Test: Total time: 0:00:01 (0.0672 s / it)
* loss 1.623
Accuracy of the network on the 1470 test EEG: 0.70%
Max accuracy val: 0.70%, max accuracy test: 0.69%
Epoch: [35]  [ 0/31]  eta: 0:00:09  lr: 0.000126  min_lr: 0.000032  loss: 0.0027 (0.0027)  class_acc: 1.0000 (1.0000)  loss_scale: 512.0000 (512.0000)  weight_decay: 0.0500 (0.0500)  grad_norm: 7.4526 (7.4526)  time: 0.3025  data: 0.1667  max mem: 9952
Epoch: [35]  [10/31]  eta: 0:00:03  lr: 0.000121  min_lr: 0.000031  loss: 0.0015 (0.0022)  class_acc: 1.0000 (1.0000)  loss_scale: 512.0000 (512.0000)  weight_decay: 0.0500 (0.0500)  grad_norm: 1.0595 (3.7924)  time: 0.1452  data: 0.0153  max mem: 9952
Epoch: [35]  [20/31]  eta: 0:00:01  lr: 0.000116  min_lr: 0.000029  loss: 0.0012 (0.0041)  class_acc: 1.0000 (0.9980)  loss_scale: 512.0000 (512.0000)  weight_decay: 0.0500 (0.0500)  grad_norm: 2.3787 (4.1010)  time: 0.1292  data: 0.0001  max mem: 9952
Epoch: [35]  [30/31]  eta: 0:00:00  lr: 0.000111  min_lr: 0.000028  loss: 0.0013 (0.0040)  class_acc: 1.0000 (0.9986)  loss_scale: 512.0000 (512.0000)  weight_decay: 0.0500 (0.0500)  grad_norm: 1.1512 (3.1185)  time: 0.1226  data: 0.0001  max mem: 9952
Epoch: [35] Total time: 0:00:04 (0.1338 s / it)
Averaged stats: lr: 0.000111  min_lr: 0.000028  loss: 0.0013 (0.0045)  class_acc: 1.0000 (0.9986)  loss_scale: 512.0000 (512.0000)  weight_decay: 0.0500 (0.0500)  grad_norm: 1.1512 (3.1185)
Val:  [ 0/21]  eta: 0:00:05  loss: 1.7615 (1.7615)  accuracy: 0.6389 (0.6389)  balanced_accuracy: 0.5446 (0.5446)  time: 0.2496  data: 0.1906  max mem: 9952
Val:  [10/21]  eta: 0:00:00  loss: 1.6964 (1.7442)  accuracy: 0.6667 (0.6616)  balanced_accuracy: 0.5945 (0.6017)  time: 0.0729  data: 0.0175  max mem: 9952
Val:  [20/21]  eta: 0:00:00  loss: 1.6964 (1.7361)  accuracy: 0.6667 (0.6655)  balanced_accuracy: 0.5895 (0.5951)  time: 0.0532  data: 0.0001  max mem: 9952
Val: Total time: 0:00:01 (0.0654 s / it)
* loss 1.736
Accuracy of the network on the 1462 val EEG: 0.67%
Test:  [ 0/21]  eta: 0:00:05  loss: 1.7463 (1.7463)  accuracy: 0.6806 (0.6806)  balanced_accuracy: 0.6045 (0.6045)  time: 0.2402  data: 0.1754  max mem: 9952
Test:  [10/21]  eta: 0:00:00  loss: 1.6659 (1.6737)  accuracy: 0.6667 (0.6629)  balanced_accuracy: 0.5788 (0.5715)  time: 0.0721  data: 0.0161  max mem: 9952
Test:  [20/21]  eta: 0:00:00  loss: 1.6274 (1.6248)  accuracy: 0.6667 (0.6714)  balanced_accuracy: 0.6028 (0.5979)  time: 0.0535  data: 0.0001  max mem: 9952
Test: Total time: 0:00:01 (0.0667 s / it)
* loss 1.625
Accuracy of the network on the 1470 test EEG: 0.67%
Max accuracy val: 0.70%, max accuracy test: 0.69%
Epoch: [36]  [ 0/31]  eta: 0:00:09  lr: 0.000111  min_lr: 0.000028  loss: 0.0014 (0.0014)  class_acc: 1.0000 (1.0000)  loss_scale: 512.0000 (512.0000)  weight_decay: 0.0500 (0.0500)  grad_norm: 4.1638 (4.1638)  time: 0.2959  data: 0.1623  max mem: 9952
Epoch: [36]  [10/31]  eta: 0:00:03  lr: 0.000106  min_lr: 0.000027  loss: 0.0011 (0.0030)  class_acc: 1.0000 (0.9981)  loss_scale: 512.0000 (512.0000)  weight_decay: 0.0500 (0.0500)  grad_norm: 1.3638 (2.2793)  time: 0.1446  data: 0.0148  max mem: 9952
Epoch: [36]  [20/31]  eta: 0:00:01  lr: 0.000102  min_lr: 0.000026  loss: 0.0011 (0.0028)  class_acc: 1.0000 (0.9990)  loss_scale: 512.0000 (512.0000)  weight_decay: 0.0500 (0.0500)  grad_norm: 1.4762 (4.2430)  time: 0.1296  data: 0.0001  max mem: 9952
Epoch: [36]  [30/31]  eta: 0:00:00  lr: 0.000097  min_lr: 0.000025  loss: 0.0011 (0.0023)  class_acc: 1.0000 (0.9993)  loss_scale: 512.0000 (512.0000)  weight_decay: 0.0500 (0.0500)  grad_norm: 0.7270 (3.1404)  time: 0.1226  data: 0.0001  max mem: 9952
Epoch: [36] Total time: 0:00:04 (0.1329 s / it)
Averaged stats: lr: 0.000097  min_lr: 0.000025  loss: 0.0011 (0.0042)  class_acc: 1.0000 (0.9984)  loss_scale: 512.0000 (512.0000)  weight_decay: 0.0500 (0.0500)  grad_norm: 0.7270 (3.1404)
Val:  [ 0/21]  eta: 0:00:05  loss: 1.7435 (1.7435)  accuracy: 0.6667 (0.6667)  balanced_accuracy: 0.5625 (0.5625)  time: 0.2524  data: 0.1924  max mem: 9952
Val:  [10/21]  eta: 0:00:00  loss: 1.7435 (1.7635)  accuracy: 0.6667 (0.6780)  balanced_accuracy: 0.6003 (0.6066)  time: 0.0731  data: 0.0176  max mem: 9952
Val:  [20/21]  eta: 0:00:00  loss: 1.7051 (1.7478)  accuracy: 0.6667 (0.6799)  balanced_accuracy: 0.5872 (0.5989)  time: 0.0533  data: 0.0001  max mem: 9952
Val: Total time: 0:00:01 (0.0665 s / it)
* loss 1.748
Accuracy of the network on the 1462 val EEG: 0.68%
Test:  [ 0/21]  eta: 0:00:05  loss: 1.7927 (1.7927)  accuracy: 0.6806 (0.6806)  balanced_accuracy: 0.5918 (0.5918)  time: 0.2564  data: 0.1942  max mem: 9952
Test:  [10/21]  eta: 0:00:00  loss: 1.6789 (1.7226)  accuracy: 0.6806 (0.6755)  balanced_accuracy: 0.5788 (0.5770)  time: 0.0735  data: 0.0178  max mem: 9952
Test:  [20/21]  eta: 0:00:00  loss: 1.6582 (1.6642)  accuracy: 0.6806 (0.6823)  balanced_accuracy: 0.5945 (0.6023)  time: 0.0535  data: 0.0001  max mem: 9952
Test: Total time: 0:00:01 (0.0668 s / it)
* loss 1.664
Accuracy of the network on the 1470 test EEG: 0.68%
Max accuracy val: 0.70%, max accuracy test: 0.69%
Epoch: [37]  [ 0/31]  eta: 0:00:09  lr: 0.000097  min_lr: 0.000025  loss: 0.1214 (0.1214)  class_acc: 0.9792 (0.9792)  loss_scale: 512.0000 (512.0000)  weight_decay: 0.0500 (0.0500)  grad_norm: 3.8479 (3.8479)  time: 0.2952  data: 0.1598  max mem: 9952
Epoch: [37]  [10/31]  eta: 0:00:03  lr: 0.000092  min_lr: 0.000023  loss: 0.0011 (0.0122)  class_acc: 1.0000 (0.9981)  loss_scale: 512.0000 (512.0000)  weight_decay: 0.0500 (0.0500)  grad_norm: 0.7690 (3.9425)  time: 0.1448  data: 0.0146  max mem: 9952
Epoch: [37]  [20/31]  eta: 0:00:01  lr: 0.000088  min_lr: 0.000022  loss: 0.0009 (0.0093)  class_acc: 1.0000 (0.9980)  loss_scale: 512.0000 (512.0000)  weight_decay: 0.0500 (0.0500)  grad_norm: 0.5166 (3.8694)  time: 0.1296  data: 0.0001  max mem: 9952
Epoch: [37]  [30/31]  eta: 0:00:00  lr: 0.000084  min_lr: 0.000021  loss: 0.0010 (0.0077)  class_acc: 1.0000 (0.9979)  loss_scale: 512.0000 (512.0000)  weight_decay: 0.0500 (0.0500)  grad_norm: 1.9250 (4.4353)  time: 0.1228  data: 0.0001  max mem: 9952
Epoch: [37] Total time: 0:00:04 (0.1329 s / it)
Averaged stats: lr: 0.000084  min_lr: 0.000021  loss: 0.0010 (0.0066)  class_acc: 1.0000 (0.9979)  loss_scale: 512.0000 (512.0000)  weight_decay: 0.0500 (0.0500)  grad_norm: 1.9250 (4.4353)
Val:  [ 0/21]  eta: 0:00:05  loss: 1.8267 (1.8267)  accuracy: 0.6528 (0.6528)  balanced_accuracy: 0.5759 (0.5759)  time: 0.2519  data: 0.1919  max mem: 9952
Val:  [10/21]  eta: 0:00:00  loss: 1.7518 (1.7874)  accuracy: 0.6528 (0.6566)  balanced_accuracy: 0.5978 (0.6014)  time: 0.0731  data: 0.0176  max mem: 9952
Val:  [20/21]  eta: 0:00:00  loss: 1.7518 (1.7846)  accuracy: 0.6389 (0.6594)  balanced_accuracy: 0.5978 (0.5951)  time: 0.0532  data: 0.0001  max mem: 9952
Val: Total time: 0:00:01 (0.0662 s / it)
* loss 1.785
Accuracy of the network on the 1462 val EEG: 0.66%
Test:  [ 0/21]  eta: 0:00:05  loss: 1.7931 (1.7931)  accuracy: 0.6667 (0.6667)  balanced_accuracy: 0.5945 (0.5945)  time: 0.2406  data: 0.1800  max mem: 9952
Test:  [10/21]  eta: 0:00:00  loss: 1.7380 (1.7378)  accuracy: 0.6667 (0.6566)  balanced_accuracy: 0.5692 (0.5669)  time: 0.0721  data: 0.0165  max mem: 9952
Test:  [20/21]  eta: 0:00:00  loss: 1.6792 (1.6862)  accuracy: 0.6667 (0.6660)  balanced_accuracy: 0.6038 (0.5947)  time: 0.0535  data: 0.0001  max mem: 9952
Test: Total time: 0:00:01 (0.0662 s / it)
* loss 1.686
Accuracy of the network on the 1470 test EEG: 0.67%
Max accuracy val: 0.70%, max accuracy test: 0.69%
Epoch: [38]  [ 0/31]  eta: 0:00:09  lr: 0.000084  min_lr: 0.000021  loss: 0.0018 (0.0018)  class_acc: 1.0000 (1.0000)  loss_scale: 512.0000 (512.0000)  weight_decay: 0.0500 (0.0500)  grad_norm: 0.9470 (0.9470)  time: 0.3120  data: 0.1565  max mem: 9952
Epoch: [38]  [10/31]  eta: 0:00:03  lr: 0.000079  min_lr: 0.000020  loss: 0.0011 (0.0014)  class_acc: 1.0000 (1.0000)  loss_scale: 512.0000 (512.0000)  weight_decay: 0.0500 (0.0500)  grad_norm: 1.5400 (1.4693)  time: 0.1455  data: 0.0143  max mem: 9952
Epoch: [38]  [20/31]  eta: 0:00:01  lr: 0.000075  min_lr: 0.000019  loss: 0.0011 (0.0038)  class_acc: 1.0000 (0.9980)  loss_scale: 512.0000 (512.0000)  weight_decay: 0.0500 (0.0500)  grad_norm: 1.5400 (3.2221)  time: 0.1289  data: 0.0001  max mem: 9952
Epoch: [38]  [30/31]  eta: 0:00:00  lr: 0.000071  min_lr: 0.000018  loss: 0.0011 (0.0077)  class_acc: 1.0000 (0.9979)  loss_scale: 512.0000 (512.0000)  weight_decay: 0.0500 (0.0500)  grad_norm: 0.9390 (2.6983)  time: 0.1222  data: 0.0001  max mem: 9952
Epoch: [38] Total time: 0:00:04 (0.1326 s / it)
Averaged stats: lr: 0.000071  min_lr: 0.000018  loss: 0.0011 (0.0061)  class_acc: 1.0000 (0.9986)  loss_scale: 512.0000 (512.0000)  weight_decay: 0.0500 (0.0500)  grad_norm: 0.9390 (2.6983)
Val:  [ 0/21]  eta: 0:00:05  loss: 1.7774 (1.7774)  accuracy: 0.6806 (0.6806)  balanced_accuracy: 0.5714 (0.5714)  time: 0.2454  data: 0.1865  max mem: 9952
Val:  [10/21]  eta: 0:00:00  loss: 1.7650 (1.8059)  accuracy: 0.6806 (0.6679)  balanced_accuracy: 0.5899 (0.6023)  time: 0.0725  data: 0.0171  max mem: 9952
Val:  [20/21]  eta: 0:00:00  loss: 1.7650 (1.7965)  accuracy: 0.6528 (0.6703)  balanced_accuracy: 0.5938 (0.5995)  time: 0.0533  data: 0.0001  max mem: 9952
Val: Total time: 0:00:01 (0.0654 s / it)
* loss 1.797
Accuracy of the network on the 1462 val EEG: 0.67%
Test:  [ 0/21]  eta: 0:00:05  loss: 1.7976 (1.7976)  accuracy: 0.6667 (0.6667)  balanced_accuracy: 0.5945 (0.5945)  time: 0.2558  data: 0.1959  max mem: 9952
Test:  [10/21]  eta: 0:00:00  loss: 1.7473 (1.7756)  accuracy: 0.6806 (0.6717)  balanced_accuracy: 0.5788 (0.5761)  time: 0.0736  data: 0.0180  max mem: 9952
Test:  [20/21]  eta: 0:00:00  loss: 1.6722 (1.7030)  accuracy: 0.6806 (0.6782)  balanced_accuracy: 0.6037 (0.6020)  time: 0.0536  data: 0.0001  max mem: 9952
Test: Total time: 0:00:01 (0.0677 s / it)
* loss 1.703
Accuracy of the network on the 1470 test EEG: 0.68%
Max accuracy val: 0.70%, max accuracy test: 0.69%
Epoch: [39]  [ 0/31]  eta: 0:00:09  lr: 0.000071  min_lr: 0.000018  loss: 0.0010 (0.0010)  class_acc: 1.0000 (1.0000)  loss_scale: 512.0000 (512.0000)  weight_decay: 0.0500 (0.0500)  grad_norm: 0.1959 (0.1959)  time: 0.2919  data: 0.1571  max mem: 9952
Epoch: [39]  [10/31]  eta: 0:00:03  lr: 0.000067  min_lr: 0.000017  loss: 0.0012 (0.0058)  class_acc: 1.0000 (0.9981)  loss_scale: 512.0000 (512.0000)  weight_decay: 0.0500 (0.0500)  grad_norm: 4.0675 (6.7954)  time: 0.1440  data: 0.0145  max mem: 9952
Epoch: [39]  [20/31]  eta: 0:00:01  lr: 0.000063  min_lr: 0.000016  loss: 0.0010 (0.0036)  class_acc: 1.0000 (0.9990)  loss_scale: 512.0000 (512.0000)  weight_decay: 0.0500 (0.0500)  grad_norm: 0.5240 (5.9414)  time: 0.1292  data: 0.0001  max mem: 9952
Epoch: [39]  [30/31]  eta: 0:00:00  lr: 0.000060  min_lr: 0.000015  loss: 0.0011 (0.0031)  class_acc: 1.0000 (0.9993)  loss_scale: 512.0000 (512.0000)  weight_decay: 0.0500 (0.0500)  grad_norm: 0.8188 (4.6401)  time: 0.1225  data: 0.0001  max mem: 9952
Epoch: [39] Total time: 0:00:04 (0.1332 s / it)
Averaged stats: lr: 0.000060  min_lr: 0.000015  loss: 0.0011 (0.0039)  class_acc: 1.0000 (0.9988)  loss_scale: 512.0000 (512.0000)  weight_decay: 0.0500 (0.0500)  grad_norm: 0.8188 (4.6401)
Val:  [ 0/21]  eta: 0:00:05  loss: 1.7821 (1.7821)  accuracy: 0.6667 (0.6667)  balanced_accuracy: 0.5625 (0.5625)  time: 0.2521  data: 0.1912  max mem: 9952
Val:  [10/21]  eta: 0:00:00  loss: 1.7657 (1.7936)  accuracy: 0.6667 (0.6717)  balanced_accuracy: 0.5899 (0.6014)  time: 0.0732  data: 0.0175  max mem: 9952
Val:  [20/21]  eta: 0:00:00  loss: 1.7657 (1.7760)  accuracy: 0.6667 (0.6731)  balanced_accuracy: 0.5861 (0.5938)  time: 0.0533  data: 0.0001  max mem: 9952
Val: Total time: 0:00:01 (0.0665 s / it)
* loss 1.776
Accuracy of the network on the 1462 val EEG: 0.67%
Test:  [ 0/21]  eta: 0:00:05  loss: 1.7702 (1.7702)  accuracy: 0.6667 (0.6667)  balanced_accuracy: 0.5818 (0.5818)  time: 0.2665  data: 0.2067  max mem: 9952
Test:  [10/21]  eta: 0:00:00  loss: 1.7607 (1.7706)  accuracy: 0.6806 (0.6755)  balanced_accuracy: 0.5804 (0.5755)  time: 0.0748  data: 0.0190  max mem: 9952
Test:  [20/21]  eta: 0:00:00  loss: 1.6840 (1.6995)  accuracy: 0.6944 (0.6844)  balanced_accuracy: 0.6018 (0.6024)  time: 0.0537  data: 0.0001  max mem: 9952
Test: Total time: 0:00:01 (0.0671 s / it)
* loss 1.699
Accuracy of the network on the 1470 test EEG: 0.68%
Max accuracy val: 0.70%, max accuracy test: 0.69%
Epoch: [40]  [ 0/31]  eta: 0:00:08  lr: 0.000059  min_lr: 0.000015  loss: 0.0014 (0.0014)  class_acc: 1.0000 (1.0000)  loss_scale: 512.0000 (512.0000)  weight_decay: 0.0500 (0.0500)  grad_norm: 1.2700 (1.2700)  time: 0.2897  data: 0.1528  max mem: 9952
Epoch: [40]  [10/31]  eta: 0:00:03  lr: 0.000056  min_lr: 0.000014  loss: 0.0011 (0.0013)  class_acc: 1.0000 (1.0000)  loss_scale: 512.0000 (512.0000)  weight_decay: 0.0500 (0.0500)  grad_norm: 1.2700 (2.8617)  time: 0.1435  data: 0.0141  max mem: 9952
Epoch: [40]  [20/31]  eta: 0:00:01  lr: 0.000052  min_lr: 0.000013  loss: 0.0010 (0.0017)  class_acc: 1.0000 (1.0000)  loss_scale: 512.0000 (512.0000)  weight_decay: 0.0500 (0.0500)  grad_norm: 0.9820 (6.2571)  time: 0.1289  data: 0.0002  max mem: 9952
Epoch: [40]  [30/31]  eta: 0:00:00  lr: 0.000049  min_lr: 0.000012  loss: 0.0010 (0.0052)  class_acc: 1.0000 (0.9993)  loss_scale: 512.0000 (512.0000)  weight_decay: 0.0500 (0.0500)  grad_norm: 0.9820 (5.8612)  time: 0.1223  data: 0.0001  max mem: 9952
Epoch: [40] Total time: 0:00:04 (0.1320 s / it)
Averaged stats: lr: 0.000049  min_lr: 0.000012  loss: 0.0010 (0.0053)  class_acc: 1.0000 (0.9986)  loss_scale: 512.0000 (512.0000)  weight_decay: 0.0500 (0.0500)  grad_norm: 0.9820 (5.8612)
Val:  [ 0/21]  eta: 0:00:04  loss: 1.6344 (1.6344)  accuracy: 0.7083 (0.7083)  balanced_accuracy: 0.5670 (0.5670)  time: 0.2380  data: 0.1795  max mem: 9952
Val:  [10/21]  eta: 0:00:00  loss: 1.6364 (1.7824)  accuracy: 0.6944 (0.6856)  balanced_accuracy: 0.5861 (0.6007)  time: 0.0722  data: 0.0165  max mem: 9952
Val:  [20/21]  eta: 0:00:00  loss: 1.6364 (1.7468)  accuracy: 0.6806 (0.6895)  balanced_accuracy: 0.5833 (0.5934)  time: 0.0534  data: 0.0001  max mem: 9952
Val: Total time: 0:00:01 (0.0645 s / it)
* loss 1.747
Accuracy of the network on the 1462 val EEG: 0.69%
Test:  [ 0/21]  eta: 0:00:04  loss: 1.8217 (1.8217)  accuracy: 0.6806 (0.6806)  balanced_accuracy: 0.5918 (0.5918)  time: 0.2224  data: 0.1632  max mem: 9952
Test:  [10/21]  eta: 0:00:00  loss: 1.6984 (1.7680)  accuracy: 0.6806 (0.6869)  balanced_accuracy: 0.5791 (0.5716)  time: 0.0704  data: 0.0150  max mem: 9952
Test:  [20/21]  eta: 0:00:00  loss: 1.6666 (1.7002)  accuracy: 0.6944 (0.6925)  balanced_accuracy: 0.5846 (0.5936)  time: 0.0535  data: 0.0001  max mem: 9952
Test: Total time: 0:00:01 (0.0647 s / it)
* loss 1.700
Accuracy of the network on the 1470 test EEG: 0.69%
Max accuracy val: 0.70%, max accuracy test: 0.69%
Epoch: [41]  [ 0/31]  eta: 0:00:09  lr: 0.000049  min_lr: 0.000012  loss: 0.0014 (0.0014)  class_acc: 1.0000 (1.0000)  loss_scale: 512.0000 (512.0000)  weight_decay: 0.0500 (0.0500)  grad_norm: 1.5377 (1.5377)  time: 0.3072  data: 0.1744  max mem: 9952
Epoch: [41]  [10/31]  eta: 0:00:03  lr: 0.000045  min_lr: 0.000012  loss: 0.0009 (0.0018)  class_acc: 1.0000 (1.0000)  loss_scale: 512.0000 (512.0000)  weight_decay: 0.0500 (0.0500)  grad_norm: 0.2643 (2.0893)  time: 0.1453  data: 0.0160  max mem: 9952
Epoch: [41]  [20/31]  eta: 0:00:01  lr: 0.000042  min_lr: 0.000011  loss: 0.0010 (0.0030)  class_acc: 1.0000 (0.9990)  loss_scale: 512.0000 (512.0000)  weight_decay: 0.0500 (0.0500)  grad_norm: 0.3577 (2.9655)  time: 0.1291  data: 0.0001  max mem: 9952
Epoch: [41]  [30/31]  eta: 0:00:00  lr: 0.000039  min_lr: 0.000010  loss: 0.0010 (0.0024)  class_acc: 1.0000 (0.9993)  loss_scale: 512.0000 (512.0000)  weight_decay: 0.0500 (0.0500)  grad_norm: 0.5233 (3.8751)  time: 0.1223  data: 0.0001  max mem: 9952
Epoch: [41] Total time: 0:00:04 (0.1325 s / it)
Averaged stats: lr: 0.000039  min_lr: 0.000010  loss: 0.0010 (0.0059)  class_acc: 1.0000 (0.9984)  loss_scale: 512.0000 (512.0000)  weight_decay: 0.0500 (0.0500)  grad_norm: 0.5233 (3.8751)
Val:  [ 0/21]  eta: 0:00:05  loss: 1.6549 (1.6549)  accuracy: 0.7222 (0.7222)  balanced_accuracy: 0.5982 (0.5982)  time: 0.2546  data: 0.1955  max mem: 9952
Val:  [10/21]  eta: 0:00:00  loss: 1.6549 (1.7830)  accuracy: 0.6806 (0.6881)  balanced_accuracy: 0.5982 (0.6075)  time: 0.0734  data: 0.0179  max mem: 9952
Val:  [20/21]  eta: 0:00:00  loss: 1.6455 (1.7474)  accuracy: 0.6806 (0.6902)  balanced_accuracy: 0.5861 (0.5979)  time: 0.0532  data: 0.0001  max mem: 9952
Val: Total time: 0:00:01 (0.0663 s / it)
* loss 1.747
Accuracy of the network on the 1462 val EEG: 0.69%
Test:  [ 0/21]  eta: 0:00:05  loss: 1.8294 (1.8294)  accuracy: 0.6806 (0.6806)  balanced_accuracy: 0.5918 (0.5918)  time: 0.2444  data: 0.1819  max mem: 9952
Test:  [10/21]  eta: 0:00:00  loss: 1.6856 (1.7654)  accuracy: 0.6944 (0.6869)  balanced_accuracy: 0.5833 (0.5715)  time: 0.0724  data: 0.0167  max mem: 9952
Test:  [20/21]  eta: 0:00:00  loss: 1.6660 (1.6940)  accuracy: 0.7083 (0.6932)  balanced_accuracy: 0.6000 (0.5967)  time: 0.0535  data: 0.0001  max mem: 9952
Test: Total time: 0:00:01 (0.0658 s / it)
* loss 1.694
Accuracy of the network on the 1470 test EEG: 0.69%
Max accuracy val: 0.70%, max accuracy test: 0.69%
Epoch: [42]  [ 0/31]  eta: 0:00:09  lr: 0.000039  min_lr: 0.000010  loss: 0.0009 (0.0009)  class_acc: 1.0000 (1.0000)  loss_scale: 512.0000 (512.0000)  weight_decay: 0.0500 (0.0500)  grad_norm: 0.1357 (0.1357)  time: 0.3074  data: 0.1715  max mem: 9952
Epoch: [42]  [10/31]  eta: 0:00:03  lr: 0.000036  min_lr: 0.000009  loss: 0.0009 (0.0013)  class_acc: 1.0000 (1.0000)  loss_scale: 512.0000 (512.0000)  weight_decay: 0.0500 (0.0500)  grad_norm: 1.6160 (3.0705)  time: 0.1457  data: 0.0157  max mem: 9952
Epoch: [42]  [20/31]  eta: 0:00:01  lr: 0.000033  min_lr: 0.000008  loss: 0.0009 (0.0014)  class_acc: 1.0000 (1.0000)  loss_scale: 512.0000 (512.0000)  weight_decay: 0.0500 (0.0500)  grad_norm: 0.9305 (2.2924)  time: 0.1292  data: 0.0001  max mem: 9952
Epoch: [42]  [30/31]  eta: 0:00:00  lr: 0.000030  min_lr: 0.000008  loss: 0.0009 (0.0062)  class_acc: 1.0000 (0.9993)  loss_scale: 512.0000 (512.0000)  weight_decay: 0.0500 (0.0500)  grad_norm: 0.9305 (2.7224)  time: 0.1223  data: 0.0001  max mem: 9952
Epoch: [42] Total time: 0:00:04 (0.1340 s / it)
Averaged stats: lr: 0.000030  min_lr: 0.000008  loss: 0.0009 (0.0057)  class_acc: 1.0000 (0.9988)  loss_scale: 512.0000 (512.0000)  weight_decay: 0.0500 (0.0500)  grad_norm: 0.9305 (2.7224)
Val:  [ 0/21]  eta: 0:00:05  loss: 1.6943 (1.6943)  accuracy: 0.7222 (0.7222)  balanced_accuracy: 0.5982 (0.5982)  time: 0.2674  data: 0.2053  max mem: 9952
Val:  [10/21]  eta: 0:00:00  loss: 1.6943 (1.7971)  accuracy: 0.6944 (0.6843)  balanced_accuracy: 0.5982 (0.6082)  time: 0.0748  data: 0.0188  max mem: 9952
Val:  [20/21]  eta: 0:00:00  loss: 1.7130 (1.7712)  accuracy: 0.6806 (0.6860)  balanced_accuracy: 0.5926 (0.5984)  time: 0.0534  data: 0.0001  max mem: 9952
Val: Total time: 0:00:01 (0.0673 s / it)
* loss 1.771
Accuracy of the network on the 1462 val EEG: 0.69%
Test:  [ 0/21]  eta: 0:00:05  loss: 1.8674 (1.8674)  accuracy: 0.6806 (0.6806)  balanced_accuracy: 0.5918 (0.5918)  time: 0.2681  data: 0.2095  max mem: 9952
Test:  [10/21]  eta: 0:00:00  loss: 1.7580 (1.7900)  accuracy: 0.6944 (0.6780)  balanced_accuracy: 0.5741 (0.5664)  time: 0.0746  data: 0.0192  max mem: 9952
Test:  [20/21]  eta: 0:00:00  loss: 1.6899 (1.7144)  accuracy: 0.6944 (0.6884)  balanced_accuracy: 0.5945 (0.5963)  time: 0.0535  data: 0.0001  max mem: 9952
Test: Total time: 0:00:01 (0.0664 s / it)
* loss 1.714
Accuracy of the network on the 1470 test EEG: 0.69%
Max accuracy val: 0.70%, max accuracy test: 0.69%
Epoch: [43]  [ 0/31]  eta: 0:00:08  lr: 0.000030  min_lr: 0.000008  loss: 0.0008 (0.0008)  class_acc: 1.0000 (1.0000)  loss_scale: 512.0000 (512.0000)  weight_decay: 0.0500 (0.0500)  grad_norm: 2.1828 (2.1828)  time: 0.2883  data: 0.1446  max mem: 9952
Epoch: [43]  [10/31]  eta: 0:00:03  lr: 0.000028  min_lr: 0.000007  loss: 0.0009 (0.0011)  class_acc: 1.0000 (1.0000)  loss_scale: 512.0000 (512.0000)  weight_decay: 0.0500 (0.0500)  grad_norm: 0.1622 (2.8476)  time: 0.1434  data: 0.0132  max mem: 9952
Epoch: [43]  [20/31]  eta: 0:00:01  lr: 0.000025  min_lr: 0.000006  loss: 0.0009 (0.0012)  class_acc: 1.0000 (1.0000)  loss_scale: 512.0000 (512.0000)  weight_decay: 0.0500 (0.0500)  grad_norm: 0.1622 (2.9363)  time: 0.1290  data: 0.0001  max mem: 9952
Epoch: [43]  [30/31]  eta: 0:00:00  lr: 0.000023  min_lr: 0.000006  loss: 0.0009 (0.0076)  class_acc: 1.0000 (0.9986)  loss_scale: 512.0000 (512.0000)  weight_decay: 0.0500 (0.0500)  grad_norm: 0.4874 (3.1506)  time: 0.1225  data: 0.0001  max mem: 9952
Epoch: [43] Total time: 0:00:04 (0.1318 s / it)
Averaged stats: lr: 0.000023  min_lr: 0.000006  loss: 0.0009 (0.0050)  class_acc: 1.0000 (0.9991)  loss_scale: 512.0000 (512.0000)  weight_decay: 0.0500 (0.0500)  grad_norm: 0.4874 (3.1506)
Val:  [ 0/21]  eta: 0:00:05  loss: 1.7183 (1.7183)  accuracy: 0.7222 (0.7222)  balanced_accuracy: 0.5982 (0.5982)  time: 0.2476  data: 0.1892  max mem: 9952
Val:  [10/21]  eta: 0:00:00  loss: 1.7183 (1.7905)  accuracy: 0.7083 (0.6843)  balanced_accuracy: 0.5982 (0.6081)  time: 0.0731  data: 0.0174  max mem: 9952
Val:  [20/21]  eta: 0:00:00  loss: 1.7403 (1.7745)  accuracy: 0.6806 (0.6826)  balanced_accuracy: 0.5833 (0.5959)  time: 0.0537  data: 0.0001  max mem: 9952
Val: Total time: 0:00:01 (0.0658 s / it)
* loss 1.775
Accuracy of the network on the 1462 val EEG: 0.68%
Test:  [ 0/21]  eta: 0:00:04  loss: 1.8780 (1.8780)  accuracy: 0.6806 (0.6806)  balanced_accuracy: 0.5918 (0.5918)  time: 0.2228  data: 0.1604  max mem: 9952
Test:  [10/21]  eta: 0:00:00  loss: 1.7901 (1.7967)  accuracy: 0.6806 (0.6755)  balanced_accuracy: 0.5741 (0.5661)  time: 0.0705  data: 0.0147  max mem: 9952
Test:  [20/21]  eta: 0:00:00  loss: 1.6951 (1.7236)  accuracy: 0.6944 (0.6857)  balanced_accuracy: 0.6018 (0.5975)  time: 0.0535  data: 0.0001  max mem: 9952
Test: Total time: 0:00:01 (0.0657 s / it)
* loss 1.724
Accuracy of the network on the 1470 test EEG: 0.69%
Max accuracy val: 0.70%, max accuracy test: 0.69%
Epoch: [44]  [ 0/31]  eta: 0:00:09  lr: 0.000023  min_lr: 0.000006  loss: 0.0033 (0.0033)  class_acc: 1.0000 (1.0000)  loss_scale: 512.0000 (512.0000)  weight_decay: 0.0500 (0.0500)  grad_norm: 0.9353 (0.9353)  time: 0.2943  data: 0.1612  max mem: 9952
Epoch: [44]  [10/31]  eta: 0:00:03  lr: 0.000020  min_lr: 0.000005  loss: 0.0013 (0.0031)  class_acc: 1.0000 (0.9981)  loss_scale: 512.0000 (512.0000)  weight_decay: 0.0500 (0.0500)  grad_norm: 1.5982 (2.3124)  time: 0.1438  data: 0.0147  max mem: 9952
Epoch: [44]  [20/31]  eta: 0:00:01  lr: 0.000018  min_lr: 0.000005  loss: 0.0011 (0.0021)  class_acc: 1.0000 (0.9990)  loss_scale: 512.0000 (512.0000)  weight_decay: 0.0500 (0.0500)  grad_norm: 1.0720 (2.8591)  time: 0.1290  data: 0.0001  max mem: 9952
Epoch: [44]  [30/31]  eta: 0:00:00  lr: 0.000016  min_lr: 0.000004  loss: 0.0011 (0.0026)  class_acc: 1.0000 (0.9986)  loss_scale: 512.0000 (512.0000)  weight_decay: 0.0500 (0.0500)  grad_norm: 0.7495 (3.3595)  time: 0.1225  data: 0.0001  max mem: 9952
Epoch: [44] Total time: 0:00:04 (0.1323 s / it)
Averaged stats: lr: 0.000016  min_lr: 0.000004  loss: 0.0011 (0.0029)  class_acc: 1.0000 (0.9986)  loss_scale: 512.0000 (512.0000)  weight_decay: 0.0500 (0.0500)  grad_norm: 0.7495 (3.3595)
Val:  [ 0/21]  eta: 0:00:05  loss: 1.7711 (1.7711)  accuracy: 0.6667 (0.6667)  balanced_accuracy: 0.5625 (0.5625)  time: 0.2580  data: 0.1964  max mem: 9952
Val:  [10/21]  eta: 0:00:00  loss: 1.7383 (1.8049)  accuracy: 0.6667 (0.6692)  balanced_accuracy: 0.5945 (0.5997)  time: 0.0740  data: 0.0180  max mem: 9952
Val:  [20/21]  eta: 0:00:00  loss: 1.7454 (1.7995)  accuracy: 0.6667 (0.6731)  balanced_accuracy: 0.5938 (0.5954)  time: 0.0534  data: 0.0001  max mem: 9952
Val: Total time: 0:00:01 (0.0654 s / it)
* loss 1.800
Accuracy of the network on the 1462 val EEG: 0.67%
Test:  [ 0/21]  eta: 0:00:04  loss: 1.8677 (1.8677)  accuracy: 0.6667 (0.6667)  balanced_accuracy: 0.5818 (0.5818)  time: 0.2222  data: 0.1606  max mem: 9952
Test:  [10/21]  eta: 0:00:00  loss: 1.8268 (1.8094)  accuracy: 0.6944 (0.6755)  balanced_accuracy: 0.5818 (0.5760)  time: 0.0707  data: 0.0148  max mem: 9952
Test:  [20/21]  eta: 0:00:00  loss: 1.7166 (1.7348)  accuracy: 0.6944 (0.6816)  balanced_accuracy: 0.6018 (0.6002)  time: 0.0537  data: 0.0001  max mem: 9952
Test: Total time: 0:00:01 (0.0644 s / it)
* loss 1.735
Accuracy of the network on the 1470 test EEG: 0.68%
Max accuracy val: 0.70%, max accuracy test: 0.69%
Epoch: [45]  [ 0/31]  eta: 0:00:09  lr: 0.000016  min_lr: 0.000004  loss: 0.0009 (0.0009)  class_acc: 1.0000 (1.0000)  loss_scale: 512.0000 (512.0000)  weight_decay: 0.0500 (0.0500)  grad_norm: 0.5319 (0.5319)  time: 0.2920  data: 0.1554  max mem: 9952
Epoch: [45]  [10/31]  eta: 0:00:03  lr: 0.000014  min_lr: 0.000004  loss: 0.0009 (0.0042)  class_acc: 1.0000 (0.9981)  loss_scale: 512.0000 (512.0000)  weight_decay: 0.0500 (0.0500)  grad_norm: 0.5319 (2.7032)  time: 0.1438  data: 0.0142  max mem: 9952
Epoch: [45]  [20/31]  eta: 0:00:01  lr: 0.000012  min_lr: 0.000003  loss: 0.0009 (0.0038)  class_acc: 1.0000 (0.9990)  loss_scale: 512.0000 (512.0000)  weight_decay: 0.0500 (0.0500)  grad_norm: 0.4760 (2.1647)  time: 0.1292  data: 0.0001  max mem: 9952
Epoch: [45]  [30/31]  eta: 0:00:00  lr: 0.000011  min_lr: 0.000003  loss: 0.0015 (0.0032)  class_acc: 1.0000 (0.9993)  loss_scale: 512.0000 (512.0000)  weight_decay: 0.0500 (0.0500)  grad_norm: 0.7148 (3.6758)  time: 0.1227  data: 0.0001  max mem: 9952
Epoch: [45] Total time: 0:00:04 (0.1327 s / it)
Averaged stats: lr: 0.000011  min_lr: 0.000003  loss: 0.0015 (0.0038)  class_acc: 1.0000 (0.9991)  loss_scale: 512.0000 (512.0000)  weight_decay: 0.0500 (0.0500)  grad_norm: 0.7148 (3.6758)
Val:  [ 0/21]  eta: 0:00:06  loss: 1.7845 (1.7845)  accuracy: 0.6667 (0.6667)  balanced_accuracy: 0.5625 (0.5625)  time: 0.2889  data: 0.2285  max mem: 9952
Val:  [10/21]  eta: 0:00:00  loss: 1.7374 (1.8122)  accuracy: 0.6667 (0.6692)  balanced_accuracy: 0.5945 (0.5997)  time: 0.0777  data: 0.0219  max mem: 9952
Val:  [20/21]  eta: 0:00:00  loss: 1.7588 (1.8076)  accuracy: 0.6667 (0.6731)  balanced_accuracy: 0.5938 (0.5954)  time: 0.0539  data: 0.0007  max mem: 9952
Val: Total time: 0:00:01 (0.0675 s / it)
* loss 1.808
Accuracy of the network on the 1462 val EEG: 0.67%
Test:  [ 0/21]  eta: 0:00:05  loss: 1.8667 (1.8667)  accuracy: 0.6667 (0.6667)  balanced_accuracy: 0.5818 (0.5818)  time: 0.2390  data: 0.1776  max mem: 9952
Test:  [10/21]  eta: 0:00:00  loss: 1.8360 (1.8145)  accuracy: 0.6944 (0.6742)  balanced_accuracy: 0.5818 (0.5751)  time: 0.0721  data: 0.0163  max mem: 9952
Test:  [20/21]  eta: 0:00:00  loss: 1.7129 (1.7411)  accuracy: 0.6944 (0.6810)  balanced_accuracy: 0.6018 (0.5997)  time: 0.0536  data: 0.0001  max mem: 9952
Test: Total time: 0:00:01 (0.0656 s / it)
* loss 1.741
Accuracy of the network on the 1470 test EEG: 0.68%
Max accuracy val: 0.70%, max accuracy test: 0.69%
Epoch: [46]  [ 0/31]  eta: 0:00:08  lr: 0.000011  min_lr: 0.000003  loss: 0.0008 (0.0008)  class_acc: 1.0000 (1.0000)  loss_scale: 512.0000 (512.0000)  weight_decay: 0.0500 (0.0500)  grad_norm: 1.2467 (1.2467)  time: 0.2866  data: 0.1520  max mem: 9952
Epoch: [46]  [10/31]  eta: 0:00:03  lr: 0.000009  min_lr: 0.000002  loss: 0.0009 (0.0028)  class_acc: 1.0000 (0.9981)  loss_scale: 512.0000 (512.0000)  weight_decay: 0.0500 (0.0500)  grad_norm: 0.3469 (2.9911)  time: 0.1434  data: 0.0140  max mem: 9952
Epoch: [46]  [20/31]  eta: 0:00:01  lr: 0.000008  min_lr: 0.000002  loss: 0.0009 (0.0022)  class_acc: 1.0000 (0.9990)  loss_scale: 512.0000 (512.0000)  weight_decay: 0.0500 (0.0500)  grad_norm: 0.2508 (3.2224)  time: 0.1291  data: 0.0002  max mem: 9952
Epoch: [46]  [30/31]  eta: 0:00:00  lr: 0.000007  min_lr: 0.000002  loss: 0.0009 (0.0018)  class_acc: 1.0000 (0.9993)  loss_scale: 512.0000 (512.0000)  weight_decay: 0.0500 (0.0500)  grad_norm: 0.2496 (2.5601)  time: 0.1223  data: 0.0001  max mem: 9952
Epoch: [46] Total time: 0:00:04 (0.1322 s / it)
Averaged stats: lr: 0.000007  min_lr: 0.000002  loss: 0.0009 (0.0032)  class_acc: 1.0000 (0.9991)  loss_scale: 512.0000 (512.0000)  weight_decay: 0.0500 (0.0500)  grad_norm: 0.2496 (2.5601)
Val:  [ 0/21]  eta: 0:00:06  loss: 1.7810 (1.7810)  accuracy: 0.6667 (0.6667)  balanced_accuracy: 0.5625 (0.5625)  time: 0.2929  data: 0.2330  max mem: 9952
Val:  [10/21]  eta: 0:00:00  loss: 1.7383 (1.8103)  accuracy: 0.6667 (0.6705)  balanced_accuracy: 0.5753 (0.5998)  time: 0.0771  data: 0.0213  max mem: 9952
Val:  [20/21]  eta: 0:00:00  loss: 1.7473 (1.8022)  accuracy: 0.6667 (0.6717)  balanced_accuracy: 0.5846 (0.5914)  time: 0.0534  data: 0.0001  max mem: 9952
Val: Total time: 0:00:01 (0.0673 s / it)
* loss 1.802
Accuracy of the network on the 1462 val EEG: 0.67%
Test:  [ 0/21]  eta: 0:00:05  loss: 1.8697 (1.8697)  accuracy: 0.6667 (0.6667)  balanced_accuracy: 0.5818 (0.5818)  time: 0.2412  data: 0.1804  max mem: 9952
Test:  [10/21]  eta: 0:00:00  loss: 1.8291 (1.8117)  accuracy: 0.6944 (0.6717)  balanced_accuracy: 0.5818 (0.5690)  time: 0.0724  data: 0.0166  max mem: 9952
Test:  [20/21]  eta: 0:00:00  loss: 1.7185 (1.7379)  accuracy: 0.6944 (0.6803)  balanced_accuracy: 0.6018 (0.5969)  time: 0.0536  data: 0.0001  max mem: 9952
Test: Total time: 0:00:01 (0.0659 s / it)
* loss 1.738
Accuracy of the network on the 1470 test EEG: 0.68%
Max accuracy val: 0.70%, max accuracy test: 0.69%
Epoch: [47]  [ 0/31]  eta: 0:00:09  lr: 0.000006  min_lr: 0.000002  loss: 0.0026 (0.0026)  class_acc: 1.0000 (1.0000)  loss_scale: 512.0000 (512.0000)  weight_decay: 0.0500 (0.0500)  grad_norm: 0.6347 (0.6347)  time: 0.3150  data: 0.1814  max mem: 9952
Epoch: [47]  [10/31]  eta: 0:00:03  lr: 0.000005  min_lr: 0.000001  loss: 0.0009 (0.0033)  class_acc: 1.0000 (0.9981)  loss_scale: 512.0000 (512.0000)  weight_decay: 0.0500 (0.0500)  grad_norm: 0.5150 (5.3082)  time: 0.1464  data: 0.0166  max mem: 9952
Epoch: [47]  [20/31]  eta: 0:00:01  lr: 0.000004  min_lr: 0.000001  loss: 0.0009 (0.0022)  class_acc: 1.0000 (0.9990)  loss_scale: 512.0000 (512.0000)  weight_decay: 0.0500 (0.0500)  grad_norm: 0.3545 (3.0369)  time: 0.1293  data: 0.0001  max mem: 9952
Epoch: [47]  [30/31]  eta: 0:00:00  lr: 0.000004  min_lr: 0.000001  loss: 0.0010 (0.0021)  class_acc: 1.0000 (0.9993)  loss_scale: 512.0000 (512.0000)  weight_decay: 0.0500 (0.0500)  grad_norm: 0.7775 (2.7101)  time: 0.1224  data: 0.0001  max mem: 9952
Epoch: [47] Total time: 0:00:04 (0.1334 s / it)
Averaged stats: lr: 0.000004  min_lr: 0.000001  loss: 0.0010 (0.0018)  class_acc: 1.0000 (0.9998)  loss_scale: 512.0000 (512.0000)  weight_decay: 0.0500 (0.0500)  grad_norm: 0.7775 (2.7101)
Val:  [ 0/21]  eta: 0:00:05  loss: 1.7868 (1.7868)  accuracy: 0.6667 (0.6667)  balanced_accuracy: 0.5625 (0.5625)  time: 0.2652  data: 0.2060  max mem: 9952
Val:  [10/21]  eta: 0:00:00  loss: 1.7335 (1.8121)  accuracy: 0.6667 (0.6705)  balanced_accuracy: 0.5753 (0.5998)  time: 0.0745  data: 0.0189  max mem: 9952
Val:  [20/21]  eta: 0:00:00  loss: 1.7488 (1.8043)  accuracy: 0.6667 (0.6731)  balanced_accuracy: 0.5881 (0.5943)  time: 0.0533  data: 0.0001  max mem: 9952
Val: Total time: 0:00:01 (0.0661 s / it)
* loss 1.804
Accuracy of the network on the 1462 val EEG: 0.67%
Test:  [ 0/21]  eta: 0:00:05  loss: 1.8703 (1.8703)  accuracy: 0.6667 (0.6667)  balanced_accuracy: 0.5818 (0.5818)  time: 0.2622  data: 0.2030  max mem: 9952
Test:  [10/21]  eta: 0:00:00  loss: 1.8341 (1.8126)  accuracy: 0.6944 (0.6717)  balanced_accuracy: 0.5818 (0.5690)  time: 0.0742  data: 0.0186  max mem: 9952
Test:  [20/21]  eta: 0:00:00  loss: 1.7158 (1.7392)  accuracy: 0.6944 (0.6803)  balanced_accuracy: 0.6018 (0.5969)  time: 0.0536  data: 0.0001  max mem: 9952
Test: Total time: 0:00:01 (0.0675 s / it)
* loss 1.739
Accuracy of the network on the 1470 test EEG: 0.68%
Max accuracy val: 0.70%, max accuracy test: 0.69%
Epoch: [48]  [ 0/31]  eta: 0:00:09  lr: 0.000003  min_lr: 0.000001  loss: 0.0009 (0.0009)  class_acc: 1.0000 (1.0000)  loss_scale: 512.0000 (512.0000)  weight_decay: 0.0500 (0.0500)  grad_norm: 0.0437 (0.0437)  time: 0.3013  data: 0.1653  max mem: 9952
Epoch: [48]  [10/31]  eta: 0:00:03  lr: 0.000003  min_lr: 0.000001  loss: 0.0009 (0.0016)  class_acc: 1.0000 (1.0000)  loss_scale: 512.0000 (512.0000)  weight_decay: 0.0500 (0.0500)  grad_norm: 0.4487 (1.8578)  time: 0.1449  data: 0.0151  max mem: 9952
Epoch: [48]  [20/31]  eta: 0:00:01  lr: 0.000002  min_lr: 0.000001  loss: 0.0010 (0.0049)  class_acc: 1.0000 (0.9990)  loss_scale: 512.0000 (512.0000)  weight_decay: 0.0500 (0.0500)  grad_norm: 0.4487 (1.9891)  time: 0.1293  data: 0.0001  max mem: 9952
Epoch: [48]  [30/31]  eta: 0:00:00  lr: 0.000002  min_lr: 0.000000  loss: 0.0010 (0.0042)  class_acc: 1.0000 (0.9993)  loss_scale: 512.0000 (512.0000)  weight_decay: 0.0500 (0.0500)  grad_norm: 0.6776 (2.6811)  time: 0.1226  data: 0.0001  max mem: 9952
Epoch: [48] Total time: 0:00:04 (0.1327 s / it)
Averaged stats: lr: 0.000002  min_lr: 0.000000  loss: 0.0010 (0.0033)  class_acc: 1.0000 (0.9995)  loss_scale: 512.0000 (512.0000)  weight_decay: 0.0500 (0.0500)  grad_norm: 0.6776 (2.6811)
Val:  [ 0/21]  eta: 0:00:05  loss: 1.7843 (1.7843)  accuracy: 0.6667 (0.6667)  balanced_accuracy: 0.5625 (0.5625)  time: 0.2541  data: 0.1944  max mem: 9952
Val:  [10/21]  eta: 0:00:00  loss: 1.7371 (1.8126)  accuracy: 0.6667 (0.6705)  balanced_accuracy: 0.5753 (0.5998)  time: 0.0735  data: 0.0178  max mem: 9952
Val:  [20/21]  eta: 0:00:00  loss: 1.7517 (1.8044)  accuracy: 0.6667 (0.6717)  balanced_accuracy: 0.5846 (0.5920)  time: 0.0533  data: 0.0001  max mem: 9952
Val: Total time: 0:00:01 (0.0653 s / it)
* loss 1.804
Accuracy of the network on the 1462 val EEG: 0.67%
Test:  [ 0/21]  eta: 0:00:04  loss: 1.8716 (1.8716)  accuracy: 0.6667 (0.6667)  balanced_accuracy: 0.5818 (0.5818)  time: 0.2216  data: 0.1623  max mem: 9952
Test:  [10/21]  eta: 0:00:00  loss: 1.8373 (1.8134)  accuracy: 0.6944 (0.6717)  balanced_accuracy: 0.5818 (0.5690)  time: 0.0704  data: 0.0149  max mem: 9952
Test:  [20/21]  eta: 0:00:00  loss: 1.7170 (1.7403)  accuracy: 0.6944 (0.6803)  balanced_accuracy: 0.6018 (0.5969)  time: 0.0535  data: 0.0001  max mem: 9952
Test: Total time: 0:00:01 (0.0641 s / it)
* loss 1.740
Accuracy of the network on the 1470 test EEG: 0.68%
Max accuracy val: 0.70%, max accuracy test: 0.69%
Epoch: [49]  [ 0/31]  eta: 0:00:09  lr: 0.000002  min_lr: 0.000000  loss: 0.0014 (0.0014)  class_acc: 1.0000 (1.0000)  loss_scale: 512.0000 (512.0000)  weight_decay: 0.0500 (0.0500)  grad_norm: 0.2553 (0.2553)  time: 0.3001  data: 0.1650  max mem: 9952
Epoch: [49]  [10/31]  eta: 0:00:03  lr: 0.000001  min_lr: 0.000000  loss: 0.0011 (0.0015)  class_acc: 1.0000 (1.0000)  loss_scale: 512.0000 (512.0000)  weight_decay: 0.0500 (0.0500)  grad_norm: 0.7295 (1.8136)  time: 0.1445  data: 0.0151  max mem: 9952
Epoch: [49]  [20/31]  eta: 0:00:01  lr: 0.000001  min_lr: 0.000000  loss: 0.0011 (0.0104)  class_acc: 1.0000 (0.9970)  loss_scale: 512.0000 (512.0000)  weight_decay: 0.0500 (0.0500)  grad_norm: 0.8374 (3.3784)  time: 0.1289  data: 0.0002  max mem: 9952
Epoch: [49]  [30/31]  eta: 0:00:00  lr: 0.000001  min_lr: 0.000000  loss: 0.0011 (0.0076)  class_acc: 1.0000 (0.9979)  loss_scale: 512.0000 (512.0000)  weight_decay: 0.0500 (0.0500)  grad_norm: 0.5359 (3.0563)  time: 0.1224  data: 0.0002  max mem: 9952
Epoch: [49] Total time: 0:00:04 (0.1324 s / it)
Averaged stats: lr: 0.000001  min_lr: 0.000000  loss: 0.0011 (0.0050)  class_acc: 1.0000 (0.9986)  loss_scale: 512.0000 (512.0000)  weight_decay: 0.0500 (0.0500)  grad_norm: 0.5359 (3.0563)
Val:  [ 0/21]  eta: 0:00:05  loss: 1.7836 (1.7836)  accuracy: 0.6667 (0.6667)  balanced_accuracy: 0.5625 (0.5625)  time: 0.2410  data: 0.1795  max mem: 9952
Val:  [10/21]  eta: 0:00:00  loss: 1.7391 (1.8114)  accuracy: 0.6667 (0.6717)  balanced_accuracy: 0.5753 (0.6008)  time: 0.0721  data: 0.0165  max mem: 9952
Val:  [20/21]  eta: 0:00:00  loss: 1.7502 (1.8037)  accuracy: 0.6667 (0.6724)  balanced_accuracy: 0.5846 (0.5919)  time: 0.0533  data: 0.0002  max mem: 9952
Val: Total time: 0:00:01 (0.0648 s / it)
* loss 1.804
Accuracy of the network on the 1462 val EEG: 0.67%
Test:  [ 0/21]  eta: 0:00:05  loss: 1.8722 (1.8722)  accuracy: 0.6667 (0.6667)  balanced_accuracy: 0.5818 (0.5818)  time: 0.2425  data: 0.1819  max mem: 9952
Test:  [10/21]  eta: 0:00:00  loss: 1.8335 (1.8134)  accuracy: 0.6944 (0.6717)  balanced_accuracy: 0.5818 (0.5690)  time: 0.0722  data: 0.0167  max mem: 9952
Test:  [20/21]  eta: 0:00:00  loss: 1.7173 (1.7399)  accuracy: 0.6944 (0.6803)  balanced_accuracy: 0.6018 (0.5969)  time: 0.0535  data: 0.0001  max mem: 9952
Test: Total time: 0:00:01 (0.0660 s / it)
* loss 1.740
Accuracy of the network on the 1470 test EEG: 0.68%
Max accuracy val: 0.70%, max accuracy test: 0.69%
Training time 0:05:50
[rank2]: Traceback (most recent call last):
[rank2]:   File "/home/yeqi3/cyr/code/LaBraM/run_class_finetuning.py", line 679, in <module>
[rank2]:     main(opts, ds_init)
[rank2]:   File "/home/yeqi3/cyr/code/LaBraM/run_class_finetuning.py", line 313, in main
[rank2]:     fold_result = main(fold_args, ds_init)
[rank2]:   File "/home/yeqi3/cyr/code/LaBraM/run_class_finetuning.py", line 322, in main
[rank2]:     utils.init_distributed_mode(args)
[rank2]:   File "/home/yeqi3/cyr/code/LaBraM/utils.py", line 435, in init_distributed_mode
[rank2]:     torch.distributed.init_process_group(backend=args.dist_backend, init_method=args.dist_url,
[rank2]:   File "/home/yeqi3/anaconda3/envs/cyr/lib/python3.10/site-packages/torch/distributed/c10d_logger.py", line 83, in wrapper
[rank2]:     return func(*args, **kwargs)
[rank2]:   File "/home/yeqi3/anaconda3/envs/cyr/lib/python3.10/site-packages/torch/distributed/c10d_logger.py", line 97, in wrapper
[rank2]:     func_return = func(*args, **kwargs)
[rank2]:   File "/home/yeqi3/anaconda3/envs/cyr/lib/python3.10/site-packages/torch/distributed/distributed_c10d.py", line 1454, in init_process_group
[rank2]:     raise ValueError("trying to initialize the default process group twice!")
[rank2]: ValueError: trying to initialize the default process group twice!
========== Running fold 1 / 5 ==========
| distributed init (rank 0): env://, gpu 0
[rank1]: Traceback (most recent call last):
[rank1]:   File "/home/yeqi3/cyr/code/LaBraM/run_class_finetuning.py", line 679, in <module>
[rank1]:     main(opts, ds_init)
[rank1]:   File "/home/yeqi3/cyr/code/LaBraM/run_class_finetuning.py", line 313, in main
[rank1]:     fold_result = main(fold_args, ds_init)
[rank1]:   File "/home/yeqi3/cyr/code/LaBraM/run_class_finetuning.py", line 322, in main
[rank1]:     utils.init_distributed_mode(args)
[rank1]:   File "/home/yeqi3/cyr/code/LaBraM/utils.py", line 435, in init_distributed_mode
[rank1]:     torch.distributed.init_process_group(backend=args.dist_backend, init_method=args.dist_url,
[rank1]:   File "/home/yeqi3/anaconda3/envs/cyr/lib/python3.10/site-packages/torch/distributed/c10d_logger.py", line 83, in wrapper
[rank1]:     return func(*args, **kwargs)
[rank1]:   File "/home/yeqi3/anaconda3/envs/cyr/lib/python3.10/site-packages/torch/distributed/c10d_logger.py", line 97, in wrapper
[rank1]:     func_return = func(*args, **kwargs)
[rank1]:   File "/home/yeqi3/anaconda3/envs/cyr/lib/python3.10/site-packages/torch/distributed/distributed_c10d.py", line 1454, in init_process_group
[rank1]:     raise ValueError("trying to initialize the default process group twice!")
[rank1]: ValueError: trying to initialize the default process group twice!
[rank0]: Traceback (most recent call last):
[rank0]:   File "/home/yeqi3/cyr/code/LaBraM/run_class_finetuning.py", line 679, in <module>
[rank0]:     main(opts, ds_init)
[rank0]:   File "/home/yeqi3/cyr/code/LaBraM/run_class_finetuning.py", line 313, in main
[rank0]:     fold_result = main(fold_args, ds_init)
[rank0]:   File "/home/yeqi3/cyr/code/LaBraM/run_class_finetuning.py", line 322, in main
[rank0]:     utils.init_distributed_mode(args)
[rank0]:   File "/home/yeqi3/cyr/code/LaBraM/utils.py", line 435, in init_distributed_mode
[rank0]:     torch.distributed.init_process_group(backend=args.dist_backend, init_method=args.dist_url,
[rank0]:   File "/home/yeqi3/anaconda3/envs/cyr/lib/python3.10/site-packages/torch/distributed/c10d_logger.py", line 83, in wrapper
[rank0]:     return func(*args, **kwargs)
[rank0]:   File "/home/yeqi3/anaconda3/envs/cyr/lib/python3.10/site-packages/torch/distributed/c10d_logger.py", line 97, in wrapper
[rank0]:     func_return = func(*args, **kwargs)
[rank0]:   File "/home/yeqi3/anaconda3/envs/cyr/lib/python3.10/site-packages/torch/distributed/distributed_c10d.py", line 1454, in init_process_group
[rank0]:     raise ValueError("trying to initialize the default process group twice!")
[rank0]: ValueError: trying to initialize the default process group twice!
[rank0]:[W1103 11:51:37.491583883 ProcessGroupNCCL.cpp:1250] Warning: WARNING: process group has NOT been destroyed before we destruct ProcessGroupNCCL. On normal program exit, the application should call destroy_process_group to ensure that any pending NCCL operations have finished in this process. In rare cases this process can exit before this point and block the progress of another member of the process group. This constraint has always been present,  but this warning has only been added since PyTorch 2.4 (function operator())
W1103 11:51:38.842000 2117771 site-packages/torch/distributed/elastic/multiprocessing/api.py:897] Sending process 2117815 closing signal SIGTERM
W1103 11:51:38.843000 2117771 site-packages/torch/distributed/elastic/multiprocessing/api.py:897] Sending process 2117816 closing signal SIGTERM
E1103 11:51:39.058000 2117771 site-packages/torch/distributed/elastic/multiprocessing/api.py:869] failed (exitcode: 1) local_rank: 2 (pid: 2117817) of binary: /home/yeqi3/anaconda3/envs/cyr/bin/python
Traceback (most recent call last):
  File "/home/yeqi3/anaconda3/envs/cyr/bin/torchrun", line 8, in <module>
    sys.exit(main())
  File "/home/yeqi3/anaconda3/envs/cyr/lib/python3.10/site-packages/torch/distributed/elastic/multiprocessing/errors/__init__.py", line 355, in wrapper
    return f(*args, **kwargs)
  File "/home/yeqi3/anaconda3/envs/cyr/lib/python3.10/site-packages/torch/distributed/run.py", line 919, in main
    run(args)
  File "/home/yeqi3/anaconda3/envs/cyr/lib/python3.10/site-packages/torch/distributed/run.py", line 910, in run
    elastic_launch(
  File "/home/yeqi3/anaconda3/envs/cyr/lib/python3.10/site-packages/torch/distributed/launcher/api.py", line 138, in __call__
    return launch_agent(self._config, self._entrypoint, list(args))
  File "/home/yeqi3/anaconda3/envs/cyr/lib/python3.10/site-packages/torch/distributed/launcher/api.py", line 269, in launch_agent
    raise ChildFailedError(
torch.distributed.elastic.multiprocessing.errors.ChildFailedError: 
============================================================
/home/yeqi3/cyr/code/LaBraM/run_class_finetuning.py FAILED
------------------------------------------------------------
Failures:
  <NO_OTHER_FAILURES>
------------------------------------------------------------
Root Cause (first observed failure):
[0]:
  time      : 2025-11-03_11:51:38
  host      : scnumath
  rank      : 2 (local_rank: 2)
  exitcode  : 1 (pid: 2117817)
  error_file: <N/A>
  traceback : To enable traceback see: https://pytorch.org/docs/stable/elastic/errors.html
============================================================
[WARN] 子任务失败（type_new），返回码 1。继续下一个数据集。
